[?2026h[?25l[1Gpulling manifest ⠋ [K[?25h[?2026l[?2026h[?25l[1Gpulling manifest ⠙ [K[?25h[?2026l[?2026h[?25l[1Gpulling manifest ⠹ [K[?25h[?2026l[?2026h[?25l[1Gpulling manifest ⠸ [K[?25h[?2026l[?2026h[?25l[1Gpulling manifest ⠼ [K[?25h[?2026l[?2026h[?25l[1Gpulling manifest ⠴ [K[?25h[?2026l[?2026h[?25l[1Gpulling manifest ⠦ [K[?25h[?2026l[?2026h[?25l[1Gpulling manifest ⠧ [K[?25h[?2026l[?2026h[?25l[1Gpulling manifest ⠇ [K[?25h[?2026l[?2026h[?25l[1Gpulling manifest ⠏ [K[?25h[?2026l[?2026h[?25l[1Gpulling manifest ⠋ [K[?25h[?2026l[?2026h[?25l[1Gpulling manifest ⠙ [K[?25h[?2026l[?2026h[?25l[1Gpulling manifest ⠹ [K[?25h[?2026l[?2026h[?25l[1Gpulling manifest ⠸ [K[?25h[?2026l[?2026h[?25l[1Gpulling manifest ⠼ [K[?25h[?2026l[?2026h[?25l[1Gpulling manifest ⠴ [K[?25h[?2026l[?2026h[?25l[1Gpulling manifest ⠦ [K[?25h[?2026l[?2026h[?25l[1Gpulling manifest ⠧ [K[?25h[?2026l[?2026h[?25l[1Gpulling manifest ⠇ [K[?25h[?2026l[?2026h[?25l[1Gpulling manifest ⠏ [K[?25h[?2026l[?2026h[?25l[1Gpulling manifest ⠋ [K[?25h[?2026l[?2026h[?25l[1Gpulling manifest ⠙ [K[?25h[?2026l[?2026h[?25l[1Gpulling manifest [K
pulling aeda25e63ebd:  28% ▕█████             ▏ 950 MB/3.3 GB                  [K[?25h[?2026l[?2026h[?25l[A[1Gpulling manifest [K
pulling aeda25e63ebd:  29% ▕█████             ▏ 951 MB/3.3 GB                  [K[?25h[?2026l[?2026h[?25l[A[1Gpulling manifest [K
pulling aeda25e63ebd:  29% ▕█████             ▏ 952 MB/3.3 GB                  [K[?25h[?2026l[?2026h[?25l[A[1Gpulling manifest [K
pulling aeda25e63ebd:  29% ▕█████             ▏ 953 MB/3.3 GB                  [K[?25h[?2026l[?2026h[?25l[A[1Gpulling manifest [K
pulling aeda25e63ebd:  29% ▕█████             ▏ 953 MB/3.3 GB                  [K[?25h[?2026l[?2026h[?25l[A[1Gpulling manifest [K
pulling aeda25e63ebd:  29% ▕█████             ▏ 954 MB/3.3 GB                  [K[?25h[?2026l[?2026h[?25l[A[1Gpulling manifest [K
pulling aeda25e63ebd:  29% ▕█████             ▏ 955 MB/3.3 GB                  [K[?25h[?2026l[?2026h[?25l[A[1Gpulling manifest [K
pulling aeda25e63ebd:  29% ▕█████             ▏ 956 MB/3.3 GB                  [K[?25h[?2026l[?2026h[?25l[A[1Gpulling manifest [K
pulling aeda25e63ebd:  29% ▕█████             ▏ 956 MB/3.3 GB                  [K[?25h[?2026l[?2026h[?25l[A[1Gpulling manifest [K
pulling aeda25e63ebd:  29% ▕█████             ▏ 957 MB/3.3 GB                  [K[?25h[?2026l[?2026h[?25l[A[1Gpulling manifest [K
pulling aeda25e63ebd:  29% ▕█████             ▏ 957 MB/3.3 GB  7.4 MB/s   5m22s[K[?25h[?2026l[?2026h[?25l[A[1Gpulling manifest [K
pulling aeda25e63ebd:  29% ▕█████             ▏ 959 MB/3.3 GB  7.4 MB/s   5m22s[K[?25h[?2026l[?2026h[?25l[A[1Gpulling manifest [K
pulling aeda25e63ebd:  29% ▕█████             ▏ 960 MB/3.3 GB  7.4 MB/s   5m22s[K[?25h[?2026l[?2026h[?25l[A[1Gpulling manifest [K
pulling aeda25e63ebd:  29% ▕█████             ▏ 961 MB/3.3 GB  7.4 MB/s   5m22s[K[?25h[?2026l[?2026h[?25l[A[1Gpulling manifest [K
pulling aeda25e63ebd:  29% ▕█████             ▏ 961 MB/3.3 GB  7.4 MB/s   5m22s[K[?25h[?2026l[?2026h[?25l[A[1Gpulling manifest [K
pulling aeda25e63ebd:  29% ▕█████             ▏ 962 MB/3.3 GB  7.4 MB/s   5m22s[K[?25h[?2026l[?2026h[?25l[A[1Gpulling manifest [K
pulling aeda25e63ebd:  29% ▕█████             ▏ 963 MB/3.3 GB  7.4 MB/s   5m22s[K[?25h[?2026l[?2026h[?25l[A[1Gpulling manifest [K
pulling aeda25e63ebd:  29% ▕█████             ▏ 963 MB/3.3 GB  7.4 MB/s   5m22s[K[?25h[?2026l[?2026h[?25l[A[1Gpulling manifest [K
pulling aeda25e63ebd:  29% ▕█████             ▏ 965 MB/3.3 GB  7.4 MB/s   5m21s[K[?25h[?2026l[?2026h[?25l[A[1Gpulling manifest [K
pulling aeda25e63ebd:  29% ▕█████             ▏ 966 MB/3.3 GB  7.4 MB/s   5m21s[K[?25h[?2026l[?2026h[?25l[A[1Gpulling manifest [K
pulling aeda25e63ebd:  29% ▕█████             ▏ 966 MB/3.3 GB  7.4 MB/s   5m21s[K[?25h[?2026l[?2026h[?25l[A[1Gpulling manifest [K
pulling aeda25e63ebd:  29% ▕█████             ▏ 967 MB/3.3 GB  8.2 MB/s   4m50s[K[?25h[?2026l[?2026h[?25l[A[1Gpulling manifest [K
pulling aeda25e63ebd:  29% ▕█████             ▏ 969 MB/3.3 GB  8.2 MB/s   4m50s[K[?25h[?2026l[?2026h[?25l[A[1Gpulling manifest [K
pulling aeda25e63ebd:  29% ▕█████             ▏ 969 MB/3.3 GB  8.2 MB/s   4m50s[K[?25h[?2026l[?2026h[?25l[A[1Gpulling manifest [K
pulling aeda25e63ebd:  29% ▕█████             ▏ 970 MB/3.3 GB  8.2 MB/s   4m50s[K[?25h[?2026l[?2026h[?25l[A[1Gpulling manifest [K
pulling aeda25e63ebd:  29% ▕█████             ▏ 970 MB/3.3 GB  8.2 MB/s   4m50s[K[?25h[?2026l[?2026h[?25l[A[1Gpulling manifest [K
pulling aeda25e63ebd:  29% ▕█████             ▏ 970 MB/3.3 GB  8.2 MB/s   4m50s[K[?25h[?2026l[?2026h[?25l[A[1Gpulling manifest [K
pulling aeda25e63ebd:  29% ▕█████             ▏ 973 MB/3.3 GB  8.2 MB/s   4m50s[K[?25h[?2026l[?2026h[?25l[A[1Gpulling manifest [K
pulling aeda25e63ebd:  29% ▕█████             ▏ 973 MB/3.3 GB  8.2 MB/s   4m50s[K[?25h[?2026l[?2026h[?25l[A[1Gpulling manifest [K
pulling aeda25e63ebd:  29% ▕█████             ▏ 974 MB/3.3 GB  8.2 MB/s   4m50s[K[?25h[?2026l[?2026h[?25l[A[1Gpulling manifest [K
pulling aeda25e63ebd:  29% ▕█████             ▏ 975 MB/3.3 GB  8.2 MB/s   4m49s[K[?25h[?2026l[?2026h[?25l[A[1Gpulling manifest [K
pulling aeda25e63ebd:  29% ▕█████             ▏ 976 MB/3.3 GB  8.5 MB/s   4m37s[K[?25h[?2026l[?2026h[?25l[A[1Gpulling manifest [K
pulling aeda25e63ebd:  29% ▕█████             ▏ 977 MB/3.3 GB  8.5 MB/s   4m37s[K[?25h[?2026l[?2026h[?25l[A[1Gpulling manifest [K
pulling aeda25e63ebd:  29% ▕█████             ▏ 978 MB/3.3 GB  8.5 MB/s   4m37s[K[?25h[?2026l[?2026h[?25l[A[1Gpulling manifest [K
pulling aeda25e63ebd:  29% ▕█████             ▏ 979 MB/3.3 GB  8.5 MB/s   4m37s[K[?25h[?2026l[?2026h[?25l[A[1Gpulling manifest [K
pulling aeda25e63ebd:  29% ▕█████             ▏ 979 MB/3.3 GB  8.5 MB/s   4m37s[K[?25h[?2026l[?2026h[?25l[A[1Gpulling manifest [K
pulling aeda25e63ebd:  29% ▕█████             ▏ 980 MB/3.3 GB  8.5 MB/s   4m37s[K[?25h[?2026l[?2026h[?25l[A[1Gpulling manifest [K
pulling aeda25e63ebd:  29% ▕█████             ▏ 981 MB/3.3 GB  8.5 MB/s   4m37s[K[?25h[?2026l[?2026h[?25l[A[1Gpulling manifest [K
pulling aeda25e63ebd:  29% ▕█████             ▏ 981 MB/3.3 GB  8.5 MB/s   4m37s[K[?25h[?2026l[?2026h[?25l[A[1Gpulling manifest [K
pulling aeda25e63ebd:  29% ▕█████             ▏ 982 MB/3.3 GB  8.5 MB/s   4m36s[K[?25h[?2026l[?2026h[?25l[A[1Gpulling manifest [K
pulling aeda25e63ebd:  29% ▕█████             ▏ 983 MB/3.3 GB  8.5 MB/s   4m36s[K[?25h[?2026l[?2026h[?25l[A[1Gpulling manifest [K
pulling aeda25e63ebd:  29% ▕█████             ▏ 983 MB/3.3 GB  8.3 MB/s   4m43s[K[?25h[?2026l[?2026h[?25l[A[1Gpulling manifest [K
pulling aeda25e63ebd:  29% ▕█████             ▏ 984 MB/3.3 GB  8.3 MB/s   4m43s[K[?25h[?2026l[?2026h[?25l[A[1Gpulling manifest [K
pulling aeda25e63ebd:  29% ▕█████             ▏ 984 MB/3.3 GB  8.3 MB/s   4m43s[K[?25h[?2026l[?2026h[?25l[A[1Gpulling manifest [K
pulling aeda25e63ebd:  29% ▕█████             ▏ 984 MB/3.3 GB  8.3 MB/s   4m42s[K[?25h[?2026l[?2026h[?25l[A[1Gpulling manifest [K
pulling aeda25e63ebd:  30% ▕█████             ▏ 986 MB/3.3 GB  8.3 MB/s   4m42s[K[?25h[?2026l[?2026h[?25l[A[1Gpulling manifest [K
pulling aeda25e63ebd:  30% ▕█████             ▏ 989 MB/3.3 GB  8.3 MB/s   4m42s[K[?25h[?2026l[?2026h[?25l[A[1Gpulling manifest [K
pulling aeda25e63ebd:  30% ▕█████             ▏ 989 MB/3.3 GB  8.3 MB/s   4m42s[K[?25h[?2026l[?2026h[?25l[A[1Gpulling manifest [K
pulling aeda25e63ebd:  30% ▕█████             ▏ 990 MB/3.3 GB  8.3 MB/s   4m42s[K[?25h[?2026l[?2026h[?25l[A[1Gpulling manifest [K
pulling aeda25e63ebd:  30% ▕█████             ▏ 991 MB/3.3 GB  8.3 MB/s   4m42s[K[?25h[?2026l[?2026h[?25l[A[1Gpulling manifest [K
pulling aeda25e63ebd:  30% ▕█████             ▏ 992 MB/3.3 GB  8.3 MB/s   4m42s[K[?25h[?2026l[?2026h[?25l[A[1Gpulling manifest [K
pulling aeda25e63ebd:  30% ▕█████             ▏ 993 MB/3.3 GB  8.6 MB/s   4m33s[K[?25h[?2026l[?2026h[?25l[A[1Gpulling manifest [K
pulling aeda25e63ebd:  30% ▕█████             ▏ 994 MB/3.3 GB  8.6 MB/s   4m33s[K[?25h[?2026l[?2026h[?25l[A[1Gpulling manifest [K
pulling aeda25e63ebd:  30% ▕█████             ▏ 994 MB/3.3 GB  8.6 MB/s   4m33s[K[?25h[?2026l[?2026h[?25l[A[1Gpulling manifest [K
pulling aeda25e63ebd:  30% ▕█████             ▏ 996 MB/3.3 GB  8.6 MB/s   4m33s[K[?25h[?2026l[?2026h[?25l[A[1Gpulling manifest [K
pulling aeda25e63ebd:  30% ▕█████             ▏ 997 MB/3.3 GB  8.6 MB/s   4m33s[K[?25h[?2026l[?2026h[?25l[A[1Gpulling manifest [K
pulling aeda25e63ebd:  30% ▕█████             ▏ 997 MB/3.3 GB  8.6 MB/s   4m33s[K[?25h[?2026l[?2026h[?25l[A[1Gpulling manifest [K
pulling aeda25e63ebd:  30% ▕█████             ▏ 998 MB/3.3 GB  8.6 MB/s   4m32s[K[?25h[?2026l[?2026h[?25l[A[1Gpulling manifest [K
pulling aeda25e63ebd:  30% ▕█████             ▏ 999 MB/3.3 GB  8.6 MB/s   4m32s[K[?25h[?2026l[?2026h[?25l[A[1Gpulling manifest [K
pulling aeda25e63ebd:  30% ▕█████             ▏ 1.0 GB/3.3 GB  8.6 MB/s   4m32s[K[?25h[?2026l[?2026h[?25l[A[1Gpulling manifest [K
pulling aeda25e63ebd:  30% ▕█████             ▏ 1.0 GB/3.3 GB  8.6 MB/s   4m32s[K[?25h[?2026l[?2026h[?25l[A[1Gpulling manifest [K
pulling aeda25e63ebd:  30% ▕█████             ▏ 1.0 GB/3.3 GB  8.6 MB/s   4m30s[K[?25h[?2026l[?2026h[?25l[A[1Gpulling manifest [K
pulling aeda25e63ebd:  30% ▕█████             ▏ 1.0 GB/3.3 GB  8.6 MB/s   4m30s[K[?25h[?2026l[?2026h[?25l[A[1Gpulling manifest [K
pulling aeda25e63ebd:  30% ▕█████             ▏ 1.0 GB/3.3 GB  8.6 MB/s   4m30s[K[?25h[?2026l[?2026h[?25l[A[1Gpulling manifest [K
pulling aeda25e63ebd:  30% ▕█████             ▏ 1.0 GB/3.3 GB  8.6 MB/s   4m30s[K[?25h[?2026l[?2026h[?25l[A[1Gpulling manifest [K
pulling aeda25e63ebd:  30% ▕█████             ▏ 1.0 GB/3.3 GB  8.6 MB/s   4m30s[K[?25h[?2026l[?2026h[?25l[A[1Gpulling manifest [K
pulling aeda25e63ebd:  30% ▕█████             ▏ 1.0 GB/3.3 GB  8.6 MB/s   4m30s[K[?25h[?2026l[?2026h[?25l[A[1Gpulling manifest [K
pulling aeda25e63ebd:  30% ▕█████             ▏ 1.0 GB/3.3 GB  8.6 MB/s   4m30s[K[?25h[?2026l[?2026h[?25l[A[1Gpulling manifest [K
pulling aeda25e63ebd:  30% ▕█████             ▏ 1.0 GB/3.3 GB  8.6 MB/s   4m30s[K[?25h[?2026l[?2026h[?25l[A[1Gpulling manifest [K
pulling aeda25e63ebd:  30% ▕█████             ▏ 1.0 GB/3.3 GB  8.6 MB/s   4m30s[K[?25h[?2026l[?2026h[?25l[A[1Gpulling manifest [K
pulling aeda25e63ebd:  30% ▕█████             ▏ 1.0 GB/3.3 GB  8.6 MB/s   4m30s[K[?25h[?2026l[?2026h[?25l[A[1Gpulling manifest [K
pulling aeda25e63ebd:  30% ▕█████             ▏ 1.0 GB/3.3 GB  8.6 MB/s   4m30s[K[?25h[?2026l[?2026h[?25l[A[1Gpulling manifest [K
pulling aeda25e63ebd:  30% ▕█████             ▏ 1.0 GB/3.3 GB  8.2 MB/s   4m45s[K[?25h[?2026l[?2026h[?25l[A[1Gpulling manifest [K
pulling aeda25e63ebd:  30% ▕█████             ▏ 1.0 GB/3.3 GB  8.2 MB/s   4m45s[K[?25h[?2026l[?2026h[?25l[A[1Gpulling manifest [K
pulling aeda25e63ebd:  30% ▕█████             ▏ 1.0 GB/3.3 GB  8.2 MB/s   4m44s[K[?25h[?2026l[?2026h[?25l[A[1Gpulling manifest [K
pulling aeda25e63ebd:  30% ▕█████             ▏ 1.0 GB/3.3 GB  8.2 MB/s   4m44s[K[?25h[?2026l[?2026h[?25l[A[1Gpulling manifest [K
pulling aeda25e63ebd:  30% ▕█████             ▏ 1.0 GB/3.3 GB  8.2 MB/s   4m44s[K[?25h[?2026l[?2026h[?25l[A[1Gpulling manifest [K
pulling aeda25e63ebd:  30% ▕█████             ▏ 1.0 GB/3.3 GB  8.2 MB/s   4m44s[K[?25h[?2026l[?2026h[?25l[A[1Gpulling manifest [K
pulling aeda25e63ebd:  30% ▕█████             ▏ 1.0 GB/3.3 GB  8.2 MB/s   4m44s[K[?25h[?2026l[?2026h[?25l[A[1Gpulling manifest [K
pulling aeda25e63ebd:  30% ▕█████             ▏ 1.0 GB/3.3 GB  8.2 MB/s   4m44s[K[?25h[?2026l[?2026h[?25l[A[1Gpulling manifest [K
pulling aeda25e63ebd:  30% ▕█████             ▏ 1.0 GB/3.3 GB  8.2 MB/s   4m44s[K[?25h[?2026l[?2026h[?25l[A[1Gpulling manifest [K
pulling aeda25e63ebd:  30% ▕█████             ▏ 1.0 GB/3.3 GB  8.2 MB/s   4m44s[K[?25h[?2026l[?2026h[?25l[A[1Gpulling manifest [K
pulling aeda25e63ebd:  30% ▕█████             ▏ 1.0 GB/3.3 GB  7.9 MB/s   4m55s[K[?25h[?2026l[?2026h[?25l[A[1Gpulling manifest [K
pulling aeda25e63ebd:  30% ▕█████             ▏ 1.0 GB/3.3 GB  7.9 MB/s   4m55s[K[?25h[?2026l[?2026h[?25l[A[1Gpulling manifest [K
pulling aeda25e63ebd:  30% ▕█████             ▏ 1.0 GB/3.3 GB  7.9 MB/s   4m55s[K[?25h[?2026l[?2026h[?25l[A[1Gpulling manifest [K
pulling aeda25e63ebd:  30% ▕█████             ▏ 1.0 GB/3.3 GB  7.9 MB/s   4m55s[K[?25h[?2026l[?2026h[?25l[A[1Gpulling manifest [K
pulling aeda25e63ebd:  30% ▕█████             ▏ 1.0 GB/3.3 GB  7.9 MB/s   4m55s[K[?25h[?2026l[?2026h[?25l[A[1Gpulling manifest [K
pulling aeda25e63ebd:  30% ▕█████             ▏ 1.0 GB/3.3 GB  7.9 MB/s   4m55s[K[?25h[?2026l[?2026h[?25l[A[1Gpulling manifest [K
pulling aeda25e63ebd:  30% ▕█████             ▏ 1.0 GB/3.3 GB  7.9 MB/s   4m55s[K[?25h[?2026l[?2026h[?25l[A[1Gpulling manifest [K
pulling aeda25e63ebd:  31% ▕█████             ▏ 1.0 GB/3.3 GB  7.9 MB/s   4m54s[K[?25h[?2026l[?2026h[?25l[A[1Gpulling manifest [K
pulling aeda25e63ebd:  31% ▕█████             ▏ 1.0 GB/3.3 GB  7.9 MB/s   4m54s[K[?25h[?2026l[?2026h[?25l[A[1Gpulling manifest [K
pulling aeda25e63ebd:  31% ▕█████             ▏ 1.0 GB/3.3 GB  7.9 MB/s   4m54s[K[?25h[?2026l[?2026h[?25l[A[1Gpulling manifest [K
pulling aeda25e63ebd:  31% ▕█████             ▏ 1.0 GB/3.3 GB  7.9 MB/s   4m54s[K[?25h[?2026l[?2026h[?25l[A[1Gpulling manifest [K
pulling aeda25e63ebd:  31% ▕█████             ▏ 1.0 GB/3.3 GB  7.9 MB/s   4m54s[K[?25h[?2026l[?2026h[?25l[A[1Gpulling manifest [K
pulling aeda25e63ebd:  31% ▕█████             ▏ 1.0 GB/3.3 GB  7.9 MB/s   4m54s[K[?25h[?2026l[?2026h[?25l[A[1Gpulling manifest [K
pulling aeda25e63ebd:  31% ▕█████             ▏ 1.0 GB/3.3 GB  7.9 MB/s   4m54s[K[?25h[?2026l[?2026h[?25l[A[1Gpulling manifest [K
pulling aeda25e63ebd:  31% ▕█████             ▏ 1.0 GB/3.3 GB  7.9 MB/s   4m54s[K[?25h[?2026l[?2026h[?25l[A[1Gpulling manifest [K
pulling aeda25e63ebd:  31% ▕█████             ▏ 1.0 GB/3.3 GB  7.9 MB/s   4m54s[K[?25h[?2026l[?2026h[?25l[A[1Gpulling manifest [K
pulling aeda25e63ebd:  31% ▕█████             ▏ 1.0 GB/3.3 GB  7.9 MB/s   4m54s[K[?25h[?2026l[?2026h[?25l[A[1Gpulling manifest [K
pulling aeda25e63ebd:  31% ▕█████             ▏ 1.0 GB/3.3 GB  7.9 MB/s   4m53s[K[?25h[?2026l[?2026h[?25l[A[1Gpulling manifest [K
pulling aeda25e63ebd:  31% ▕█████             ▏ 1.0 GB/3.3 GB  7.9 MB/s   4m53s[K[?25h[?2026l[?2026h[?25l[A[1Gpulling manifest [K
pulling aeda25e63ebd:  31% ▕█████             ▏ 1.0 GB/3.3 GB  7.9 MB/s   4m53s[K[?25h[?2026l[?2026h[?25l[A[1Gpulling manifest [K
pulling aeda25e63ebd:  31% ▕█████             ▏ 1.0 GB/3.3 GB  7.6 MB/s    5m3s[K[?25h[?2026l[?2026h[?25l[A[1Gpulling manifest [K
pulling aeda25e63ebd:  31% ▕█████             ▏ 1.0 GB/3.3 GB  7.6 MB/s    5m3s[K[?25h[?2026l[?2026h[?25l[A[1Gpulling manifest [K
pulling aeda25e63ebd:  31% ▕█████             ▏ 1.0 GB/3.3 GB  7.6 MB/s    5m3s[K[?25h[?2026l[?2026h[?25l[A[1Gpulling manifest [K
pulling aeda25e63ebd:  31% ▕█████             ▏ 1.0 GB/3.3 GB  7.6 MB/s    5m3s[K[?25h[?2026l[?2026h[?25l[A[1Gpulling manifest [K
pulling aeda25e63ebd:  31% ▕█████             ▏ 1.0 GB/3.3 GB  7.6 MB/s    5m2s[K[?25h[?2026l[?2026h[?25l[A[1Gpulling manifest [K
pulling aeda25e63ebd:  31% ▕█████             ▏ 1.0 GB/3.3 GB  7.6 MB/s    5m2s[K[?25h[?2026l[?2026h[?25l[A[1Gpulling manifest [K
pulling aeda25e63ebd:  31% ▕█████             ▏ 1.0 GB/3.3 GB  7.6 MB/s    5m2s[K[?25h[?2026l[?2026h[?25l[A[1Gpulling manifest [K
pulling aeda25e63ebd:  31% ▕█████             ▏ 1.0 GB/3.3 GB  7.6 MB/s    5m2s[K[?25h[?2026l[?2026h[?25l[A[1Gpulling manifest [K
pulling aeda25e63ebd:  31% ▕█████             ▏ 1.0 GB/3.3 GB  7.6 MB/s    5m2s[K[?25h[?2026l[?2026h[?25l[A[1Gpulling manifest [K
pulling aeda25e63ebd:  31% ▕█████             ▏ 1.0 GB/3.3 GB  7.6 MB/s    5m2s[K[?25h[?2026l[?2026h[?25l[A[1Gpulling manifest [K
pulling aeda25e63ebd:  31% ▕█████             ▏ 1.0 GB/3.3 GB  7.5 MB/s    5m8s[K[?25h[?2026l[?2026h[?25l[A[1Gpulling manifest [K
pulling aeda25e63ebd:  31% ▕█████             ▏ 1.0 GB/3.3 GB  7.5 MB/s    5m8s[K[?25h[?2026l[?2026h[?25l[A[1Gpulling manifest [K
pulling aeda25e63ebd:  31% ▕█████             ▏ 1.0 GB/3.3 GB  7.5 MB/s    5m8s[K[?25h[?2026l[?2026h[?25l[A[1Gpulling manifest [K
pulling aeda25e63ebd:  31% ▕█████             ▏ 1.0 GB/3.3 GB  7.5 MB/s    5m8s[K[?25h[?2026l[?2026h[?25l[A[1Gpulling manifest [K
pulling aeda25e63ebd:  31% ▕█████             ▏ 1.0 GB/3.3 GB  7.5 MB/s    5m8s[K[?25h[?2026l[?2026h[?25l[A[1Gpulling manifest [K
pulling aeda25e63ebd:  31% ▕█████             ▏ 1.0 GB/3.3 GB  7.5 MB/s    5m8s[K[?25h[?2026l[?2026h[?25l[A[1Gpulling manifest [K
pulling aeda25e63ebd:  31% ▕█████             ▏ 1.0 GB/3.3 GB  7.5 MB/s    5m8s[K[?25h[?2026l[?2026h[?25l[A[1Gpulling manifest [K
pulling aeda25e63ebd:  31% ▕█████             ▏ 1.0 GB/3.3 GB  7.5 MB/s    5m8s[K[?25h[?2026l[?2026h[?25l[A[1Gpulling manifest [K
pulling aeda25e63ebd:  31% ▕█████             ▏ 1.0 GB/3.3 GB  7.5 MB/s    5m7s[K[?25h[?2026l[?2026h[?25l[A[1Gpulling manifest [K
pulling aeda25e63ebd:  31% ▕█████             ▏ 1.0 GB/3.3 GB  7.5 MB/s    5m7s[K[?25h[?2026l[?2026h[?25l[A[1Gpulling manifest [K
pulling aeda25e63ebd:  31% ▕█████             ▏ 1.0 GB/3.3 GB  7.0 MB/s   5m28s[K[?25h[?2026l[?2026h[?25l[A[1Gpulling manifest [K
pulling aeda25e63ebd:  31% ▕█████             ▏ 1.0 GB/3.3 GB  7.0 MB/s   5m28s[K[?25h[?2026l[?2026h[?25l[A[1Gpulling manifest [K
pulling aeda25e63ebd:  31% ▕█████             ▏ 1.0 GB/3.3 GB  7.0 MB/s   5m28s[K[?25h[?2026l[?2026h[?25l[A[1Gpulling manifest [K
pulling aeda25e63ebd:  31% ▕█████             ▏ 1.0 GB/3.3 GB  7.0 MB/s   5m28s[K[?25h[?2026l[?2026h[?25l[A[1Gpulling manifest [K
pulling aeda25e63ebd:  31% ▕█████             ▏ 1.0 GB/3.3 GB  7.0 MB/s   5m28s[K[?25h[?2026l[?2026h[?25l[A[1Gpulling manifest [K
pulling aeda25e63ebd:  31% ▕█████             ▏ 1.0 GB/3.3 GB  7.0 MB/s   5m27s[K[?25h[?2026l[?2026h[?25l[A[1Gpulling manifest [K
pulling aeda25e63ebd:  31% ▕█████             ▏ 1.0 GB/3.3 GB  7.0 MB/s   5m27s[K[?25h[?2026l[?2026h[?25l[A[1Gpulling manifest [K
pulling aeda25e63ebd:  31% ▕█████             ▏ 1.0 GB/3.3 GB  7.0 MB/s   5m27s[K[?25h[?2026l[?2026h[?25l[A[1Gpulling manifest [K
pulling aeda25e63ebd:  31% ▕█████             ▏ 1.0 GB/3.3 GB  7.0 MB/s   5m27s[K[?25h[?2026l[?2026h[?25l[A[1Gpulling manifest [K
pulling aeda25e63ebd:  31% ▕█████             ▏ 1.0 GB/3.3 GB  7.0 MB/s   5m27s[K[?25h[?2026l[?2026h[?25l[A[1Gpulling manifest [K
pulling aeda25e63ebd:  31% ▕█████             ▏ 1.0 GB/3.3 GB  7.0 MB/s   5m27s[K[?25h[?2026l[?2026h[?25l[A[1Gpulling manifest [K
pulling aeda25e63ebd:  31% ▕█████             ▏ 1.0 GB/3.3 GB  7.0 MB/s   5m27s[K[?25h[?2026l[?2026h[?25l[A[1Gpulling manifest [K
pulling aeda25e63ebd:  31% ▕█████             ▏ 1.0 GB/3.3 GB  7.0 MB/s   5m27s[K[?25h[?2026l[?2026h[?25l[A[1Gpulling manifest [K
pulling aeda25e63ebd:  31% ▕█████             ▏ 1.0 GB/3.3 GB  7.0 MB/s   5m27s[K[?25h[?2026l[?2026h[?25l[A[1Gpulling manifest [K
pulling aeda25e63ebd:  31% ▕█████             ▏ 1.1 GB/3.3 GB  7.0 MB/s   5m27s[K[?25h[?2026l[?2026h[?25l[A[1Gpulling manifest [K
pulling aeda25e63ebd:  31% ▕█████             ▏ 1.1 GB/3.3 GB  7.0 MB/s   5m27s[K[?25h[?2026l[?2026h[?25l[A[1Gpulling manifest [K
pulling aeda25e63ebd:  32% ▕█████             ▏ 1.1 GB/3.3 GB  7.0 MB/s   5m27s[K[?25h[?2026l[?2026h[?25l[A[1Gpulling manifest [K
pulling aeda25e63ebd:  32% ▕█████             ▏ 1.1 GB/3.3 GB  7.0 MB/s   5m27s[K[?25h[?2026l[?2026h[?25l[A[1Gpulling manifest [K
pulling aeda25e63ebd:  32% ▕█████             ▏ 1.1 GB/3.3 GB  7.0 MB/s   5m27s[K[?25h[?2026l[?2026h[?25l[A[1Gpulling manifest [K
pulling aeda25e63ebd:  32% ▕█████             ▏ 1.1 GB/3.3 GB  7.0 MB/s   5m26s[K[?25h[?2026l[?2026h[?25l[A[1Gpulling manifest [K
pulling aeda25e63ebd:  32% ▕█████             ▏ 1.1 GB/3.3 GB  7.0 MB/s   5m26s[K[?25h[?2026l[?2026h[?25l[A[1Gpulling manifest [K
pulling aeda25e63ebd:  32% ▕█████             ▏ 1.1 GB/3.3 GB  6.8 MB/s   5m35s[K[?25h[?2026l[?2026h[?25l[A[1Gpulling manifest [K
pulling aeda25e63ebd:  32% ▕█████             ▏ 1.1 GB/3.3 GB  6.8 MB/s   5m34s[K[?25h[?2026l[?2026h[?25l[A[1Gpulling manifest [K
pulling aeda25e63ebd:  32% ▕█████             ▏ 1.1 GB/3.3 GB  6.8 MB/s   5m34s[K[?25h[?2026l[?2026h[?25l[A[1Gpulling manifest [K
pulling aeda25e63ebd:  32% ▕█████             ▏ 1.1 GB/3.3 GB  6.8 MB/s   5m34s[K[?25h[?2026l[?2026h[?25l[A[1Gpulling manifest [K
pulling aeda25e63ebd:  32% ▕█████             ▏ 1.1 GB/3.3 GB  6.8 MB/s   5m34s[K[?25h[?2026l[?2026h[?25l[A[1Gpulling manifest [K
pulling aeda25e63ebd:  32% ▕█████             ▏ 1.1 GB/3.3 GB  6.8 MB/s   5m34s[K[?25h[?2026l[?2026h[?25l[A[1Gpulling manifest [K
pulling aeda25e63ebd:  32% ▕█████             ▏ 1.1 GB/3.3 GB  6.8 MB/s   5m34s[K[?25h[?2026l[?2026h[?25l[A[1Gpulling manifest [K
pulling aeda25e63ebd:  32% ▕█████             ▏ 1.1 GB/3.3 GB  6.8 MB/s   5m33s[K[?25h[?2026l[?2026h[?25l[A[1Gpulling manifest [K
pulling aeda25e63ebd:  32% ▕█████             ▏ 1.1 GB/3.3 GB  6.8 MB/s   5m33s[K[?25h[?2026l[?2026h[?25l[A[1Gpulling manifest [K
pulling aeda25e63ebd:  32% ▕█████             ▏ 1.1 GB/3.3 GB  6.8 MB/s   5m33s[K[?25h[?2026l[?2026h[?25l[A[1Gpulling manifest [K
pulling aeda25e63ebd:  32% ▕█████             ▏ 1.1 GB/3.3 GB  6.9 MB/s   5m28s[K[?25h[?2026l[?2026h[?25l[A[1Gpulling manifest [K
pulling aeda25e63ebd:  32% ▕█████             ▏ 1.1 GB/3.3 GB  6.9 MB/s   5m28s[K[?25h[?2026l[?2026h[?25l[A[1Gpulling manifest [K
pulling aeda25e63ebd:  32% ▕█████             ▏ 1.1 GB/3.3 GB  6.9 MB/s   5m28s[K[?25h[?2026l[?2026h[?25l[A[1Gpulling manifest [K
pulling aeda25e63ebd:  32% ▕█████             ▏ 1.1 GB/3.3 GB  6.9 MB/s   5m28s[K[?25h[?2026l[?2026h[?25l[A[1Gpulling manifest [K
pulling aeda25e63ebd:  32% ▕█████             ▏ 1.1 GB/3.3 GB  6.9 MB/s   5m28s[K[?25h[?2026l[?2026h[?25l[A[1Gpulling manifest [K
pulling aeda25e63ebd:  32% ▕█████             ▏ 1.1 GB/3.3 GB  6.9 MB/s   5m28s[K[?25h[?2026l[?2026h[?25l[A[1Gpulling manifest [K
pulling aeda25e63ebd:  32% ▕█████             ▏ 1.1 GB/3.3 GB  6.9 MB/s   5m28s[K[?25h[?2026l[?2026h[?25l[A[1Gpulling manifest [K
pulling aeda25e63ebd:  32% ▕█████             ▏ 1.1 GB/3.3 GB  6.9 MB/s   5m28s[K[?25h[?2026l[?2026h[?25l[A[1Gpulling manifest [K
pulling aeda25e63ebd:  32% ▕█████             ▏ 1.1 GB/3.3 GB  6.9 MB/s   5m27s[K[?25h[?2026l[?2026h[?25l[A[1Gpulling manifest [K
pulling aeda25e63ebd:  32% ▕█████             ▏ 1.1 GB/3.3 GB  6.9 MB/s   5m27s[K[?25h[?2026l[?2026h[?25l[A[1Gpulling manifest [K
pulling aeda25e63ebd:  32% ▕█████             ▏ 1.1 GB/3.3 GB  7.2 MB/s   5m13s[K[?25h[?2026l[?2026h[?25l[A[1Gpulling manifest [K
pulling aeda25e63ebd:  32% ▕█████             ▏ 1.1 GB/3.3 GB  7.2 MB/s   5m13s[K[?25h[?2026l[?2026h[?25l[A[1Gpulling manifest [K
pulling aeda25e63ebd:  32% ▕█████             ▏ 1.1 GB/3.3 GB  7.2 MB/s   5m13s[K[?25h[?2026l[?2026h[?25l[A[1Gpulling manifest [K
pulling aeda25e63ebd:  32% ▕█████             ▏ 1.1 GB/3.3 GB  7.2 MB/s   5m13s[K[?25h[?2026l[?2026h[?25l[A[1Gpulling manifest [K
pulling aeda25e63ebd:  32% ▕█████             ▏ 1.1 GB/3.3 GB  7.2 MB/s   5m13s[K[?25h[?2026l[?2026h[?25l[A[1Gpulling manifest [K
pulling aeda25e63ebd:  32% ▕█████             ▏ 1.1 GB/3.3 GB  7.2 MB/s   5m13s[K[?25h[?2026l[?2026h[?25l[A[1Gpulling manifest [K
pulling aeda25e63ebd:  32% ▕█████             ▏ 1.1 GB/3.3 GB  7.2 MB/s   5m13s[K[?25h[?2026l[?2026h[?25l[A[1Gpulling manifest [K
pulling aeda25e63ebd:  32% ▕█████             ▏ 1.1 GB/3.3 GB  7.2 MB/s   5m13s[K[?25h[?2026l[?2026h[?25l[A[1Gpulling manifest [K
pulling aeda25e63ebd:  32% ▕█████             ▏ 1.1 GB/3.3 GB  7.2 MB/s   5m12s[K[?25h[?2026l[?2026h[?25l[A[1Gpulling manifest [K
pulling aeda25e63ebd:  32% ▕█████             ▏ 1.1 GB/3.3 GB  7.2 MB/s   5m12s[K[?25h[?2026l[?2026h[?25l[A[1Gpulling manifest [K
pulling aeda25e63ebd:  32% ▕█████             ▏ 1.1 GB/3.3 GB  7.6 MB/s   4m58s[K[?25h[?2026l[?2026h[?25l[A[1Gpulling manifest [K
pulling aeda25e63ebd:  32% ▕█████             ▏ 1.1 GB/3.3 GB  7.6 MB/s   4m58s[K[?25h[?2026l[?2026h[?25l[A[1Gpulling manifest [K
pulling aeda25e63ebd:  32% ▕█████             ▏ 1.1 GB/3.3 GB  7.6 MB/s   4m58s[K[?25h[?2026l[?2026h[?25l[A[1Gpulling manifest [K
pulling aeda25e63ebd:  32% ▕█████             ▏ 1.1 GB/3.3 GB  7.6 MB/s   4m58s[K[?25h[?2026l[?2026h[?25l[A[1Gpulling manifest [K
pulling aeda25e63ebd:  32% ▕█████             ▏ 1.1 GB/3.3 GB  7.6 MB/s   4m58s[K[?25h[?2026l[?2026h[?25l[A[1Gpulling manifest [K
pulling aeda25e63ebd:  33% ▕█████             ▏ 1.1 GB/3.3 GB  7.6 MB/s   4m58s[K[?25h[?2026l[?2026h[?25l[A[1Gpulling manifest [K
pulling aeda25e63ebd:  33% ▕█████             ▏ 1.1 GB/3.3 GB  7.6 MB/s   4m58s[K[?25h[?2026l[?2026h[?25l[A[1Gpulling manifest [K
pulling aeda25e63ebd:  33% ▕█████             ▏ 1.1 GB/3.3 GB  7.6 MB/s   4m58s[K[?25h[?2026l[?2026h[?25l[A[1Gpulling manifest [K
pulling aeda25e63ebd:  33% ▕█████             ▏ 1.1 GB/3.3 GB  7.6 MB/s   4m57s[K[?25h[?2026l[?2026h[?25l[A[1Gpulling manifest [K
pulling aeda25e63ebd:  33% ▕█████             ▏ 1.1 GB/3.3 GB  7.6 MB/s   4m57s[K[?25h[?2026l[?2026h[?25l[A[1Gpulling manifest [K
pulling aeda25e63ebd:  33% ▕█████             ▏ 1.1 GB/3.3 GB  7.6 MB/s   4m57s[K[?25h[?2026l[?2026h[?25l[A[1Gpulling manifest [K
pulling aeda25e63ebd:  33% ▕█████             ▏ 1.1 GB/3.3 GB  7.7 MB/s   4m51s[K[?25h[?2026l[?2026h[?25l[A[1Gpulling manifest [K
pulling aeda25e63ebd:  33% ▕█████             ▏ 1.1 GB/3.3 GB  7.7 MB/s   4m51s[K[?25h[?2026l[?2026h[?25l[A[1Gpulling manifest [K
pulling aeda25e63ebd:  33% ▕█████             ▏ 1.1 GB/3.3 GB  7.7 MB/s   4m51s[K[?25h[?2026l[?2026h[?25l[A[1Gpulling manifest [K
pulling aeda25e63ebd:  33% ▕█████             ▏ 1.1 GB/3.3 GB  7.7 MB/s   4m51s[K[?25h[?2026l[?2026h[?25l[A[1Gpulling manifest [K
pulling aeda25e63ebd:  33% ▕█████             ▏ 1.1 GB/3.3 GB  7.7 MB/s   4m51s[K[?25h[?2026l[?2026h[?25l[A[1Gpulling manifest [K
pulling aeda25e63ebd:  33% ▕█████             ▏ 1.1 GB/3.3 GB  7.7 MB/s   4m51s[K[?25h[?2026l[?2026h[?25l[A[1Gpulling manifest [K
pulling aeda25e63ebd:  33% ▕█████             ▏ 1.1 GB/3.3 GB  7.7 MB/s   4m51s[K[?25h[?2026l[?2026h[?25l[A[1Gpulling manifest [K
pulling aeda25e63ebd:  33% ▕█████             ▏ 1.1 GB/3.3 GB  7.7 MB/s   4m50s[K[?25h[?2026l[?2026h[?25l[A[1Gpulling manifest [K
pulling aeda25e63ebd:  33% ▕█████             ▏ 1.1 GB/3.3 GB  7.7 MB/s   4m50s[K[?25h[?2026l[?2026h[?25l[A[1Gpulling manifest [K
pulling aeda25e63ebd:  33% ▕█████             ▏ 1.1 GB/3.3 GB  7.7 MB/s   4m50s[K[?25h[?2026l[?2026h[?25l[A[1Gpulling manifest [K
pulling aeda25e63ebd:  33% ▕█████             ▏ 1.1 GB/3.3 GB  8.3 MB/s   4m31s[K[?25h[?2026l[?2026h[?25l[A[1Gpulling manifest [K
pulling aeda25e63ebd:  33% ▕█████             ▏ 1.1 GB/3.3 GB  8.3 MB/s   4m31s[K[?25h[?2026l[?2026h[?25l[A[1Gpulling manifest [K
pulling aeda25e63ebd:  33% ▕█████             ▏ 1.1 GB/3.3 GB  8.3 MB/s   4m31s[K[?25h[?2026l[?2026h[?25l[A[1Gpulling manifest [K
pulling aeda25e63ebd:  33% ▕█████             ▏ 1.1 GB/3.3 GB  8.3 MB/s   4m30s[K[?25h[?2026l[?2026h[?25l[A[1Gpulling manifest [K
pulling aeda25e63ebd:  33% ▕█████             ▏ 1.1 GB/3.3 GB  8.3 MB/s   4m30s[K[?25h[?2026l[?2026h[?25l[A[1Gpulling manifest [K
pulling aeda25e63ebd:  33% ▕█████             ▏ 1.1 GB/3.3 GB  8.3 MB/s   4m30s[K[?25h[?2026l[?2026h[?25l[A[1Gpulling manifest [K
pulling aeda25e63ebd:  33% ▕█████             ▏ 1.1 GB/3.3 GB  8.3 MB/s   4m30s[K[?25h[?2026l[?2026h[?25l[A[1Gpulling manifest [K
pulling aeda25e63ebd:  33% ▕█████             ▏ 1.1 GB/3.3 GB  8.3 MB/s   4m30s[K[?25h[?2026l[?2026h[?25l[A[1Gpulling manifest [K
pulling aeda25e63ebd:  33% ▕█████             ▏ 1.1 GB/3.3 GB  8.3 MB/s   4m30s[K[?25h[?2026l[?2026h[?25l[A[1Gpulling manifest [K
pulling aeda25e63ebd:  33% ▕█████             ▏ 1.1 GB/3.3 GB  8.3 MB/s   4m30s[K[?25h[?2026l[?2026h[?25l[A[1Gpulling manifest [K
pulling aeda25e63ebd:  33% ▕█████             ▏ 1.1 GB/3.3 GB  8.3 MB/s   4m30s[K[?25h[?2026l[?2026h[?25l[A[1Gpulling manifest [K
pulling aeda25e63ebd:  33% ▕█████             ▏ 1.1 GB/3.3 GB  8.6 MB/s   4m19s[K[?25h[?2026l[?2026h[?25l[A[1Gpulling manifest [K
pulling aeda25e63ebd:  33% ▕█████             ▏ 1.1 GB/3.3 GB  8.6 MB/s   4m19s[K[?25h[?2026l[?2026h[?25l[A[1Gpulling manifest [K
pulling aeda25e63ebd:  33% ▕██████            ▏ 1.1 GB/3.3 GB  8.6 MB/s   4m19s[K[?25h[?2026l[?2026h[?25l[A[1Gpulling manifest [K
pulling aeda25e63ebd:  33% ▕██████            ▏ 1.1 GB/3.3 GB  8.6 MB/s   4m19s[K[?25h[?2026l[?2026h[?25l[A[1Gpulling manifest [K
pulling aeda25e63ebd:  33% ▕██████            ▏ 1.1 GB/3.3 GB  8.6 MB/s   4m19s[K[?25h[?2026l[?2026h[?25l[A[1Gpulling manifest [K
pulling aeda25e63ebd:  33% ▕██████            ▏ 1.1 GB/3.3 GB  8.6 MB/s   4m19s[K[?25h[?2026l[?2026h[?25l[A[1Gpulling manifest [K
pulling aeda25e63ebd:  33% ▕██████            ▏ 1.1 GB/3.3 GB  8.6 MB/s   4m19s[K[?25h[?2026l[?2026h[?25l[A[1Gpulling manifest [K
pulling aeda25e63ebd:  33% ▕██████            ▏ 1.1 GB/3.3 GB  8.6 MB/s   4m19s[K[?25h[?2026l[?2026h[?25l[A[1Gpulling manifest [K
pulling aeda25e63ebd:  33% ▕██████            ▏ 1.1 GB/3.3 GB  8.6 MB/s   4m19s[K[?25h[?2026l[?2026h[?25l[A[1Gpulling manifest [K
pulling aeda25e63ebd:  33% ▕██████            ▏ 1.1 GB/3.3 GB  8.6 MB/s   4m19s[K[?25h[?2026l[?2026h[?25l[A[1Gpulling manifest [K
pulling aeda25e63ebd:  33% ▕██████            ▏ 1.1 GB/3.3 GB  8.7 MB/s   4m14s[K[?25h[?2026l[?2026h[?25l[A[1Gpulling manifest [K
pulling aeda25e63ebd:  33% ▕██████            ▏ 1.1 GB/3.3 GB  8.7 MB/s   4m14s[K[?25h[?2026l[?2026h[?25l[A[1Gpulling manifest [K
pulling aeda25e63ebd:  33% ▕██████            ▏ 1.1 GB/3.3 GB  8.7 MB/s   4m14s[K[?25h[?2026l[?2026h[?25l[A[1Gpulling manifest [K
pulling aeda25e63ebd:  34% ▕██████            ▏ 1.1 GB/3.3 GB  8.7 MB/s   4m14s[K[?25h[?2026l[?2026h[?25l[A[1Gpulling manifest [K
pulling aeda25e63ebd:  34% ▕██████            ▏ 1.1 GB/3.3 GB  8.7 MB/s   4m14s[K[?25h[?2026l[?2026h[?25l[A[1Gpulling manifest [K
pulling aeda25e63ebd:  34% ▕██████            ▏ 1.1 GB/3.3 GB  8.7 MB/s   4m14s[K[?25h[?2026l[?2026h[?25l[A[1Gpulling manifest [K
pulling aeda25e63ebd:  34% ▕██████            ▏ 1.1 GB/3.3 GB  8.7 MB/s   4m13s[K[?25h[?2026l[?2026h[?25l[A[1Gpulling manifest [K
pulling aeda25e63ebd:  34% ▕██████            ▏ 1.1 GB/3.3 GB  8.7 MB/s   4m13s[K[?25h[?2026l[?2026h[?25l[A[1Gpulling manifest [K
pulling aeda25e63ebd:  34% ▕██████            ▏ 1.1 GB/3.3 GB  8.7 MB/s   4m13s[K[?25h[?2026l[?2026h[?25l[A[1Gpulling manifest [K
pulling aeda25e63ebd:  34% ▕██████            ▏ 1.1 GB/3.3 GB  8.8 MB/s   4m11s[K[?25h[?2026l[?2026h[?25l[A[1Gpulling manifest [K
pulling aeda25e63ebd:  34% ▕██████            ▏ 1.1 GB/3.3 GB  8.8 MB/s   4m11s[K[?25h[?2026l[?2026h[?25l[A[1Gpulling manifest [K
pulling aeda25e63ebd:  34% ▕██████            ▏ 1.1 GB/3.3 GB  8.8 MB/s   4m11s[K[?25h[?2026l[?2026h[?25l[A[1Gpulling manifest [K
pulling aeda25e63ebd:  34% ▕██████            ▏ 1.1 GB/3.3 GB  8.8 MB/s   4m11s[K[?25h[?2026l[?2026h[?25l[A[1Gpulling manifest [K
pulling aeda25e63ebd:  34% ▕██████            ▏ 1.1 GB/3.3 GB  8.8 MB/s   4m11s[K[?25h[?2026l[?2026h[?25l[A[1Gpulling manifest [K
pulling aeda25e63ebd:  34% ▕██████            ▏ 1.1 GB/3.3 GB  8.8 MB/s   4m11s[K[?25h[?2026l[?2026h[?25l[A[1Gpulling manifest [K
pulling aeda25e63ebd:  34% ▕██████            ▏ 1.1 GB/3.3 GB  8.8 MB/s   4m11s[K[?25h[?2026l[?2026h[?25l[A[1Gpulling manifest [K
pulling aeda25e63ebd:  34% ▕██████            ▏ 1.1 GB/3.3 GB  8.8 MB/s   4m10s[K[?25h[?2026l[?2026h[?25l[A[1Gpulling manifest [K
pulling aeda25e63ebd:  34% ▕██████            ▏ 1.1 GB/3.3 GB  8.8 MB/s   4m10s[K[?25h[?2026l[?2026h[?25l[A[1Gpulling manifest [K
pulling aeda25e63ebd:  34% ▕██████            ▏ 1.1 GB/3.3 GB  8.8 MB/s   4m10s[K[?25h[?2026l[?2026h[?25l[A[1Gpulling manifest [K
pulling aeda25e63ebd:  34% ▕██████            ▏ 1.1 GB/3.3 GB  8.8 MB/s   4m10s[K[?25h[?2026l[?2026h[?25l[A[1Gpulling manifest [K
pulling aeda25e63ebd:  34% ▕██████            ▏ 1.1 GB/3.3 GB  9.0 MB/s    4m4s[K[?25h[?2026l[?2026h[?25l[A[1Gpulling manifest [K
pulling aeda25e63ebd:  34% ▕██████            ▏ 1.1 GB/3.3 GB  9.0 MB/s    4m4s[K[?25h[?2026l[?2026h[?25l[A[1Gpulling manifest [K
pulling aeda25e63ebd:  34% ▕██████            ▏ 1.1 GB/3.3 GB  9.0 MB/s    4m4s[K[?25h[?2026l[?2026h[?25l[A[1Gpulling manifest [K
pulling aeda25e63ebd:  34% ▕██████            ▏ 1.1 GB/3.3 GB  9.0 MB/s    4m4s[K[?25h[?2026l[?2026h[?25l[A[1Gpulling manifest [K
pulling aeda25e63ebd:  34% ▕██████            ▏ 1.1 GB/3.3 GB  9.0 MB/s    4m4s[K[?25h[?2026l[?2026h[?25l[A[1Gpulling manifest [K
pulling aeda25e63ebd:  34% ▕██████            ▏ 1.1 GB/3.3 GB  9.0 MB/s    4m4s[K[?25h[?2026l[?2026h[?25l[A[1Gpulling manifest [K
pulling aeda25e63ebd:  34% ▕██████            ▏ 1.1 GB/3.3 GB  9.0 MB/s    4m4s[K[?25h[?2026l[?2026h[?25l[A[1Gpulling manifest [K
pulling aeda25e63ebd:  34% ▕██████            ▏ 1.1 GB/3.3 GB  9.0 MB/s    4m4s[K[?25h[?2026l[?2026h[?25l[A[1Gpulling manifest [K
pulling aeda25e63ebd:  34% ▕██████            ▏ 1.1 GB/3.3 GB  9.0 MB/s    4m4s[K[?25h[?2026l[?2026h[?25l[A[1Gpulling manifest [K
pulling aeda25e63ebd:  34% ▕██████            ▏ 1.1 GB/3.3 GB  9.0 MB/s    4m3s[K[?25h[?2026l[?2026h[?25l[A[1Gpulling manifest [K
pulling aeda25e63ebd:  34% ▕██████            ▏ 1.1 GB/3.3 GB  8.9 MB/s    4m5s[K[?25h[?2026l[?2026h[?25l[A[1Gpulling manifest [K
pulling aeda25e63ebd:  34% ▕██████            ▏ 1.1 GB/3.3 GB  8.9 MB/s    4m5s[K[?25h[?2026l[?2026h[?25l[A[1Gpulling manifest [K
pulling aeda25e63ebd:  34% ▕██████            ▏ 1.1 GB/3.3 GB  8.9 MB/s    4m5s[K[?25h[?2026l[?2026h[?25l[A[1Gpulling manifest [K
pulling aeda25e63ebd:  34% ▕██████            ▏ 1.1 GB/3.3 GB  8.9 MB/s    4m5s[K[?25h[?2026l[?2026h[?25l[A[1Gpulling manifest [K
pulling aeda25e63ebd:  34% ▕██████            ▏ 1.1 GB/3.3 GB  8.9 MB/s    4m5s[K[?25h[?2026l[?2026h[?25l[A[1Gpulling manifest [K
pulling aeda25e63ebd:  34% ▕██████            ▏ 1.1 GB/3.3 GB  8.9 MB/s    4m5s[K[?25h[?2026l[?2026h[?25l[A[1Gpulling manifest [K
pulling aeda25e63ebd:  34% ▕██████            ▏ 1.1 GB/3.3 GB  8.9 MB/s    4m5s[K[?25h[?2026l[?2026h[?25l[A[1Gpulling manifest [K
pulling aeda25e63ebd:  34% ▕██████            ▏ 1.1 GB/3.3 GB  8.9 MB/s    4m5s[K[?25h[?2026l[?2026h[?25l[A[1Gpulling manifest [K
pulling aeda25e63ebd:  34% ▕██████            ▏ 1.1 GB/3.3 GB  8.9 MB/s    4m5s[K[?25h[?2026l[?2026h[?25l[A[1Gpulling manifest [K
pulling aeda25e63ebd:  34% ▕██████            ▏ 1.2 GB/3.3 GB  8.9 MB/s    4m5s[K[?25h[?2026l[?2026h[?25l[A[1Gpulling manifest [K
pulling aeda25e63ebd:  34% ▕██████            ▏ 1.2 GB/3.3 GB  8.8 MB/s    4m9s[K[?25h[?2026l[?2026h[?25l[A[1Gpulling manifest [K
pulling aeda25e63ebd:  35% ▕██████            ▏ 1.2 GB/3.3 GB  8.8 MB/s    4m8s[K[?25h[?2026l[?2026h[?25l[A[1Gpulling manifest [K
pulling aeda25e63ebd:  35% ▕██████            ▏ 1.2 GB/3.3 GB  8.8 MB/s    4m8s[K[?25h[?2026l[?2026h[?25l[A[1Gpulling manifest [K
pulling aeda25e63ebd:  35% ▕██████            ▏ 1.2 GB/3.3 GB  8.8 MB/s    4m8s[K[?25h[?2026l[?2026h[?25l[A[1Gpulling manifest [K
pulling aeda25e63ebd:  35% ▕██████            ▏ 1.2 GB/3.3 GB  8.8 MB/s    4m8s[K[?25h[?2026l[?2026h[?25l[A[1Gpulling manifest [K
pulling aeda25e63ebd:  35% ▕██████            ▏ 1.2 GB/3.3 GB  8.8 MB/s    4m8s[K[?25h[?2026l[?2026h[?25l[A[1Gpulling manifest [K
pulling aeda25e63ebd:  35% ▕██████            ▏ 1.2 GB/3.3 GB  8.8 MB/s    4m8s[K[?25h[?2026l[?2026h[?25l[A[1Gpulling manifest [K
pulling aeda25e63ebd:  35% ▕██████            ▏ 1.2 GB/3.3 GB  8.8 MB/s    4m8s[K[?25h[?2026l[?2026h[?25l[A[1Gpulling manifest [K
pulling aeda25e63ebd:  35% ▕██████            ▏ 1.2 GB/3.3 GB  8.8 MB/s    4m8s[K[?25h[?2026l[?2026h[?25l[A[1Gpulling manifest [K
pulling aeda25e63ebd:  35% ▕██████            ▏ 1.2 GB/3.3 GB  8.8 MB/s    4m8s[K[?25h[?2026l[?2026h[?25l[A[1Gpulling manifest [K
pulling aeda25e63ebd:  35% ▕██████            ▏ 1.2 GB/3.3 GB  8.4 MB/s   4m20s[K[?25h[?2026l[?2026h[?25l[A[1Gpulling manifest [K
pulling aeda25e63ebd:  35% ▕██████            ▏ 1.2 GB/3.3 GB  8.4 MB/s   4m20s[K[?25h[?2026l[?2026h[?25l[A[1Gpulling manifest [K
pulling aeda25e63ebd:  35% ▕██████            ▏ 1.2 GB/3.3 GB  8.4 MB/s   4m20s[K[?25h[?2026l[?2026h[?25l[A[1Gpulling manifest [K
pulling aeda25e63ebd:  35% ▕██████            ▏ 1.2 GB/3.3 GB  8.4 MB/s   4m20s[K[?25h[?2026l[?2026h[?25l[A[1Gpulling manifest [K
pulling aeda25e63ebd:  35% ▕██████            ▏ 1.2 GB/3.3 GB  8.4 MB/s   4m20s[K[?25h[?2026l[?2026h[?25l[A[1Gpulling manifest [K
pulling aeda25e63ebd:  35% ▕██████            ▏ 1.2 GB/3.3 GB  8.4 MB/s   4m20s[K[?25h[?2026l[?2026h[?25l[A[1Gpulling manifest [K
pulling aeda25e63ebd:  35% ▕██████            ▏ 1.2 GB/3.3 GB  8.4 MB/s   4m20s[K[?25h[?2026l[?2026h[?25l[A[1Gpulling manifest [K
pulling aeda25e63ebd:  35% ▕██████            ▏ 1.2 GB/3.3 GB  8.4 MB/s   4m19s[K[?25h[?2026l[?2026h[?25l[A[1Gpulling manifest [K
pulling aeda25e63ebd:  35% ▕██████            ▏ 1.2 GB/3.3 GB  8.4 MB/s   4m19s[K[?25h[?2026l[?2026h[?25l[A[1Gpulling manifest [K
pulling aeda25e63ebd:  35% ▕██████            ▏ 1.2 GB/3.3 GB  8.4 MB/s   4m19s[K[?25h[?2026l[?2026h[?25l[A[1Gpulling manifest [K
pulling aeda25e63ebd:  35% ▕██████            ▏ 1.2 GB/3.3 GB  8.4 MB/s   4m19s[K[?25h[?2026l[?2026h[?25l[A[1Gpulling manifest [K
pulling aeda25e63ebd:  35% ▕██████            ▏ 1.2 GB/3.3 GB  8.3 MB/s   4m20s[K[?25h[?2026l[?2026h[?25l[A[1Gpulling manifest [K
pulling aeda25e63ebd:  35% ▕██████            ▏ 1.2 GB/3.3 GB  8.3 MB/s   4m20s[K[?25h[?2026l[?2026h[?25l[A[1Gpulling manifest [K
pulling aeda25e63ebd:  35% ▕██████            ▏ 1.2 GB/3.3 GB  8.3 MB/s   4m20s[K[?25h[?2026l[?2026h[?25l[A[1Gpulling manifest [K
pulling aeda25e63ebd:  35% ▕██████            ▏ 1.2 GB/3.3 GB  8.3 MB/s   4m20s[K[?25h[?2026l[?2026h[?25l[A[1Gpulling manifest [K
pulling aeda25e63ebd:  35% ▕██████            ▏ 1.2 GB/3.3 GB  8.3 MB/s   4m20s[K[?25h[?2026l[?2026h[?25l[A[1Gpulling manifest [K
pulling aeda25e63ebd:  35% ▕██████            ▏ 1.2 GB/3.3 GB  8.3 MB/s   4m20s[K[?25h[?2026l[?2026h[?25l[A[1Gpulling manifest [K
pulling aeda25e63ebd:  35% ▕██████            ▏ 1.2 GB/3.3 GB  8.3 MB/s   4m19s[K[?25h[?2026l[?2026h[?25l[A[1Gpulling manifest [K
pulling aeda25e63ebd:  35% ▕██████            ▏ 1.2 GB/3.3 GB  8.3 MB/s   4m19s[K[?25h[?2026l[?2026h[?25l[A[1Gpulling manifest [K
pulling aeda25e63ebd:  35% ▕██████            ▏ 1.2 GB/3.3 GB  8.3 MB/s   4m19s[K[?25h[?2026l[?2026h[?25l[A[1Gpulling manifest [K
pulling aeda25e63ebd:  35% ▕██████            ▏ 1.2 GB/3.3 GB  8.3 MB/s   4m19s[K[?25h[?2026l[?2026h[?25l[A[1Gpulling manifest [K
pulling aeda25e63ebd:  35% ▕██████            ▏ 1.2 GB/3.3 GB  8.1 MB/s   4m28s[K[?25h[?2026l[?2026h[?25l[A[1Gpulling manifest [K
pulling aeda25e63ebd:  35% ▕██████            ▏ 1.2 GB/3.3 GB  8.1 MB/s   4m28s[K[?25h[?2026l[?2026h[?25l[A[1Gpulling manifest [K
pulling aeda25e63ebd:  35% ▕██████            ▏ 1.2 GB/3.3 GB  8.1 MB/s   4m28s[K[?25h[?2026l[?2026h[?25l[A[1Gpulling manifest [K
pulling aeda25e63ebd:  35% ▕██████            ▏ 1.2 GB/3.3 GB  8.1 MB/s   4m28s[K[?25h[?2026l[?2026h[?25l[A[1Gpulling manifest [K
pulling aeda25e63ebd:  35% ▕██████            ▏ 1.2 GB/3.3 GB  8.1 MB/s   4m28s[K[?25h[?2026l[?2026h[?25l[A[1Gpulling manifest [K
pulling aeda25e63ebd:  35% ▕██████            ▏ 1.2 GB/3.3 GB  8.1 MB/s   4m27s[K[?25h[?2026l[?2026h[?25l[A[1Gpulling manifest [K
pulling aeda25e63ebd:  35% ▕██████            ▏ 1.2 GB/3.3 GB  8.1 MB/s   4m27s[K[?25h[?2026l[?2026h[?25l[A[1Gpulling manifest [K
pulling aeda25e63ebd:  35% ▕██████            ▏ 1.2 GB/3.3 GB  8.1 MB/s   4m27s[K[?25h[?2026l[?2026h[?25l[A[1Gpulling manifest [K
pulling aeda25e63ebd:  35% ▕██████            ▏ 1.2 GB/3.3 GB  8.1 MB/s   4m27s[K[?25h[?2026l[?2026h[?25l[A[1Gpulling manifest [K
pulling aeda25e63ebd:  35% ▕██████            ▏ 1.2 GB/3.3 GB  8.1 MB/s   4m27s[K[?25h[?2026l[?2026h[?25l[A[1Gpulling manifest [K
pulling aeda25e63ebd:  35% ▕██████            ▏ 1.2 GB/3.3 GB  7.9 MB/s   4m33s[K[?25h[?2026l[?2026h[?25l[A[1Gpulling manifest [K
pulling aeda25e63ebd:  35% ▕██████            ▏ 1.2 GB/3.3 GB  7.9 MB/s   4m33s[K[?25h[?2026l[?2026h[?25l[A[1Gpulling manifest [K
pulling aeda25e63ebd:  35% ▕██████            ▏ 1.2 GB/3.3 GB  7.9 MB/s   4m33s[K[?25h[?2026l[?2026h[?25l[A[1Gpulling manifest [K
pulling aeda25e63ebd:  35% ▕██████            ▏ 1.2 GB/3.3 GB  7.9 MB/s   4m32s[K[?25h[?2026l[?2026h[?25l[A[1Gpulling manifest [K
pulling aeda25e63ebd:  36% ▕██████            ▏ 1.2 GB/3.3 GB  7.9 MB/s   4m32s[K[?25h[?2026l[?2026h[?25l[A[1Gpulling manifest [K
pulling aeda25e63ebd:  36% ▕██████            ▏ 1.2 GB/3.3 GB  7.9 MB/s   4m32s[K[?25h[?2026l[?2026h[?25l[A[1Gpulling manifest [K
pulling aeda25e63ebd:  36% ▕██████            ▏ 1.2 GB/3.3 GB  7.9 MB/s   4m32s[K[?25h[?2026l[?2026h[?25l[A[1Gpulling manifest [K
pulling aeda25e63ebd:  36% ▕██████            ▏ 1.2 GB/3.3 GB  7.9 MB/s   4m32s[K[?25h[?2026l[?2026h[?25l[A[1Gpulling manifest [K
pulling aeda25e63ebd:  36% ▕██████            ▏ 1.2 GB/3.3 GB  7.9 MB/s   4m32s[K[?25h[?2026l[?2026h[?25l[A[1Gpulling manifest [K
pulling aeda25e63ebd:  36% ▕██████            ▏ 1.2 GB/3.3 GB  7.9 MB/s   4m32s[K[?25h[?2026l[?2026h[?25l[A[1Gpulling manifest [K
pulling aeda25e63ebd:  36% ▕██████            ▏ 1.2 GB/3.3 GB  7.8 MB/s   4m35s[K[?25h[?2026l[?2026h[?25l[A[1Gpulling manifest [K
pulling aeda25e63ebd:  36% ▕██████            ▏ 1.2 GB/3.3 GB  7.8 MB/s   4m35s[K[?25h[?2026l[?2026h[?25l[A[1Gpulling manifest [K
pulling aeda25e63ebd:  36% ▕██████            ▏ 1.2 GB/3.3 GB  7.8 MB/s   4m35s[K[?25h[?2026l[?2026h[?25l[A[1Gpulling manifest [K
pulling aeda25e63ebd:  36% ▕██████            ▏ 1.2 GB/3.3 GB  7.8 MB/s   4m35s[K[?25h[?2026l[?2026h[?25l[A[1Gpulling manifest [K
pulling aeda25e63ebd:  36% ▕██████            ▏ 1.2 GB/3.3 GB  7.8 MB/s   4m35s[K[?25h[?2026l[?2026h[?25l[A[1Gpulling manifest [K
pulling aeda25e63ebd:  36% ▕██████            ▏ 1.2 GB/3.3 GB  7.8 MB/s   4m34s[K[?25h[?2026l[?2026h[?25l[A[1Gpulling manifest [K
pulling aeda25e63ebd:  36% ▕██████            ▏ 1.2 GB/3.3 GB  7.8 MB/s   4m34s[K[?25h[?2026l[?2026h[?25l[A[1Gpulling manifest [K
pulling aeda25e63ebd:  36% ▕██████            ▏ 1.2 GB/3.3 GB  7.8 MB/s   4m34s[K[?25h[?2026l[?2026h[?25l[A[1Gpulling manifest [K
pulling aeda25e63ebd:  36% ▕██████            ▏ 1.2 GB/3.3 GB  7.8 MB/s   4m34s[K[?25h[?2026l[?2026h[?25l[A[1Gpulling manifest [K
pulling aeda25e63ebd:  36% ▕██████            ▏ 1.2 GB/3.3 GB  7.8 MB/s   4m34s[K[?25h[?2026l[?2026h[?25l[A[1Gpulling manifest [K
pulling aeda25e63ebd:  36% ▕██████            ▏ 1.2 GB/3.3 GB  7.8 MB/s   4m34s[K[?25h[?2026l[?2026h[?25l[A[1Gpulling manifest [K
pulling aeda25e63ebd:  36% ▕██████            ▏ 1.2 GB/3.3 GB  7.7 MB/s   4m37s[K[?25h[?2026l[?2026h[?25l[A[1Gpulling manifest [K
pulling aeda25e63ebd:  36% ▕██████            ▏ 1.2 GB/3.3 GB  7.7 MB/s   4m37s[K[?25h[?2026l[?2026h[?25l[A[1Gpulling manifest [K
pulling aeda25e63ebd:  36% ▕██████            ▏ 1.2 GB/3.3 GB  7.7 MB/s   4m37s[K[?25h[?2026l[?2026h[?25l[A[1Gpulling manifest [K
pulling aeda25e63ebd:  36% ▕██████            ▏ 1.2 GB/3.3 GB  7.7 MB/s   4m37s[K[?25h[?2026l[?2026h[?25l[A[1Gpulling manifest [K
pulling aeda25e63ebd:  36% ▕██████            ▏ 1.2 GB/3.3 GB  7.7 MB/s   4m37s[K[?25h[?2026l[?2026h[?25l[A[1Gpulling manifest [K
pulling aeda25e63ebd:  36% ▕██████            ▏ 1.2 GB/3.3 GB  7.7 MB/s   4m37s[K[?25h[?2026l[?2026h[?25l[A[1Gpulling manifest [K
pulling aeda25e63ebd:  36% ▕██████            ▏ 1.2 GB/3.3 GB  7.7 MB/s   4m37s[K[?25h[?2026l[?2026h[?25l[A[1Gpulling manifest [K
pulling aeda25e63ebd:  36% ▕██████            ▏ 1.2 GB/3.3 GB  7.7 MB/s   4m37s[K[?25h[?2026l[?2026h[?25l[A[1Gpulling manifest [K
pulling aeda25e63ebd:  36% ▕██████            ▏ 1.2 GB/3.3 GB  7.7 MB/s   4m37s[K[?25h[?2026l[?2026h[?25l[A[1Gpulling manifest [K
pulling aeda25e63ebd:  36% ▕██████            ▏ 1.2 GB/3.3 GB  7.7 MB/s   4m37s[K[?25h[?2026l[?2026h[?25l[A[1Gpulling manifest [K
pulling aeda25e63ebd:  36% ▕██████            ▏ 1.2 GB/3.3 GB  7.5 MB/s   4m45s[K[?25h[?2026l[?2026h[?25l[A[1Gpulling manifest [K
pulling aeda25e63ebd:  36% ▕██████            ▏ 1.2 GB/3.3 GB  7.5 MB/s   4m45s[K[?25h[?2026l[?2026h[?25l[A[1Gpulling manifest [K
pulling aeda25e63ebd:  36% ▕██████            ▏ 1.2 GB/3.3 GB  7.5 MB/s   4m44s[K[?25h[?2026l[?2026h[?25l[A[1Gpulling manifest [K
pulling aeda25e63ebd:  36% ▕██████            ▏ 1.2 GB/3.3 GB  7.5 MB/s   4m44s[K[?25h[?2026l[?2026h[?25l[A[1Gpulling manifest [K
pulling aeda25e63ebd:  36% ▕██████            ▏ 1.2 GB/3.3 GB  7.5 MB/s   4m44s[K[?25h[?2026l[?2026h[?25l[A[1Gpulling manifest [K
pulling aeda25e63ebd:  36% ▕██████            ▏ 1.2 GB/3.3 GB  7.5 MB/s   4m44s[K[?25h[?2026l[?2026h[?25l[A[1Gpulling manifest [K
pulling aeda25e63ebd:  36% ▕██████            ▏ 1.2 GB/3.3 GB  7.5 MB/s   4m44s[K[?25h[?2026l[?2026h[?25l[A[1Gpulling manifest [K
pulling aeda25e63ebd:  36% ▕██████            ▏ 1.2 GB/3.3 GB  7.5 MB/s   4m44s[K[?25h[?2026l[?2026h[?25l[A[1Gpulling manifest [K
pulling aeda25e63ebd:  36% ▕██████            ▏ 1.2 GB/3.3 GB  7.5 MB/s   4m44s[K[?25h[?2026l[?2026h[?25l[A[1Gpulling manifest [K
pulling aeda25e63ebd:  36% ▕██████            ▏ 1.2 GB/3.3 GB  7.2 MB/s   4m54s[K[?25h[?2026l[?2026h[?25l[A[1Gpulling manifest [K
pulling aeda25e63ebd:  36% ▕██████            ▏ 1.2 GB/3.3 GB  7.2 MB/s   4m54s[K[?25h[?2026l[?2026h[?25l[A[1Gpulling manifest [K
pulling aeda25e63ebd:  36% ▕██████            ▏ 1.2 GB/3.3 GB  7.2 MB/s   4m54s[K[?25h[?2026l[?2026h[?25l[A[1Gpulling manifest [K
pulling aeda25e63ebd:  36% ▕██████            ▏ 1.2 GB/3.3 GB  7.2 MB/s   4m54s[K[?25h[?2026l[?2026h[?25l[A[1Gpulling manifest [K
pulling aeda25e63ebd:  36% ▕██████            ▏ 1.2 GB/3.3 GB  7.2 MB/s   4m54s[K[?25h[?2026l[?2026h[?25l[A[1Gpulling manifest [K
pulling aeda25e63ebd:  36% ▕██████            ▏ 1.2 GB/3.3 GB  7.2 MB/s   4m54s[K[?25h[?2026l[?2026h[?25l[A[1Gpulling manifest [K
pulling aeda25e63ebd:  36% ▕██████            ▏ 1.2 GB/3.3 GB  7.2 MB/s   4m53s[K[?25h[?2026l[?2026h[?25l[A[1Gpulling manifest [K
pulling aeda25e63ebd:  36% ▕██████            ▏ 1.2 GB/3.3 GB  7.2 MB/s   4m53s[K[?25h[?2026l[?2026h[?25l[A[1Gpulling manifest [K
pulling aeda25e63ebd:  36% ▕██████            ▏ 1.2 GB/3.3 GB  7.2 MB/s   4m53s[K[?25h[?2026l[?2026h[?25l[A[1Gpulling manifest [K
pulling aeda25e63ebd:  36% ▕██████            ▏ 1.2 GB/3.3 GB  7.2 MB/s   4m53s[K[?25h[?2026l[?2026h[?25l[A[1Gpulling manifest [K
pulling aeda25e63ebd:  36% ▕██████            ▏ 1.2 GB/3.3 GB  7.2 MB/s   4m53s[K[?25h[?2026l[?2026h[?25l[A[1Gpulling manifest [K
pulling aeda25e63ebd:  37% ▕██████            ▏ 1.2 GB/3.3 GB  7.6 MB/s   4m40s[K[?25h[?2026l[?2026h[?25l[A[1Gpulling manifest [K
pulling aeda25e63ebd:  37% ▕██████            ▏ 1.2 GB/3.3 GB  7.6 MB/s   4m40s[K[?25h[?2026l[?2026h[?25l[A[1Gpulling manifest [K
pulling aeda25e63ebd:  37% ▕██████            ▏ 1.2 GB/3.3 GB  7.6 MB/s   4m40s[K[?25h[?2026l[?2026h[?25l[A[1Gpulling manifest [K
pulling aeda25e63ebd:  37% ▕██████            ▏ 1.2 GB/3.3 GB  7.6 MB/s   4m40s[K[?25h[?2026l[?2026h[?25l[A[1Gpulling manifest [K
pulling aeda25e63ebd:  37% ▕██████            ▏ 1.2 GB/3.3 GB  7.6 MB/s   4m39s[K[?25h[?2026l[?2026h[?25l[A[1Gpulling manifest [K
pulling aeda25e63ebd:  37% ▕██████            ▏ 1.2 GB/3.3 GB  7.6 MB/s   4m39s[K[?25h[?2026l[?2026h[?25l[A[1Gpulling manifest [K
pulling aeda25e63ebd:  37% ▕██████            ▏ 1.2 GB/3.3 GB  7.6 MB/s   4m39s[K[?25h[?2026l[?2026h[?25l[A[1Gpulling manifest [K
pulling aeda25e63ebd:  37% ▕██████            ▏ 1.2 GB/3.3 GB  7.6 MB/s   4m39s[K[?25h[?2026l[?2026h[?25l[A[1Gpulling manifest [K
pulling aeda25e63ebd:  37% ▕██████            ▏ 1.2 GB/3.3 GB  7.6 MB/s   4m39s[K[?25h[?2026l[?2026h[?25l[A[1Gpulling manifest [K
pulling aeda25e63ebd:  37% ▕██████            ▏ 1.2 GB/3.3 GB  7.6 MB/s   4m39s[K[?25h[?2026l[?2026h[?25l[A[1Gpulling manifest [K
pulling aeda25e63ebd:  37% ▕██████            ▏ 1.2 GB/3.3 GB  8.1 MB/s   4m20s[K[?25h[?2026l[?2026h[?25l[A[1Gpulling manifest [K
pulling aeda25e63ebd:  37% ▕██████            ▏ 1.2 GB/3.3 GB  8.1 MB/s   4m20s[K[?25h[?2026l[?2026h[?25l[A[1Gpulling manifest [K
pulling aeda25e63ebd:  37% ▕██████            ▏ 1.2 GB/3.3 GB  8.1 MB/s   4m20s[K[?25h[?2026l[?2026h[?25l[A[1Gpulling manifest [K
pulling aeda25e63ebd:  37% ▕██████            ▏ 1.2 GB/3.3 GB  8.1 MB/s   4m20s[K[?25h[?2026l[?2026h[?25l[A[1Gpulling manifest [K
pulling aeda25e63ebd:  37% ▕██████            ▏ 1.2 GB/3.3 GB  8.1 MB/s   4m20s[K[?25h[?2026l[?2026h[?25l[A[1Gpulling manifest [K
pulling aeda25e63ebd:  37% ▕██████            ▏ 1.2 GB/3.3 GB  8.1 MB/s   4m20s[K[?25h[?2026l[?2026h[?25l[A[1Gpulling manifest [K
pulling aeda25e63ebd:  37% ▕██████            ▏ 1.2 GB/3.3 GB  8.1 MB/s   4m20s[K[?25h[?2026l[?2026h[?25l[A[1Gpulling manifest [K
pulling aeda25e63ebd:  37% ▕██████            ▏ 1.2 GB/3.3 GB  8.1 MB/s   4m20s[K[?25h[?2026l[?2026h[?25l[A[1Gpulling manifest [K
pulling aeda25e63ebd:  37% ▕██████            ▏ 1.2 GB/3.3 GB  8.1 MB/s   4m20s[K[?25h[?2026l[?2026h[?25l[A[1Gpulling manifest [K
pulling aeda25e63ebd:  37% ▕██████            ▏ 1.2 GB/3.3 GB  8.1 MB/s   4m19s[K[?25h[?2026l[?2026h[?25l[A[1Gpulling manifest [K
pulling aeda25e63ebd:  37% ▕██████            ▏ 1.2 GB/3.3 GB  8.1 MB/s   4m19s[K[?25h[?2026l[?2026h[?25l[A[1Gpulling manifest [K
pulling aeda25e63ebd:  37% ▕██████            ▏ 1.2 GB/3.3 GB  8.2 MB/s   4m16s[K[?25h[?2026l[?2026h[?25l[A[1Gpulling manifest [K
pulling aeda25e63ebd:  37% ▕██████            ▏ 1.2 GB/3.3 GB  8.2 MB/s   4m16s[K[?25h[?2026l[?2026h[?25l[A[1Gpulling manifest [K
pulling aeda25e63ebd:  37% ▕██████            ▏ 1.2 GB/3.3 GB  8.2 MB/s   4m16s[K[?25h[?2026l[?2026h[?25l[A[1Gpulling manifest [K
pulling aeda25e63ebd:  37% ▕██████            ▏ 1.2 GB/3.3 GB  8.2 MB/s   4m16s[K[?25h[?2026l[?2026h[?25l[A[1Gpulling manifest [K
pulling aeda25e63ebd:  37% ▕██████            ▏ 1.2 GB/3.3 GB  8.2 MB/s   4m16s[K[?25h[?2026l[?2026h[?25l[A[1Gpulling manifest [K
pulling aeda25e63ebd:  37% ▕██████            ▏ 1.2 GB/3.3 GB  8.2 MB/s   4m16s[K[?25h[?2026l[?2026h[?25l[A[1Gpulling manifest [K
pulling aeda25e63ebd:  37% ▕██████            ▏ 1.2 GB/3.3 GB  8.2 MB/s   4m15s[K[?25h[?2026l[?2026h[?25l[A[1Gpulling manifest [K
pulling aeda25e63ebd:  37% ▕██████            ▏ 1.2 GB/3.3 GB  8.2 MB/s   4m15s[K[?25h[?2026l[?2026h[?25l[A[1Gpulling manifest [K
pulling aeda25e63ebd:  37% ▕██████            ▏ 1.2 GB/3.3 GB  8.2 MB/s   4m15s[K[?25h[?2026l[?2026h[?25l[A[1Gpulling manifest [K
pulling aeda25e63ebd:  37% ▕██████            ▏ 1.2 GB/3.3 GB  8.2 MB/s   4m15s[K[?25h[?2026l[?2026h[?25l[A[1Gpulling manifest [K
pulling aeda25e63ebd:  37% ▕██████            ▏ 1.2 GB/3.3 GB  8.1 MB/s   4m17s[K[?25h[?2026l[?2026h[?25l[A[1Gpulling manifest [K
pulling aeda25e63ebd:  37% ▕██████            ▏ 1.2 GB/3.3 GB  8.1 MB/s   4m17s[K[?25h[?2026l[?2026h[?25l[A[1Gpulling manifest [K
pulling aeda25e63ebd:  37% ▕██████            ▏ 1.2 GB/3.3 GB  8.1 MB/s   4m16s[K[?25h[?2026l[?2026h[?25l[A[1Gpulling manifest [K
pulling aeda25e63ebd:  37% ▕██████            ▏ 1.2 GB/3.3 GB  8.1 MB/s   4m16s[K[?25h[?2026l[?2026h[?25l[A[1Gpulling manifest [K
pulling aeda25e63ebd:  37% ▕██████            ▏ 1.3 GB/3.3 GB  8.1 MB/s   4m16s[K[?25h[?2026l[?2026h[?25l[A[1Gpulling manifest [K
pulling aeda25e63ebd:  37% ▕██████            ▏ 1.3 GB/3.3 GB  8.1 MB/s   4m16s[K[?25h[?2026l[?2026h[?25l[A[1Gpulling manifest [K
pulling aeda25e63ebd:  37% ▕██████            ▏ 1.3 GB/3.3 GB  8.1 MB/s   4m16s[K[?25h[?2026l[?2026h[?25l[A[1Gpulling manifest [K
pulling aeda25e63ebd:  38% ▕██████            ▏ 1.3 GB/3.3 GB  8.1 MB/s   4m16s[K[?25h[?2026l[?2026h[?25l[A[1Gpulling manifest [K
pulling aeda25e63ebd:  38% ▕██████            ▏ 1.3 GB/3.3 GB  8.1 MB/s   4m16s[K[?25h[?2026l[?2026h[?25l[A[1Gpulling manifest [K
pulling aeda25e63ebd:  38% ▕██████            ▏ 1.3 GB/3.3 GB  8.1 MB/s   4m16s[K[?25h[?2026l[?2026h[?25l[A[1Gpulling manifest [K
pulling aeda25e63ebd:  38% ▕██████            ▏ 1.3 GB/3.3 GB  8.0 MB/s   4m21s[K[?25h[?2026l[?2026h[?25l[A[1Gpulling manifest [K
pulling aeda25e63ebd:  38% ▕██████            ▏ 1.3 GB/3.3 GB  8.0 MB/s   4m21s[K[?25h[?2026l[?2026h[?25l[A[1Gpulling manifest [K
pulling aeda25e63ebd:  38% ▕██████            ▏ 1.3 GB/3.3 GB  8.0 MB/s   4m20s[K[?25h[?2026l[?2026h[?25l[A[1Gpulling manifest [K
pulling aeda25e63ebd:  38% ▕██████            ▏ 1.3 GB/3.3 GB  8.0 MB/s   4m20s[K[?25h[?2026l[?2026h[?25l[A[1Gpulling manifest [K
pulling aeda25e63ebd:  38% ▕██████            ▏ 1.3 GB/3.3 GB  8.0 MB/s   4m20s[K[?25h[?2026l[?2026h[?25l[A[1Gpulling manifest [K
pulling aeda25e63ebd:  38% ▕██████            ▏ 1.3 GB/3.3 GB  8.0 MB/s   4m20s[K[?25h[?2026l[?2026h[?25l[A[1Gpulling manifest [K
pulling aeda25e63ebd:  38% ▕██████            ▏ 1.3 GB/3.3 GB  8.0 MB/s   4m20s[K[?25h[?2026l[?2026h[?25l[A[1Gpulling manifest [K
pulling aeda25e63ebd:  38% ▕██████            ▏ 1.3 GB/3.3 GB  8.0 MB/s   4m20s[K[?25h[?2026l[?2026h[?25l[A[1Gpulling manifest [K
pulling aeda25e63ebd:  38% ▕██████            ▏ 1.3 GB/3.3 GB  8.0 MB/s   4m20s[K[?25h[?2026l[?2026h[?25l[A[1Gpulling manifest [K
pulling aeda25e63ebd:  38% ▕██████            ▏ 1.3 GB/3.3 GB  8.0 MB/s   4m20s[K[?25h[?2026l[?2026h[?25l[A[1Gpulling manifest [K
pulling aeda25e63ebd:  38% ▕██████            ▏ 1.3 GB/3.3 GB  7.9 MB/s   4m24s[K[?25h[?2026l[?2026h[?25l[A[1Gpulling manifest [K
pulling aeda25e63ebd:  38% ▕██████            ▏ 1.3 GB/3.3 GB  7.9 MB/s   4m24s[K[?25h[?2026l[?2026h[?25l[A[1Gpulling manifest [K
pulling aeda25e63ebd:  38% ▕██████            ▏ 1.3 GB/3.3 GB  7.9 MB/s   4m24s[K[?25h[?2026l[?2026h[?25l[A[1Gpulling manifest [K
pulling aeda25e63ebd:  38% ▕██████            ▏ 1.3 GB/3.3 GB  7.9 MB/s   4m23s[K[?25h[?2026l[?2026h[?25l[A[1Gpulling manifest [K
pulling aeda25e63ebd:  38% ▕██████            ▏ 1.3 GB/3.3 GB  7.9 MB/s   4m23s[K[?25h[?2026l[?2026h[?25l[A[1Gpulling manifest [K
pulling aeda25e63ebd:  38% ▕██████            ▏ 1.3 GB/3.3 GB  7.9 MB/s   4m23s[K[?25h[?2026l[?2026h[?25l[A[1Gpulling manifest [K
pulling aeda25e63ebd:  38% ▕██████            ▏ 1.3 GB/3.3 GB  7.9 MB/s   4m23s[K[?25h[?2026l[?2026h[?25l[A[1Gpulling manifest [K
pulling aeda25e63ebd:  38% ▕██████            ▏ 1.3 GB/3.3 GB  7.9 MB/s   4m23s[K[?25h[?2026l[?2026h[?25l[A[1Gpulling manifest [K
pulling aeda25e63ebd:  38% ▕██████            ▏ 1.3 GB/3.3 GB  7.9 MB/s   4m23s[K[?25h[?2026l[?2026h[?25l[A[1Gpulling manifest [K
pulling aeda25e63ebd:  38% ▕██████            ▏ 1.3 GB/3.3 GB  7.9 MB/s   4m23s[K[?25h[?2026l[?2026h[?25l[A[1Gpulling manifest [K
pulling aeda25e63ebd:  38% ▕██████            ▏ 1.3 GB/3.3 GB  7.9 MB/s   4m22s[K[?25h[?2026l[?2026h[?25l[A[1Gpulling manifest [K
pulling aeda25e63ebd:  38% ▕██████            ▏ 1.3 GB/3.3 GB  7.9 MB/s   4m22s[K[?25h[?2026l[?2026h[?25l[A[1Gpulling manifest [K
pulling aeda25e63ebd:  38% ▕██████            ▏ 1.3 GB/3.3 GB  7.9 MB/s   4m22s[K[?25h[?2026l[?2026h[?25l[A[1Gpulling manifest [K
pulling aeda25e63ebd:  38% ▕██████            ▏ 1.3 GB/3.3 GB  7.9 MB/s   4m22s[K[?25h[?2026l[?2026h[?25l[A[1Gpulling manifest [K
pulling aeda25e63ebd:  38% ▕██████            ▏ 1.3 GB/3.3 GB  7.9 MB/s   4m22s[K[?25h[?2026l[?2026h[?25l[A[1Gpulling manifest [K
pulling aeda25e63ebd:  38% ▕██████            ▏ 1.3 GB/3.3 GB  7.9 MB/s   4m22s[K[?25h[?2026l[?2026h[?25l[A[1Gpulling manifest [K
pulling aeda25e63ebd:  38% ▕██████            ▏ 1.3 GB/3.3 GB  7.9 MB/s   4m22s[K[?25h[?2026l[?2026h[?25l[A[1Gpulling manifest [K
pulling aeda25e63ebd:  38% ▕██████            ▏ 1.3 GB/3.3 GB  7.9 MB/s   4m22s[K[?25h[?2026l[?2026h[?25l[A[1Gpulling manifest [K
pulling aeda25e63ebd:  38% ▕██████            ▏ 1.3 GB/3.3 GB  7.9 MB/s   4m22s[K[?25h[?2026l[?2026h[?25l[A[1Gpulling manifest [K
pulling aeda25e63ebd:  38% ▕██████            ▏ 1.3 GB/3.3 GB  7.9 MB/s   4m22s[K[?25h[?2026l[?2026h[?25l[A[1Gpulling manifest [K
pulling aeda25e63ebd:  38% ▕██████            ▏ 1.3 GB/3.3 GB  7.9 MB/s   4m22s[K[?25h[?2026l[?2026h[?25l[A[1Gpulling manifest [K
pulling aeda25e63ebd:  38% ▕██████            ▏ 1.3 GB/3.3 GB  7.4 MB/s   4m40s[K[?25h[?2026l[?2026h[?25l[A[1Gpulling manifest [K
pulling aeda25e63ebd:  38% ▕██████            ▏ 1.3 GB/3.3 GB  7.4 MB/s   4m40s[K[?25h[?2026l[?2026h[?25l[A[1Gpulling manifest [K
pulling aeda25e63ebd:  38% ▕██████            ▏ 1.3 GB/3.3 GB  7.4 MB/s   4m40s[K[?25h[?2026l[?2026h[?25l[A[1Gpulling manifest [K
pulling aeda25e63ebd:  38% ▕██████            ▏ 1.3 GB/3.3 GB  7.4 MB/s   4m40s[K[?25h[?2026l[?2026h[?25l[A[1Gpulling manifest [K
pulling aeda25e63ebd:  38% ▕██████            ▏ 1.3 GB/3.3 GB  7.4 MB/s   4m40s[K[?25h[?2026l[?2026h[?25l[A[1Gpulling manifest [K
pulling aeda25e63ebd:  38% ▕██████            ▏ 1.3 GB/3.3 GB  7.4 MB/s   4m40s[K[?25h[?2026l[?2026h[?25l[A[1Gpulling manifest [K
pulling aeda25e63ebd:  38% ▕██████            ▏ 1.3 GB/3.3 GB  7.4 MB/s   4m40s[K[?25h[?2026l[?2026h[?25l[A[1Gpulling manifest [K
pulling aeda25e63ebd:  38% ▕██████            ▏ 1.3 GB/3.3 GB  7.4 MB/s   4m40s[K[?25h[?2026l[?2026h[?25l[A[1Gpulling manifest [K
pulling aeda25e63ebd:  38% ▕██████            ▏ 1.3 GB/3.3 GB  7.4 MB/s   4m40s[K[?25h[?2026l[?2026h[?25l[A[1Gpulling manifest [K
pulling aeda25e63ebd:  38% ▕██████            ▏ 1.3 GB/3.3 GB  7.4 MB/s   4m40s[K[?25h[?2026l[?2026h[?25l[A[1Gpulling manifest [K
pulling aeda25e63ebd:  38% ▕██████            ▏ 1.3 GB/3.3 GB  7.1 MB/s   4m52s[K[?25h[?2026l[?2026h[?25l[A[1Gpulling manifest [K
pulling aeda25e63ebd:  38% ▕██████            ▏ 1.3 GB/3.3 GB  7.1 MB/s   4m52s[K[?25h[?2026l[?2026h[?25l[A[1Gpulling manifest [K
pulling aeda25e63ebd:  38% ▕██████            ▏ 1.3 GB/3.3 GB  7.1 MB/s   4m52s[K[?25h[?2026l[?2026h[?25l[A[1Gpulling manifest [K
pulling aeda25e63ebd:  38% ▕██████            ▏ 1.3 GB/3.3 GB  7.1 MB/s   4m52s[K[?25h[?2026l[?2026h[?25l[A[1Gpulling manifest [K
pulling aeda25e63ebd:  38% ▕██████            ▏ 1.3 GB/3.3 GB  7.1 MB/s   4m52s[K[?25h[?2026l[?2026h[?25l[A[1Gpulling manifest [K
pulling aeda25e63ebd:  38% ▕██████            ▏ 1.3 GB/3.3 GB  7.1 MB/s   4m51s[K[?25h[?2026l[?2026h[?25l[A[1Gpulling manifest [K
pulling aeda25e63ebd:  38% ▕██████            ▏ 1.3 GB/3.3 GB  7.1 MB/s   4m51s[K[?25h[?2026l[?2026h[?25l[A[1Gpulling manifest [K
pulling aeda25e63ebd:  38% ▕██████            ▏ 1.3 GB/3.3 GB  7.1 MB/s   4m51s[K[?25h[?2026l[?2026h[?25l[A[1Gpulling manifest [K
pulling aeda25e63ebd:  38% ▕██████            ▏ 1.3 GB/3.3 GB  7.1 MB/s   4m51s[K[?25h[?2026l[?2026h[?25l[A[1Gpulling manifest [K
pulling aeda25e63ebd:  38% ▕██████            ▏ 1.3 GB/3.3 GB  7.1 MB/s   4m51s[K[?25h[?2026l[?2026h[?25l[A[1Gpulling manifest [K
pulling aeda25e63ebd:  38% ▕██████            ▏ 1.3 GB/3.3 GB  6.4 MB/s   5m23s[K[?25h[?2026l[?2026h[?25l[A[1Gpulling manifest [K
pulling aeda25e63ebd:  38% ▕██████            ▏ 1.3 GB/3.3 GB  6.4 MB/s   5m23s[K[?25h[?2026l[?2026h[?25l[A[1Gpulling manifest [K
pulling aeda25e63ebd:  38% ▕██████            ▏ 1.3 GB/3.3 GB  6.4 MB/s   5m23s[K[?25h[?2026l[?2026h[?25l[A[1Gpulling manifest [K
pulling aeda25e63ebd:  38% ▕██████            ▏ 1.3 GB/3.3 GB  6.4 MB/s   5m23s[K[?25h[?2026l[?2026h[?25l[A[1Gpulling manifest [K
pulling aeda25e63ebd:  38% ▕██████            ▏ 1.3 GB/3.3 GB  6.4 MB/s   5m23s[K[?25h[?2026l[?2026h[?25l[A[1Gpulling manifest [K
pulling aeda25e63ebd:  38% ▕██████            ▏ 1.3 GB/3.3 GB  6.4 MB/s   5m23s[K[?25h[?2026l[?2026h[?25l[A[1Gpulling manifest [K
pulling aeda25e63ebd:  38% ▕██████            ▏ 1.3 GB/3.3 GB  6.4 MB/s   5m23s[K[?25h[?2026l[?2026h[?25l[A[1Gpulling manifest [K
pulling aeda25e63ebd:  38% ▕██████            ▏ 1.3 GB/3.3 GB  6.4 MB/s   5m23s[K[?25h[?2026l[?2026h[?25l[A[1Gpulling manifest [K
pulling aeda25e63ebd:  38% ▕██████            ▏ 1.3 GB/3.3 GB  6.4 MB/s   5m23s[K[?25h[?2026l[?2026h[?25l[A[1Gpulling manifest [K
pulling aeda25e63ebd:  38% ▕██████            ▏ 1.3 GB/3.3 GB  6.4 MB/s   5m23s[K[?25h[?2026l[?2026h[?25l[A[1Gpulling manifest [K
pulling aeda25e63ebd:  38% ▕██████            ▏ 1.3 GB/3.3 GB  5.6 MB/s    6m9s[K[?25h[?2026l[?2026h[?25l[A[1Gpulling manifest [K
pulling aeda25e63ebd:  38% ▕██████            ▏ 1.3 GB/3.3 GB  5.6 MB/s    6m9s[K[?25h[?2026l[?2026h[?25l[A[1Gpulling manifest [K
pulling aeda25e63ebd:  38% ▕██████            ▏ 1.3 GB/3.3 GB  5.6 MB/s    6m8s[K[?25h[?2026l[?2026h[?25l[A[1Gpulling manifest [K
pulling aeda25e63ebd:  38% ▕██████            ▏ 1.3 GB/3.3 GB  5.6 MB/s    6m8s[K[?25h[?2026l[?2026h[?25l[A[1Gpulling manifest [K
pulling aeda25e63ebd:  38% ▕██████            ▏ 1.3 GB/3.3 GB  5.6 MB/s    6m8s[K[?25h[?2026l[?2026h[?25l[A[1Gpulling manifest [K
pulling aeda25e63ebd:  38% ▕██████            ▏ 1.3 GB/3.3 GB  5.6 MB/s    6m8s[K[?25h[?2026l[?2026h[?25l[A[1Gpulling manifest [K
pulling aeda25e63ebd:  38% ▕██████            ▏ 1.3 GB/3.3 GB  5.6 MB/s    6m8s[K[?25h[?2026l[?2026h[?25l[A[1Gpulling manifest [K
pulling aeda25e63ebd:  38% ▕██████            ▏ 1.3 GB/3.3 GB  5.6 MB/s    6m8s[K[?25h[?2026l[?2026h[?25l[A[1Gpulling manifest [K
pulling aeda25e63ebd:  38% ▕██████            ▏ 1.3 GB/3.3 GB  5.6 MB/s    6m8s[K[?25h[?2026l[?2026h[?25l[A[1Gpulling manifest [K
pulling aeda25e63ebd:  38% ▕██████            ▏ 1.3 GB/3.3 GB  5.6 MB/s    6m8s[K[?25h[?2026l[?2026h[?25l[A[1Gpulling manifest [K
pulling aeda25e63ebd:  38% ▕██████            ▏ 1.3 GB/3.3 GB  5.6 MB/s    6m8s[K[?25h[?2026l[?2026h[?25l[A[1Gpulling manifest [K
pulling aeda25e63ebd:  38% ▕██████            ▏ 1.3 GB/3.3 GB  5.0 MB/s   6m54s[K[?25h[?2026l[?2026h[?25l[A[1Gpulling manifest [K
pulling aeda25e63ebd:  38% ▕██████            ▏ 1.3 GB/3.3 GB  5.0 MB/s   6m54s[K[?25h[?2026l[?2026h[?25l[A[1Gpulling manifest [K
pulling aeda25e63ebd:  39% ▕██████            ▏ 1.3 GB/3.3 GB  5.0 MB/s   6m54s[K[?25h[?2026l[?2026h[?25l[A[1Gpulling manifest [K
pulling aeda25e63ebd:  39% ▕██████            ▏ 1.3 GB/3.3 GB  5.0 MB/s   6m54s[K[?25h[?2026l[?2026h[?25l[A[1Gpulling manifest [K
pulling aeda25e63ebd:  39% ▕██████            ▏ 1.3 GB/3.3 GB  5.0 MB/s   6m54s[K[?25h[?2026l[?2026h[?25l[A[1Gpulling manifest [K
pulling aeda25e63ebd:  39% ▕██████            ▏ 1.3 GB/3.3 GB  5.0 MB/s   6m54s[K[?25h[?2026l[?2026h[?25l[A[1Gpulling manifest [K
pulling aeda25e63ebd:  39% ▕██████            ▏ 1.3 GB/3.3 GB  5.0 MB/s   6m53s[K[?25h[?2026l[?2026h[?25l[A[1Gpulling manifest [K
pulling aeda25e63ebd:  39% ▕██████            ▏ 1.3 GB/3.3 GB  5.0 MB/s   6m53s[K[?25h[?2026l[?2026h[?25l[A[1Gpulling manifest [K
pulling aeda25e63ebd:  39% ▕██████            ▏ 1.3 GB/3.3 GB  5.0 MB/s   6m53s[K[?25h[?2026l[?2026h[?25l[A[1Gpulling manifest [K
pulling aeda25e63ebd:  39% ▕██████            ▏ 1.3 GB/3.3 GB  5.0 MB/s   6m53s[K[?25h[?2026l[?2026h[?25l[A[1Gpulling manifest [K
pulling aeda25e63ebd:  39% ▕██████            ▏ 1.3 GB/3.3 GB  4.6 MB/s   7m21s[K[?25h[?2026l[?2026h[?25l[A[1Gpulling manifest [K
pulling aeda25e63ebd:  39% ▕██████            ▏ 1.3 GB/3.3 GB  4.6 MB/s   7m20s[K[?25h[?2026l[?2026h[?25l[A[1Gpulling manifest [K
pulling aeda25e63ebd:  39% ▕██████            ▏ 1.3 GB/3.3 GB  4.6 MB/s   7m20s[K[?25h[?2026l[?2026h[?25l[A[1Gpulling manifest [K
pulling aeda25e63ebd:  39% ▕██████            ▏ 1.3 GB/3.3 GB  4.6 MB/s   7m20s[K[?25h[?2026l[?2026h[?25l[A[1Gpulling manifest [K
pulling aeda25e63ebd:  39% ▕██████            ▏ 1.3 GB/3.3 GB  4.6 MB/s   7m20s[K[?25h[?2026l[?2026h[?25l[A[1Gpulling manifest [K
pulling aeda25e63ebd:  39% ▕██████            ▏ 1.3 GB/3.3 GB  4.6 MB/s   7m20s[K[?25h[?2026l[?2026h[?25l[A[1Gpulling manifest [K
pulling aeda25e63ebd:  39% ▕██████            ▏ 1.3 GB/3.3 GB  4.6 MB/s   7m20s[K[?25h[?2026l[?2026h[?25l[A[1Gpulling manifest [K
pulling aeda25e63ebd:  39% ▕██████            ▏ 1.3 GB/3.3 GB  4.6 MB/s   7m20s[K[?25h[?2026l[?2026h[?25l[A[1Gpulling manifest [K
pulling aeda25e63ebd:  39% ▕██████            ▏ 1.3 GB/3.3 GB  4.6 MB/s   7m20s[K[?25h[?2026l[?2026h[?25l[A[1Gpulling manifest [K
pulling aeda25e63ebd:  39% ▕██████            ▏ 1.3 GB/3.3 GB  4.6 MB/s   7m19s[K[?25h[?2026l[?2026h[?25l[A[1Gpulling manifest [K
pulling aeda25e63ebd:  39% ▕██████            ▏ 1.3 GB/3.3 GB  4.4 MB/s   7m43s[K[?25h[?2026l[?2026h[?25l[A[1Gpulling manifest [K
pulling aeda25e63ebd:  39% ▕██████            ▏ 1.3 GB/3.3 GB  4.4 MB/s   7m43s[K[?25h[?2026l[?2026h[?25l[A[1Gpulling manifest [K
pulling aeda25e63ebd:  39% ▕██████            ▏ 1.3 GB/3.3 GB  4.4 MB/s   7m43s[K[?25h[?2026l[?2026h[?25l[A[1Gpulling manifest [K
pulling aeda25e63ebd:  39% ▕██████            ▏ 1.3 GB/3.3 GB  4.4 MB/s   7m43s[K[?25h[?2026l[?2026h[?25l[A[1Gpulling manifest [K
pulling aeda25e63ebd:  39% ▕██████            ▏ 1.3 GB/3.3 GB  4.4 MB/s   7m43s[K[?25h[?2026l[?2026h[?25l[A[1Gpulling manifest [K
pulling aeda25e63ebd:  39% ▕██████            ▏ 1.3 GB/3.3 GB  4.4 MB/s   7m43s[K[?25h[?2026l[?2026h[?25l[A[1Gpulling manifest [K
pulling aeda25e63ebd:  39% ▕██████            ▏ 1.3 GB/3.3 GB  4.4 MB/s   7m43s[K[?25h[?2026l[?2026h[?25l[A[1Gpulling manifest [K
pulling aeda25e63ebd:  39% ▕██████            ▏ 1.3 GB/3.3 GB  4.4 MB/s   7m43s[K[?25h[?2026l[?2026h[?25l[A[1Gpulling manifest [K
pulling aeda25e63ebd:  39% ▕██████            ▏ 1.3 GB/3.3 GB  4.4 MB/s   7m42s[K[?25h[?2026l[?2026h[?25l[A[1Gpulling manifest [K
pulling aeda25e63ebd:  39% ▕███████           ▏ 1.3 GB/3.3 GB  4.4 MB/s   7m42s[K[?25h[?2026l[?2026h[?25l[A[1Gpulling manifest [K
pulling aeda25e63ebd:  39% ▕███████           ▏ 1.3 GB/3.3 GB  4.4 MB/s   7m42s[K[?25h[?2026l[?2026h[?25l[A[1Gpulling manifest [K
pulling aeda25e63ebd:  39% ▕███████           ▏ 1.3 GB/3.3 GB  4.5 MB/s   7m30s[K[?25h[?2026l[?2026h[?25l[A[1Gpulling manifest [K
pulling aeda25e63ebd:  39% ▕███████           ▏ 1.3 GB/3.3 GB  4.5 MB/s   7m30s[K[?25h[?2026l[?2026h[?25l[A[1Gpulling manifest [K
pulling aeda25e63ebd:  39% ▕███████           ▏ 1.3 GB/3.3 GB  4.5 MB/s   7m30s[K[?25h[?2026l[?2026h[?25l[A[1Gpulling manifest [K
pulling aeda25e63ebd:  39% ▕███████           ▏ 1.3 GB/3.3 GB  4.5 MB/s   7m30s[K[?25h[?2026l[?2026h[?25l[A[1Gpulling manifest [K
pulling aeda25e63ebd:  39% ▕███████           ▏ 1.3 GB/3.3 GB  4.5 MB/s   7m30s[K[?25h[?2026l[?2026h[?25l[A[1Gpulling manifest [K
pulling aeda25e63ebd:  39% ▕███████           ▏ 1.3 GB/3.3 GB  4.5 MB/s   7m30s[K[?25h[?2026l[?2026h[?25l[A[1Gpulling manifest [K
pulling aeda25e63ebd:  39% ▕███████           ▏ 1.3 GB/3.3 GB  4.5 MB/s   7m30s[K[?25h[?2026l[?2026h[?25l[A[1Gpulling manifest [K
pulling aeda25e63ebd:  39% ▕███████           ▏ 1.3 GB/3.3 GB  4.5 MB/s   7m29s[K[?25h[?2026l[?2026h[?25l[A[1Gpulling manifest [K
pulling aeda25e63ebd:  39% ▕███████           ▏ 1.3 GB/3.3 GB  4.5 MB/s   7m29s[K[?25h[?2026l[?2026h[?25l[A[1Gpulling manifest [K
pulling aeda25e63ebd:  39% ▕███████           ▏ 1.3 GB/3.3 GB  4.5 MB/s   7m29s[K[?25h[?2026l[?2026h[?25l[A[1Gpulling manifest [K
pulling aeda25e63ebd:  39% ▕███████           ▏ 1.3 GB/3.3 GB  4.4 MB/s   7m42s[K[?25h[?2026l[?2026h[?25l[A[1Gpulling manifest [K
pulling aeda25e63ebd:  39% ▕███████           ▏ 1.3 GB/3.3 GB  4.4 MB/s   7m41s[K[?25h[?2026l[?2026h[?25l[A[1Gpulling manifest [K
pulling aeda25e63ebd:  39% ▕███████           ▏ 1.3 GB/3.3 GB  4.4 MB/s   7m41s[K[?25h[?2026l[?2026h[?25l[A[1Gpulling manifest [K
pulling aeda25e63ebd:  39% ▕███████           ▏ 1.3 GB/3.3 GB  4.4 MB/s   7m41s[K[?25h[?2026l[?2026h[?25l[A[1Gpulling manifest [K
pulling aeda25e63ebd:  39% ▕███████           ▏ 1.3 GB/3.3 GB  4.4 MB/s   7m41s[K[?25h[?2026l[?2026h[?25l[A[1Gpulling manifest [K
pulling aeda25e63ebd:  39% ▕███████           ▏ 1.3 GB/3.3 GB  4.4 MB/s   7m41s[K[?25h[?2026l[?2026h[?25l[A[1Gpulling manifest [K
pulling aeda25e63ebd:  39% ▕███████           ▏ 1.3 GB/3.3 GB  4.4 MB/s   7m41s[K[?25h[?2026l[?2026h[?25l[A[1Gpulling manifest [K
pulling aeda25e63ebd:  39% ▕███████           ▏ 1.3 GB/3.3 GB  4.4 MB/s   7m41s[K[?25h[?2026l[?2026h[?25l[A[1Gpulling manifest [K
pulling aeda25e63ebd:  39% ▕███████           ▏ 1.3 GB/3.3 GB  4.4 MB/s   7m40s[K[?25h[?2026l[?2026h[?25l[A[1Gpulling manifest [K
pulling aeda25e63ebd:  39% ▕███████           ▏ 1.3 GB/3.3 GB  4.4 MB/s   7m40s[K[?25h[?2026l[?2026h[?25l[A[1Gpulling manifest [K
pulling aeda25e63ebd:  39% ▕███████           ▏ 1.3 GB/3.3 GB  4.4 MB/s   7m40s[K[?25h[?2026l[?2026h[?25l[A[1Gpulling manifest [K
pulling aeda25e63ebd:  39% ▕███████           ▏ 1.3 GB/3.3 GB  4.8 MB/s   6m59s[K[?25h[?2026l[?2026h[?25l[A[1Gpulling manifest [K
pulling aeda25e63ebd:  39% ▕███████           ▏ 1.3 GB/3.3 GB  4.8 MB/s   6m59s[K[?25h[?2026l[?2026h[?25l[A[1Gpulling manifest [K
pulling aeda25e63ebd:  39% ▕███████           ▏ 1.3 GB/3.3 GB  4.8 MB/s   6m59s[K[?25h[?2026l[?2026h[?25l[A[1Gpulling manifest [K
pulling aeda25e63ebd:  39% ▕███████           ▏ 1.3 GB/3.3 GB  4.8 MB/s   6m59s[K[?25h[?2026l[?2026h[?25l[A[1Gpulling manifest [K
pulling aeda25e63ebd:  39% ▕███████           ▏ 1.3 GB/3.3 GB  4.8 MB/s   6m59s[K[?25h[?2026l[?2026h[?25l[A[1Gpulling manifest [K
pulling aeda25e63ebd:  39% ▕███████           ▏ 1.3 GB/3.3 GB  4.8 MB/s   6m59s[K[?25h[?2026l[?2026h[?25l[A[1Gpulling manifest [K
pulling aeda25e63ebd:  39% ▕███████           ▏ 1.3 GB/3.3 GB  4.8 MB/s   6m58s[K[?25h[?2026l[?2026h[?25l[A[1Gpulling manifest [K
pulling aeda25e63ebd:  39% ▕███████           ▏ 1.3 GB/3.3 GB  4.8 MB/s   6m58s[K[?25h[?2026l[?2026h[?25l[A[1Gpulling manifest [K
pulling aeda25e63ebd:  40% ▕███████           ▏ 1.3 GB/3.3 GB  4.8 MB/s   6m58s[K[?25h[?2026l[?2026h[?25l[A[1Gpulling manifest [K
pulling aeda25e63ebd:  40% ▕███████           ▏ 1.3 GB/3.3 GB  4.8 MB/s   6m58s[K[?25h[?2026l[?2026h[?25l[A[1Gpulling manifest [K
pulling aeda25e63ebd:  40% ▕███████           ▏ 1.3 GB/3.3 GB  5.1 MB/s   6m37s[K[?25h[?2026l[?2026h[?25l[A[1Gpulling manifest [K
pulling aeda25e63ebd:  40% ▕███████           ▏ 1.3 GB/3.3 GB  5.1 MB/s   6m37s[K[?25h[?2026l[?2026h[?25l[A[1Gpulling manifest [K
pulling aeda25e63ebd:  40% ▕███████           ▏ 1.3 GB/3.3 GB  5.1 MB/s   6m37s[K[?25h[?2026l[?2026h[?25l[A[1Gpulling manifest [K
pulling aeda25e63ebd:  40% ▕███████           ▏ 1.3 GB/3.3 GB  5.1 MB/s   6m37s[K[?25h[?2026l[?2026h[?25l[A[1Gpulling manifest [K
pulling aeda25e63ebd:  40% ▕███████           ▏ 1.3 GB/3.3 GB  5.1 MB/s   6m37s[K[?25h[?2026l[?2026h[?25l[A[1Gpulling manifest [K
pulling aeda25e63ebd:  40% ▕███████           ▏ 1.3 GB/3.3 GB  5.1 MB/s   6m37s[K[?25h[?2026l[?2026h[?25l[A[1Gpulling manifest [K
pulling aeda25e63ebd:  40% ▕███████           ▏ 1.3 GB/3.3 GB  5.1 MB/s   6m37s[K[?25h[?2026l[?2026h[?25l[A[1Gpulling manifest [K
pulling aeda25e63ebd:  40% ▕███████           ▏ 1.3 GB/3.3 GB  5.1 MB/s   6m37s[K[?25h[?2026l[?2026h[?25l[A[1Gpulling manifest [K
pulling aeda25e63ebd:  40% ▕███████           ▏ 1.3 GB/3.3 GB  5.1 MB/s   6m36s[K[?25h[?2026l[?2026h[?25l[A[1Gpulling manifest [K
pulling aeda25e63ebd:  40% ▕███████           ▏ 1.3 GB/3.3 GB  5.1 MB/s   6m36s[K[?25h[?2026l[?2026h[?25l[A[1Gpulling manifest [K
pulling aeda25e63ebd:  40% ▕███████           ▏ 1.3 GB/3.3 GB  5.4 MB/s   6m10s[K[?25h[?2026l[?2026h[?25l[A[1Gpulling manifest [K
pulling aeda25e63ebd:  40% ▕███████           ▏ 1.3 GB/3.3 GB  5.4 MB/s   6m10s[K[?25h[?2026l[?2026h[?25l[A[1Gpulling manifest [K
pulling aeda25e63ebd:  40% ▕███████           ▏ 1.3 GB/3.3 GB  5.4 MB/s   6m10s[K[?25h[?2026l[?2026h[?25l[A[1Gpulling manifest [K
pulling aeda25e63ebd:  40% ▕███████           ▏ 1.3 GB/3.3 GB  5.4 MB/s   6m10s[K[?25h[?2026l[?2026h[?25l[A[1Gpulling manifest [K
pulling aeda25e63ebd:  40% ▕███████           ▏ 1.3 GB/3.3 GB  5.4 MB/s   6m10s[K[?25h[?2026l[?2026h[?25l[A[1Gpulling manifest [K
pulling aeda25e63ebd:  40% ▕███████           ▏ 1.3 GB/3.3 GB  5.4 MB/s    6m9s[K[?25h[?2026l[?2026h[?25l[A[1Gpulling manifest [K
pulling aeda25e63ebd:  40% ▕███████           ▏ 1.3 GB/3.3 GB  5.4 MB/s    6m9s[K[?25h[?2026l[?2026h[?25l[A[1Gpulling manifest [K
pulling aeda25e63ebd:  40% ▕███████           ▏ 1.3 GB/3.3 GB  5.4 MB/s    6m9s[K[?25h[?2026l[?2026h[?25l[A[1Gpulling manifest [K
pulling aeda25e63ebd:  40% ▕███████           ▏ 1.3 GB/3.3 GB  5.4 MB/s    6m9s[K[?25h[?2026l[?2026h[?25l[A[1Gpulling manifest [K
pulling aeda25e63ebd:  40% ▕███████           ▏ 1.3 GB/3.3 GB  5.4 MB/s    6m9s[K[?25h[?2026l[?2026h[?25l[A[1Gpulling manifest [K
pulling aeda25e63ebd:  40% ▕███████           ▏ 1.3 GB/3.3 GB  6.0 MB/s   5m34s[K[?25h[?2026l[?2026h[?25l[A[1Gpulling manifest [K
pulling aeda25e63ebd:  40% ▕███████           ▏ 1.3 GB/3.3 GB  6.0 MB/s   5m34s[K[?25h[?2026l[?2026h[?25l[A[1Gpulling manifest [K
pulling aeda25e63ebd:  40% ▕███████           ▏ 1.3 GB/3.3 GB  6.0 MB/s   5m34s[K[?25h[?2026l[?2026h[?25l[A[1Gpulling manifest [K
pulling aeda25e63ebd:  40% ▕███████           ▏ 1.3 GB/3.3 GB  6.0 MB/s   5m34s[K[?25h[?2026l[?2026h[?25l[A[1Gpulling manifest [K
pulling aeda25e63ebd:  40% ▕███████           ▏ 1.3 GB/3.3 GB  6.0 MB/s   5m34s[K[?25h[?2026l[?2026h[?25l[A[1Gpulling manifest [K
pulling aeda25e63ebd:  40% ▕███████           ▏ 1.3 GB/3.3 GB  6.0 MB/s   5m34s[K[?25h[?2026l[?2026h[?25l[A[1Gpulling manifest [K
pulling aeda25e63ebd:  40% ▕███████           ▏ 1.3 GB/3.3 GB  6.0 MB/s   5m33s[K[?25h[?2026l[?2026h[?25l[A[1Gpulling manifest [K
pulling aeda25e63ebd:  40% ▕███████           ▏ 1.3 GB/3.3 GB  6.0 MB/s   5m33s[K[?25h[?2026l[?2026h[?25l[A[1Gpulling manifest [K
pulling aeda25e63ebd:  40% ▕███████           ▏ 1.3 GB/3.3 GB  6.0 MB/s   5m33s[K[?25h[?2026l[?2026h[?25l[A[1Gpulling manifest [K
pulling aeda25e63ebd:  40% ▕███████           ▏ 1.3 GB/3.3 GB  6.0 MB/s   5m33s[K[?25h[?2026l[?2026h[?25l[A[1Gpulling manifest [K
pulling aeda25e63ebd:  40% ▕███████           ▏ 1.3 GB/3.3 GB  6.0 MB/s   5m33s[K[?25h[?2026l[?2026h[?25l[A[1Gpulling manifest [K
pulling aeda25e63ebd:  40% ▕███████           ▏ 1.3 GB/3.3 GB  6.4 MB/s   5m11s[K[?25h[?2026l[?2026h[?25l[A[1Gpulling manifest [K
pulling aeda25e63ebd:  40% ▕███████           ▏ 1.3 GB/3.3 GB  6.4 MB/s   5m10s[K[?25h[?2026l[?2026h[?25l[A[1Gpulling manifest [K
pulling aeda25e63ebd:  40% ▕███████           ▏ 1.3 GB/3.3 GB  6.4 MB/s   5m10s[K[?25h[?2026l[?2026h[?25l[A[1Gpulling manifest [K
pulling aeda25e63ebd:  40% ▕███████           ▏ 1.3 GB/3.3 GB  6.4 MB/s   5m10s[K[?25h[?2026l[?2026h[?25l[A[1Gpulling manifest [K
pulling aeda25e63ebd:  40% ▕███████           ▏ 1.3 GB/3.3 GB  6.4 MB/s   5m10s[K[?25h[?2026l[?2026h[?25l[A[1Gpulling manifest [K
pulling aeda25e63ebd:  40% ▕███████           ▏ 1.3 GB/3.3 GB  6.4 MB/s   5m10s[K[?25h[?2026l[?2026h[?25l[A[1Gpulling manifest [K
pulling aeda25e63ebd:  40% ▕███████           ▏ 1.3 GB/3.3 GB  6.4 MB/s   5m10s[K[?25h[?2026l[?2026h[?25l[A[1Gpulling manifest [K
pulling aeda25e63ebd:  40% ▕███████           ▏ 1.3 GB/3.3 GB  6.4 MB/s   5m10s[K[?25h[?2026l[?2026h[?25l[A[1Gpulling manifest [K
pulling aeda25e63ebd:  40% ▕███████           ▏ 1.4 GB/3.3 GB  6.4 MB/s    5m9s[K[?25h[?2026l[?2026h[?25l[A[1Gpulling manifest [K
pulling aeda25e63ebd:  40% ▕███████           ▏ 1.4 GB/3.3 GB  6.4 MB/s    5m9s[K[?25h[?2026l[?2026h[?25l[A[1Gpulling manifest [K
pulling aeda25e63ebd:  40% ▕███████           ▏ 1.4 GB/3.3 GB  7.0 MB/s   4m41s[K[?25h[?2026l[?2026h[?25l[A[1Gpulling manifest [K
pulling aeda25e63ebd:  41% ▕███████           ▏ 1.4 GB/3.3 GB  7.0 MB/s   4m41s[K[?25h[?2026l[?2026h[?25l[A[1Gpulling manifest [K
pulling aeda25e63ebd:  41% ▕███████           ▏ 1.4 GB/3.3 GB  7.0 MB/s   4m41s[K[?25h[?2026l[?2026h[?25l[A[1Gpulling manifest [K
pulling aeda25e63ebd:  41% ▕███████           ▏ 1.4 GB/3.3 GB  7.0 MB/s   4m41s[K[?25h[?2026l[?2026h[?25l[A[1Gpulling manifest [K
pulling aeda25e63ebd:  41% ▕███████           ▏ 1.4 GB/3.3 GB  7.0 MB/s   4m41s[K[?25h[?2026l[?2026h[?25l[A[1Gpulling manifest [K
pulling aeda25e63ebd:  41% ▕███████           ▏ 1.4 GB/3.3 GB  7.0 MB/s   4m41s[K[?25h[?2026l[?2026h[?25l[A[1Gpulling manifest [K
pulling aeda25e63ebd:  41% ▕███████           ▏ 1.4 GB/3.3 GB  7.0 MB/s   4m41s[K[?25h[?2026l[?2026h[?25l[A[1Gpulling manifest [K
pulling aeda25e63ebd:  41% ▕███████           ▏ 1.4 GB/3.3 GB  7.0 MB/s   4m41s[K[?25h[?2026l[?2026h[?25l[A[1Gpulling manifest [K
pulling aeda25e63ebd:  41% ▕███████           ▏ 1.4 GB/3.3 GB  7.0 MB/s   4m41s[K[?25h[?2026l[?2026h[?25l[A[1Gpulling manifest [K
pulling aeda25e63ebd:  41% ▕███████           ▏ 1.4 GB/3.3 GB  7.0 MB/s   4m40s[K[?25h[?2026l[?2026h[?25l[A[1Gpulling manifest [K
pulling aeda25e63ebd:  41% ▕███████           ▏ 1.4 GB/3.3 GB  7.3 MB/s   4m29s[K[?25h[?2026l[?2026h[?25l[A[1Gpulling manifest [K
pulling aeda25e63ebd:  41% ▕███████           ▏ 1.4 GB/3.3 GB  7.3 MB/s   4m29s[K[?25h[?2026l[?2026h[?25l[A[1Gpulling manifest [K
pulling aeda25e63ebd:  41% ▕███████           ▏ 1.4 GB/3.3 GB  7.3 MB/s   4m29s[K[?25h[?2026l[?2026h[?25l[A[1Gpulling manifest [K
pulling aeda25e63ebd:  41% ▕███████           ▏ 1.4 GB/3.3 GB  7.3 MB/s   4m29s[K[?25h[?2026l[?2026h[?25l[A[1Gpulling manifest [K
pulling aeda25e63ebd:  41% ▕███████           ▏ 1.4 GB/3.3 GB  7.3 MB/s   4m29s[K[?25h[?2026l[?2026h[?25l[A[1Gpulling manifest [K
pulling aeda25e63ebd:  41% ▕███████           ▏ 1.4 GB/3.3 GB  7.3 MB/s   4m29s[K[?25h[?2026l[?2026h[?25l[A[1Gpulling manifest [K
pulling aeda25e63ebd:  41% ▕███████           ▏ 1.4 GB/3.3 GB  7.3 MB/s   4m29s[K[?25h[?2026l[?2026h[?25l[A[1Gpulling manifest [K
pulling aeda25e63ebd:  41% ▕███████           ▏ 1.4 GB/3.3 GB  7.3 MB/s   4m28s[K[?25h[?2026l[?2026h[?25l[A[1Gpulling manifest [K
pulling aeda25e63ebd:  41% ▕███████           ▏ 1.4 GB/3.3 GB  7.3 MB/s   4m28s[K[?25h[?2026l[?2026h[?25l[A[1Gpulling manifest [K
pulling aeda25e63ebd:  41% ▕███████           ▏ 1.4 GB/3.3 GB  7.3 MB/s   4m28s[K[?25h[?2026l[?2026h[?25l[A[1Gpulling manifest [K
pulling aeda25e63ebd:  41% ▕███████           ▏ 1.4 GB/3.3 GB  7.3 MB/s   4m29s[K[?25h[?2026l[?2026h[?25l[A[1Gpulling manifest [K
pulling aeda25e63ebd:  41% ▕███████           ▏ 1.4 GB/3.3 GB  7.3 MB/s   4m29s[K[?25h[?2026l[?2026h[?25l[A[1Gpulling manifest [K
pulling aeda25e63ebd:  41% ▕███████           ▏ 1.4 GB/3.3 GB  7.3 MB/s   4m28s[K[?25h[?2026l[?2026h[?25l[A[1Gpulling manifest [K
pulling aeda25e63ebd:  41% ▕███████           ▏ 1.4 GB/3.3 GB  7.3 MB/s   4m28s[K[?25h[?2026l[?2026h[?25l[A[1Gpulling manifest [K
pulling aeda25e63ebd:  41% ▕███████           ▏ 1.4 GB/3.3 GB  7.3 MB/s   4m28s[K[?25h[?2026l[?2026h[?25l[A[1Gpulling manifest [K
pulling aeda25e63ebd:  41% ▕███████           ▏ 1.4 GB/3.3 GB  7.3 MB/s   4m28s[K[?25h[?2026l[?2026h[?25l[A[1Gpulling manifest [K
pulling aeda25e63ebd:  41% ▕███████           ▏ 1.4 GB/3.3 GB  7.3 MB/s   4m28s[K[?25h[?2026l[?2026h[?25l[A[1Gpulling manifest [K
pulling aeda25e63ebd:  41% ▕███████           ▏ 1.4 GB/3.3 GB  7.3 MB/s   4m28s[K[?25h[?2026l[?2026h[?25l[A[1Gpulling manifest [K
pulling aeda25e63ebd:  41% ▕███████           ▏ 1.4 GB/3.3 GB  7.3 MB/s   4m28s[K[?25h[?2026l[?2026h[?25l[A[1Gpulling manifest [K
pulling aeda25e63ebd:  41% ▕███████           ▏ 1.4 GB/3.3 GB  7.3 MB/s   4m28s[K[?25h[?2026l[?2026h[?25l[A[1Gpulling manifest [K
pulling aeda25e63ebd:  41% ▕███████           ▏ 1.4 GB/3.3 GB  7.3 MB/s   4m28s[K[?25h[?2026l[?2026h[?25l[A[1Gpulling manifest [K
pulling aeda25e63ebd:  41% ▕███████           ▏ 1.4 GB/3.3 GB  7.9 MB/s    4m7s[K[?25h[?2026l[?2026h[?25l[A[1Gpulling manifest [K
pulling aeda25e63ebd:  41% ▕███████           ▏ 1.4 GB/3.3 GB  7.9 MB/s    4m7s[K[?25h[?2026l[?2026h[?25l[A[1Gpulling manifest [K
pulling aeda25e63ebd:  41% ▕███████           ▏ 1.4 GB/3.3 GB  7.9 MB/s    4m7s[K[?25h[?2026l[?2026h[?25l[A[1Gpulling manifest [K
pulling aeda25e63ebd:  41% ▕███████           ▏ 1.4 GB/3.3 GB  7.9 MB/s    4m7s[K[?25h[?2026l[?2026h[?25l[A[1Gpulling manifest [K
pulling aeda25e63ebd:  41% ▕███████           ▏ 1.4 GB/3.3 GB  7.9 MB/s    4m7s[K[?25h[?2026l[?2026h[?25l[A[1Gpulling manifest [K
pulling aeda25e63ebd:  41% ▕███████           ▏ 1.4 GB/3.3 GB  7.9 MB/s    4m7s[K[?25h[?2026l[?2026h[?25l[A[1Gpulling manifest [K
pulling aeda25e63ebd:  41% ▕███████           ▏ 1.4 GB/3.3 GB  7.9 MB/s    4m6s[K[?25h[?2026l[?2026h[?25l[A[1Gpulling manifest [K
pulling aeda25e63ebd:  41% ▕███████           ▏ 1.4 GB/3.3 GB  7.9 MB/s    4m6s[K[?25h[?2026l[?2026h[?25l[A[1Gpulling manifest [K
pulling aeda25e63ebd:  41% ▕███████           ▏ 1.4 GB/3.3 GB  7.9 MB/s    4m6s[K[?25h[?2026l[?2026h[?25l[A[1Gpulling manifest [K
pulling aeda25e63ebd:  42% ▕███████           ▏ 1.4 GB/3.3 GB  7.9 MB/s    4m6s[K[?25h[?2026l[?2026h[?25l[A[1Gpulling manifest [K
pulling aeda25e63ebd:  42% ▕███████           ▏ 1.4 GB/3.3 GB  8.2 MB/s   3m59s[K[?25h[?2026l[?2026h[?25l[A[1Gpulling manifest [K
pulling aeda25e63ebd:  42% ▕███████           ▏ 1.4 GB/3.3 GB  8.2 MB/s   3m59s[K[?25h[?2026l[?2026h[?25l[A[1Gpulling manifest [K
pulling aeda25e63ebd:  42% ▕███████           ▏ 1.4 GB/3.3 GB  8.2 MB/s   3m59s[K[?25h[?2026l[?2026h[?25l[A[1Gpulling manifest [K
pulling aeda25e63ebd:  42% ▕███████           ▏ 1.4 GB/3.3 GB  8.2 MB/s   3m59s[K[?25h[?2026l[?2026h[?25l[A[1Gpulling manifest [K
pulling aeda25e63ebd:  42% ▕███████           ▏ 1.4 GB/3.3 GB  8.2 MB/s   3m58s[K[?25h[?2026l[?2026h[?25l[A[1Gpulling manifest [K
pulling aeda25e63ebd:  42% ▕███████           ▏ 1.4 GB/3.3 GB  8.2 MB/s   3m58s[K[?25h[?2026l[?2026h[?25l[A[1Gpulling manifest [K
pulling aeda25e63ebd:  42% ▕███████           ▏ 1.4 GB/3.3 GB  8.2 MB/s   3m58s[K[?25h[?2026l[?2026h[?25l[A[1Gpulling manifest [K
pulling aeda25e63ebd:  42% ▕███████           ▏ 1.4 GB/3.3 GB  8.2 MB/s   3m58s[K[?25h[?2026l[?2026h[?25l[A[1Gpulling manifest [K
pulling aeda25e63ebd:  42% ▕███████           ▏ 1.4 GB/3.3 GB  8.2 MB/s   3m58s[K[?25h[?2026l[?2026h[?25l[A[1Gpulling manifest [K
pulling aeda25e63ebd:  42% ▕███████           ▏ 1.4 GB/3.3 GB  8.2 MB/s   3m58s[K[?25h[?2026l[?2026h[?25l[A[1Gpulling manifest [K
pulling aeda25e63ebd:  42% ▕███████           ▏ 1.4 GB/3.3 GB  8.4 MB/s   3m50s[K[?25h[?2026l[?2026h[?25l[A[1Gpulling manifest [K
pulling aeda25e63ebd:  42% ▕███████           ▏ 1.4 GB/3.3 GB  8.4 MB/s   3m49s[K[?25h[?2026l[?2026h[?25l[A[1Gpulling manifest [K
pulling aeda25e63ebd:  42% ▕███████           ▏ 1.4 GB/3.3 GB  8.4 MB/s   3m49s[K[?25h[?2026l[?2026h[?25l[A[1Gpulling manifest [K
pulling aeda25e63ebd:  42% ▕███████           ▏ 1.4 GB/3.3 GB  8.4 MB/s   3m49s[K[?25h[?2026l[?2026h[?25l[A[1Gpulling manifest [K
pulling aeda25e63ebd:  42% ▕███████           ▏ 1.4 GB/3.3 GB  8.4 MB/s   3m49s[K[?25h[?2026l[?2026h[?25l[A[1Gpulling manifest [K
pulling aeda25e63ebd:  42% ▕███████           ▏ 1.4 GB/3.3 GB  8.4 MB/s   3m49s[K[?25h[?2026l[?2026h[?25l[A[1Gpulling manifest [K
pulling aeda25e63ebd:  42% ▕███████           ▏ 1.4 GB/3.3 GB  8.4 MB/s   3m49s[K[?25h[?2026l[?2026h[?25l[A[1Gpulling manifest [K
pulling aeda25e63ebd:  42% ▕███████           ▏ 1.4 GB/3.3 GB  8.4 MB/s   3m49s[K[?25h[?2026l[?2026h[?25l[A[1Gpulling manifest [K
pulling aeda25e63ebd:  42% ▕███████           ▏ 1.4 GB/3.3 GB  8.4 MB/s   3m49s[K[?25h[?2026l[?2026h[?25l[A[1Gpulling manifest [K
pulling aeda25e63ebd:  42% ▕███████           ▏ 1.4 GB/3.3 GB  8.4 MB/s   3m49s[K[?25h[?2026l[?2026h[?25l[A[1Gpulling manifest [K
pulling aeda25e63ebd:  42% ▕███████           ▏ 1.4 GB/3.3 GB  8.6 MB/s   3m45s[K[?25h[?2026l[?2026h[?25l[A[1Gpulling manifest [K
pulling aeda25e63ebd:  42% ▕███████           ▏ 1.4 GB/3.3 GB  8.6 MB/s   3m45s[K[?25h[?2026l[?2026h[?25l[A[1Gpulling manifest [K
pulling aeda25e63ebd:  42% ▕███████           ▏ 1.4 GB/3.3 GB  8.6 MB/s   3m45s[K[?25h[?2026l[?2026h[?25l[A[1Gpulling manifest [K
pulling aeda25e63ebd:  42% ▕███████           ▏ 1.4 GB/3.3 GB  8.6 MB/s   3m45s[K[?25h[?2026l[?2026h[?25l[A[1Gpulling manifest [K
pulling aeda25e63ebd:  42% ▕███████           ▏ 1.4 GB/3.3 GB  8.6 MB/s   3m45s[K[?25h[?2026l[?2026h[?25l[A[1Gpulling manifest [K
pulling aeda25e63ebd:  42% ▕███████           ▏ 1.4 GB/3.3 GB  8.6 MB/s   3m45s[K[?25h[?2026l[?2026h[?25l[A[1Gpulling manifest [K
pulling aeda25e63ebd:  42% ▕███████           ▏ 1.4 GB/3.3 GB  8.6 MB/s   3m45s[K[?25h[?2026l[?2026h[?25l[A[1Gpulling manifest [K
pulling aeda25e63ebd:  42% ▕███████           ▏ 1.4 GB/3.3 GB  8.6 MB/s   3m44s[K[?25h[?2026l[?2026h[?25l[A[1Gpulling manifest [K
pulling aeda25e63ebd:  42% ▕███████           ▏ 1.4 GB/3.3 GB  8.6 MB/s   3m44s[K[?25h[?2026l[?2026h[?25l[A[1Gpulling manifest [K
pulling aeda25e63ebd:  42% ▕███████           ▏ 1.4 GB/3.3 GB  8.6 MB/s   3m44s[K[?25h[?2026l[?2026h[?25l[A[1Gpulling manifest [K
pulling aeda25e63ebd:  42% ▕███████           ▏ 1.4 GB/3.3 GB  8.6 MB/s   3m44s[K[?25h[?2026l[?2026h[?25l[A[1Gpulling manifest [K
pulling aeda25e63ebd:  42% ▕███████           ▏ 1.4 GB/3.3 GB  8.8 MB/s   3m38s[K[?25h[?2026l[?2026h[?25l[A[1Gpulling manifest [K
pulling aeda25e63ebd:  42% ▕███████           ▏ 1.4 GB/3.3 GB  8.8 MB/s   3m38s[K[?25h[?2026l[?2026h[?25l[A[1Gpulling manifest [K
pulling aeda25e63ebd:  42% ▕███████           ▏ 1.4 GB/3.3 GB  8.8 MB/s   3m38s[K[?25h[?2026l[?2026h[?25l[A[1Gpulling manifest [K
pulling aeda25e63ebd:  42% ▕███████           ▏ 1.4 GB/3.3 GB  8.8 MB/s   3m38s[K[?25h[?2026l[?2026h[?25l[A[1Gpulling manifest [K
pulling aeda25e63ebd:  42% ▕███████           ▏ 1.4 GB/3.3 GB  8.8 MB/s   3m37s[K[?25h[?2026l[?2026h[?25l[A[1Gpulling manifest [K
pulling aeda25e63ebd:  42% ▕███████           ▏ 1.4 GB/3.3 GB  8.8 MB/s   3m37s[K[?25h[?2026l[?2026h[?25l[A[1Gpulling manifest [K
pulling aeda25e63ebd:  43% ▕███████           ▏ 1.4 GB/3.3 GB  8.8 MB/s   3m37s[K[?25h[?2026l[?2026h[?25l[A[1Gpulling manifest [K
pulling aeda25e63ebd:  43% ▕███████           ▏ 1.4 GB/3.3 GB  8.8 MB/s   3m37s[K[?25h[?2026l[?2026h[?25l[A[1Gpulling manifest [K
pulling aeda25e63ebd:  43% ▕███████           ▏ 1.4 GB/3.3 GB  8.8 MB/s   3m37s[K[?25h[?2026l[?2026h[?25l[A[1Gpulling manifest [K
pulling aeda25e63ebd:  43% ▕███████           ▏ 1.4 GB/3.3 GB  8.8 MB/s   3m37s[K[?25h[?2026l[?2026h[?25l[A[1Gpulling manifest [K
pulling aeda25e63ebd:  43% ▕███████           ▏ 1.4 GB/3.3 GB  8.9 MB/s   3m34s[K[?25h[?2026l[?2026h[?25l[A[1Gpulling manifest [K
pulling aeda25e63ebd:  43% ▕███████           ▏ 1.4 GB/3.3 GB  8.9 MB/s   3m34s[K[?25h[?2026l[?2026h[?25l[A[1Gpulling manifest [K
pulling aeda25e63ebd:  43% ▕███████           ▏ 1.4 GB/3.3 GB  8.9 MB/s   3m34s[K[?25h[?2026l[?2026h[?25l[A[1Gpulling manifest [K
pulling aeda25e63ebd:  43% ▕███████           ▏ 1.4 GB/3.3 GB  8.9 MB/s   3m34s[K[?25h[?2026l[?2026h[?25l[A[1Gpulling manifest [K
pulling aeda25e63ebd:  43% ▕███████           ▏ 1.4 GB/3.3 GB  8.9 MB/s   3m34s[K[?25h[?2026l[?2026h[?25l[A[1Gpulling manifest [K
pulling aeda25e63ebd:  43% ▕███████           ▏ 1.4 GB/3.3 GB  8.9 MB/s   3m34s[K[?25h[?2026l[?2026h[?25l[A[1Gpulling manifest [K
pulling aeda25e63ebd:  43% ▕███████           ▏ 1.4 GB/3.3 GB  8.9 MB/s   3m34s[K[?25h[?2026l[?2026h[?25l[A[1Gpulling manifest [K
pulling aeda25e63ebd:  43% ▕███████           ▏ 1.4 GB/3.3 GB  8.9 MB/s   3m34s[K[?25h[?2026l[?2026h[?25l[A[1Gpulling manifest [K
pulling aeda25e63ebd:  43% ▕███████           ▏ 1.4 GB/3.3 GB  8.9 MB/s   3m34s[K[?25h[?2026l[?2026h[?25l[A[1Gpulling manifest [K
pulling aeda25e63ebd:  43% ▕███████           ▏ 1.4 GB/3.3 GB  8.9 MB/s   3m34s[K[?25h[?2026l[?2026h[?25l[A[1Gpulling manifest [K
pulling aeda25e63ebd:  43% ▕███████           ▏ 1.4 GB/3.3 GB  8.9 MB/s   3m34s[K[?25h[?2026l[?2026h[?25l[A[1Gpulling manifest [K
pulling aeda25e63ebd:  43% ▕███████           ▏ 1.4 GB/3.3 GB  8.4 MB/s   3m47s[K[?25h[?2026l[?2026h[?25l[A[1Gpulling manifest [K
pulling aeda25e63ebd:  43% ▕███████           ▏ 1.4 GB/3.3 GB  8.4 MB/s   3m47s[K[?25h[?2026l[?2026h[?25l[A[1Gpulling manifest [K
pulling aeda25e63ebd:  43% ▕███████           ▏ 1.4 GB/3.3 GB  8.4 MB/s   3m47s[K[?25h[?2026l[?2026h[?25l[A[1Gpulling manifest [K
pulling aeda25e63ebd:  43% ▕███████           ▏ 1.4 GB/3.3 GB  8.4 MB/s   3m47s[K[?25h[?2026l[?2026h[?25l[A[1Gpulling manifest [K
pulling aeda25e63ebd:  43% ▕███████           ▏ 1.4 GB/3.3 GB  8.4 MB/s   3m47s[K[?25h[?2026l[?2026h[?25l[A[1Gpulling manifest [K
pulling aeda25e63ebd:  43% ▕███████           ▏ 1.4 GB/3.3 GB  8.4 MB/s   3m46s[K[?25h[?2026l[?2026h[?25l[A[1Gpulling manifest [K
pulling aeda25e63ebd:  43% ▕███████           ▏ 1.4 GB/3.3 GB  8.4 MB/s   3m46s[K[?25h[?2026l[?2026h[?25l[A[1Gpulling manifest [K
pulling aeda25e63ebd:  43% ▕███████           ▏ 1.4 GB/3.3 GB  8.4 MB/s   3m46s[K[?25h[?2026l[?2026h[?25l[A[1Gpulling manifest [K
pulling aeda25e63ebd:  43% ▕███████           ▏ 1.4 GB/3.3 GB  8.4 MB/s   3m46s[K[?25h[?2026l[?2026h[?25l[A[1Gpulling manifest [K
pulling aeda25e63ebd:  43% ▕███████           ▏ 1.4 GB/3.3 GB  8.4 MB/s   3m46s[K[?25h[?2026l[?2026h[?25l[A[1Gpulling manifest [K
pulling aeda25e63ebd:  43% ▕███████           ▏ 1.4 GB/3.3 GB  8.3 MB/s   3m49s[K[?25h[?2026l[?2026h[?25l[A[1Gpulling manifest [K
pulling aeda25e63ebd:  43% ▕███████           ▏ 1.4 GB/3.3 GB  8.3 MB/s   3m48s[K[?25h[?2026l[?2026h[?25l[A[1Gpulling manifest [K
pulling aeda25e63ebd:  43% ▕███████           ▏ 1.4 GB/3.3 GB  8.3 MB/s   3m48s[K[?25h[?2026l[?2026h[?25l[A[1Gpulling manifest [K
pulling aeda25e63ebd:  43% ▕███████           ▏ 1.4 GB/3.3 GB  8.3 MB/s   3m48s[K[?25h[?2026l[?2026h[?25l[A[1Gpulling manifest [K
pulling aeda25e63ebd:  43% ▕███████           ▏ 1.4 GB/3.3 GB  8.3 MB/s   3m48s[K[?25h[?2026l[?2026h[?25l[A[1Gpulling manifest [K
pulling aeda25e63ebd:  43% ▕███████           ▏ 1.4 GB/3.3 GB  8.3 MB/s   3m48s[K[?25h[?2026l[?2026h[?25l[A[1Gpulling manifest [K
pulling aeda25e63ebd:  43% ▕███████           ▏ 1.4 GB/3.3 GB  8.3 MB/s   3m47s[K[?25h[?2026l[?2026h[?25l[A[1Gpulling manifest [K
pulling aeda25e63ebd:  43% ▕███████           ▏ 1.4 GB/3.3 GB  8.3 MB/s   3m47s[K[?25h[?2026l[?2026h[?25l[A[1Gpulling manifest [K
pulling aeda25e63ebd:  43% ▕███████           ▏ 1.4 GB/3.3 GB  8.3 MB/s   3m47s[K[?25h[?2026l[?2026h[?25l[A[1Gpulling manifest [K
pulling aeda25e63ebd:  43% ▕███████           ▏ 1.4 GB/3.3 GB  8.3 MB/s   3m47s[K[?25h[?2026l[?2026h[?25l[A[1Gpulling manifest [K
pulling aeda25e63ebd:  43% ▕███████           ▏ 1.4 GB/3.3 GB  9.3 MB/s   3m23s[K[?25h[?2026l[?2026h[?25l[A[1Gpulling manifest [K
pulling aeda25e63ebd:  43% ▕███████           ▏ 1.5 GB/3.3 GB  9.3 MB/s   3m23s[K[?25h[?2026l[?2026h[?25l[A[1Gpulling manifest [K
pulling aeda25e63ebd:  43% ▕███████           ▏ 1.5 GB/3.3 GB  9.3 MB/s   3m22s[K[?25h[?2026l[?2026h[?25l[A[1Gpulling manifest [K
pulling aeda25e63ebd:  44% ▕███████           ▏ 1.5 GB/3.3 GB  9.3 MB/s   3m22s[K[?25h[?2026l[?2026h[?25l[A[1Gpulling manifest [K
pulling aeda25e63ebd:  44% ▕███████           ▏ 1.5 GB/3.3 GB  9.3 MB/s   3m22s[K[?25h[?2026l[?2026h[?25l[A[1Gpulling manifest [K
pulling aeda25e63ebd:  44% ▕███████           ▏ 1.5 GB/3.3 GB  9.3 MB/s   3m22s[K[?25h[?2026l[?2026h[?25l[A[1Gpulling manifest [K
pulling aeda25e63ebd:  44% ▕███████           ▏ 1.5 GB/3.3 GB  9.3 MB/s   3m22s[K[?25h[?2026l[?2026h[?25l[A[1Gpulling manifest [K
pulling aeda25e63ebd:  44% ▕███████           ▏ 1.5 GB/3.3 GB  9.3 MB/s   3m22s[K[?25h[?2026l[?2026h[?25l[A[1Gpulling manifest [K
pulling aeda25e63ebd:  44% ▕███████           ▏ 1.5 GB/3.3 GB  9.3 MB/s   3m22s[K[?25h[?2026l[?2026h[?25l[A[1Gpulling manifest [K
pulling aeda25e63ebd:  44% ▕███████           ▏ 1.5 GB/3.3 GB  9.3 MB/s   3m22s[K[?25h[?2026l[?2026h[?25l[A[1Gpulling manifest [K
pulling aeda25e63ebd:  44% ▕███████           ▏ 1.5 GB/3.3 GB  9.1 MB/s   3m26s[K[?25h[?2026l[?2026h[?25l[A[1Gpulling manifest [K
pulling aeda25e63ebd:  44% ▕███████           ▏ 1.5 GB/3.3 GB  9.1 MB/s   3m26s[K[?25h[?2026l[?2026h[?25l[A[1Gpulling manifest [K
pulling aeda25e63ebd:  44% ▕███████           ▏ 1.5 GB/3.3 GB  9.1 MB/s   3m26s[K[?25h[?2026l[?2026h[?25l[A[1Gpulling manifest [K
pulling aeda25e63ebd:  44% ▕███████           ▏ 1.5 GB/3.3 GB  9.1 MB/s   3m26s[K[?25h[?2026l[?2026h[?25l[A[1Gpulling manifest [K
pulling aeda25e63ebd:  44% ▕███████           ▏ 1.5 GB/3.3 GB  9.1 MB/s   3m25s[K[?25h[?2026l[?2026h[?25l[A[1Gpulling manifest [K
pulling aeda25e63ebd:  44% ▕███████           ▏ 1.5 GB/3.3 GB  9.1 MB/s   3m25s[K[?25h[?2026l[?2026h[?25l[A[1Gpulling manifest [K
pulling aeda25e63ebd:  44% ▕███████           ▏ 1.5 GB/3.3 GB  9.1 MB/s   3m25s[K[?25h[?2026l[?2026h[?25l[A[1Gpulling manifest [K
pulling aeda25e63ebd:  44% ▕███████           ▏ 1.5 GB/3.3 GB  9.1 MB/s   3m25s[K[?25h[?2026l[?2026h[?25l[A[1Gpulling manifest [K
pulling aeda25e63ebd:  44% ▕███████           ▏ 1.5 GB/3.3 GB  9.1 MB/s   3m25s[K[?25h[?2026l[?2026h[?25l[A[1Gpulling manifest [K
pulling aeda25e63ebd:  44% ▕███████           ▏ 1.5 GB/3.3 GB  9.1 MB/s   3m25s[K[?25h[?2026l[?2026h[?25l[A[1Gpulling manifest [K
pulling aeda25e63ebd:  44% ▕███████           ▏ 1.5 GB/3.3 GB  9.3 MB/s   3m21s[K[?25h[?2026l[?2026h[?25l[A[1Gpulling manifest [K
pulling aeda25e63ebd:  44% ▕███████           ▏ 1.5 GB/3.3 GB  9.3 MB/s   3m20s[K[?25h[?2026l[?2026h[?25l[A[1Gpulling manifest [K
pulling aeda25e63ebd:  44% ▕███████           ▏ 1.5 GB/3.3 GB  9.3 MB/s   3m20s[K[?25h[?2026l[?2026h[?25l[A[1Gpulling manifest [K
pulling aeda25e63ebd:  44% ▕███████           ▏ 1.5 GB/3.3 GB  9.3 MB/s   3m20s[K[?25h[?2026l[?2026h[?25l[A[1Gpulling manifest [K
pulling aeda25e63ebd:  44% ▕███████           ▏ 1.5 GB/3.3 GB  9.3 MB/s   3m20s[K[?25h[?2026l[?2026h[?25l[A[1Gpulling manifest [K
pulling aeda25e63ebd:  44% ▕███████           ▏ 1.5 GB/3.3 GB  9.3 MB/s   3m20s[K[?25h[?2026l[?2026h[?25l[A[1Gpulling manifest [K
pulling aeda25e63ebd:  44% ▕███████           ▏ 1.5 GB/3.3 GB  9.3 MB/s   3m20s[K[?25h[?2026l[?2026h[?25l[A[1Gpulling manifest [K
pulling aeda25e63ebd:  44% ▕███████           ▏ 1.5 GB/3.3 GB  9.3 MB/s   3m20s[K[?25h[?2026l[?2026h[?25l[A[1Gpulling manifest [K
pulling aeda25e63ebd:  44% ▕███████           ▏ 1.5 GB/3.3 GB  9.3 MB/s   3m20s[K[?25h[?2026l[?2026h[?25l[A[1Gpulling manifest [K
pulling aeda25e63ebd:  44% ▕███████           ▏ 1.5 GB/3.3 GB  9.3 MB/s   3m19s[K[?25h[?2026l[?2026h[?25l[A[1Gpulling manifest [K
pulling aeda25e63ebd:  44% ▕███████           ▏ 1.5 GB/3.3 GB  9.3 MB/s   3m19s[K[?25h[?2026l[?2026h[?25l[A[1Gpulling manifest [K
pulling aeda25e63ebd:  44% ▕███████           ▏ 1.5 GB/3.3 GB  9.6 MB/s   3m13s[K[?25h[?2026l[?2026h[?25l[A[1Gpulling manifest [K
pulling aeda25e63ebd:  44% ▕████████          ▏ 1.5 GB/3.3 GB  9.6 MB/s   3m13s[K[?25h[?2026l[?2026h[?25l[A[1Gpulling manifest [K
pulling aeda25e63ebd:  44% ▕████████          ▏ 1.5 GB/3.3 GB  9.6 MB/s   3m13s[K[?25h[?2026l[?2026h[?25l[A[1Gpulling manifest [K
pulling aeda25e63ebd:  44% ▕████████          ▏ 1.5 GB/3.3 GB  9.6 MB/s   3m13s[K[?25h[?2026l[?2026h[?25l[A[1Gpulling manifest [K
pulling aeda25e63ebd:  45% ▕████████          ▏ 1.5 GB/3.3 GB  9.6 MB/s   3m13s[K[?25h[?2026l[?2026h[?25l[A[1Gpulling manifest [K
pulling aeda25e63ebd:  45% ▕████████          ▏ 1.5 GB/3.3 GB  9.6 MB/s   3m13s[K[?25h[?2026l[?2026h[?25l[A[1Gpulling manifest [K
pulling aeda25e63ebd:  45% ▕████████          ▏ 1.5 GB/3.3 GB  9.6 MB/s   3m12s[K[?25h[?2026l[?2026h[?25l[A[1Gpulling manifest [K
pulling aeda25e63ebd:  45% ▕████████          ▏ 1.5 GB/3.3 GB  9.6 MB/s   3m12s[K[?25h[?2026l[?2026h[?25l[A[1Gpulling manifest [K
pulling aeda25e63ebd:  45% ▕████████          ▏ 1.5 GB/3.3 GB  9.6 MB/s   3m12s[K[?25h[?2026l[?2026h[?25l[A[1Gpulling manifest [K
pulling aeda25e63ebd:  45% ▕████████          ▏ 1.5 GB/3.3 GB  9.6 MB/s   3m12s[K[?25h[?2026l[?2026h[?25l[A[1Gpulling manifest [K
pulling aeda25e63ebd:  45% ▕████████          ▏ 1.5 GB/3.3 GB  9.8 MB/s    3m8s[K[?25h[?2026l[?2026h[?25l[A[1Gpulling manifest [K
pulling aeda25e63ebd:  45% ▕████████          ▏ 1.5 GB/3.3 GB  9.8 MB/s    3m8s[K[?25h[?2026l[?2026h[?25l[A[1Gpulling manifest [K
pulling aeda25e63ebd:  45% ▕████████          ▏ 1.5 GB/3.3 GB  9.8 MB/s    3m8s[K[?25h[?2026l[?2026h[?25l[A[1Gpulling manifest [K
pulling aeda25e63ebd:  45% ▕████████          ▏ 1.5 GB/3.3 GB  9.8 MB/s    3m8s[K[?25h[?2026l[?2026h[?25l[A[1Gpulling manifest [K
pulling aeda25e63ebd:  45% ▕████████          ▏ 1.5 GB/3.3 GB  9.8 MB/s    3m8s[K[?25h[?2026l[?2026h[?25l[A[1Gpulling manifest [K
pulling aeda25e63ebd:  45% ▕████████          ▏ 1.5 GB/3.3 GB  9.8 MB/s    3m8s[K[?25h[?2026l[?2026h[?25l[A[1Gpulling manifest [K
pulling aeda25e63ebd:  45% ▕████████          ▏ 1.5 GB/3.3 GB  9.8 MB/s    3m8s[K[?25h[?2026l[?2026h[?25l[A[1Gpulling manifest [K
pulling aeda25e63ebd:  45% ▕████████          ▏ 1.5 GB/3.3 GB  9.8 MB/s    3m8s[K[?25h[?2026l[?2026h[?25l[A[1Gpulling manifest [K
pulling aeda25e63ebd:  45% ▕████████          ▏ 1.5 GB/3.3 GB  9.8 MB/s    3m7s[K[?25h[?2026l[?2026h[?25l[A[1Gpulling manifest [K
pulling aeda25e63ebd:  45% ▕████████          ▏ 1.5 GB/3.3 GB  9.8 MB/s    3m7s[K[?25h[?2026l[?2026h[?25l[A[1Gpulling manifest [K
pulling aeda25e63ebd:  45% ▕████████          ▏ 1.5 GB/3.3 GB  9.7 MB/s    3m9s[K[?25h[?2026l[?2026h[?25l[A[1Gpulling manifest [K
pulling aeda25e63ebd:  45% ▕████████          ▏ 1.5 GB/3.3 GB  9.7 MB/s    3m9s[K[?25h[?2026l[?2026h[?25l[A[1Gpulling manifest [K
pulling aeda25e63ebd:  45% ▕████████          ▏ 1.5 GB/3.3 GB  9.7 MB/s    3m9s[K[?25h[?2026l[?2026h[?25l[A[1Gpulling manifest [K
pulling aeda25e63ebd:  45% ▕████████          ▏ 1.5 GB/3.3 GB  9.7 MB/s    3m9s[K[?25h[?2026l[?2026h[?25l[A[1Gpulling manifest [K
pulling aeda25e63ebd:  45% ▕████████          ▏ 1.5 GB/3.3 GB  9.7 MB/s    3m9s[K[?25h[?2026l[?2026h[?25l[A[1Gpulling manifest [K
pulling aeda25e63ebd:  45% ▕████████          ▏ 1.5 GB/3.3 GB  9.7 MB/s    3m9s[K[?25h[?2026l[?2026h[?25l[A[1Gpulling manifest [K
pulling aeda25e63ebd:  45% ▕████████          ▏ 1.5 GB/3.3 GB  9.7 MB/s    3m8s[K[?25h[?2026l[?2026h[?25l[A[1Gpulling manifest [K
pulling aeda25e63ebd:  45% ▕████████          ▏ 1.5 GB/3.3 GB  9.7 MB/s    3m8s[K[?25h[?2026l[?2026h[?25l[A[1Gpulling manifest [K
pulling aeda25e63ebd:  45% ▕████████          ▏ 1.5 GB/3.3 GB  9.7 MB/s    3m8s[K[?25h[?2026l[?2026h[?25l[A[1Gpulling manifest [K
pulling aeda25e63ebd:  45% ▕████████          ▏ 1.5 GB/3.3 GB  9.7 MB/s    3m8s[K[?25h[?2026l[?2026h[?25l[A[1Gpulling manifest [K
pulling aeda25e63ebd:  45% ▕████████          ▏ 1.5 GB/3.3 GB   10 MB/s    3m1s[K[?25h[?2026l[?2026h[?25l[A[1Gpulling manifest [K
pulling aeda25e63ebd:  45% ▕████████          ▏ 1.5 GB/3.3 GB   10 MB/s    3m1s[K[?25h[?2026l[?2026h[?25l[A[1Gpulling manifest [K
pulling aeda25e63ebd:  45% ▕████████          ▏ 1.5 GB/3.3 GB   10 MB/s    3m1s[K[?25h[?2026l[?2026h[?25l[A[1Gpulling manifest [K
pulling aeda25e63ebd:  45% ▕████████          ▏ 1.5 GB/3.3 GB   10 MB/s    3m0s[K[?25h[?2026l[?2026h[?25l[A[1Gpulling manifest [K
pulling aeda25e63ebd:  45% ▕████████          ▏ 1.5 GB/3.3 GB   10 MB/s    3m0s[K[?25h[?2026l[?2026h[?25l[A[1Gpulling manifest [K
pulling aeda25e63ebd:  45% ▕████████          ▏ 1.5 GB/3.3 GB   10 MB/s    3m0s[K[?25h[?2026l[?2026h[?25l[A[1Gpulling manifest [K
pulling aeda25e63ebd:  46% ▕████████          ▏ 1.5 GB/3.3 GB   10 MB/s    3m0s[K[?25h[?2026l[?2026h[?25l[A[1Gpulling manifest [K
pulling aeda25e63ebd:  46% ▕████████          ▏ 1.5 GB/3.3 GB   10 MB/s    3m0s[K[?25h[?2026l[?2026h[?25l[A[1Gpulling manifest [K
pulling aeda25e63ebd:  46% ▕████████          ▏ 1.5 GB/3.3 GB   10 MB/s    3m0s[K[?25h[?2026l[?2026h[?25l[A[1Gpulling manifest [K
pulling aeda25e63ebd:  46% ▕████████          ▏ 1.5 GB/3.3 GB   10 MB/s    3m0s[K[?25h[?2026l[?2026h[?25l[A[1Gpulling manifest [K
pulling aeda25e63ebd:  46% ▕████████          ▏ 1.5 GB/3.3 GB   10 MB/s   2m51s[K[?25h[?2026l[?2026h[?25l[A[1Gpulling manifest [K
pulling aeda25e63ebd:  46% ▕████████          ▏ 1.5 GB/3.3 GB   10 MB/s   2m51s[K[?25h[?2026l[?2026h[?25l[A[1Gpulling manifest [K
pulling aeda25e63ebd:  46% ▕████████          ▏ 1.5 GB/3.3 GB   10 MB/s   2m51s[K[?25h[?2026l[?2026h[?25l[A[1Gpulling manifest [K
pulling aeda25e63ebd:  46% ▕████████          ▏ 1.5 GB/3.3 GB   10 MB/s   2m51s[K[?25h[?2026l[?2026h[?25l[A[1Gpulling manifest [K
pulling aeda25e63ebd:  46% ▕████████          ▏ 1.5 GB/3.3 GB   10 MB/s   2m51s[K[?25h[?2026l[?2026h[?25l[A[1Gpulling manifest [K
pulling aeda25e63ebd:  46% ▕████████          ▏ 1.5 GB/3.3 GB   10 MB/s   2m51s[K[?25h[?2026l[?2026h[?25l[A[1Gpulling manifest [K
pulling aeda25e63ebd:  46% ▕████████          ▏ 1.5 GB/3.3 GB   10 MB/s   2m51s[K[?25h[?2026l[?2026h[?25l[A[1Gpulling manifest [K
pulling aeda25e63ebd:  46% ▕████████          ▏ 1.5 GB/3.3 GB   10 MB/s   2m50s[K[?25h[?2026l[?2026h[?25l[A[1Gpulling manifest [K
pulling aeda25e63ebd:  46% ▕████████          ▏ 1.5 GB/3.3 GB   10 MB/s   2m50s[K[?25h[?2026l[?2026h[?25l[A[1Gpulling manifest [K
pulling aeda25e63ebd:  46% ▕████████          ▏ 1.5 GB/3.3 GB   10 MB/s   2m50s[K[?25h[?2026l[?2026h[?25l[A[1Gpulling manifest [K
pulling aeda25e63ebd:  46% ▕████████          ▏ 1.5 GB/3.3 GB   10 MB/s   2m50s[K[?25h[?2026l[?2026h[?25l[A[1Gpulling manifest [K
pulling aeda25e63ebd:  46% ▕████████          ▏ 1.5 GB/3.3 GB   10 MB/s   2m48s[K[?25h[?2026l[?2026h[?25l[A[1Gpulling manifest [K
pulling aeda25e63ebd:  46% ▕████████          ▏ 1.5 GB/3.3 GB   10 MB/s   2m48s[K[?25h[?2026l[?2026h[?25l[A[1Gpulling manifest [K
pulling aeda25e63ebd:  46% ▕████████          ▏ 1.5 GB/3.3 GB   10 MB/s   2m48s[K[?25h[?2026l[?2026h[?25l[A[1Gpulling manifest [K
pulling aeda25e63ebd:  46% ▕████████          ▏ 1.5 GB/3.3 GB   10 MB/s   2m48s[K[?25h[?2026l[?2026h[?25l[A[1Gpulling manifest [K
pulling aeda25e63ebd:  46% ▕████████          ▏ 1.5 GB/3.3 GB   10 MB/s   2m48s[K[?25h[?2026l[?2026h[?25l[A[1Gpulling manifest [K
pulling aeda25e63ebd:  46% ▕████████          ▏ 1.5 GB/3.3 GB   10 MB/s   2m48s[K[?25h[?2026l[?2026h[?25l[A[1Gpulling manifest [K
pulling aeda25e63ebd:  46% ▕████████          ▏ 1.5 GB/3.3 GB   10 MB/s   2m47s[K[?25h[?2026l[?2026h[?25l[A[1Gpulling manifest [K
pulling aeda25e63ebd:  46% ▕████████          ▏ 1.5 GB/3.3 GB   10 MB/s   2m47s[K[?25h[?2026l[?2026h[?25l[A[1Gpulling manifest [K
pulling aeda25e63ebd:  46% ▕████████          ▏ 1.5 GB/3.3 GB   10 MB/s   2m47s[K[?25h[?2026l[?2026h[?25l[A[1Gpulling manifest [K
pulling aeda25e63ebd:  46% ▕████████          ▏ 1.5 GB/3.3 GB   10 MB/s   2m47s[K[?25h[?2026l[?2026h[?25l[A[1Gpulling manifest [K
pulling aeda25e63ebd:  46% ▕████████          ▏ 1.5 GB/3.3 GB   10 MB/s   2m59s[K[?25h[?2026l[?2026h[?25l[A[1Gpulling manifest [K
pulling aeda25e63ebd:  46% ▕████████          ▏ 1.5 GB/3.3 GB   10 MB/s   2m59s[K[?25h[?2026l[?2026h[?25l[A[1Gpulling manifest [K
pulling aeda25e63ebd:  46% ▕████████          ▏ 1.5 GB/3.3 GB   10 MB/s   2m59s[K[?25h[?2026l[?2026h[?25l[A[1Gpulling manifest [K
pulling aeda25e63ebd:  46% ▕████████          ▏ 1.5 GB/3.3 GB   10 MB/s   2m59s[K[?25h[?2026l[?2026h[?25l[A[1Gpulling manifest [K
pulling aeda25e63ebd:  46% ▕████████          ▏ 1.5 GB/3.3 GB   10 MB/s   2m59s[K[?25h[?2026l[?2026h[?25l[A[1Gpulling manifest [K
pulling aeda25e63ebd:  46% ▕████████          ▏ 1.5 GB/3.3 GB   10 MB/s   2m59s[K[?25h[?2026l[?2026h[?25l[A[1Gpulling manifest [K
pulling aeda25e63ebd:  46% ▕████████          ▏ 1.5 GB/3.3 GB   10 MB/s   2m59s[K[?25h[?2026l[?2026h[?25l[A[1Gpulling manifest [K
pulling aeda25e63ebd:  46% ▕████████          ▏ 1.5 GB/3.3 GB   10 MB/s   2m58s[K[?25h[?2026l[?2026h[?25l[A[1Gpulling manifest [K
pulling aeda25e63ebd:  46% ▕████████          ▏ 1.5 GB/3.3 GB   10 MB/s   2m58s[K[?25h[?2026l[?2026h[?25l[A[1Gpulling manifest [K
pulling aeda25e63ebd:  46% ▕████████          ▏ 1.5 GB/3.3 GB   10 MB/s   2m58s[K[?25h[?2026l[?2026h[?25l[A[1Gpulling manifest [K
pulling aeda25e63ebd:  46% ▕████████          ▏ 1.5 GB/3.3 GB  9.9 MB/s    3m0s[K[?25h[?2026l[?2026h[?25l[A[1Gpulling manifest [K
pulling aeda25e63ebd:  46% ▕████████          ▏ 1.5 GB/3.3 GB  9.9 MB/s    3m0s[K[?25h[?2026l[?2026h[?25l[A[1Gpulling manifest [K
pulling aeda25e63ebd:  46% ▕████████          ▏ 1.6 GB/3.3 GB  9.9 MB/s    3m0s[K[?25h[?2026l[?2026h[?25l[A[1Gpulling manifest [K
pulling aeda25e63ebd:  46% ▕████████          ▏ 1.6 GB/3.3 GB  9.9 MB/s   2m59s[K[?25h[?2026l[?2026h[?25l[A[1Gpulling manifest [K
pulling aeda25e63ebd:  46% ▕████████          ▏ 1.6 GB/3.3 GB  9.9 MB/s   2m59s[K[?25h[?2026l[?2026h[?25l[A[1Gpulling manifest [K
pulling aeda25e63ebd:  47% ▕████████          ▏ 1.6 GB/3.3 GB  9.9 MB/s   2m59s[K[?25h[?2026l[?2026h[?25l[A[1Gpulling manifest [K
pulling aeda25e63ebd:  47% ▕████████          ▏ 1.6 GB/3.3 GB  9.9 MB/s   2m59s[K[?25h[?2026l[?2026h[?25l[A[1Gpulling manifest [K
pulling aeda25e63ebd:  47% ▕████████          ▏ 1.6 GB/3.3 GB  9.9 MB/s   2m59s[K[?25h[?2026l[?2026h[?25l[A[1Gpulling manifest [K
pulling aeda25e63ebd:  47% ▕████████          ▏ 1.6 GB/3.3 GB  9.9 MB/s   2m59s[K[?25h[?2026l[?2026h[?25l[A[1Gpulling manifest [K
pulling aeda25e63ebd:  47% ▕████████          ▏ 1.6 GB/3.3 GB  9.9 MB/s   2m59s[K[?25h[?2026l[?2026h[?25l[A[1Gpulling manifest [K
pulling aeda25e63ebd:  47% ▕████████          ▏ 1.6 GB/3.3 GB  9.8 MB/s    3m2s[K[?25h[?2026l[?2026h[?25l[A[1Gpulling manifest [K
pulling aeda25e63ebd:  47% ▕████████          ▏ 1.6 GB/3.3 GB  9.8 MB/s    3m2s[K[?25h[?2026l[?2026h[?25l[A[1Gpulling manifest [K
pulling aeda25e63ebd:  47% ▕████████          ▏ 1.6 GB/3.3 GB  9.8 MB/s    3m2s[K[?25h[?2026l[?2026h[?25l[A[1Gpulling manifest [K
pulling aeda25e63ebd:  47% ▕████████          ▏ 1.6 GB/3.3 GB  9.8 MB/s    3m1s[K[?25h[?2026l[?2026h[?25l[A[1Gpulling manifest [K
pulling aeda25e63ebd:  47% ▕████████          ▏ 1.6 GB/3.3 GB  9.8 MB/s    3m1s[K[?25h[?2026l[?2026h[?25l[A[1Gpulling manifest [K
pulling aeda25e63ebd:  47% ▕████████          ▏ 1.6 GB/3.3 GB  9.8 MB/s    3m1s[K[?25h[?2026l[?2026h[?25l[A[1Gpulling manifest [K
pulling aeda25e63ebd:  47% ▕████████          ▏ 1.6 GB/3.3 GB  9.8 MB/s    3m1s[K[?25h[?2026l[?2026h[?25l[A[1Gpulling manifest [K
pulling aeda25e63ebd:  47% ▕████████          ▏ 1.6 GB/3.3 GB  9.8 MB/s    3m1s[K[?25h[?2026l[?2026h[?25l[A[1Gpulling manifest [K
pulling aeda25e63ebd:  47% ▕████████          ▏ 1.6 GB/3.3 GB  9.8 MB/s    3m1s[K[?25h[?2026l[?2026h[?25l[A[1Gpulling manifest [K
pulling aeda25e63ebd:  47% ▕████████          ▏ 1.6 GB/3.3 GB  8.9 MB/s   3m18s[K[?25h[?2026l[?2026h[?25l[A[1Gpulling manifest [K
pulling aeda25e63ebd:  47% ▕████████          ▏ 1.6 GB/3.3 GB  8.9 MB/s   3m18s[K[?25h[?2026l[?2026h[?25l[A[1Gpulling manifest [K
pulling aeda25e63ebd:  47% ▕████████          ▏ 1.6 GB/3.3 GB  8.9 MB/s   3m18s[K[?25h[?2026l[?2026h[?25l[A[1Gpulling manifest [K
pulling aeda25e63ebd:  47% ▕████████          ▏ 1.6 GB/3.3 GB  8.9 MB/s   3m18s[K[?25h[?2026l[?2026h[?25l[A[1Gpulling manifest [K
pulling aeda25e63ebd:  47% ▕████████          ▏ 1.6 GB/3.3 GB  8.9 MB/s   3m18s[K[?25h[?2026l[?2026h[?25l[A[1Gpulling manifest [K
pulling aeda25e63ebd:  47% ▕████████          ▏ 1.6 GB/3.3 GB  8.9 MB/s   3m18s[K[?25h[?2026l[?2026h[?25l[A[1Gpulling manifest [K
pulling aeda25e63ebd:  47% ▕████████          ▏ 1.6 GB/3.3 GB  8.9 MB/s   3m18s[K[?25h[?2026l[?2026h[?25l[A[1Gpulling manifest [K
pulling aeda25e63ebd:  47% ▕████████          ▏ 1.6 GB/3.3 GB  8.4 MB/s   3m30s[K[?25h[?2026l[?2026h[?25l[A[1Gpulling manifest [K
pulling aeda25e63ebd:  47% ▕████████          ▏ 1.6 GB/3.3 GB  8.4 MB/s   3m30s[K[?25h[?2026l[?2026h[?25l[A[1Gpulling manifest [K
pulling aeda25e63ebd:  47% ▕████████          ▏ 1.6 GB/3.3 GB  8.4 MB/s   3m30s[K[?25h[?2026l[?2026h[?25l[A[1Gpulling manifest [K
pulling aeda25e63ebd:  47% ▕████████          ▏ 1.6 GB/3.3 GB  8.4 MB/s   3m30s[K[?25h[?2026l[?2026h[?25l[A[1Gpulling manifest [K
pulling aeda25e63ebd:  47% ▕████████          ▏ 1.6 GB/3.3 GB  8.4 MB/s   3m30s[K[?25h[?2026l[?2026h[?25l[A[1Gpulling manifest [K
pulling aeda25e63ebd:  47% ▕████████          ▏ 1.6 GB/3.3 GB  8.4 MB/s   3m30s[K[?25h[?2026l[?2026h[?25l[A[1Gpulling manifest [K
pulling aeda25e63ebd:  47% ▕████████          ▏ 1.6 GB/3.3 GB  8.4 MB/s   3m30s[K[?25h[?2026l[?2026h[?25l[A[1Gpulling manifest [K
pulling aeda25e63ebd:  47% ▕████████          ▏ 1.6 GB/3.3 GB  8.4 MB/s   3m29s[K[?25h[?2026l[?2026h[?25l[A[1Gpulling manifest [K
pulling aeda25e63ebd:  47% ▕████████          ▏ 1.6 GB/3.3 GB  8.4 MB/s   3m29s[K[?25h[?2026l[?2026h[?25l[A[1Gpulling manifest [K
pulling aeda25e63ebd:  47% ▕████████          ▏ 1.6 GB/3.3 GB  8.4 MB/s   3m29s[K[?25h[?2026l[?2026h[?25l[A[1Gpulling manifest [K
pulling aeda25e63ebd:  47% ▕████████          ▏ 1.6 GB/3.3 GB  8.5 MB/s   3m27s[K[?25h[?2026l[?2026h[?25l[A[1Gpulling manifest [K
pulling aeda25e63ebd:  47% ▕████████          ▏ 1.6 GB/3.3 GB  8.5 MB/s   3m27s[K[?25h[?2026l[?2026h[?25l[A[1Gpulling manifest [K
pulling aeda25e63ebd:  47% ▕████████          ▏ 1.6 GB/3.3 GB  8.5 MB/s   3m27s[K[?25h[?2026l[?2026h[?25l[A[1Gpulling manifest [K
pulling aeda25e63ebd:  47% ▕████████          ▏ 1.6 GB/3.3 GB  8.5 MB/s   3m27s[K[?25h[?2026l[?2026h[?25l[A[1Gpulling manifest [K
pulling aeda25e63ebd:  47% ▕████████          ▏ 1.6 GB/3.3 GB  8.5 MB/s   3m27s[K[?25h[?2026l[?2026h[?25l[A[1Gpulling manifest [K
pulling aeda25e63ebd:  48% ▕████████          ▏ 1.6 GB/3.3 GB  8.5 MB/s   3m26s[K[?25h[?2026l[?2026h[?25l[A[1Gpulling manifest [K
pulling aeda25e63ebd:  48% ▕████████          ▏ 1.6 GB/3.3 GB  8.5 MB/s   3m26s[K[?25h[?2026l[?2026h[?25l[A[1Gpulling manifest [K
pulling aeda25e63ebd:  48% ▕████████          ▏ 1.6 GB/3.3 GB  8.5 MB/s   3m26s[K[?25h[?2026l[?2026h[?25l[A[1Gpulling manifest [K
pulling aeda25e63ebd:  48% ▕████████          ▏ 1.6 GB/3.3 GB  8.5 MB/s   3m26s[K[?25h[?2026l[?2026h[?25l[A[1Gpulling manifest [K
pulling aeda25e63ebd:  48% ▕████████          ▏ 1.6 GB/3.3 GB  8.5 MB/s   3m26s[K[?25h[?2026l[?2026h[?25l[A[1Gpulling manifest [K
pulling aeda25e63ebd:  48% ▕████████          ▏ 1.6 GB/3.3 GB  8.6 MB/s   3m22s[K[?25h[?2026l[?2026h[?25l[A[1Gpulling manifest [K
pulling aeda25e63ebd:  48% ▕████████          ▏ 1.6 GB/3.3 GB  8.6 MB/s   3m22s[K[?25h[?2026l[?2026h[?25l[A[1Gpulling manifest [K
pulling aeda25e63ebd:  48% ▕████████          ▏ 1.6 GB/3.3 GB  8.6 MB/s   3m22s[K[?25h[?2026l[?2026h[?25l[A[1Gpulling manifest [K
pulling aeda25e63ebd:  48% ▕████████          ▏ 1.6 GB/3.3 GB  8.6 MB/s   3m21s[K[?25h[?2026l[?2026h[?25l[A[1Gpulling manifest [K
pulling aeda25e63ebd:  48% ▕████████          ▏ 1.6 GB/3.3 GB  8.6 MB/s   3m21s[K[?25h[?2026l[?2026h[?25l[A[1Gpulling manifest [K
pulling aeda25e63ebd:  48% ▕████████          ▏ 1.6 GB/3.3 GB  8.6 MB/s   3m21s[K[?25h[?2026l[?2026h[?25l[A[1Gpulling manifest [K
pulling aeda25e63ebd:  48% ▕████████          ▏ 1.6 GB/3.3 GB  8.6 MB/s   3m21s[K[?25h[?2026l[?2026h[?25l[A[1Gpulling manifest [K
pulling aeda25e63ebd:  48% ▕████████          ▏ 1.6 GB/3.3 GB  8.6 MB/s   3m21s[K[?25h[?2026l[?2026h[?25l[A[1Gpulling manifest [K
pulling aeda25e63ebd:  48% ▕████████          ▏ 1.6 GB/3.3 GB  8.6 MB/s   3m21s[K[?25h[?2026l[?2026h[?25l[A[1Gpulling manifest [K
pulling aeda25e63ebd:  48% ▕████████          ▏ 1.6 GB/3.3 GB  8.6 MB/s   3m21s[K[?25h[?2026l[?2026h[?25l[A[1Gpulling manifest [K
pulling aeda25e63ebd:  48% ▕████████          ▏ 1.6 GB/3.3 GB  8.2 MB/s   3m31s[K[?25h[?2026l[?2026h[?25l[A[1Gpulling manifest [K
pulling aeda25e63ebd:  48% ▕████████          ▏ 1.6 GB/3.3 GB  8.2 MB/s   3m31s[K[?25h[?2026l[?2026h[?25l[A[1Gpulling manifest [K
pulling aeda25e63ebd:  48% ▕████████          ▏ 1.6 GB/3.3 GB  8.2 MB/s   3m31s[K[?25h[?2026l[?2026h[?25l[A[1Gpulling manifest [K
pulling aeda25e63ebd:  48% ▕████████          ▏ 1.6 GB/3.3 GB  8.2 MB/s   3m31s[K[?25h[?2026l[?2026h[?25l[A[1Gpulling manifest [K
pulling aeda25e63ebd:  48% ▕████████          ▏ 1.6 GB/3.3 GB  8.2 MB/s   3m30s[K[?25h[?2026l[?2026h[?25l[A[1Gpulling manifest [K
pulling aeda25e63ebd:  48% ▕████████          ▏ 1.6 GB/3.3 GB  8.2 MB/s   3m30s[K[?25h[?2026l[?2026h[?25l[A[1Gpulling manifest [K
pulling aeda25e63ebd:  48% ▕████████          ▏ 1.6 GB/3.3 GB  8.2 MB/s   3m30s[K[?25h[?2026l[?2026h[?25l[A[1Gpulling manifest [K
pulling aeda25e63ebd:  48% ▕████████          ▏ 1.6 GB/3.3 GB  8.2 MB/s   3m30s[K[?25h[?2026l[?2026h[?25l[A[1Gpulling manifest [K
pulling aeda25e63ebd:  48% ▕████████          ▏ 1.6 GB/3.3 GB  8.2 MB/s   3m30s[K[?25h[?2026l[?2026h[?25l[A[1Gpulling manifest [K
pulling aeda25e63ebd:  48% ▕████████          ▏ 1.6 GB/3.3 GB  8.2 MB/s   3m30s[K[?25h[?2026l[?2026h[?25l[A[1Gpulling manifest [K
pulling aeda25e63ebd:  48% ▕████████          ▏ 1.6 GB/3.3 GB  8.2 MB/s   3m30s[K[?25h[?2026l[?2026h[?25l[A[1Gpulling manifest [K
pulling aeda25e63ebd:  48% ▕████████          ▏ 1.6 GB/3.3 GB  7.8 MB/s   3m41s[K[?25h[?2026l[?2026h[?25l[A[1Gpulling manifest [K
pulling aeda25e63ebd:  48% ▕████████          ▏ 1.6 GB/3.3 GB  7.8 MB/s   3m41s[K[?25h[?2026l[?2026h[?25l[A[1Gpulling manifest [K
pulling aeda25e63ebd:  48% ▕████████          ▏ 1.6 GB/3.3 GB  7.8 MB/s   3m41s[K[?25h[?2026l[?2026h[?25l[A[1Gpulling manifest [K
pulling aeda25e63ebd:  48% ▕████████          ▏ 1.6 GB/3.3 GB  7.8 MB/s   3m41s[K[?25h[?2026l[?2026h[?25l[A[1Gpulling manifest [K
pulling aeda25e63ebd:  48% ▕████████          ▏ 1.6 GB/3.3 GB  7.8 MB/s   3m41s[K[?25h[?2026l[?2026h[?25l[A[1Gpulling manifest [K
pulling aeda25e63ebd:  48% ▕████████          ▏ 1.6 GB/3.3 GB  7.8 MB/s   3m41s[K[?25h[?2026l[?2026h[?25l[A[1Gpulling manifest [K
pulling aeda25e63ebd:  48% ▕████████          ▏ 1.6 GB/3.3 GB  7.8 MB/s   3m41s[K[?25h[?2026l[?2026h[?25l[A[1Gpulling manifest [K
pulling aeda25e63ebd:  48% ▕████████          ▏ 1.6 GB/3.3 GB  7.8 MB/s   3m40s[K[?25h[?2026l[?2026h[?25l[A[1Gpulling manifest [K
pulling aeda25e63ebd:  48% ▕████████          ▏ 1.6 GB/3.3 GB  7.8 MB/s   3m40s[K[?25h[?2026l[?2026h[?25l[A[1Gpulling manifest [K
pulling aeda25e63ebd:  48% ▕████████          ▏ 1.6 GB/3.3 GB  7.8 MB/s   3m40s[K[?25h[?2026l[?2026h[?25l[A[1Gpulling manifest [K
pulling aeda25e63ebd:  48% ▕████████          ▏ 1.6 GB/3.3 GB  7.9 MB/s   3m40s[K[?25h[?2026l[?2026h[?25l[A[1Gpulling manifest [K
pulling aeda25e63ebd:  48% ▕████████          ▏ 1.6 GB/3.3 GB  7.9 MB/s   3m39s[K[?25h[?2026l[?2026h[?25l[A[1Gpulling manifest [K
pulling aeda25e63ebd:  48% ▕████████          ▏ 1.6 GB/3.3 GB  7.9 MB/s   3m39s[K[?25h[?2026l[?2026h[?25l[A[1Gpulling manifest [K
pulling aeda25e63ebd:  48% ▕████████          ▏ 1.6 GB/3.3 GB  7.9 MB/s   3m39s[K[?25h[?2026l[?2026h[?25l[A[1Gpulling manifest [K
pulling aeda25e63ebd:  48% ▕████████          ▏ 1.6 GB/3.3 GB  7.9 MB/s   3m39s[K[?25h[?2026l[?2026h[?25l[A[1Gpulling manifest [K
pulling aeda25e63ebd:  48% ▕████████          ▏ 1.6 GB/3.3 GB  7.9 MB/s   3m39s[K[?25h[?2026l[?2026h[?25l[A[1Gpulling manifest [K
pulling aeda25e63ebd:  48% ▕████████          ▏ 1.6 GB/3.3 GB  7.9 MB/s   3m39s[K[?25h[?2026l[?2026h[?25l[A[1Gpulling manifest [K
pulling aeda25e63ebd:  48% ▕████████          ▏ 1.6 GB/3.3 GB  7.9 MB/s   3m39s[K[?25h[?2026l[?2026h[?25l[A[1Gpulling manifest [K
pulling aeda25e63ebd:  48% ▕████████          ▏ 1.6 GB/3.3 GB  7.9 MB/s   3m39s[K[?25h[?2026l[?2026h[?25l[A[1Gpulling manifest [K
pulling aeda25e63ebd:  48% ▕████████          ▏ 1.6 GB/3.3 GB  7.9 MB/s   3m39s[K[?25h[?2026l[?2026h[?25l[A[1Gpulling manifest [K
pulling aeda25e63ebd:  48% ▕████████          ▏ 1.6 GB/3.3 GB  7.9 MB/s   3m39s[K[?25h[?2026l[?2026h[?25l[A[1Gpulling manifest [K
pulling aeda25e63ebd:  49% ▕████████          ▏ 1.6 GB/3.3 GB  7.8 MB/s   3m39s[K[?25h[?2026l[?2026h[?25l[A[1Gpulling manifest [K
pulling aeda25e63ebd:  49% ▕████████          ▏ 1.6 GB/3.3 GB  7.8 MB/s   3m38s[K[?25h[?2026l[?2026h[?25l[A[1Gpulling manifest [K
pulling aeda25e63ebd:  49% ▕████████          ▏ 1.6 GB/3.3 GB  7.8 MB/s   3m38s[K[?25h[?2026l[?2026h[?25l[A[1Gpulling manifest [K
pulling aeda25e63ebd:  49% ▕████████          ▏ 1.6 GB/3.3 GB  7.8 MB/s   3m38s[K[?25h[?2026l[?2026h[?25l[A[1Gpulling manifest [K
pulling aeda25e63ebd:  49% ▕████████          ▏ 1.6 GB/3.3 GB  7.8 MB/s   3m38s[K[?25h[?2026l[?2026h[?25l[A[1Gpulling manifest [K
pulling aeda25e63ebd:  49% ▕████████          ▏ 1.6 GB/3.3 GB  7.8 MB/s   3m38s[K[?25h[?2026l[?2026h[?25l[A[1Gpulling manifest [K
pulling aeda25e63ebd:  49% ▕████████          ▏ 1.6 GB/3.3 GB  7.8 MB/s   3m38s[K[?25h[?2026l[?2026h[?25l[A[1Gpulling manifest [K
pulling aeda25e63ebd:  49% ▕████████          ▏ 1.6 GB/3.3 GB  7.8 MB/s   3m38s[K[?25h[?2026l[?2026h[?25l[A[1Gpulling manifest [K
pulling aeda25e63ebd:  49% ▕████████          ▏ 1.6 GB/3.3 GB  7.8 MB/s   3m38s[K[?25h[?2026l[?2026h[?25l[A[1Gpulling manifest [K
pulling aeda25e63ebd:  49% ▕████████          ▏ 1.6 GB/3.3 GB  7.8 MB/s   3m38s[K[?25h[?2026l[?2026h[?25l[A[1Gpulling manifest [K
pulling aeda25e63ebd:  49% ▕████████          ▏ 1.6 GB/3.3 GB  7.7 MB/s   3m42s[K[?25h[?2026l[?2026h[?25l[A[1Gpulling manifest [K
pulling aeda25e63ebd:  49% ▕████████          ▏ 1.6 GB/3.3 GB  7.7 MB/s   3m42s[K[?25h[?2026l[?2026h[?25l[A[1Gpulling manifest [K
pulling aeda25e63ebd:  49% ▕████████          ▏ 1.6 GB/3.3 GB  7.7 MB/s   3m42s[K[?25h[?2026l[?2026h[?25l[A[1Gpulling manifest [K
pulling aeda25e63ebd:  49% ▕████████          ▏ 1.6 GB/3.3 GB  7.7 MB/s   3m42s[K[?25h[?2026l[?2026h[?25l[A[1Gpulling manifest [K
pulling aeda25e63ebd:  49% ▕████████          ▏ 1.6 GB/3.3 GB  7.7 MB/s   3m42s[K[?25h[?2026l[?2026h[?25l[A[1Gpulling manifest [K
pulling aeda25e63ebd:  49% ▕████████          ▏ 1.6 GB/3.3 GB  7.7 MB/s   3m42s[K[?25h[?2026l[?2026h[?25l[A[1Gpulling manifest [K
pulling aeda25e63ebd:  49% ▕████████          ▏ 1.6 GB/3.3 GB  7.7 MB/s   3m41s[K[?25h[?2026l[?2026h[?25l[A[1Gpulling manifest [K
pulling aeda25e63ebd:  49% ▕████████          ▏ 1.6 GB/3.3 GB  7.7 MB/s   3m41s[K[?25h[?2026l[?2026h[?25l[A[1Gpulling manifest [K
pulling aeda25e63ebd:  49% ▕████████          ▏ 1.6 GB/3.3 GB  7.7 MB/s   3m41s[K[?25h[?2026l[?2026h[?25l[A[1Gpulling manifest [K
pulling aeda25e63ebd:  49% ▕████████          ▏ 1.6 GB/3.3 GB  7.7 MB/s   3m41s[K[?25h[?2026l[?2026h[?25l[A[1Gpulling manifest [K
pulling aeda25e63ebd:  49% ▕████████          ▏ 1.6 GB/3.3 GB  7.7 MB/s   3m41s[K[?25h[?2026l[?2026h[?25l[A[1Gpulling manifest [K
pulling aeda25e63ebd:  49% ▕████████          ▏ 1.6 GB/3.3 GB  8.0 MB/s   3m32s[K[?25h[?2026l[?2026h[?25l[A[1Gpulling manifest [K
pulling aeda25e63ebd:  49% ▕████████          ▏ 1.6 GB/3.3 GB  8.0 MB/s   3m31s[K[?25h[?2026l[?2026h[?25l[A[1Gpulling manifest [K
pulling aeda25e63ebd:  49% ▕████████          ▏ 1.6 GB/3.3 GB  8.0 MB/s   3m31s[K[?25h[?2026l[?2026h[?25l[A[1Gpulling manifest [K
pulling aeda25e63ebd:  49% ▕████████          ▏ 1.6 GB/3.3 GB  8.0 MB/s   3m31s[K[?25h[?2026l[?2026h[?25l[A[1Gpulling manifest [K
pulling aeda25e63ebd:  49% ▕████████          ▏ 1.6 GB/3.3 GB  8.0 MB/s   3m31s[K[?25h[?2026l[?2026h[?25l[A[1Gpulling manifest [K
pulling aeda25e63ebd:  49% ▕████████          ▏ 1.6 GB/3.3 GB  8.0 MB/s   3m31s[K[?25h[?2026l[?2026h[?25l[A[1Gpulling manifest [K
pulling aeda25e63ebd:  49% ▕████████          ▏ 1.6 GB/3.3 GB  8.0 MB/s   3m31s[K[?25h[?2026l[?2026h[?25l[A[1Gpulling manifest [K
pulling aeda25e63ebd:  49% ▕████████          ▏ 1.6 GB/3.3 GB  8.0 MB/s   3m31s[K[?25h[?2026l[?2026h[?25l[A[1Gpulling manifest [K
pulling aeda25e63ebd:  49% ▕████████          ▏ 1.6 GB/3.3 GB  8.0 MB/s   3m31s[K[?25h[?2026l[?2026h[?25l[A[1Gpulling manifest [K
pulling aeda25e63ebd:  49% ▕████████          ▏ 1.6 GB/3.3 GB  8.0 MB/s   3m31s[K[?25h[?2026l[?2026h[?25l[A[1Gpulling manifest [K
pulling aeda25e63ebd:  49% ▕████████          ▏ 1.6 GB/3.3 GB  8.6 MB/s   3m17s[K[?25h[?2026l[?2026h[?25l[A[1Gpulling manifest [K
pulling aeda25e63ebd:  49% ▕████████          ▏ 1.6 GB/3.3 GB  8.6 MB/s   3m17s[K[?25h[?2026l[?2026h[?25l[A[1Gpulling manifest [K
pulling aeda25e63ebd:  49% ▕████████          ▏ 1.6 GB/3.3 GB  8.6 MB/s   3m17s[K[?25h[?2026l[?2026h[?25l[A[1Gpulling manifest [K
pulling aeda25e63ebd:  49% ▕████████          ▏ 1.6 GB/3.3 GB  8.6 MB/s   3m17s[K[?25h[?2026l[?2026h[?25l[A[1Gpulling manifest [K
pulling aeda25e63ebd:  49% ▕████████          ▏ 1.6 GB/3.3 GB  8.6 MB/s   3m17s[K[?25h[?2026l[?2026h[?25l[A[1Gpulling manifest [K
pulling aeda25e63ebd:  49% ▕████████          ▏ 1.6 GB/3.3 GB  8.6 MB/s   3m17s[K[?25h[?2026l[?2026h[?25l[A[1Gpulling manifest [K
pulling aeda25e63ebd:  49% ▕████████          ▏ 1.6 GB/3.3 GB  8.6 MB/s   3m17s[K[?25h[?2026l[?2026h[?25l[A[1Gpulling manifest [K
pulling aeda25e63ebd:  49% ▕████████          ▏ 1.7 GB/3.3 GB  8.6 MB/s   3m17s[K[?25h[?2026l[?2026h[?25l[A[1Gpulling manifest [K
pulling aeda25e63ebd:  49% ▕████████          ▏ 1.7 GB/3.3 GB  8.6 MB/s   3m16s[K[?25h[?2026l[?2026h[?25l[A[1Gpulling manifest [K
pulling aeda25e63ebd:  49% ▕████████          ▏ 1.7 GB/3.3 GB  8.6 MB/s   3m16s[K[?25h[?2026l[?2026h[?25l[A[1Gpulling manifest [K
pulling aeda25e63ebd:  49% ▕████████          ▏ 1.7 GB/3.3 GB  8.5 MB/s   3m19s[K[?25h[?2026l[?2026h[?25l[A[1Gpulling manifest [K
pulling aeda25e63ebd:  50% ▕████████          ▏ 1.7 GB/3.3 GB  8.5 MB/s   3m19s[K[?25h[?2026l[?2026h[?25l[A[1Gpulling manifest [K
pulling aeda25e63ebd:  50% ▕████████          ▏ 1.7 GB/3.3 GB  8.5 MB/s   3m19s[K[?25h[?2026l[?2026h[?25l[A[1Gpulling manifest [K
pulling aeda25e63ebd:  50% ▕████████          ▏ 1.7 GB/3.3 GB  8.5 MB/s   3m19s[K[?25h[?2026l[?2026h[?25l[A[1Gpulling manifest [K
pulling aeda25e63ebd:  50% ▕████████          ▏ 1.7 GB/3.3 GB  8.5 MB/s   3m19s[K[?25h[?2026l[?2026h[?25l[A[1Gpulling manifest [K
pulling aeda25e63ebd:  50% ▕████████          ▏ 1.7 GB/3.3 GB  8.5 MB/s   3m19s[K[?25h[?2026l[?2026h[?25l[A[1Gpulling manifest [K
pulling aeda25e63ebd:  50% ▕████████          ▏ 1.7 GB/3.3 GB  8.5 MB/s   3m19s[K[?25h[?2026l[?2026h[?25l[A[1Gpulling manifest [K
pulling aeda25e63ebd:  50% ▕████████          ▏ 1.7 GB/3.3 GB  8.5 MB/s   3m19s[K[?25h[?2026l[?2026h[?25l[A[1Gpulling manifest [K
pulling aeda25e63ebd:  50% ▕████████          ▏ 1.7 GB/3.3 GB  8.5 MB/s   3m19s[K[?25h[?2026l[?2026h[?25l[A[1Gpulling manifest [K
pulling aeda25e63ebd:  50% ▕████████          ▏ 1.7 GB/3.3 GB  8.5 MB/s   3m19s[K[?25h[?2026l[?2026h[?25l[A[1Gpulling manifest [K
pulling aeda25e63ebd:  50% ▕████████          ▏ 1.7 GB/3.3 GB  7.3 MB/s   3m49s[K[?25h[?2026l[?2026h[?25l[A[1Gpulling manifest [K
pulling aeda25e63ebd:  50% ▕████████          ▏ 1.7 GB/3.3 GB  7.3 MB/s   3m49s[K[?25h[?2026l[?2026h[?25l[A[1Gpulling manifest [K
pulling aeda25e63ebd:  50% ▕████████          ▏ 1.7 GB/3.3 GB  7.3 MB/s   3m49s[K[?25h[?2026l[?2026h[?25l[A[1Gpulling manifest [K
pulling aeda25e63ebd:  50% ▕████████          ▏ 1.7 GB/3.3 GB  7.3 MB/s   3m49s[K[?25h[?2026l[?2026h[?25l[A[1Gpulling manifest [K
pulling aeda25e63ebd:  50% ▕████████          ▏ 1.7 GB/3.3 GB  7.3 MB/s   3m49s[K[?25h[?2026l[?2026h[?25l[A[1Gpulling manifest [K
pulling aeda25e63ebd:  50% ▕████████          ▏ 1.7 GB/3.3 GB  7.3 MB/s   3m49s[K[?25h[?2026l[?2026h[?25l[A[1Gpulling manifest [K
pulling aeda25e63ebd:  50% ▕████████          ▏ 1.7 GB/3.3 GB  7.3 MB/s   3m49s[K[?25h[?2026l[?2026h[?25l[A[1Gpulling manifest [K
pulling aeda25e63ebd:  50% ▕████████          ▏ 1.7 GB/3.3 GB  7.3 MB/s   3m49s[K[?25h[?2026l[?2026h[?25l[A[1Gpulling manifest [K
pulling aeda25e63ebd:  50% ▕████████          ▏ 1.7 GB/3.3 GB  7.3 MB/s   3m49s[K[?25h[?2026l[?2026h[?25l[A[1Gpulling manifest [K
pulling aeda25e63ebd:  50% ▕████████          ▏ 1.7 GB/3.3 GB  7.3 MB/s   3m49s[K[?25h[?2026l[?2026h[?25l[A[1Gpulling manifest [K
pulling aeda25e63ebd:  50% ▕████████          ▏ 1.7 GB/3.3 GB  7.2 MB/s   3m52s[K[?25h[?2026l[?2026h[?25l[A[1Gpulling manifest [K
pulling aeda25e63ebd:  50% ▕████████          ▏ 1.7 GB/3.3 GB  7.2 MB/s   3m52s[K[?25h[?2026l[?2026h[?25l[A[1Gpulling manifest [K
pulling aeda25e63ebd:  50% ▕████████          ▏ 1.7 GB/3.3 GB  7.2 MB/s   3m52s[K[?25h[?2026l[?2026h[?25l[A[1Gpulling manifest [K
pulling aeda25e63ebd:  50% ▕████████          ▏ 1.7 GB/3.3 GB  7.2 MB/s   3m52s[K[?25h[?2026l[?2026h[?25l[A[1Gpulling manifest [K
pulling aeda25e63ebd:  50% ▕████████          ▏ 1.7 GB/3.3 GB  7.2 MB/s   3m52s[K[?25h[?2026l[?2026h[?25l[A[1Gpulling manifest [K
pulling aeda25e63ebd:  50% ▕████████          ▏ 1.7 GB/3.3 GB  7.2 MB/s   3m51s[K[?25h[?2026l[?2026h[?25l[A[1Gpulling manifest [K
pulling aeda25e63ebd:  50% ▕████████          ▏ 1.7 GB/3.3 GB  7.2 MB/s   3m51s[K[?25h[?2026l[?2026h[?25l[A[1Gpulling manifest [K
pulling aeda25e63ebd:  50% ▕████████          ▏ 1.7 GB/3.3 GB  7.2 MB/s   3m51s[K[?25h[?2026l[?2026h[?25l[A[1Gpulling manifest [K
pulling aeda25e63ebd:  50% ▕████████          ▏ 1.7 GB/3.3 GB  7.2 MB/s   3m51s[K[?25h[?2026l[?2026h[?25l[A[1Gpulling manifest [K
pulling aeda25e63ebd:  50% ▕████████          ▏ 1.7 GB/3.3 GB  7.2 MB/s   3m51s[K[?25h[?2026l[?2026h[?25l[A[1Gpulling manifest [K
pulling aeda25e63ebd:  50% ▕█████████         ▏ 1.7 GB/3.3 GB  7.2 MB/s   3m51s[K[?25h[?2026l[?2026h[?25l[A[1Gpulling manifest [K
pulling aeda25e63ebd:  50% ▕█████████         ▏ 1.7 GB/3.3 GB  7.6 MB/s   3m39s[K[?25h[?2026l[?2026h[?25l[A[1Gpulling manifest [K
pulling aeda25e63ebd:  50% ▕█████████         ▏ 1.7 GB/3.3 GB  7.6 MB/s   3m38s[K[?25h[?2026l[?2026h[?25l[A[1Gpulling manifest [K
pulling aeda25e63ebd:  50% ▕█████████         ▏ 1.7 GB/3.3 GB  7.6 MB/s   3m38s[K[?25h[?2026l[?2026h[?25l[A[1Gpulling manifest [K
pulling aeda25e63ebd:  50% ▕█████████         ▏ 1.7 GB/3.3 GB  7.6 MB/s   3m38s[K[?25h[?2026l[?2026h[?25l[A[1Gpulling manifest [K
pulling aeda25e63ebd:  50% ▕█████████         ▏ 1.7 GB/3.3 GB  7.6 MB/s   3m38s[K[?25h[?2026l[?2026h[?25l[A[1Gpulling manifest [K
pulling aeda25e63ebd:  50% ▕█████████         ▏ 1.7 GB/3.3 GB  7.6 MB/s   3m38s[K[?25h[?2026l[?2026h[?25l[A[1Gpulling manifest [K
pulling aeda25e63ebd:  50% ▕█████████         ▏ 1.7 GB/3.3 GB  7.6 MB/s   3m38s[K[?25h[?2026l[?2026h[?25l[A[1Gpulling manifest [K
pulling aeda25e63ebd:  50% ▕█████████         ▏ 1.7 GB/3.3 GB  7.6 MB/s   3m38s[K[?25h[?2026l[?2026h[?25l[A[1Gpulling manifest [K
pulling aeda25e63ebd:  50% ▕█████████         ▏ 1.7 GB/3.3 GB  7.6 MB/s   3m38s[K[?25h[?2026l[?2026h[?25l[A[1Gpulling manifest [K
pulling aeda25e63ebd:  50% ▕█████████         ▏ 1.7 GB/3.3 GB  7.6 MB/s   3m38s[K[?25h[?2026l[?2026h[?25l[A[1Gpulling manifest [K
pulling aeda25e63ebd:  50% ▕█████████         ▏ 1.7 GB/3.3 GB  7.5 MB/s   3m42s[K[?25h[?2026l[?2026h[?25l[A[1Gpulling manifest [K
pulling aeda25e63ebd:  50% ▕█████████         ▏ 1.7 GB/3.3 GB  7.5 MB/s   3m42s[K[?25h[?2026l[?2026h[?25l[A[1Gpulling manifest [K
pulling aeda25e63ebd:  50% ▕█████████         ▏ 1.7 GB/3.3 GB  7.5 MB/s   3m41s[K[?25h[?2026l[?2026h[?25l[A[1Gpulling manifest [K
pulling aeda25e63ebd:  50% ▕█████████         ▏ 1.7 GB/3.3 GB  7.5 MB/s   3m41s[K[?25h[?2026l[?2026h[?25l[A[1Gpulling manifest [K
pulling aeda25e63ebd:  50% ▕█████████         ▏ 1.7 GB/3.3 GB  7.5 MB/s   3m41s[K[?25h[?2026l[?2026h[?25l[A[1Gpulling manifest [K
pulling aeda25e63ebd:  50% ▕█████████         ▏ 1.7 GB/3.3 GB  7.5 MB/s   3m41s[K[?25h[?2026l[?2026h[?25l[A[1Gpulling manifest [K
pulling aeda25e63ebd:  50% ▕█████████         ▏ 1.7 GB/3.3 GB  7.5 MB/s   3m41s[K[?25h[?2026l[?2026h[?25l[A[1Gpulling manifest [K
pulling aeda25e63ebd:  50% ▕█████████         ▏ 1.7 GB/3.3 GB  7.5 MB/s   3m41s[K[?25h[?2026l[?2026h[?25l[A[1Gpulling manifest [K
pulling aeda25e63ebd:  50% ▕█████████         ▏ 1.7 GB/3.3 GB  7.5 MB/s   3m41s[K[?25h[?2026l[?2026h[?25l[A[1Gpulling manifest [K
pulling aeda25e63ebd:  50% ▕█████████         ▏ 1.7 GB/3.3 GB  7.5 MB/s   3m41s[K[?25h[?2026l[?2026h[?25l[A[1Gpulling manifest [K
pulling aeda25e63ebd:  51% ▕█████████         ▏ 1.7 GB/3.3 GB  7.5 MB/s   3m41s[K[?25h[?2026l[?2026h[?25l[A[1Gpulling manifest [K
pulling aeda25e63ebd:  51% ▕█████████         ▏ 1.7 GB/3.3 GB  7.5 MB/s   3m41s[K[?25h[?2026l[?2026h[?25l[A[1Gpulling manifest [K
pulling aeda25e63ebd:  51% ▕█████████         ▏ 1.7 GB/3.3 GB  7.5 MB/s   3m41s[K[?25h[?2026l[?2026h[?25l[A[1Gpulling manifest [K
pulling aeda25e63ebd:  51% ▕█████████         ▏ 1.7 GB/3.3 GB  7.5 MB/s   3m41s[K[?25h[?2026l[?2026h[?25l[A[1Gpulling manifest [K
pulling aeda25e63ebd:  51% ▕█████████         ▏ 1.7 GB/3.3 GB  7.5 MB/s   3m41s[K[?25h[?2026l[?2026h[?25l[A[1Gpulling manifest [K
pulling aeda25e63ebd:  51% ▕█████████         ▏ 1.7 GB/3.3 GB  7.5 MB/s   3m41s[K[?25h[?2026l[?2026h[?25l[A[1Gpulling manifest [K
pulling aeda25e63ebd:  51% ▕█████████         ▏ 1.7 GB/3.3 GB  7.5 MB/s   3m41s[K[?25h[?2026l[?2026h[?25l[A[1Gpulling manifest [K
pulling aeda25e63ebd:  51% ▕█████████         ▏ 1.7 GB/3.3 GB  7.5 MB/s   3m40s[K[?25h[?2026l[?2026h[?25l[A[1Gpulling manifest [K
pulling aeda25e63ebd:  51% ▕█████████         ▏ 1.7 GB/3.3 GB  7.5 MB/s   3m40s[K[?25h[?2026l[?2026h[?25l[A[1Gpulling manifest [K
pulling aeda25e63ebd:  51% ▕█████████         ▏ 1.7 GB/3.3 GB  7.5 MB/s   3m40s[K[?25h[?2026l[?2026h[?25l[A[1Gpulling manifest [K
pulling aeda25e63ebd:  51% ▕█████████         ▏ 1.7 GB/3.3 GB  7.5 MB/s   3m39s[K[?25h[?2026l[?2026h[?25l[A[1Gpulling manifest [K
pulling aeda25e63ebd:  51% ▕█████████         ▏ 1.7 GB/3.3 GB  7.5 MB/s   3m38s[K[?25h[?2026l[?2026h[?25l[A[1Gpulling manifest [K
pulling aeda25e63ebd:  51% ▕█████████         ▏ 1.7 GB/3.3 GB  7.5 MB/s   3m38s[K[?25h[?2026l[?2026h[?25l[A[1Gpulling manifest [K
pulling aeda25e63ebd:  51% ▕█████████         ▏ 1.7 GB/3.3 GB  7.5 MB/s   3m38s[K[?25h[?2026l[?2026h[?25l[A[1Gpulling manifest [K
pulling aeda25e63ebd:  51% ▕█████████         ▏ 1.7 GB/3.3 GB  7.5 MB/s   3m38s[K[?25h[?2026l[?2026h[?25l[A[1Gpulling manifest [K
pulling aeda25e63ebd:  51% ▕█████████         ▏ 1.7 GB/3.3 GB  7.5 MB/s   3m38s[K[?25h[?2026l[?2026h[?25l[A[1Gpulling manifest [K
pulling aeda25e63ebd:  51% ▕█████████         ▏ 1.7 GB/3.3 GB  7.5 MB/s   3m38s[K[?25h[?2026l[?2026h[?25l[A[1Gpulling manifest [K
pulling aeda25e63ebd:  51% ▕█████████         ▏ 1.7 GB/3.3 GB  7.5 MB/s   3m38s[K[?25h[?2026l[?2026h[?25l[A[1Gpulling manifest [K
pulling aeda25e63ebd:  51% ▕█████████         ▏ 1.7 GB/3.3 GB  7.5 MB/s   3m38s[K[?25h[?2026l[?2026h[?25l[A[1Gpulling manifest [K
pulling aeda25e63ebd:  51% ▕█████████         ▏ 1.7 GB/3.3 GB  7.5 MB/s   3m38s[K[?25h[?2026l[?2026h[?25l[A[1Gpulling manifest [K
pulling aeda25e63ebd:  51% ▕█████████         ▏ 1.7 GB/3.3 GB  7.6 MB/s   3m33s[K[?25h[?2026l[?2026h[?25l[A[1Gpulling manifest [K
pulling aeda25e63ebd:  51% ▕█████████         ▏ 1.7 GB/3.3 GB  7.6 MB/s   3m33s[K[?25h[?2026l[?2026h[?25l[A[1Gpulling manifest [K
pulling aeda25e63ebd:  51% ▕█████████         ▏ 1.7 GB/3.3 GB  7.6 MB/s   3m33s[K[?25h[?2026l[?2026h[?25l[A[1Gpulling manifest [K
pulling aeda25e63ebd:  51% ▕█████████         ▏ 1.7 GB/3.3 GB  7.6 MB/s   3m33s[K[?25h[?2026l[?2026h[?25l[A[1Gpulling manifest [K
pulling aeda25e63ebd:  51% ▕█████████         ▏ 1.7 GB/3.3 GB  7.6 MB/s   3m33s[K[?25h[?2026l[?2026h[?25l[A[1Gpulling manifest [K
pulling aeda25e63ebd:  51% ▕█████████         ▏ 1.7 GB/3.3 GB  7.6 MB/s   3m33s[K[?25h[?2026l[?2026h[?25l[A[1Gpulling manifest [K
pulling aeda25e63ebd:  51% ▕█████████         ▏ 1.7 GB/3.3 GB  7.6 MB/s   3m33s[K[?25h[?2026l[?2026h[?25l[A[1Gpulling manifest [K
pulling aeda25e63ebd:  51% ▕█████████         ▏ 1.7 GB/3.3 GB  7.6 MB/s   3m32s[K[?25h[?2026l[?2026h[?25l[A[1Gpulling manifest [K
pulling aeda25e63ebd:  51% ▕█████████         ▏ 1.7 GB/3.3 GB  7.6 MB/s   3m32s[K[?25h[?2026l[?2026h[?25l[A[1Gpulling manifest [K
pulling aeda25e63ebd:  51% ▕█████████         ▏ 1.7 GB/3.3 GB  7.6 MB/s   3m32s[K[?25h[?2026l[?2026h[?25l[A[1Gpulling manifest [K
pulling aeda25e63ebd:  51% ▕█████████         ▏ 1.7 GB/3.3 GB  7.8 MB/s   3m28s[K[?25h[?2026l[?2026h[?25l[A[1Gpulling manifest [K
pulling aeda25e63ebd:  51% ▕█████████         ▏ 1.7 GB/3.3 GB  7.8 MB/s   3m28s[K[?25h[?2026l[?2026h[?25l[A[1Gpulling manifest [K
pulling aeda25e63ebd:  51% ▕█████████         ▏ 1.7 GB/3.3 GB  7.8 MB/s   3m28s[K[?25h[?2026l[?2026h[?25l[A[1Gpulling manifest [K
pulling aeda25e63ebd:  51% ▕█████████         ▏ 1.7 GB/3.3 GB  7.8 MB/s   3m28s[K[?25h[?2026l[?2026h[?25l[A[1Gpulling manifest [K
pulling aeda25e63ebd:  51% ▕█████████         ▏ 1.7 GB/3.3 GB  7.8 MB/s   3m28s[K[?25h[?2026l[?2026h[?25l[A[1Gpulling manifest [K
pulling aeda25e63ebd:  51% ▕█████████         ▏ 1.7 GB/3.3 GB  7.8 MB/s   3m28s[K[?25h[?2026l[?2026h[?25l[A[1Gpulling manifest [K
pulling aeda25e63ebd:  52% ▕█████████         ▏ 1.7 GB/3.3 GB  7.8 MB/s   3m27s[K[?25h[?2026l[?2026h[?25l[A[1Gpulling manifest [K
pulling aeda25e63ebd:  52% ▕█████████         ▏ 1.7 GB/3.3 GB  7.8 MB/s   3m27s[K[?25h[?2026l[?2026h[?25l[A[1Gpulling manifest [K
pulling aeda25e63ebd:  52% ▕█████████         ▏ 1.7 GB/3.3 GB  7.8 MB/s   3m27s[K[?25h[?2026l[?2026h[?25l[A[1Gpulling manifest [K
pulling aeda25e63ebd:  52% ▕█████████         ▏ 1.7 GB/3.3 GB  7.8 MB/s   3m27s[K[?25h[?2026l[?2026h[?25l[A[1Gpulling manifest [K
pulling aeda25e63ebd:  52% ▕█████████         ▏ 1.7 GB/3.3 GB  7.8 MB/s   3m27s[K[?25h[?2026l[?2026h[?25l[A[1Gpulling manifest [K
pulling aeda25e63ebd:  52% ▕█████████         ▏ 1.7 GB/3.3 GB  7.9 MB/s   3m23s[K[?25h[?2026l[?2026h[?25l[A[1Gpulling manifest [K
pulling aeda25e63ebd:  52% ▕█████████         ▏ 1.7 GB/3.3 GB  7.9 MB/s   3m23s[K[?25h[?2026l[?2026h[?25l[A[1Gpulling manifest [K
pulling aeda25e63ebd:  52% ▕█████████         ▏ 1.7 GB/3.3 GB  7.9 MB/s   3m23s[K[?25h[?2026l[?2026h[?25l[A[1Gpulling manifest [K
pulling aeda25e63ebd:  52% ▕█████████         ▏ 1.7 GB/3.3 GB  7.9 MB/s   3m23s[K[?25h[?2026l[?2026h[?25l[A[1Gpulling manifest [K
pulling aeda25e63ebd:  52% ▕█████████         ▏ 1.7 GB/3.3 GB  7.9 MB/s   3m23s[K[?25h[?2026l[?2026h[?25l[A[1Gpulling manifest [K
pulling aeda25e63ebd:  52% ▕█████████         ▏ 1.7 GB/3.3 GB  7.9 MB/s   3m23s[K[?25h[?2026l[?2026h[?25l[A[1Gpulling manifest [K
pulling aeda25e63ebd:  52% ▕█████████         ▏ 1.7 GB/3.3 GB  7.9 MB/s   3m23s[K[?25h[?2026l[?2026h[?25l[A[1Gpulling manifest [K
pulling aeda25e63ebd:  52% ▕█████████         ▏ 1.7 GB/3.3 GB  7.9 MB/s   3m23s[K[?25h[?2026l[?2026h[?25l[A[1Gpulling manifest [K
pulling aeda25e63ebd:  52% ▕█████████         ▏ 1.7 GB/3.3 GB  7.9 MB/s   3m23s[K[?25h[?2026l[?2026h[?25l[A[1Gpulling manifest [K
pulling aeda25e63ebd:  52% ▕█████████         ▏ 1.7 GB/3.3 GB  8.4 MB/s   3m10s[K[?25h[?2026l[?2026h[?25l[A[1Gpulling manifest [K
pulling aeda25e63ebd:  52% ▕█████████         ▏ 1.7 GB/3.3 GB  8.4 MB/s   3m10s[K[?25h[?2026l[?2026h[?25l[A[1Gpulling manifest [K
pulling aeda25e63ebd:  52% ▕█████████         ▏ 1.7 GB/3.3 GB  8.4 MB/s   3m10s[K[?25h[?2026l[?2026h[?25l[A[1Gpulling manifest [K
pulling aeda25e63ebd:  52% ▕█████████         ▏ 1.7 GB/3.3 GB  8.4 MB/s   3m10s[K[?25h[?2026l[?2026h[?25l[A[1Gpulling manifest [K
pulling aeda25e63ebd:  52% ▕█████████         ▏ 1.7 GB/3.3 GB  8.4 MB/s   3m10s[K[?25h[?2026l[?2026h[?25l[A[1Gpulling manifest [K
pulling aeda25e63ebd:  52% ▕█████████         ▏ 1.7 GB/3.3 GB  8.4 MB/s   3m10s[K[?25h[?2026l[?2026h[?25l[A[1Gpulling manifest [K
pulling aeda25e63ebd:  52% ▕█████████         ▏ 1.7 GB/3.3 GB  8.4 MB/s   3m10s[K[?25h[?2026l[?2026h[?25l[A[1Gpulling manifest [K
pulling aeda25e63ebd:  52% ▕█████████         ▏ 1.7 GB/3.3 GB  8.4 MB/s   3m10s[K[?25h[?2026l[?2026h[?25l[A[1Gpulling manifest [K
pulling aeda25e63ebd:  52% ▕█████████         ▏ 1.7 GB/3.3 GB  8.4 MB/s    3m9s[K[?25h[?2026l[?2026h[?25l[A[1Gpulling manifest [K
pulling aeda25e63ebd:  52% ▕█████████         ▏ 1.7 GB/3.3 GB  8.4 MB/s    3m9s[K[?25h[?2026l[?2026h[?25l[A[1Gpulling manifest [K
pulling aeda25e63ebd:  52% ▕█████████         ▏ 1.7 GB/3.3 GB  8.6 MB/s    3m4s[K[?25h[?2026l[?2026h[?25l[A[1Gpulling manifest [K
pulling aeda25e63ebd:  52% ▕█████████         ▏ 1.7 GB/3.3 GB  8.6 MB/s    3m4s[K[?25h[?2026l[?2026h[?25l[A[1Gpulling manifest [K
pulling aeda25e63ebd:  52% ▕█████████         ▏ 1.7 GB/3.3 GB  8.6 MB/s    3m4s[K[?25h[?2026l[?2026h[?25l[A[1Gpulling manifest [K
pulling aeda25e63ebd:  52% ▕█████████         ▏ 1.7 GB/3.3 GB  8.6 MB/s    3m4s[K[?25h[?2026l[?2026h[?25l[A[1Gpulling manifest [K
pulling aeda25e63ebd:  52% ▕█████████         ▏ 1.7 GB/3.3 GB  8.6 MB/s    3m4s[K[?25h[?2026l[?2026h[?25l[A[1Gpulling manifest [K
pulling aeda25e63ebd:  52% ▕█████████         ▏ 1.7 GB/3.3 GB  8.6 MB/s    3m4s[K[?25h[?2026l[?2026h[?25l[A[1Gpulling manifest [K
pulling aeda25e63ebd:  52% ▕█████████         ▏ 1.7 GB/3.3 GB  8.6 MB/s    3m4s[K[?25h[?2026l[?2026h[?25l[A[1Gpulling manifest [K
pulling aeda25e63ebd:  52% ▕█████████         ▏ 1.8 GB/3.3 GB  8.6 MB/s    3m3s[K[?25h[?2026l[?2026h[?25l[A[1Gpulling manifest [K
pulling aeda25e63ebd:  52% ▕█████████         ▏ 1.8 GB/3.3 GB  8.6 MB/s    3m3s[K[?25h[?2026l[?2026h[?25l[A[1Gpulling manifest [K
pulling aeda25e63ebd:  53% ▕█████████         ▏ 1.8 GB/3.3 GB  9.1 MB/s   2m53s[K[?25h[?2026l[?2026h[?25l[A[1Gpulling manifest [K
pulling aeda25e63ebd:  53% ▕█████████         ▏ 1.8 GB/3.3 GB  9.1 MB/s   2m53s[K[?25h[?2026l[?2026h[?25l[A[1Gpulling manifest [K
pulling aeda25e63ebd:  53% ▕█████████         ▏ 1.8 GB/3.3 GB  9.1 MB/s   2m53s[K[?25h[?2026l[?2026h[?25l[A[1Gpulling manifest [K
pulling aeda25e63ebd:  53% ▕█████████         ▏ 1.8 GB/3.3 GB  9.1 MB/s   2m53s[K[?25h[?2026l[?2026h[?25l[A[1Gpulling manifest [K
pulling aeda25e63ebd:  53% ▕█████████         ▏ 1.8 GB/3.3 GB  9.1 MB/s   2m53s[K[?25h[?2026l[?2026h[?25l[A[1Gpulling manifest [K
pulling aeda25e63ebd:  53% ▕█████████         ▏ 1.8 GB/3.3 GB  9.1 MB/s   2m52s[K[?25h[?2026l[?2026h[?25l[A[1Gpulling manifest [K
pulling aeda25e63ebd:  53% ▕█████████         ▏ 1.8 GB/3.3 GB  9.1 MB/s   2m52s[K[?25h[?2026l[?2026h[?25l[A[1Gpulling manifest [K
pulling aeda25e63ebd:  53% ▕█████████         ▏ 1.8 GB/3.3 GB  9.1 MB/s   2m52s[K[?25h[?2026l[?2026h[?25l[A[1Gpulling manifest [K
pulling aeda25e63ebd:  53% ▕█████████         ▏ 1.8 GB/3.3 GB  9.1 MB/s   2m52s[K[?25h[?2026l[?2026h[?25l[A[1Gpulling manifest [K
pulling aeda25e63ebd:  53% ▕█████████         ▏ 1.8 GB/3.3 GB  9.3 MB/s   2m50s[K[?25h[?2026l[?2026h[?25l[A[1Gpulling manifest [K
pulling aeda25e63ebd:  53% ▕█████████         ▏ 1.8 GB/3.3 GB  9.3 MB/s   2m50s[K[?25h[?2026l[?2026h[?25l[A[1Gpulling manifest [K
pulling aeda25e63ebd:  53% ▕█████████         ▏ 1.8 GB/3.3 GB  9.3 MB/s   2m49s[K[?25h[?2026l[?2026h[?25l[A[1Gpulling manifest [K
pulling aeda25e63ebd:  53% ▕█████████         ▏ 1.8 GB/3.3 GB  9.3 MB/s   2m49s[K[?25h[?2026l[?2026h[?25l[A[1Gpulling manifest [K
pulling aeda25e63ebd:  53% ▕█████████         ▏ 1.8 GB/3.3 GB  9.3 MB/s   2m49s[K[?25h[?2026l[?2026h[?25l[A[1Gpulling manifest [K
pulling aeda25e63ebd:  53% ▕█████████         ▏ 1.8 GB/3.3 GB  9.3 MB/s   2m49s[K[?25h[?2026l[?2026h[?25l[A[1Gpulling manifest [K
pulling aeda25e63ebd:  53% ▕█████████         ▏ 1.8 GB/3.3 GB  9.3 MB/s   2m49s[K[?25h[?2026l[?2026h[?25l[A[1Gpulling manifest [K
pulling aeda25e63ebd:  53% ▕█████████         ▏ 1.8 GB/3.3 GB  9.1 MB/s   2m52s[K[?25h[?2026l[?2026h[?25l[A[1Gpulling manifest [K
pulling aeda25e63ebd:  53% ▕█████████         ▏ 1.8 GB/3.3 GB  9.1 MB/s   2m52s[K[?25h[?2026l[?2026h[?25l[A[1Gpulling manifest [K
pulling aeda25e63ebd:  53% ▕█████████         ▏ 1.8 GB/3.3 GB  9.1 MB/s   2m51s[K[?25h[?2026l[?2026h[?25l[A[1Gpulling manifest [K
pulling aeda25e63ebd:  53% ▕█████████         ▏ 1.8 GB/3.3 GB  9.1 MB/s   2m51s[K[?25h[?2026l[?2026h[?25l[A[1Gpulling manifest [K
pulling aeda25e63ebd:  53% ▕█████████         ▏ 1.8 GB/3.3 GB  9.1 MB/s   2m51s[K[?25h[?2026l[?2026h[?25l[A[1Gpulling manifest [K
pulling aeda25e63ebd:  53% ▕█████████         ▏ 1.8 GB/3.3 GB  9.1 MB/s   2m51s[K[?25h[?2026l[?2026h[?25l[A[1Gpulling manifest [K
pulling aeda25e63ebd:  53% ▕█████████         ▏ 1.8 GB/3.3 GB  9.1 MB/s   2m51s[K[?25h[?2026l[?2026h[?25l[A[1Gpulling manifest [K
pulling aeda25e63ebd:  53% ▕█████████         ▏ 1.8 GB/3.3 GB  9.1 MB/s   2m51s[K[?25h[?2026l[?2026h[?25l[A[1Gpulling manifest [K
pulling aeda25e63ebd:  53% ▕█████████         ▏ 1.8 GB/3.3 GB  9.1 MB/s   2m51s[K[?25h[?2026l[?2026h[?25l[A[1Gpulling manifest [K
pulling aeda25e63ebd:  53% ▕█████████         ▏ 1.8 GB/3.3 GB  9.1 MB/s   2m51s[K[?25h[?2026l[?2026h[?25l[A[1Gpulling manifest [K
pulling aeda25e63ebd:  53% ▕█████████         ▏ 1.8 GB/3.3 GB  8.2 MB/s   3m10s[K[?25h[?2026l[?2026h[?25l[A[1Gpulling manifest [K
pulling aeda25e63ebd:  53% ▕█████████         ▏ 1.8 GB/3.3 GB  8.2 MB/s   3m10s[K[?25h[?2026l[?2026h[?25l[A[1Gpulling manifest [K
pulling aeda25e63ebd:  53% ▕█████████         ▏ 1.8 GB/3.3 GB  8.2 MB/s   3m10s[K[?25h[?2026l[?2026h[?25l[A[1Gpulling manifest [K
pulling aeda25e63ebd:  53% ▕█████████         ▏ 1.8 GB/3.3 GB  8.2 MB/s   3m10s[K[?25h[?2026l[?2026h[?25l[A[1Gpulling manifest [K
pulling aeda25e63ebd:  53% ▕█████████         ▏ 1.8 GB/3.3 GB  8.2 MB/s   3m10s[K[?25h[?2026l[?2026h[?25l[A[1Gpulling manifest [K
pulling aeda25e63ebd:  53% ▕█████████         ▏ 1.8 GB/3.3 GB  8.2 MB/s   3m10s[K[?25h[?2026l[?2026h[?25l[A[1Gpulling manifest [K
pulling aeda25e63ebd:  53% ▕█████████         ▏ 1.8 GB/3.3 GB  8.2 MB/s   3m10s[K[?25h[?2026l[?2026h[?25l[A[1Gpulling manifest [K
pulling aeda25e63ebd:  53% ▕█████████         ▏ 1.8 GB/3.3 GB  8.2 MB/s   3m10s[K[?25h[?2026l[?2026h[?25l[A[1Gpulling manifest [K
pulling aeda25e63ebd:  53% ▕█████████         ▏ 1.8 GB/3.3 GB  8.2 MB/s   3m10s[K[?25h[?2026l[?2026h[?25l[A[1Gpulling manifest [K
pulling aeda25e63ebd:  53% ▕█████████         ▏ 1.8 GB/3.3 GB  9.1 MB/s   2m50s[K[?25h[?2026l[?2026h[?25l[A[1Gpulling manifest [K
pulling aeda25e63ebd:  53% ▕█████████         ▏ 1.8 GB/3.3 GB  9.1 MB/s   2m50s[K[?25h[?2026l[?2026h[?25l[A[1Gpulling manifest [K
pulling aeda25e63ebd:  54% ▕█████████         ▏ 1.8 GB/3.3 GB  9.1 MB/s   2m50s[K[?25h[?2026l[?2026h[?25l[A[1Gpulling manifest [K
pulling aeda25e63ebd:  54% ▕█████████         ▏ 1.8 GB/3.3 GB  9.1 MB/s   2m50s[K[?25h[?2026l[?2026h[?25l[A[1Gpulling manifest [K
pulling aeda25e63ebd:  54% ▕█████████         ▏ 1.8 GB/3.3 GB  9.1 MB/s   2m50s[K[?25h[?2026l[?2026h[?25l[A[1Gpulling manifest [K
pulling aeda25e63ebd:  54% ▕█████████         ▏ 1.8 GB/3.3 GB  9.1 MB/s   2m50s[K[?25h[?2026l[?2026h[?25l[A[1Gpulling manifest [K
pulling aeda25e63ebd:  54% ▕█████████         ▏ 1.8 GB/3.3 GB  9.1 MB/s   2m50s[K[?25h[?2026l[?2026h[?25l[A[1Gpulling manifest [K
pulling aeda25e63ebd:  54% ▕█████████         ▏ 1.8 GB/3.3 GB  7.6 MB/s   3m22s[K[?25h[?2026l[?2026h[?25l[A[1Gpulling manifest [K
pulling aeda25e63ebd:  54% ▕█████████         ▏ 1.8 GB/3.3 GB  7.6 MB/s   3m22s[K[?25h[?2026l[?2026h[?25l[A[1Gpulling manifest [K
pulling aeda25e63ebd:  54% ▕█████████         ▏ 1.8 GB/3.3 GB  7.6 MB/s   3m22s[K[?25h[?2026l[?2026h[?25l[A[1Gpulling manifest [K
pulling aeda25e63ebd:  54% ▕█████████         ▏ 1.8 GB/3.3 GB  7.6 MB/s   3m21s[K[?25h[?2026l[?2026h[?25l[A[1Gpulling manifest [K
pulling aeda25e63ebd:  54% ▕█████████         ▏ 1.8 GB/3.3 GB  7.6 MB/s   3m21s[K[?25h[?2026l[?2026h[?25l[A[1Gpulling manifest [K
pulling aeda25e63ebd:  54% ▕█████████         ▏ 1.8 GB/3.3 GB  7.6 MB/s   3m21s[K[?25h[?2026l[?2026h[?25l[A[1Gpulling manifest [K
pulling aeda25e63ebd:  54% ▕█████████         ▏ 1.8 GB/3.3 GB  7.6 MB/s   3m21s[K[?25h[?2026l[?2026h[?25l[A[1Gpulling manifest [K
pulling aeda25e63ebd:  54% ▕█████████         ▏ 1.8 GB/3.3 GB  7.7 MB/s   3m18s[K[?25h[?2026l[?2026h[?25l[A[1Gpulling manifest [K
pulling aeda25e63ebd:  54% ▕█████████         ▏ 1.8 GB/3.3 GB  7.7 MB/s   3m18s[K[?25h[?2026l[?2026h[?25l[A[1Gpulling manifest [K
pulling aeda25e63ebd:  54% ▕█████████         ▏ 1.8 GB/3.3 GB  7.7 MB/s   3m18s[K[?25h[?2026l[?2026h[?25l[A[1Gpulling manifest [K
pulling aeda25e63ebd:  54% ▕█████████         ▏ 1.8 GB/3.3 GB  7.7 MB/s   3m18s[K[?25h[?2026l[?2026h[?25l[A[1Gpulling manifest [K
pulling aeda25e63ebd:  54% ▕█████████         ▏ 1.8 GB/3.3 GB  7.7 MB/s   3m18s[K[?25h[?2026l[?2026h[?25l[A[1Gpulling manifest [K
pulling aeda25e63ebd:  54% ▕█████████         ▏ 1.8 GB/3.3 GB  7.7 MB/s   3m17s[K[?25h[?2026l[?2026h[?25l[A[1Gpulling manifest [K
pulling aeda25e63ebd:  54% ▕█████████         ▏ 1.8 GB/3.3 GB  7.7 MB/s   3m17s[K[?25h[?2026l[?2026h[?25l[A[1Gpulling manifest [K
pulling aeda25e63ebd:  54% ▕█████████         ▏ 1.8 GB/3.3 GB  7.7 MB/s   3m17s[K[?25h[?2026l[?2026h[?25l[A[1Gpulling manifest [K
pulling aeda25e63ebd:  54% ▕█████████         ▏ 1.8 GB/3.3 GB  7.9 MB/s   3m14s[K[?25h[?2026l[?2026h[?25l[A[1Gpulling manifest [K
pulling aeda25e63ebd:  54% ▕█████████         ▏ 1.8 GB/3.3 GB  7.9 MB/s   3m14s[K[?25h[?2026l[?2026h[?25l[A[1Gpulling manifest [K
pulling aeda25e63ebd:  54% ▕█████████         ▏ 1.8 GB/3.3 GB  7.9 MB/s   3m14s[K[?25h[?2026l[?2026h[?25l[A[1Gpulling manifest [K
pulling aeda25e63ebd:  54% ▕█████████         ▏ 1.8 GB/3.3 GB  7.9 MB/s   3m14s[K[?25h[?2026l[?2026h[?25l[A[1Gpulling manifest [K
pulling aeda25e63ebd:  54% ▕█████████         ▏ 1.8 GB/3.3 GB  7.9 MB/s   3m14s[K[?25h[?2026l[?2026h[?25l[A[1Gpulling manifest [K
pulling aeda25e63ebd:  54% ▕█████████         ▏ 1.8 GB/3.3 GB  7.9 MB/s   3m13s[K[?25h[?2026l[?2026h[?25l[A[1Gpulling manifest [K
pulling aeda25e63ebd:  54% ▕█████████         ▏ 1.8 GB/3.3 GB  7.9 MB/s   3m13s[K[?25h[?2026l[?2026h[?25l[A[1Gpulling manifest [K
pulling aeda25e63ebd:  54% ▕█████████         ▏ 1.8 GB/3.3 GB  7.9 MB/s   3m13s[K[?25h[?2026l[?2026h[?25l[A[1Gpulling manifest [K
pulling aeda25e63ebd:  54% ▕█████████         ▏ 1.8 GB/3.3 GB  7.9 MB/s   3m11s[K[?25h[?2026l[?2026h[?25l[A[1Gpulling manifest [K
pulling aeda25e63ebd:  54% ▕█████████         ▏ 1.8 GB/3.3 GB  7.9 MB/s   3m11s[K[?25h[?2026l[?2026h[?25l[A[1Gpulling manifest [K
pulling aeda25e63ebd:  54% ▕█████████         ▏ 1.8 GB/3.3 GB  7.9 MB/s   3m11s[K[?25h[?2026l[?2026h[?25l[A[1Gpulling manifest [K
pulling aeda25e63ebd:  55% ▕█████████         ▏ 1.8 GB/3.3 GB  7.9 MB/s   3m11s[K[?25h[?2026l[?2026h[?25l[A[1Gpulling manifest [K
pulling aeda25e63ebd:  55% ▕█████████         ▏ 1.8 GB/3.3 GB  7.9 MB/s   3m11s[K[?25h[?2026l[?2026h[?25l[A[1Gpulling manifest [K
pulling aeda25e63ebd:  55% ▕█████████         ▏ 1.8 GB/3.3 GB  7.9 MB/s   3m10s[K[?25h[?2026l[?2026h[?25l[A[1Gpulling manifest [K
pulling aeda25e63ebd:  55% ▕█████████         ▏ 1.8 GB/3.3 GB  7.9 MB/s   3m10s[K[?25h[?2026l[?2026h[?25l[A[1Gpulling manifest [K
pulling aeda25e63ebd:  55% ▕█████████         ▏ 1.8 GB/3.3 GB  7.9 MB/s   3m10s[K[?25h[?2026l[?2026h[?25l[A[1Gpulling manifest [K
pulling aeda25e63ebd:  55% ▕█████████         ▏ 1.8 GB/3.3 GB  7.9 MB/s   3m10s[K[?25h[?2026l[?2026h[?25l[A[1Gpulling manifest [K
pulling aeda25e63ebd:  55% ▕█████████         ▏ 1.8 GB/3.3 GB  7.6 MB/s   3m18s[K[?25h[?2026l[?2026h[?25l[A[1Gpulling manifest [K
pulling aeda25e63ebd:  55% ▕█████████         ▏ 1.8 GB/3.3 GB  7.6 MB/s   3m18s[K[?25h[?2026l[?2026h[?25l[A[1Gpulling manifest [K
pulling aeda25e63ebd:  55% ▕█████████         ▏ 1.8 GB/3.3 GB  7.6 MB/s   3m18s[K[?25h[?2026l[?2026h[?25l[A[1Gpulling manifest [K
pulling aeda25e63ebd:  55% ▕█████████         ▏ 1.8 GB/3.3 GB  7.6 MB/s   3m18s[K[?25h[?2026l[?2026h[?25l[A[1Gpulling manifest [K
pulling aeda25e63ebd:  55% ▕█████████         ▏ 1.8 GB/3.3 GB  7.6 MB/s   3m17s[K[?25h[?2026l[?2026h[?25l[A[1Gpulling manifest [K
pulling aeda25e63ebd:  55% ▕█████████         ▏ 1.8 GB/3.3 GB  7.6 MB/s   3m17s[K[?25h[?2026l[?2026h[?25l[A[1Gpulling manifest [K
pulling aeda25e63ebd:  55% ▕█████████         ▏ 1.8 GB/3.3 GB  7.6 MB/s   3m17s[K[?25h[?2026l[?2026h[?25l[A[1Gpulling manifest [K
pulling aeda25e63ebd:  55% ▕█████████         ▏ 1.8 GB/3.3 GB  7.6 MB/s   3m17s[K[?25h[?2026l[?2026h[?25l[A[1Gpulling manifest [K
pulling aeda25e63ebd:  55% ▕█████████         ▏ 1.8 GB/3.3 GB  7.6 MB/s   3m17s[K[?25h[?2026l[?2026h[?25l[A[1Gpulling manifest [K
pulling aeda25e63ebd:  55% ▕█████████         ▏ 1.8 GB/3.3 GB  7.6 MB/s   3m17s[K[?25h[?2026l[?2026h[?25l[A[1Gpulling manifest [K
pulling aeda25e63ebd:  55% ▕█████████         ▏ 1.8 GB/3.3 GB  7.6 MB/s   3m17s[K[?25h[?2026l[?2026h[?25l[A[1Gpulling manifest [K
pulling aeda25e63ebd:  55% ▕█████████         ▏ 1.8 GB/3.3 GB  8.0 MB/s    3m6s[K[?25h[?2026l[?2026h[?25l[A[1Gpulling manifest [K
pulling aeda25e63ebd:  55% ▕█████████         ▏ 1.8 GB/3.3 GB  8.0 MB/s    3m6s[K[?25h[?2026l[?2026h[?25l[A[1Gpulling manifest [K
pulling aeda25e63ebd:  55% ▕█████████         ▏ 1.8 GB/3.3 GB  8.0 MB/s    3m6s[K[?25h[?2026l[?2026h[?25l[A[1Gpulling manifest [K
pulling aeda25e63ebd:  55% ▕█████████         ▏ 1.8 GB/3.3 GB  8.0 MB/s    3m6s[K[?25h[?2026l[?2026h[?25l[A[1Gpulling manifest [K
pulling aeda25e63ebd:  55% ▕█████████         ▏ 1.8 GB/3.3 GB  8.0 MB/s    3m6s[K[?25h[?2026l[?2026h[?25l[A[1Gpulling manifest [K
pulling aeda25e63ebd:  55% ▕█████████         ▏ 1.8 GB/3.3 GB  8.0 MB/s    3m6s[K[?25h[?2026l[?2026h[?25l[A[1Gpulling manifest [K
pulling aeda25e63ebd:  55% ▕█████████         ▏ 1.8 GB/3.3 GB  8.0 MB/s    3m6s[K[?25h[?2026l[?2026h[?25l[A[1Gpulling manifest [K
pulling aeda25e63ebd:  55% ▕█████████         ▏ 1.8 GB/3.3 GB  8.0 MB/s    3m5s[K[?25h[?2026l[?2026h[?25l[A[1Gpulling manifest [K
pulling aeda25e63ebd:  55% ▕█████████         ▏ 1.8 GB/3.3 GB  8.0 MB/s    3m5s[K[?25h[?2026l[?2026h[?25l[A[1Gpulling manifest [K
pulling aeda25e63ebd:  55% ▕█████████         ▏ 1.9 GB/3.3 GB  8.0 MB/s    3m5s[K[?25h[?2026l[?2026h[?25l[A[1Gpulling manifest [K
pulling aeda25e63ebd:  55% ▕█████████         ▏ 1.9 GB/3.3 GB  8.3 MB/s   2m58s[K[?25h[?2026l[?2026h[?25l[A[1Gpulling manifest [K
pulling aeda25e63ebd:  55% ▕█████████         ▏ 1.9 GB/3.3 GB  8.3 MB/s   2m58s[K[?25h[?2026l[?2026h[?25l[A[1Gpulling manifest [K
pulling aeda25e63ebd:  55% ▕█████████         ▏ 1.9 GB/3.3 GB  8.3 MB/s   2m58s[K[?25h[?2026l[?2026h[?25l[A[1Gpulling manifest [K
pulling aeda25e63ebd:  56% ▕█████████         ▏ 1.9 GB/3.3 GB  8.3 MB/s   2m58s[K[?25h[?2026l[?2026h[?25l[A[1Gpulling manifest [K
pulling aeda25e63ebd:  56% ▕██████████        ▏ 1.9 GB/3.3 GB  8.3 MB/s   2m58s[K[?25h[?2026l[?2026h[?25l[A[1Gpulling manifest [K
pulling aeda25e63ebd:  56% ▕██████████        ▏ 1.9 GB/3.3 GB  8.3 MB/s   2m58s[K[?25h[?2026l[?2026h[?25l[A[1Gpulling manifest [K
pulling aeda25e63ebd:  56% ▕██████████        ▏ 1.9 GB/3.3 GB  8.3 MB/s   2m57s[K[?25h[?2026l[?2026h[?25l[A[1Gpulling manifest [K
pulling aeda25e63ebd:  56% ▕██████████        ▏ 1.9 GB/3.3 GB  8.3 MB/s   2m57s[K[?25h[?2026l[?2026h[?25l[A[1Gpulling manifest [K
pulling aeda25e63ebd:  56% ▕██████████        ▏ 1.9 GB/3.3 GB  8.3 MB/s   2m57s[K[?25h[?2026l[?2026h[?25l[A[1Gpulling manifest [K
pulling aeda25e63ebd:  56% ▕██████████        ▏ 1.9 GB/3.3 GB  8.3 MB/s   2m57s[K[?25h[?2026l[?2026h[?25l[A[1Gpulling manifest [K
pulling aeda25e63ebd:  56% ▕██████████        ▏ 1.9 GB/3.3 GB  8.3 MB/s   2m57s[K[?25h[?2026l[?2026h[?25l[A[1Gpulling manifest [K
pulling aeda25e63ebd:  56% ▕██████████        ▏ 1.9 GB/3.3 GB  8.5 MB/s   2m53s[K[?25h[?2026l[?2026h[?25l[A[1Gpulling manifest [K
pulling aeda25e63ebd:  56% ▕██████████        ▏ 1.9 GB/3.3 GB  8.5 MB/s   2m53s[K[?25h[?2026l[?2026h[?25l[A[1Gpulling manifest [K
pulling aeda25e63ebd:  56% ▕██████████        ▏ 1.9 GB/3.3 GB  8.5 MB/s   2m53s[K[?25h[?2026l[?2026h[?25l[A[1Gpulling manifest [K
pulling aeda25e63ebd:  56% ▕██████████        ▏ 1.9 GB/3.3 GB  8.5 MB/s   2m53s[K[?25h[?2026l[?2026h[?25l[A[1Gpulling manifest [K
pulling aeda25e63ebd:  56% ▕██████████        ▏ 1.9 GB/3.3 GB  8.5 MB/s   2m52s[K[?25h[?2026l[?2026h[?25l[A[1Gpulling manifest [K
pulling aeda25e63ebd:  56% ▕██████████        ▏ 1.9 GB/3.3 GB  8.5 MB/s   2m52s[K[?25h[?2026l[?2026h[?25l[A[1Gpulling manifest [K
pulling aeda25e63ebd:  56% ▕██████████        ▏ 1.9 GB/3.3 GB  8.5 MB/s   2m52s[K[?25h[?2026l[?2026h[?25l[A[1Gpulling manifest [K
pulling aeda25e63ebd:  56% ▕██████████        ▏ 1.9 GB/3.3 GB  8.5 MB/s   2m52s[K[?25h[?2026l[?2026h[?25l[A[1Gpulling manifest [K
pulling aeda25e63ebd:  56% ▕██████████        ▏ 1.9 GB/3.3 GB  8.5 MB/s   2m52s[K[?25h[?2026l[?2026h[?25l[A[1Gpulling manifest [K
pulling aeda25e63ebd:  56% ▕██████████        ▏ 1.9 GB/3.3 GB  8.5 MB/s   2m52s[K[?25h[?2026l[?2026h[?25l[A[1Gpulling manifest [K
pulling aeda25e63ebd:  56% ▕██████████        ▏ 1.9 GB/3.3 GB  8.5 MB/s   2m52s[K[?25h[?2026l[?2026h[?25l[A[1Gpulling manifest [K
pulling aeda25e63ebd:  56% ▕██████████        ▏ 1.9 GB/3.3 GB  8.5 MB/s   2m52s[K[?25h[?2026l[?2026h[?25l[A[1Gpulling manifest [K
pulling aeda25e63ebd:  56% ▕██████████        ▏ 1.9 GB/3.3 GB  8.5 MB/s   2m52s[K[?25h[?2026l[?2026h[?25l[A[1Gpulling manifest [K
pulling aeda25e63ebd:  56% ▕██████████        ▏ 1.9 GB/3.3 GB  8.5 MB/s   2m52s[K[?25h[?2026l[?2026h[?25l[A[1Gpulling manifest [K
pulling aeda25e63ebd:  56% ▕██████████        ▏ 1.9 GB/3.3 GB  8.5 MB/s   2m52s[K[?25h[?2026l[?2026h[?25l[A[1Gpulling manifest [K
pulling aeda25e63ebd:  56% ▕██████████        ▏ 1.9 GB/3.3 GB  8.5 MB/s   2m52s[K[?25h[?2026l[?2026h[?25l[A[1Gpulling manifest [K
pulling aeda25e63ebd:  56% ▕██████████        ▏ 1.9 GB/3.3 GB  8.5 MB/s   2m52s[K[?25h[?2026l[?2026h[?25l[A[1Gpulling manifest [K
pulling aeda25e63ebd:  56% ▕██████████        ▏ 1.9 GB/3.3 GB  8.5 MB/s   2m52s[K[?25h[?2026l[?2026h[?25l[A[1Gpulling manifest [K
pulling aeda25e63ebd:  56% ▕██████████        ▏ 1.9 GB/3.3 GB  8.5 MB/s   2m52s[K[?25h[?2026l[?2026h[?25l[A[1Gpulling manifest [K
pulling aeda25e63ebd:  56% ▕██████████        ▏ 1.9 GB/3.3 GB  8.5 MB/s   2m52s[K[?25h[?2026l[?2026h[?25l[A[1Gpulling manifest [K
pulling aeda25e63ebd:  56% ▕██████████        ▏ 1.9 GB/3.3 GB  8.5 MB/s   2m52s[K[?25h[?2026l[?2026h[?25l[A[1Gpulling manifest [K
pulling aeda25e63ebd:  56% ▕██████████        ▏ 1.9 GB/3.3 GB  8.5 MB/s   2m52s[K[?25h[?2026l[?2026h[?25l[A[1Gpulling manifest [K
pulling aeda25e63ebd:  56% ▕██████████        ▏ 1.9 GB/3.3 GB  8.5 MB/s   2m52s[K[?25h[?2026l[?2026h[?25l[A[1Gpulling manifest [K
pulling aeda25e63ebd:  56% ▕██████████        ▏ 1.9 GB/3.3 GB  8.5 MB/s   2m52s[K[?25h[?2026l[?2026h[?25l[A[1Gpulling manifest [K
pulling aeda25e63ebd:  56% ▕██████████        ▏ 1.9 GB/3.3 GB  8.5 MB/s   2m52s[K[?25h[?2026l[?2026h[?25l[A[1Gpulling manifest [K
pulling aeda25e63ebd:  56% ▕██████████        ▏ 1.9 GB/3.3 GB  8.5 MB/s   2m52s[K[?25h[?2026l[?2026h[?25l[A[1Gpulling manifest [K
pulling aeda25e63ebd:  56% ▕██████████        ▏ 1.9 GB/3.3 GB  8.5 MB/s   2m52s[K[?25h[?2026l[?2026h[?25l[A[1Gpulling manifest [K
pulling aeda25e63ebd:  56% ▕██████████        ▏ 1.9 GB/3.3 GB  8.5 MB/s   2m52s[K[?25h[?2026l[?2026h[?25l[A[1Gpulling manifest [K
pulling aeda25e63ebd:  56% ▕██████████        ▏ 1.9 GB/3.3 GB  8.5 MB/s   2m52s[K[?25h[?2026l[?2026h[?25l[A[1Gpulling manifest [K
pulling aeda25e63ebd:  56% ▕██████████        ▏ 1.9 GB/3.3 GB  8.1 MB/s   2m58s[K[?25h[?2026l[?2026h[?25l[A[1Gpulling manifest [K
pulling aeda25e63ebd:  56% ▕██████████        ▏ 1.9 GB/3.3 GB  8.1 MB/s   2m58s[K[?25h[?2026l[?2026h[?25l[A[1Gpulling manifest [K
pulling aeda25e63ebd:  56% ▕██████████        ▏ 1.9 GB/3.3 GB  8.1 MB/s   2m58s[K[?25h[?2026l[?2026h[?25l[A[1Gpulling manifest [K
pulling aeda25e63ebd:  56% ▕██████████        ▏ 1.9 GB/3.3 GB  8.1 MB/s   2m58s[K[?25h[?2026l[?2026h[?25l[A[1Gpulling manifest [K
pulling aeda25e63ebd:  56% ▕██████████        ▏ 1.9 GB/3.3 GB  8.1 MB/s   2m58s[K[?25h[?2026l[?2026h[?25l[A[1Gpulling manifest [K
pulling aeda25e63ebd:  56% ▕██████████        ▏ 1.9 GB/3.3 GB  8.1 MB/s   2m58s[K[?25h[?2026l[?2026h[?25l[A[1Gpulling manifest [K
pulling aeda25e63ebd:  56% ▕██████████        ▏ 1.9 GB/3.3 GB  8.1 MB/s   2m58s[K[?25h[?2026l[?2026h[?25l[A[1Gpulling manifest [K
pulling aeda25e63ebd:  56% ▕██████████        ▏ 1.9 GB/3.3 GB  8.1 MB/s   2m58s[K[?25h[?2026l[?2026h[?25l[A[1Gpulling manifest [K
pulling aeda25e63ebd:  57% ▕██████████        ▏ 1.9 GB/3.3 GB  8.1 MB/s   2m58s[K[?25h[?2026l[?2026h[?25l[A[1Gpulling manifest [K
pulling aeda25e63ebd:  57% ▕██████████        ▏ 1.9 GB/3.3 GB  8.1 MB/s   2m58s[K[?25h[?2026l[?2026h[?25l[A[1Gpulling manifest [K
pulling aeda25e63ebd:  57% ▕██████████        ▏ 1.9 GB/3.3 GB  7.9 MB/s    3m3s[K[?25h[?2026l[?2026h[?25l[A[1Gpulling manifest [K
pulling aeda25e63ebd:  57% ▕██████████        ▏ 1.9 GB/3.3 GB  7.9 MB/s    3m3s[K[?25h[?2026l[?2026h[?25l[A[1Gpulling manifest [K
pulling aeda25e63ebd:  57% ▕██████████        ▏ 1.9 GB/3.3 GB  7.9 MB/s    3m2s[K[?25h[?2026l[?2026h[?25l[A[1Gpulling manifest [K
pulling aeda25e63ebd:  57% ▕██████████        ▏ 1.9 GB/3.3 GB  7.9 MB/s    3m2s[K[?25h[?2026l[?2026h[?25l[A[1Gpulling manifest [K
pulling aeda25e63ebd:  57% ▕██████████        ▏ 1.9 GB/3.3 GB  7.9 MB/s    3m2s[K[?25h[?2026l[?2026h[?25l[A[1Gpulling manifest [K
pulling aeda25e63ebd:  57% ▕██████████        ▏ 1.9 GB/3.3 GB  7.9 MB/s    3m2s[K[?25h[?2026l[?2026h[?25l[A[1Gpulling manifest [K
pulling aeda25e63ebd:  57% ▕██████████        ▏ 1.9 GB/3.3 GB  7.9 MB/s    3m2s[K[?25h[?2026l[?2026h[?25l[A[1Gpulling manifest [K
pulling aeda25e63ebd:  57% ▕██████████        ▏ 1.9 GB/3.3 GB  7.9 MB/s    3m2s[K[?25h[?2026l[?2026h[?25l[A[1Gpulling manifest [K
pulling aeda25e63ebd:  57% ▕██████████        ▏ 1.9 GB/3.3 GB  7.9 MB/s    3m2s[K[?25h[?2026l[?2026h[?25l[A[1Gpulling manifest [K
pulling aeda25e63ebd:  57% ▕██████████        ▏ 1.9 GB/3.3 GB  7.9 MB/s    3m2s[K[?25h[?2026l[?2026h[?25l[A[1Gpulling manifest [K
pulling aeda25e63ebd:  57% ▕██████████        ▏ 1.9 GB/3.3 GB  8.0 MB/s   2m59s[K[?25h[?2026l[?2026h[?25l[A[1Gpulling manifest [K
pulling aeda25e63ebd:  57% ▕██████████        ▏ 1.9 GB/3.3 GB  8.0 MB/s   2m59s[K[?25h[?2026l[?2026h[?25l[A[1Gpulling manifest [K
pulling aeda25e63ebd:  57% ▕██████████        ▏ 1.9 GB/3.3 GB  8.0 MB/s   2m59s[K[?25h[?2026l[?2026h[?25l[A[1Gpulling manifest [K
pulling aeda25e63ebd:  57% ▕██████████        ▏ 1.9 GB/3.3 GB  8.0 MB/s   2m59s[K[?25h[?2026l[?2026h[?25l[A[1Gpulling manifest [K
pulling aeda25e63ebd:  57% ▕██████████        ▏ 1.9 GB/3.3 GB  8.0 MB/s   2m59s[K[?25h[?2026l[?2026h[?25l[A[1Gpulling manifest [K
pulling aeda25e63ebd:  57% ▕██████████        ▏ 1.9 GB/3.3 GB  8.0 MB/s   2m59s[K[?25h[?2026l[?2026h[?25l[A[1Gpulling manifest [K
pulling aeda25e63ebd:  57% ▕██████████        ▏ 1.9 GB/3.3 GB  8.0 MB/s   2m59s[K[?25h[?2026l[?2026h[?25l[A[1Gpulling manifest [K
pulling aeda25e63ebd:  57% ▕██████████        ▏ 1.9 GB/3.3 GB  8.0 MB/s   2m59s[K[?25h[?2026l[?2026h[?25l[A[1Gpulling manifest [K
pulling aeda25e63ebd:  57% ▕██████████        ▏ 1.9 GB/3.3 GB  8.0 MB/s   2m58s[K[?25h[?2026l[?2026h[?25l[A[1Gpulling manifest [K
pulling aeda25e63ebd:  57% ▕██████████        ▏ 1.9 GB/3.3 GB  8.0 MB/s   2m58s[K[?25h[?2026l[?2026h[?25l[A[1Gpulling manifest [K
pulling aeda25e63ebd:  57% ▕██████████        ▏ 1.9 GB/3.3 GB  8.0 MB/s   2m58s[K[?25h[?2026l[?2026h[?25l[A[1Gpulling manifest [K
pulling aeda25e63ebd:  57% ▕██████████        ▏ 1.9 GB/3.3 GB  8.0 MB/s   2m59s[K[?25h[?2026l[?2026h[?25l[A[1Gpulling manifest [K
pulling aeda25e63ebd:  57% ▕██████████        ▏ 1.9 GB/3.3 GB  8.0 MB/s   2m59s[K[?25h[?2026l[?2026h[?25l[A[1Gpulling manifest [K
pulling aeda25e63ebd:  57% ▕██████████        ▏ 1.9 GB/3.3 GB  8.0 MB/s   2m58s[K[?25h[?2026l[?2026h[?25l[A[1Gpulling manifest [K
pulling aeda25e63ebd:  57% ▕██████████        ▏ 1.9 GB/3.3 GB  8.0 MB/s   2m58s[K[?25h[?2026l[?2026h[?25l[A[1Gpulling manifest [K
pulling aeda25e63ebd:  57% ▕██████████        ▏ 1.9 GB/3.3 GB  8.0 MB/s   2m58s[K[?25h[?2026l[?2026h[?25l[A[1Gpulling manifest [K
pulling aeda25e63ebd:  57% ▕██████████        ▏ 1.9 GB/3.3 GB  8.0 MB/s   2m58s[K[?25h[?2026l[?2026h[?25l[A[1Gpulling manifest [K
pulling aeda25e63ebd:  57% ▕██████████        ▏ 1.9 GB/3.3 GB  8.0 MB/s   2m58s[K[?25h[?2026l[?2026h[?25l[A[1Gpulling manifest [K
pulling aeda25e63ebd:  57% ▕██████████        ▏ 1.9 GB/3.3 GB  8.0 MB/s   2m58s[K[?25h[?2026l[?2026h[?25l[A[1Gpulling manifest [K
pulling aeda25e63ebd:  57% ▕██████████        ▏ 1.9 GB/3.3 GB  8.0 MB/s   2m58s[K[?25h[?2026l[?2026h[?25l[A[1Gpulling manifest [K
pulling aeda25e63ebd:  57% ▕██████████        ▏ 1.9 GB/3.3 GB  8.0 MB/s   2m58s[K[?25h[?2026l[?2026h[?25l[A[1Gpulling manifest [K
pulling aeda25e63ebd:  57% ▕██████████        ▏ 1.9 GB/3.3 GB  7.6 MB/s    3m6s[K[?25h[?2026l[?2026h[?25l[A[1Gpulling manifest [K
pulling aeda25e63ebd:  57% ▕██████████        ▏ 1.9 GB/3.3 GB  7.6 MB/s    3m6s[K[?25h[?2026l[?2026h[?25l[A[1Gpulling manifest [K
pulling aeda25e63ebd:  57% ▕██████████        ▏ 1.9 GB/3.3 GB  7.6 MB/s    3m6s[K[?25h[?2026l[?2026h[?25l[A[1Gpulling manifest [K
pulling aeda25e63ebd:  58% ▕██████████        ▏ 1.9 GB/3.3 GB  7.6 MB/s    3m6s[K[?25h[?2026l[?2026h[?25l[A[1Gpulling manifest [K
pulling aeda25e63ebd:  58% ▕██████████        ▏ 1.9 GB/3.3 GB  7.6 MB/s    3m6s[K[?25h[?2026l[?2026h[?25l[A[1Gpulling manifest [K
pulling aeda25e63ebd:  58% ▕██████████        ▏ 1.9 GB/3.3 GB  7.6 MB/s    3m6s[K[?25h[?2026l[?2026h[?25l[A[1Gpulling manifest [K
pulling aeda25e63ebd:  58% ▕██████████        ▏ 1.9 GB/3.3 GB  7.6 MB/s    3m6s[K[?25h[?2026l[?2026h[?25l[A[1Gpulling manifest [K
pulling aeda25e63ebd:  58% ▕██████████        ▏ 1.9 GB/3.3 GB  7.6 MB/s    3m6s[K[?25h[?2026l[?2026h[?25l[A[1Gpulling manifest [K
pulling aeda25e63ebd:  58% ▕██████████        ▏ 1.9 GB/3.3 GB  7.6 MB/s    3m6s[K[?25h[?2026l[?2026h[?25l[A[1Gpulling manifest [K
pulling aeda25e63ebd:  58% ▕██████████        ▏ 1.9 GB/3.3 GB  7.6 MB/s    3m5s[K[?25h[?2026l[?2026h[?25l[A[1Gpulling manifest [K
pulling aeda25e63ebd:  58% ▕██████████        ▏ 1.9 GB/3.3 GB  7.5 MB/s    3m9s[K[?25h[?2026l[?2026h[?25l[A[1Gpulling manifest [K
pulling aeda25e63ebd:  58% ▕██████████        ▏ 1.9 GB/3.3 GB  7.5 MB/s    3m9s[K[?25h[?2026l[?2026h[?25l[A[1Gpulling manifest [K
pulling aeda25e63ebd:  58% ▕██████████        ▏ 1.9 GB/3.3 GB  7.5 MB/s    3m8s[K[?25h[?2026l[?2026h[?25l[A[1Gpulling manifest [K
pulling aeda25e63ebd:  58% ▕██████████        ▏ 1.9 GB/3.3 GB  7.5 MB/s    3m8s[K[?25h[?2026l[?2026h[?25l[A[1Gpulling manifest [K
pulling aeda25e63ebd:  58% ▕██████████        ▏ 1.9 GB/3.3 GB  7.5 MB/s    3m8s[K[?25h[?2026l[?2026h[?25l[A[1Gpulling manifest [K
pulling aeda25e63ebd:  58% ▕██████████        ▏ 1.9 GB/3.3 GB  7.5 MB/s    3m8s[K[?25h[?2026l[?2026h[?25l[A[1Gpulling manifest [K
pulling aeda25e63ebd:  58% ▕██████████        ▏ 1.9 GB/3.3 GB  7.5 MB/s    3m8s[K[?25h[?2026l[?2026h[?25l[A[1Gpulling manifest [K
pulling aeda25e63ebd:  58% ▕██████████        ▏ 1.9 GB/3.3 GB  7.5 MB/s    3m8s[K[?25h[?2026l[?2026h[?25l[A[1Gpulling manifest [K
pulling aeda25e63ebd:  58% ▕██████████        ▏ 1.9 GB/3.3 GB  7.5 MB/s    3m8s[K[?25h[?2026l[?2026h[?25l[A[1Gpulling manifest [K
pulling aeda25e63ebd:  58% ▕██████████        ▏ 1.9 GB/3.3 GB  7.5 MB/s    3m8s[K[?25h[?2026l[?2026h[?25l[A[1Gpulling manifest [K
pulling aeda25e63ebd:  58% ▕██████████        ▏ 1.9 GB/3.3 GB  7.5 MB/s    3m8s[K[?25h[?2026l[?2026h[?25l[A[1Gpulling manifest [K
pulling aeda25e63ebd:  58% ▕██████████        ▏ 1.9 GB/3.3 GB  7.3 MB/s   3m13s[K[?25h[?2026l[?2026h[?25l[A[1Gpulling manifest [K
pulling aeda25e63ebd:  58% ▕██████████        ▏ 1.9 GB/3.3 GB  7.3 MB/s   3m12s[K[?25h[?2026l[?2026h[?25l[A[1Gpulling manifest [K
pulling aeda25e63ebd:  58% ▕██████████        ▏ 1.9 GB/3.3 GB  7.3 MB/s   3m12s[K[?25h[?2026l[?2026h[?25l[A[1Gpulling manifest [K
pulling aeda25e63ebd:  58% ▕██████████        ▏ 1.9 GB/3.3 GB  7.3 MB/s   3m12s[K[?25h[?2026l[?2026h[?25l[A[1Gpulling manifest [K
pulling aeda25e63ebd:  58% ▕██████████        ▏ 1.9 GB/3.3 GB  7.3 MB/s   3m12s[K[?25h[?2026l[?2026h[?25l[A[1Gpulling manifest [K
pulling aeda25e63ebd:  58% ▕██████████        ▏ 1.9 GB/3.3 GB  7.3 MB/s   3m12s[K[?25h[?2026l[?2026h[?25l[A[1Gpulling manifest [K
pulling aeda25e63ebd:  58% ▕██████████        ▏ 1.9 GB/3.3 GB  7.3 MB/s   3m12s[K[?25h[?2026l[?2026h[?25l[A[1Gpulling manifest [K
pulling aeda25e63ebd:  58% ▕██████████        ▏ 1.9 GB/3.3 GB  7.3 MB/s   3m12s[K[?25h[?2026l[?2026h[?25l[A[1Gpulling manifest [K
pulling aeda25e63ebd:  58% ▕██████████        ▏ 1.9 GB/3.3 GB  7.3 MB/s   3m12s[K[?25h[?2026l[?2026h[?25l[A[1Gpulling manifest [K
pulling aeda25e63ebd:  58% ▕██████████        ▏ 1.9 GB/3.3 GB  7.1 MB/s   3m17s[K[?25h[?2026l[?2026h[?25l[A[1Gpulling manifest [K
pulling aeda25e63ebd:  58% ▕██████████        ▏ 1.9 GB/3.3 GB  7.1 MB/s   3m17s[K[?25h[?2026l[?2026h[?25l[A[1Gpulling manifest [K
pulling aeda25e63ebd:  58% ▕██████████        ▏ 1.9 GB/3.3 GB  7.1 MB/s   3m16s[K[?25h[?2026l[?2026h[?25l[A[1Gpulling manifest [K
pulling aeda25e63ebd:  58% ▕██████████        ▏ 1.9 GB/3.3 GB  7.1 MB/s   3m16s[K[?25h[?2026l[?2026h[?25l[A[1Gpulling manifest [K
pulling aeda25e63ebd:  58% ▕██████████        ▏ 1.9 GB/3.3 GB  7.1 MB/s   3m16s[K[?25h[?2026l[?2026h[?25l[A[1Gpulling manifest [K
pulling aeda25e63ebd:  58% ▕██████████        ▏ 1.9 GB/3.3 GB  7.1 MB/s   3m16s[K[?25h[?2026l[?2026h[?25l[A[1Gpulling manifest [K
pulling aeda25e63ebd:  58% ▕██████████        ▏ 1.9 GB/3.3 GB  7.1 MB/s   3m16s[K[?25h[?2026l[?2026h[?25l[A[1Gpulling manifest [K
pulling aeda25e63ebd:  58% ▕██████████        ▏ 1.9 GB/3.3 GB  7.1 MB/s   3m16s[K[?25h[?2026l[?2026h[?25l[A[1Gpulling manifest [K
pulling aeda25e63ebd:  58% ▕██████████        ▏ 1.9 GB/3.3 GB  7.1 MB/s   3m16s[K[?25h[?2026l[?2026h[?25l[A[1Gpulling manifest [K
pulling aeda25e63ebd:  58% ▕██████████        ▏ 1.9 GB/3.3 GB  7.1 MB/s   3m16s[K[?25h[?2026l[?2026h[?25l[A[1Gpulling manifest [K
pulling aeda25e63ebd:  58% ▕██████████        ▏ 1.9 GB/3.3 GB  7.1 MB/s   3m16s[K[?25h[?2026l[?2026h[?25l[A[1Gpulling manifest [K
pulling aeda25e63ebd:  58% ▕██████████        ▏ 1.9 GB/3.3 GB  7.3 MB/s    3m9s[K[?25h[?2026l[?2026h[?25l[A[1Gpulling manifest [K
pulling aeda25e63ebd:  58% ▕██████████        ▏ 1.9 GB/3.3 GB  7.3 MB/s    3m9s[K[?25h[?2026l[?2026h[?25l[A[1Gpulling manifest [K
pulling aeda25e63ebd:  58% ▕██████████        ▏ 2.0 GB/3.3 GB  7.3 MB/s    3m9s[K[?25h[?2026l[?2026h[?25l[A[1Gpulling manifest [K
pulling aeda25e63ebd:  58% ▕██████████        ▏ 2.0 GB/3.3 GB  7.3 MB/s    3m9s[K[?25h[?2026l[?2026h[?25l[A[1Gpulling manifest [K
pulling aeda25e63ebd:  58% ▕██████████        ▏ 2.0 GB/3.3 GB  7.3 MB/s    3m8s[K[?25h[?2026l[?2026h[?25l[A[1Gpulling manifest [K
pulling aeda25e63ebd:  58% ▕██████████        ▏ 2.0 GB/3.3 GB  7.3 MB/s    3m8s[K[?25h[?2026l[?2026h[?25l[A[1Gpulling manifest [K
pulling aeda25e63ebd:  58% ▕██████████        ▏ 2.0 GB/3.3 GB  7.3 MB/s    3m8s[K[?25h[?2026l[?2026h[?25l[A[1Gpulling manifest [K
pulling aeda25e63ebd:  58% ▕██████████        ▏ 2.0 GB/3.3 GB  7.3 MB/s    3m8s[K[?25h[?2026l[?2026h[?25l[A[1Gpulling manifest [K
pulling aeda25e63ebd:  59% ▕██████████        ▏ 2.0 GB/3.3 GB  7.3 MB/s    3m8s[K[?25h[?2026l[?2026h[?25l[A[1Gpulling manifest [K
pulling aeda25e63ebd:  59% ▕██████████        ▏ 2.0 GB/3.3 GB  7.3 MB/s    3m8s[K[?25h[?2026l[?2026h[?25l[A[1Gpulling manifest [K
pulling aeda25e63ebd:  59% ▕██████████        ▏ 2.0 GB/3.3 GB  8.0 MB/s   2m53s[K[?25h[?2026l[?2026h[?25l[A[1Gpulling manifest [K
pulling aeda25e63ebd:  59% ▕██████████        ▏ 2.0 GB/3.3 GB  8.0 MB/s   2m53s[K[?25h[?2026l[?2026h[?25l[A[1Gpulling manifest [K
pulling aeda25e63ebd:  59% ▕██████████        ▏ 2.0 GB/3.3 GB  8.0 MB/s   2m53s[K[?25h[?2026l[?2026h[?25l[A[1Gpulling manifest [K
pulling aeda25e63ebd:  59% ▕██████████        ▏ 2.0 GB/3.3 GB  8.0 MB/s   2m53s[K[?25h[?2026l[?2026h[?25l[A[1Gpulling manifest [K
pulling aeda25e63ebd:  59% ▕██████████        ▏ 2.0 GB/3.3 GB  8.0 MB/s   2m53s[K[?25h[?2026l[?2026h[?25l[A[1Gpulling manifest [K
pulling aeda25e63ebd:  59% ▕██████████        ▏ 2.0 GB/3.3 GB  8.0 MB/s   2m53s[K[?25h[?2026l[?2026h[?25l[A[1Gpulling manifest [K
pulling aeda25e63ebd:  59% ▕██████████        ▏ 2.0 GB/3.3 GB  8.0 MB/s   2m53s[K[?25h[?2026l[?2026h[?25l[A[1Gpulling manifest [K
pulling aeda25e63ebd:  59% ▕██████████        ▏ 2.0 GB/3.3 GB  8.0 MB/s   2m53s[K[?25h[?2026l[?2026h[?25l[A[1Gpulling manifest [K
pulling aeda25e63ebd:  59% ▕██████████        ▏ 2.0 GB/3.3 GB  8.0 MB/s   2m53s[K[?25h[?2026l[?2026h[?25l[A[1Gpulling manifest [K
pulling aeda25e63ebd:  59% ▕██████████        ▏ 2.0 GB/3.3 GB  8.0 MB/s   2m53s[K[?25h[?2026l[?2026h[?25l[A[1Gpulling manifest [K
pulling aeda25e63ebd:  59% ▕██████████        ▏ 2.0 GB/3.3 GB  7.7 MB/s    3m0s[K[?25h[?2026l[?2026h[?25l[A[1Gpulling manifest [K
pulling aeda25e63ebd:  59% ▕██████████        ▏ 2.0 GB/3.3 GB  7.7 MB/s   2m59s[K[?25h[?2026l[?2026h[?25l[A[1Gpulling manifest [K
pulling aeda25e63ebd:  59% ▕██████████        ▏ 2.0 GB/3.3 GB  7.7 MB/s   2m59s[K[?25h[?2026l[?2026h[?25l[A[1Gpulling manifest [K
pulling aeda25e63ebd:  59% ▕██████████        ▏ 2.0 GB/3.3 GB  7.7 MB/s   2m59s[K[?25h[?2026l[?2026h[?25l[A[1Gpulling manifest [K
pulling aeda25e63ebd:  59% ▕██████████        ▏ 2.0 GB/3.3 GB  7.7 MB/s   2m59s[K[?25h[?2026l[?2026h[?25l[A[1Gpulling manifest [K
pulling aeda25e63ebd:  59% ▕██████████        ▏ 2.0 GB/3.3 GB  7.7 MB/s   2m59s[K[?25h[?2026l[?2026h[?25l[A[1Gpulling manifest [K
pulling aeda25e63ebd:  59% ▕██████████        ▏ 2.0 GB/3.3 GB  7.7 MB/s   2m59s[K[?25h[?2026l[?2026h[?25l[A[1Gpulling manifest [K
pulling aeda25e63ebd:  59% ▕██████████        ▏ 2.0 GB/3.3 GB  7.7 MB/s   2m59s[K[?25h[?2026l[?2026h[?25l[A[1Gpulling manifest [K
pulling aeda25e63ebd:  59% ▕██████████        ▏ 2.0 GB/3.3 GB  7.7 MB/s   2m59s[K[?25h[?2026l[?2026h[?25l[A[1Gpulling manifest [K
pulling aeda25e63ebd:  59% ▕██████████        ▏ 2.0 GB/3.3 GB  7.7 MB/s   2m59s[K[?25h[?2026l[?2026h[?25l[A[1Gpulling manifest [K
pulling aeda25e63ebd:  59% ▕██████████        ▏ 2.0 GB/3.3 GB  7.7 MB/s   2m59s[K[?25h[?2026l[?2026h[?25l[A[1Gpulling manifest [K
pulling aeda25e63ebd:  59% ▕██████████        ▏ 2.0 GB/3.3 GB  7.6 MB/s    3m0s[K[?25h[?2026l[?2026h[?25l[A[1Gpulling manifest [K
pulling aeda25e63ebd:  59% ▕██████████        ▏ 2.0 GB/3.3 GB  7.6 MB/s   2m59s[K[?25h[?2026l[?2026h[?25l[A[1Gpulling manifest [K
pulling aeda25e63ebd:  59% ▕██████████        ▏ 2.0 GB/3.3 GB  7.6 MB/s   2m59s[K[?25h[?2026l[?2026h[?25l[A[1Gpulling manifest [K
pulling aeda25e63ebd:  59% ▕██████████        ▏ 2.0 GB/3.3 GB  7.6 MB/s   2m59s[K[?25h[?2026l[?2026h[?25l[A[1Gpulling manifest [K
pulling aeda25e63ebd:  59% ▕██████████        ▏ 2.0 GB/3.3 GB  7.6 MB/s   2m59s[K[?25h[?2026l[?2026h[?25l[A[1Gpulling manifest [K
pulling aeda25e63ebd:  59% ▕██████████        ▏ 2.0 GB/3.3 GB  7.6 MB/s   2m59s[K[?25h[?2026l[?2026h[?25l[A[1Gpulling manifest [K
pulling aeda25e63ebd:  59% ▕██████████        ▏ 2.0 GB/3.3 GB  7.6 MB/s   2m59s[K[?25h[?2026l[?2026h[?25l[A[1Gpulling manifest [K
pulling aeda25e63ebd:  59% ▕██████████        ▏ 2.0 GB/3.3 GB  7.6 MB/s   2m59s[K[?25h[?2026l[?2026h[?25l[A[1Gpulling manifest [K
pulling aeda25e63ebd:  59% ▕██████████        ▏ 2.0 GB/3.3 GB  7.6 MB/s   2m59s[K[?25h[?2026l[?2026h[?25l[A[1Gpulling manifest [K
pulling aeda25e63ebd:  59% ▕██████████        ▏ 2.0 GB/3.3 GB  7.6 MB/s   2m59s[K[?25h[?2026l[?2026h[?25l[A[1Gpulling manifest [K
pulling aeda25e63ebd:  59% ▕██████████        ▏ 2.0 GB/3.3 GB  7.6 MB/s   2m59s[K[?25h[?2026l[?2026h[?25l[A[1Gpulling manifest [K
pulling aeda25e63ebd:  59% ▕██████████        ▏ 2.0 GB/3.3 GB  7.4 MB/s    3m3s[K[?25h[?2026l[?2026h[?25l[A[1Gpulling manifest [K
pulling aeda25e63ebd:  59% ▕██████████        ▏ 2.0 GB/3.3 GB  7.4 MB/s    3m3s[K[?25h[?2026l[?2026h[?25l[A[1Gpulling manifest [K
pulling aeda25e63ebd:  59% ▕██████████        ▏ 2.0 GB/3.3 GB  7.4 MB/s    3m3s[K[?25h[?2026l[?2026h[?25l[A[1Gpulling manifest [K
pulling aeda25e63ebd:  59% ▕██████████        ▏ 2.0 GB/3.3 GB  7.4 MB/s    3m3s[K[?25h[?2026l[?2026h[?25l[A[1Gpulling manifest [K
pulling aeda25e63ebd:  59% ▕██████████        ▏ 2.0 GB/3.3 GB  7.4 MB/s    3m3s[K[?25h[?2026l[?2026h[?25l[A[1Gpulling manifest [K
pulling aeda25e63ebd:  59% ▕██████████        ▏ 2.0 GB/3.3 GB  7.4 MB/s    3m2s[K[?25h[?2026l[?2026h[?25l[A[1Gpulling manifest [K
pulling aeda25e63ebd:  59% ▕██████████        ▏ 2.0 GB/3.3 GB  7.4 MB/s    3m2s[K[?25h[?2026l[?2026h[?25l[A[1Gpulling manifest [K
pulling aeda25e63ebd:  59% ▕██████████        ▏ 2.0 GB/3.3 GB  7.4 MB/s    3m2s[K[?25h[?2026l[?2026h[?25l[A[1Gpulling manifest [K
pulling aeda25e63ebd:  59% ▕██████████        ▏ 2.0 GB/3.3 GB  7.4 MB/s    3m2s[K[?25h[?2026l[?2026h[?25l[A[1Gpulling manifest [K
pulling aeda25e63ebd:  59% ▕██████████        ▏ 2.0 GB/3.3 GB  7.4 MB/s    3m2s[K[?25h[?2026l[?2026h[?25l[A[1Gpulling manifest [K
pulling aeda25e63ebd:  59% ▕██████████        ▏ 2.0 GB/3.3 GB  7.4 MB/s    3m3s[K[?25h[?2026l[?2026h[?25l[A[1Gpulling manifest [K
pulling aeda25e63ebd:  59% ▕██████████        ▏ 2.0 GB/3.3 GB  7.4 MB/s    3m3s[K[?25h[?2026l[?2026h[?25l[A[1Gpulling manifest [K
pulling aeda25e63ebd:  59% ▕██████████        ▏ 2.0 GB/3.3 GB  7.4 MB/s    3m3s[K[?25h[?2026l[?2026h[?25l[A[1Gpulling manifest [K
pulling aeda25e63ebd:  59% ▕██████████        ▏ 2.0 GB/3.3 GB  7.4 MB/s    3m3s[K[?25h[?2026l[?2026h[?25l[A[1Gpulling manifest [K
pulling aeda25e63ebd:  60% ▕██████████        ▏ 2.0 GB/3.3 GB  7.4 MB/s    3m3s[K[?25h[?2026l[?2026h[?25l[A[1Gpulling manifest [K
pulling aeda25e63ebd:  60% ▕██████████        ▏ 2.0 GB/3.3 GB  7.4 MB/s    3m3s[K[?25h[?2026l[?2026h[?25l[A[1Gpulling manifest [K
pulling aeda25e63ebd:  60% ▕██████████        ▏ 2.0 GB/3.3 GB  7.4 MB/s    3m3s[K[?25h[?2026l[?2026h[?25l[A[1Gpulling manifest [K
pulling aeda25e63ebd:  60% ▕██████████        ▏ 2.0 GB/3.3 GB  7.4 MB/s    3m3s[K[?25h[?2026l[?2026h[?25l[A[1Gpulling manifest [K
pulling aeda25e63ebd:  60% ▕██████████        ▏ 2.0 GB/3.3 GB  7.0 MB/s   3m12s[K[?25h[?2026l[?2026h[?25l[A[1Gpulling manifest [K
pulling aeda25e63ebd:  60% ▕██████████        ▏ 2.0 GB/3.3 GB  7.0 MB/s   3m12s[K[?25h[?2026l[?2026h[?25l[A[1Gpulling manifest [K
pulling aeda25e63ebd:  60% ▕██████████        ▏ 2.0 GB/3.3 GB  7.0 MB/s   3m12s[K[?25h[?2026l[?2026h[?25l[A[1Gpulling manifest [K
pulling aeda25e63ebd:  60% ▕██████████        ▏ 2.0 GB/3.3 GB  7.0 MB/s   3m12s[K[?25h[?2026l[?2026h[?25l[A[1Gpulling manifest [K
pulling aeda25e63ebd:  60% ▕██████████        ▏ 2.0 GB/3.3 GB  7.0 MB/s   3m11s[K[?25h[?2026l[?2026h[?25l[A[1Gpulling manifest [K
pulling aeda25e63ebd:  60% ▕██████████        ▏ 2.0 GB/3.3 GB  7.0 MB/s   3m11s[K[?25h[?2026l[?2026h[?25l[A[1Gpulling manifest [K
pulling aeda25e63ebd:  60% ▕██████████        ▏ 2.0 GB/3.3 GB  7.0 MB/s   3m11s[K[?25h[?2026l[?2026h[?25l[A[1Gpulling manifest [K
pulling aeda25e63ebd:  60% ▕██████████        ▏ 2.0 GB/3.3 GB  7.0 MB/s   3m11s[K[?25h[?2026l[?2026h[?25l[A[1Gpulling manifest [K
pulling aeda25e63ebd:  60% ▕██████████        ▏ 2.0 GB/3.3 GB  7.0 MB/s   3m12s[K[?25h[?2026l[?2026h[?25l[A[1Gpulling manifest [K
pulling aeda25e63ebd:  60% ▕██████████        ▏ 2.0 GB/3.3 GB  7.0 MB/s   3m12s[K[?25h[?2026l[?2026h[?25l[A[1Gpulling manifest [K
pulling aeda25e63ebd:  60% ▕██████████        ▏ 2.0 GB/3.3 GB  7.0 MB/s   3m12s[K[?25h[?2026l[?2026h[?25l[A[1Gpulling manifest [K
pulling aeda25e63ebd:  60% ▕██████████        ▏ 2.0 GB/3.3 GB  7.0 MB/s   3m12s[K[?25h[?2026l[?2026h[?25l[A[1Gpulling manifest [K
pulling aeda25e63ebd:  60% ▕██████████        ▏ 2.0 GB/3.3 GB  7.0 MB/s   3m12s[K[?25h[?2026l[?2026h[?25l[A[1Gpulling manifest [K
pulling aeda25e63ebd:  60% ▕██████████        ▏ 2.0 GB/3.3 GB  7.0 MB/s   3m12s[K[?25h[?2026l[?2026h[?25l[A[1Gpulling manifest [K
pulling aeda25e63ebd:  60% ▕██████████        ▏ 2.0 GB/3.3 GB  7.0 MB/s   3m12s[K[?25h[?2026l[?2026h[?25l[A[1Gpulling manifest [K
pulling aeda25e63ebd:  60% ▕██████████        ▏ 2.0 GB/3.3 GB  7.0 MB/s   3m12s[K[?25h[?2026l[?2026h[?25l[A[1Gpulling manifest [K
pulling aeda25e63ebd:  60% ▕██████████        ▏ 2.0 GB/3.3 GB  7.0 MB/s   3m11s[K[?25h[?2026l[?2026h[?25l[A[1Gpulling manifest [K
pulling aeda25e63ebd:  60% ▕██████████        ▏ 2.0 GB/3.3 GB  7.0 MB/s   3m11s[K[?25h[?2026l[?2026h[?25l[A[1Gpulling manifest [K
pulling aeda25e63ebd:  60% ▕██████████        ▏ 2.0 GB/3.3 GB  6.3 MB/s   3m33s[K[?25h[?2026l[?2026h[?25l[A[1Gpulling manifest [K
pulling aeda25e63ebd:  60% ▕██████████        ▏ 2.0 GB/3.3 GB  6.3 MB/s   3m33s[K[?25h[?2026l[?2026h[?25l[A[1Gpulling manifest [K
pulling aeda25e63ebd:  60% ▕██████████        ▏ 2.0 GB/3.3 GB  6.3 MB/s   3m33s[K[?25h[?2026l[?2026h[?25l[A[1Gpulling manifest [K
pulling aeda25e63ebd:  60% ▕██████████        ▏ 2.0 GB/3.3 GB  6.3 MB/s   3m33s[K[?25h[?2026l[?2026h[?25l[A[1Gpulling manifest [K
pulling aeda25e63ebd:  60% ▕██████████        ▏ 2.0 GB/3.3 GB  6.3 MB/s   3m32s[K[?25h[?2026l[?2026h[?25l[A[1Gpulling manifest [K
pulling aeda25e63ebd:  60% ▕██████████        ▏ 2.0 GB/3.3 GB  6.3 MB/s   3m32s[K[?25h[?2026l[?2026h[?25l[A[1Gpulling manifest [K
pulling aeda25e63ebd:  60% ▕██████████        ▏ 2.0 GB/3.3 GB  6.3 MB/s   3m32s[K[?25h[?2026l[?2026h[?25l[A[1Gpulling manifest [K
pulling aeda25e63ebd:  60% ▕██████████        ▏ 2.0 GB/3.3 GB  6.3 MB/s   3m32s[K[?25h[?2026l[?2026h[?25l[A[1Gpulling manifest [K
pulling aeda25e63ebd:  60% ▕██████████        ▏ 2.0 GB/3.3 GB  6.3 MB/s   3m31s[K[?25h[?2026l[?2026h[?25l[A[1Gpulling manifest [K
pulling aeda25e63ebd:  60% ▕██████████        ▏ 2.0 GB/3.3 GB  6.3 MB/s   3m31s[K[?25h[?2026l[?2026h[?25l[A[1Gpulling manifest [K
pulling aeda25e63ebd:  60% ▕██████████        ▏ 2.0 GB/3.3 GB  7.4 MB/s   2m58s[K[?25h[?2026l[?2026h[?25l[A[1Gpulling manifest [K
pulling aeda25e63ebd:  60% ▕██████████        ▏ 2.0 GB/3.3 GB  7.4 MB/s   2m58s[K[?25h[?2026l[?2026h[?25l[A[1Gpulling manifest [K
pulling aeda25e63ebd:  60% ▕██████████        ▏ 2.0 GB/3.3 GB  7.4 MB/s   2m58s[K[?25h[?2026l[?2026h[?25l[A[1Gpulling manifest [K
pulling aeda25e63ebd:  60% ▕██████████        ▏ 2.0 GB/3.3 GB  7.4 MB/s   2m58s[K[?25h[?2026l[?2026h[?25l[A[1Gpulling manifest [K
pulling aeda25e63ebd:  60% ▕██████████        ▏ 2.0 GB/3.3 GB  7.4 MB/s   2m58s[K[?25h[?2026l[?2026h[?25l[A[1Gpulling manifest [K
pulling aeda25e63ebd:  60% ▕██████████        ▏ 2.0 GB/3.3 GB  7.4 MB/s   2m58s[K[?25h[?2026l[?2026h[?25l[A[1Gpulling manifest [K
pulling aeda25e63ebd:  61% ▕██████████        ▏ 2.0 GB/3.3 GB  7.4 MB/s   2m58s[K[?25h[?2026l[?2026h[?25l[A[1Gpulling manifest [K
pulling aeda25e63ebd:  61% ▕██████████        ▏ 2.0 GB/3.3 GB  7.4 MB/s   2m58s[K[?25h[?2026l[?2026h[?25l[A[1Gpulling manifest [K
pulling aeda25e63ebd:  61% ▕██████████        ▏ 2.0 GB/3.3 GB  7.4 MB/s   2m58s[K[?25h[?2026l[?2026h[?25l[A[1Gpulling manifest [K
pulling aeda25e63ebd:  61% ▕██████████        ▏ 2.0 GB/3.3 GB  7.4 MB/s   2m58s[K[?25h[?2026l[?2026h[?25l[A[1Gpulling manifest [K
pulling aeda25e63ebd:  61% ▕██████████        ▏ 2.0 GB/3.3 GB  7.4 MB/s   2m58s[K[?25h[?2026l[?2026h[?25l[A[1Gpulling manifest [K
pulling aeda25e63ebd:  61% ▕██████████        ▏ 2.0 GB/3.3 GB  7.5 MB/s   2m54s[K[?25h[?2026l[?2026h[?25l[A[1Gpulling manifest [K
pulling aeda25e63ebd:  61% ▕██████████        ▏ 2.0 GB/3.3 GB  7.5 MB/s   2m54s[K[?25h[?2026l[?2026h[?25l[A[1Gpulling manifest [K
pulling aeda25e63ebd:  61% ▕██████████        ▏ 2.0 GB/3.3 GB  7.5 MB/s   2m54s[K[?25h[?2026l[?2026h[?25l[A[1Gpulling manifest [K
pulling aeda25e63ebd:  61% ▕██████████        ▏ 2.0 GB/3.3 GB  7.5 MB/s   2m53s[K[?25h[?2026l[?2026h[?25l[A[1Gpulling manifest [K
pulling aeda25e63ebd:  61% ▕██████████        ▏ 2.0 GB/3.3 GB  7.5 MB/s   2m53s[K[?25h[?2026l[?2026h[?25l[A[1Gpulling manifest [K
pulling aeda25e63ebd:  61% ▕██████████        ▏ 2.0 GB/3.3 GB  7.5 MB/s   2m53s[K[?25h[?2026l[?2026h[?25l[A[1Gpulling manifest [K
pulling aeda25e63ebd:  61% ▕██████████        ▏ 2.0 GB/3.3 GB  7.5 MB/s   2m53s[K[?25h[?2026l[?2026h[?25l[A[1Gpulling manifest [K
pulling aeda25e63ebd:  61% ▕██████████        ▏ 2.0 GB/3.3 GB  7.5 MB/s   2m53s[K[?25h[?2026l[?2026h[?25l[A[1Gpulling manifest [K
pulling aeda25e63ebd:  61% ▕██████████        ▏ 2.0 GB/3.3 GB  8.0 MB/s   2m42s[K[?25h[?2026l[?2026h[?25l[A[1Gpulling manifest [K
pulling aeda25e63ebd:  61% ▕██████████        ▏ 2.0 GB/3.3 GB  8.0 MB/s   2m42s[K[?25h[?2026l[?2026h[?25l[A[1Gpulling manifest [K
pulling aeda25e63ebd:  61% ▕██████████        ▏ 2.0 GB/3.3 GB  8.0 MB/s   2m42s[K[?25h[?2026l[?2026h[?25l[A[1Gpulling manifest [K
pulling aeda25e63ebd:  61% ▕██████████        ▏ 2.0 GB/3.3 GB  8.0 MB/s   2m42s[K[?25h[?2026l[?2026h[?25l[A[1Gpulling manifest [K
pulling aeda25e63ebd:  61% ▕██████████        ▏ 2.0 GB/3.3 GB  8.0 MB/s   2m42s[K[?25h[?2026l[?2026h[?25l[A[1Gpulling manifest [K
pulling aeda25e63ebd:  61% ▕██████████        ▏ 2.0 GB/3.3 GB  8.0 MB/s   2m42s[K[?25h[?2026l[?2026h[?25l[A[1Gpulling manifest [K
pulling aeda25e63ebd:  61% ▕██████████        ▏ 2.0 GB/3.3 GB  8.0 MB/s   2m41s[K[?25h[?2026l[?2026h[?25l[A[1Gpulling manifest [K
pulling aeda25e63ebd:  61% ▕██████████        ▏ 2.0 GB/3.3 GB  8.0 MB/s   2m41s[K[?25h[?2026l[?2026h[?25l[A[1Gpulling manifest [K
pulling aeda25e63ebd:  61% ▕██████████        ▏ 2.0 GB/3.3 GB  8.0 MB/s   2m41s[K[?25h[?2026l[?2026h[?25l[A[1Gpulling manifest [K
pulling aeda25e63ebd:  61% ▕██████████        ▏ 2.0 GB/3.3 GB  8.0 MB/s   2m41s[K[?25h[?2026l[?2026h[?25l[A[1Gpulling manifest [K
pulling aeda25e63ebd:  61% ▕██████████        ▏ 2.0 GB/3.3 GB  7.3 MB/s   2m58s[K[?25h[?2026l[?2026h[?25l[A[1Gpulling manifest [K
pulling aeda25e63ebd:  61% ▕███████████       ▏ 2.0 GB/3.3 GB  7.3 MB/s   2m58s[K[?25h[?2026l[?2026h[?25l[A[1Gpulling manifest [K
pulling aeda25e63ebd:  61% ▕███████████       ▏ 2.0 GB/3.3 GB  7.3 MB/s   2m58s[K[?25h[?2026l[?2026h[?25l[A[1Gpulling manifest [K
pulling aeda25e63ebd:  61% ▕███████████       ▏ 2.0 GB/3.3 GB  7.3 MB/s   2m58s[K[?25h[?2026l[?2026h[?25l[A[1Gpulling manifest [K
pulling aeda25e63ebd:  61% ▕███████████       ▏ 2.0 GB/3.3 GB  7.3 MB/s   2m57s[K[?25h[?2026l[?2026h[?25l[A[1Gpulling manifest [K
pulling aeda25e63ebd:  61% ▕███████████       ▏ 2.0 GB/3.3 GB  7.3 MB/s   2m57s[K[?25h[?2026l[?2026h[?25l[A[1Gpulling manifest [K
pulling aeda25e63ebd:  61% ▕███████████       ▏ 2.0 GB/3.3 GB  7.3 MB/s   2m57s[K[?25h[?2026l[?2026h[?25l[A[1Gpulling manifest [K
pulling aeda25e63ebd:  61% ▕███████████       ▏ 2.0 GB/3.3 GB  7.3 MB/s   2m57s[K[?25h[?2026l[?2026h[?25l[A[1Gpulling manifest [K
pulling aeda25e63ebd:  61% ▕███████████       ▏ 2.0 GB/3.3 GB  7.3 MB/s   2m57s[K[?25h[?2026l[?2026h[?25l[A[1Gpulling manifest [K
pulling aeda25e63ebd:  61% ▕███████████       ▏ 2.0 GB/3.3 GB  7.3 MB/s   2m57s[K[?25h[?2026l[?2026h[?25l[A[1Gpulling manifest [K
pulling aeda25e63ebd:  61% ▕███████████       ▏ 2.0 GB/3.3 GB  7.3 MB/s   2m57s[K[?25h[?2026l[?2026h[?25l[A[1Gpulling manifest [K
pulling aeda25e63ebd:  61% ▕███████████       ▏ 2.0 GB/3.3 GB  8.1 MB/s   2m39s[K[?25h[?2026l[?2026h[?25l[A[1Gpulling manifest [K
pulling aeda25e63ebd:  61% ▕███████████       ▏ 2.0 GB/3.3 GB  8.1 MB/s   2m39s[K[?25h[?2026l[?2026h[?25l[A[1Gpulling manifest [K
pulling aeda25e63ebd:  61% ▕███████████       ▏ 2.1 GB/3.3 GB  8.1 MB/s   2m39s[K[?25h[?2026l[?2026h[?25l[A[1Gpulling manifest [K
pulling aeda25e63ebd:  61% ▕███████████       ▏ 2.1 GB/3.3 GB  8.1 MB/s   2m39s[K[?25h[?2026l[?2026h[?25l[A[1Gpulling manifest [K
pulling aeda25e63ebd:  61% ▕███████████       ▏ 2.1 GB/3.3 GB  8.1 MB/s   2m39s[K[?25h[?2026l[?2026h[?25l[A[1Gpulling manifest [K
pulling aeda25e63ebd:  61% ▕███████████       ▏ 2.1 GB/3.3 GB  8.1 MB/s   2m38s[K[?25h[?2026l[?2026h[?25l[A[1Gpulling manifest [K
pulling aeda25e63ebd:  61% ▕███████████       ▏ 2.1 GB/3.3 GB  8.1 MB/s   2m38s[K[?25h[?2026l[?2026h[?25l[A[1Gpulling manifest [K
pulling aeda25e63ebd:  61% ▕███████████       ▏ 2.1 GB/3.3 GB  8.1 MB/s   2m38s[K[?25h[?2026l[?2026h[?25l[A[1Gpulling manifest [K
pulling aeda25e63ebd:  62% ▕███████████       ▏ 2.1 GB/3.3 GB  8.1 MB/s   2m38s[K[?25h[?2026l[?2026h[?25l[A[1Gpulling manifest [K
pulling aeda25e63ebd:  62% ▕███████████       ▏ 2.1 GB/3.3 GB  8.1 MB/s   2m38s[K[?25h[?2026l[?2026h[?25l[A[1Gpulling manifest [K
pulling aeda25e63ebd:  62% ▕███████████       ▏ 2.1 GB/3.3 GB  8.1 MB/s   2m38s[K[?25h[?2026l[?2026h[?25l[A[1Gpulling manifest [K
pulling aeda25e63ebd:  62% ▕███████████       ▏ 2.1 GB/3.3 GB  7.3 MB/s   2m56s[K[?25h[?2026l[?2026h[?25l[A[1Gpulling manifest [K
pulling aeda25e63ebd:  62% ▕███████████       ▏ 2.1 GB/3.3 GB  7.3 MB/s   2m56s[K[?25h[?2026l[?2026h[?25l[A[1Gpulling manifest [K
pulling aeda25e63ebd:  62% ▕███████████       ▏ 2.1 GB/3.3 GB  7.3 MB/s   2m56s[K[?25h[?2026l[?2026h[?25l[A[1Gpulling manifest [K
pulling aeda25e63ebd:  62% ▕███████████       ▏ 2.1 GB/3.3 GB  7.3 MB/s   2m56s[K[?25h[?2026l[?2026h[?25l[A[1Gpulling manifest [K
pulling aeda25e63ebd:  62% ▕███████████       ▏ 2.1 GB/3.3 GB  7.3 MB/s   2m56s[K[?25h[?2026l[?2026h[?25l[A[1Gpulling manifest [K
pulling aeda25e63ebd:  62% ▕███████████       ▏ 2.1 GB/3.3 GB  7.3 MB/s   2m55s[K[?25h[?2026l[?2026h[?25l[A[1Gpulling manifest [K
pulling aeda25e63ebd:  62% ▕███████████       ▏ 2.1 GB/3.3 GB  7.3 MB/s   2m55s[K[?25h[?2026l[?2026h[?25l[A[1Gpulling manifest [K
pulling aeda25e63ebd:  62% ▕███████████       ▏ 2.1 GB/3.3 GB  7.3 MB/s   2m55s[K[?25h[?2026l[?2026h[?25l[A[1Gpulling manifest [K
pulling aeda25e63ebd:  62% ▕███████████       ▏ 2.1 GB/3.3 GB  7.3 MB/s   2m55s[K[?25h[?2026l[?2026h[?25l[A[1Gpulling manifest [K
pulling aeda25e63ebd:  62% ▕███████████       ▏ 2.1 GB/3.3 GB  7.3 MB/s   2m55s[K[?25h[?2026l[?2026h[?25l[A[1Gpulling manifest [K
pulling aeda25e63ebd:  62% ▕███████████       ▏ 2.1 GB/3.3 GB  7.6 MB/s   2m46s[K[?25h[?2026l[?2026h[?25l[A[1Gpulling manifest [K
pulling aeda25e63ebd:  62% ▕███████████       ▏ 2.1 GB/3.3 GB  7.6 MB/s   2m46s[K[?25h[?2026l[?2026h[?25l[A[1Gpulling manifest [K
pulling aeda25e63ebd:  62% ▕███████████       ▏ 2.1 GB/3.3 GB  7.6 MB/s   2m46s[K[?25h[?2026l[?2026h[?25l[A[1Gpulling manifest [K
pulling aeda25e63ebd:  62% ▕███████████       ▏ 2.1 GB/3.3 GB  7.6 MB/s   2m46s[K[?25h[?2026l[?2026h[?25l[A[1Gpulling manifest [K
pulling aeda25e63ebd:  62% ▕███████████       ▏ 2.1 GB/3.3 GB  7.6 MB/s   2m46s[K[?25h[?2026l[?2026h[?25l[A[1Gpulling manifest [K
pulling aeda25e63ebd:  62% ▕███████████       ▏ 2.1 GB/3.3 GB  7.6 MB/s   2m46s[K[?25h[?2026l[?2026h[?25l[A[1Gpulling manifest [K
pulling aeda25e63ebd:  62% ▕███████████       ▏ 2.1 GB/3.3 GB  7.6 MB/s   2m46s[K[?25h[?2026l[?2026h[?25l[A[1Gpulling manifest [K
pulling aeda25e63ebd:  62% ▕███████████       ▏ 2.1 GB/3.3 GB  7.6 MB/s   2m46s[K[?25h[?2026l[?2026h[?25l[A[1Gpulling manifest [K
pulling aeda25e63ebd:  62% ▕███████████       ▏ 2.1 GB/3.3 GB  7.6 MB/s   2m46s[K[?25h[?2026l[?2026h[?25l[A[1Gpulling manifest [K
pulling aeda25e63ebd:  62% ▕███████████       ▏ 2.1 GB/3.3 GB  7.6 MB/s   2m45s[K[?25h[?2026l[?2026h[?25l[A[1Gpulling manifest [K
pulling aeda25e63ebd:  62% ▕███████████       ▏ 2.1 GB/3.3 GB  7.6 MB/s   2m45s[K[?25h[?2026l[?2026h[?25l[A[1Gpulling manifest [K
pulling aeda25e63ebd:  62% ▕███████████       ▏ 2.1 GB/3.3 GB  7.6 MB/s   2m45s[K[?25h[?2026l[?2026h[?25l[A[1Gpulling manifest [K
pulling aeda25e63ebd:  62% ▕███████████       ▏ 2.1 GB/3.3 GB  7.7 MB/s   2m43s[K[?25h[?2026l[?2026h[?25l[A[1Gpulling manifest [K
pulling aeda25e63ebd:  62% ▕███████████       ▏ 2.1 GB/3.3 GB  7.7 MB/s   2m43s[K[?25h[?2026l[?2026h[?25l[A[1Gpulling manifest [K
pulling aeda25e63ebd:  62% ▕███████████       ▏ 2.1 GB/3.3 GB  7.7 MB/s   2m43s[K[?25h[?2026l[?2026h[?25l[A[1Gpulling manifest [K
pulling aeda25e63ebd:  62% ▕███████████       ▏ 2.1 GB/3.3 GB  7.7 MB/s   2m43s[K[?25h[?2026l[?2026h[?25l[A[1Gpulling manifest [K
pulling aeda25e63ebd:  62% ▕███████████       ▏ 2.1 GB/3.3 GB  7.7 MB/s   2m43s[K[?25h[?2026l[?2026h[?25l[A[1Gpulling manifest [K
pulling aeda25e63ebd:  62% ▕███████████       ▏ 2.1 GB/3.3 GB  7.7 MB/s   2m43s[K[?25h[?2026l[?2026h[?25l[A[1Gpulling manifest [K
pulling aeda25e63ebd:  62% ▕███████████       ▏ 2.1 GB/3.3 GB  7.7 MB/s   2m42s[K[?25h[?2026l[?2026h[?25l[A[1Gpulling manifest [K
pulling aeda25e63ebd:  62% ▕███████████       ▏ 2.1 GB/3.3 GB  7.7 MB/s   2m42s[K[?25h[?2026l[?2026h[?25l[A[1Gpulling manifest [K
pulling aeda25e63ebd:  62% ▕███████████       ▏ 2.1 GB/3.3 GB  7.7 MB/s   2m42s[K[?25h[?2026l[?2026h[?25l[A[1Gpulling manifest [K
pulling aeda25e63ebd:  62% ▕███████████       ▏ 2.1 GB/3.3 GB  7.7 MB/s   2m42s[K[?25h[?2026l[?2026h[?25l[A[1Gpulling manifest [K
pulling aeda25e63ebd:  62% ▕███████████       ▏ 2.1 GB/3.3 GB  7.7 MB/s   2m42s[K[?25h[?2026l[?2026h[?25l[A[1Gpulling manifest [K
pulling aeda25e63ebd:  62% ▕███████████       ▏ 2.1 GB/3.3 GB  8.0 MB/s   2m37s[K[?25h[?2026l[?2026h[?25l[A[1Gpulling manifest [K
pulling aeda25e63ebd:  62% ▕███████████       ▏ 2.1 GB/3.3 GB  8.0 MB/s   2m37s[K[?25h[?2026l[?2026h[?25l[A[1Gpulling manifest [K
pulling aeda25e63ebd:  62% ▕███████████       ▏ 2.1 GB/3.3 GB  8.0 MB/s   2m37s[K[?25h[?2026l[?2026h[?25l[A[1Gpulling manifest [K
pulling aeda25e63ebd:  63% ▕███████████       ▏ 2.1 GB/3.3 GB  8.0 MB/s   2m37s[K[?25h[?2026l[?2026h[?25l[A[1Gpulling manifest [K
pulling aeda25e63ebd:  63% ▕███████████       ▏ 2.1 GB/3.3 GB  8.0 MB/s   2m37s[K[?25h[?2026l[?2026h[?25l[A[1Gpulling manifest [K
pulling aeda25e63ebd:  63% ▕███████████       ▏ 2.1 GB/3.3 GB  8.0 MB/s   2m37s[K[?25h[?2026l[?2026h[?25l[A[1Gpulling manifest [K
pulling aeda25e63ebd:  63% ▕███████████       ▏ 2.1 GB/3.3 GB  8.0 MB/s   2m36s[K[?25h[?2026l[?2026h[?25l[A[1Gpulling manifest [K
pulling aeda25e63ebd:  63% ▕███████████       ▏ 2.1 GB/3.3 GB  8.0 MB/s   2m36s[K[?25h[?2026l[?2026h[?25l[A[1Gpulling manifest [K
pulling aeda25e63ebd:  63% ▕███████████       ▏ 2.1 GB/3.3 GB  8.0 MB/s   2m36s[K[?25h[?2026l[?2026h[?25l[A[1Gpulling manifest [K
pulling aeda25e63ebd:  63% ▕███████████       ▏ 2.1 GB/3.3 GB  7.7 MB/s   2m41s[K[?25h[?2026l[?2026h[?25l[A[1Gpulling manifest [K
pulling aeda25e63ebd:  63% ▕███████████       ▏ 2.1 GB/3.3 GB  7.7 MB/s   2m41s[K[?25h[?2026l[?2026h[?25l[A[1Gpulling manifest [K
pulling aeda25e63ebd:  63% ▕███████████       ▏ 2.1 GB/3.3 GB  7.7 MB/s   2m41s[K[?25h[?2026l[?2026h[?25l[A[1Gpulling manifest [K
pulling aeda25e63ebd:  63% ▕███████████       ▏ 2.1 GB/3.3 GB  7.7 MB/s   2m41s[K[?25h[?2026l[?2026h[?25l[A[1Gpulling manifest [K
pulling aeda25e63ebd:  63% ▕███████████       ▏ 2.1 GB/3.3 GB  7.7 MB/s   2m41s[K[?25h[?2026l[?2026h[?25l[A[1Gpulling manifest [K
pulling aeda25e63ebd:  63% ▕███████████       ▏ 2.1 GB/3.3 GB  7.7 MB/s   2m41s[K[?25h[?2026l[?2026h[?25l[A[1Gpulling manifest [K
pulling aeda25e63ebd:  63% ▕███████████       ▏ 2.1 GB/3.3 GB  7.7 MB/s   2m41s[K[?25h[?2026l[?2026h[?25l[A[1Gpulling manifest [K
pulling aeda25e63ebd:  63% ▕███████████       ▏ 2.1 GB/3.3 GB  7.7 MB/s   2m40s[K[?25h[?2026l[?2026h[?25l[A[1Gpulling manifest [K
pulling aeda25e63ebd:  63% ▕███████████       ▏ 2.1 GB/3.3 GB  7.7 MB/s   2m40s[K[?25h[?2026l[?2026h[?25l[A[1Gpulling manifest [K
pulling aeda25e63ebd:  63% ▕███████████       ▏ 2.1 GB/3.3 GB  7.7 MB/s   2m40s[K[?25h[?2026l[?2026h[?25l[A[1Gpulling manifest [K
pulling aeda25e63ebd:  63% ▕███████████       ▏ 2.1 GB/3.3 GB  7.9 MB/s   2m36s[K[?25h[?2026l[?2026h[?25l[A[1Gpulling manifest [K
pulling aeda25e63ebd:  63% ▕███████████       ▏ 2.1 GB/3.3 GB  7.9 MB/s   2m36s[K[?25h[?2026l[?2026h[?25l[A[1Gpulling manifest [K
pulling aeda25e63ebd:  63% ▕███████████       ▏ 2.1 GB/3.3 GB  7.9 MB/s   2m36s[K[?25h[?2026l[?2026h[?25l[A[1Gpulling manifest [K
pulling aeda25e63ebd:  63% ▕███████████       ▏ 2.1 GB/3.3 GB  7.9 MB/s   2m36s[K[?25h[?2026l[?2026h[?25l[A[1Gpulling manifest [K
pulling aeda25e63ebd:  63% ▕███████████       ▏ 2.1 GB/3.3 GB  7.9 MB/s   2m36s[K[?25h[?2026l[?2026h[?25l[A[1Gpulling manifest [K
pulling aeda25e63ebd:  63% ▕███████████       ▏ 2.1 GB/3.3 GB  7.9 MB/s   2m36s[K[?25h[?2026l[?2026h[?25l[A[1Gpulling manifest [K
pulling aeda25e63ebd:  63% ▕███████████       ▏ 2.1 GB/3.3 GB  7.9 MB/s   2m36s[K[?25h[?2026l[?2026h[?25l[A[1Gpulling manifest [K
pulling aeda25e63ebd:  63% ▕███████████       ▏ 2.1 GB/3.3 GB  7.9 MB/s   2m36s[K[?25h[?2026l[?2026h[?25l[A[1Gpulling manifest [K
pulling aeda25e63ebd:  63% ▕███████████       ▏ 2.1 GB/3.3 GB  7.9 MB/s   2m35s[K[?25h[?2026l[?2026h[?25l[A[1Gpulling manifest [K
pulling aeda25e63ebd:  63% ▕███████████       ▏ 2.1 GB/3.3 GB  7.9 MB/s   2m35s[K[?25h[?2026l[?2026h[?25l[A[1Gpulling manifest [K
pulling aeda25e63ebd:  63% ▕███████████       ▏ 2.1 GB/3.3 GB  7.7 MB/s   2m39s[K[?25h[?2026l[?2026h[?25l[A[1Gpulling manifest [K
pulling aeda25e63ebd:  63% ▕███████████       ▏ 2.1 GB/3.3 GB  7.7 MB/s   2m39s[K[?25h[?2026l[?2026h[?25l[A[1Gpulling manifest [K
pulling aeda25e63ebd:  63% ▕███████████       ▏ 2.1 GB/3.3 GB  7.7 MB/s   2m39s[K[?25h[?2026l[?2026h[?25l[A[1Gpulling manifest [K
pulling aeda25e63ebd:  63% ▕███████████       ▏ 2.1 GB/3.3 GB  7.7 MB/s   2m39s[K[?25h[?2026l[?2026h[?25l[A[1Gpulling manifest [K
pulling aeda25e63ebd:  63% ▕███████████       ▏ 2.1 GB/3.3 GB  7.7 MB/s   2m39s[K[?25h[?2026l[?2026h[?25l[A[1Gpulling manifest [K
pulling aeda25e63ebd:  63% ▕███████████       ▏ 2.1 GB/3.3 GB  7.7 MB/s   2m38s[K[?25h[?2026l[?2026h[?25l[A[1Gpulling manifest [K
pulling aeda25e63ebd:  63% ▕███████████       ▏ 2.1 GB/3.3 GB  7.7 MB/s   2m38s[K[?25h[?2026l[?2026h[?25l[A[1Gpulling manifest [K
pulling aeda25e63ebd:  63% ▕███████████       ▏ 2.1 GB/3.3 GB  7.7 MB/s   2m38s[K[?25h[?2026l[?2026h[?25l[A[1Gpulling manifest [K
pulling aeda25e63ebd:  63% ▕███████████       ▏ 2.1 GB/3.3 GB  7.7 MB/s   2m38s[K[?25h[?2026l[?2026h[?25l[A[1Gpulling manifest [K
pulling aeda25e63ebd:  63% ▕███████████       ▏ 2.1 GB/3.3 GB  7.7 MB/s   2m38s[K[?25h[?2026l[?2026h[?25l[A[1Gpulling manifest [K
pulling aeda25e63ebd:  63% ▕███████████       ▏ 2.1 GB/3.3 GB  7.7 MB/s   2m38s[K[?25h[?2026l[?2026h[?25l[A[1Gpulling manifest [K
pulling aeda25e63ebd:  63% ▕███████████       ▏ 2.1 GB/3.3 GB  7.4 MB/s   2m45s[K[?25h[?2026l[?2026h[?25l[A[1Gpulling manifest [K
pulling aeda25e63ebd:  63% ▕███████████       ▏ 2.1 GB/3.3 GB  7.4 MB/s   2m45s[K[?25h[?2026l[?2026h[?25l[A[1Gpulling manifest [K
pulling aeda25e63ebd:  63% ▕███████████       ▏ 2.1 GB/3.3 GB  7.4 MB/s   2m45s[K[?25h[?2026l[?2026h[?25l[A[1Gpulling manifest [K
pulling aeda25e63ebd:  63% ▕███████████       ▏ 2.1 GB/3.3 GB  7.4 MB/s   2m45s[K[?25h[?2026l[?2026h[?25l[A[1Gpulling manifest [K
pulling aeda25e63ebd:  63% ▕███████████       ▏ 2.1 GB/3.3 GB  7.4 MB/s   2m45s[K[?25h[?2026l[?2026h[?25l[A[1Gpulling manifest [K
pulling aeda25e63ebd:  63% ▕███████████       ▏ 2.1 GB/3.3 GB  7.4 MB/s   2m45s[K[?25h[?2026l[?2026h[?25l[A[1Gpulling manifest [K
pulling aeda25e63ebd:  63% ▕███████████       ▏ 2.1 GB/3.3 GB  7.4 MB/s   2m45s[K[?25h[?2026l[?2026h[?25l[A[1Gpulling manifest [K
pulling aeda25e63ebd:  63% ▕███████████       ▏ 2.1 GB/3.3 GB  7.4 MB/s   2m44s[K[?25h[?2026l[?2026h[?25l[A[1Gpulling manifest [K
pulling aeda25e63ebd:  64% ▕███████████       ▏ 2.1 GB/3.3 GB  7.4 MB/s   2m44s[K[?25h[?2026l[?2026h[?25l[A[1Gpulling manifest [K
pulling aeda25e63ebd:  64% ▕███████████       ▏ 2.1 GB/3.3 GB  7.3 MB/s   2m46s[K[?25h[?2026l[?2026h[?25l[A[1Gpulling manifest [K
pulling aeda25e63ebd:  64% ▕███████████       ▏ 2.1 GB/3.3 GB  7.3 MB/s   2m46s[K[?25h[?2026l[?2026h[?25l[A[1Gpulling manifest [K
pulling aeda25e63ebd:  64% ▕███████████       ▏ 2.1 GB/3.3 GB  7.3 MB/s   2m46s[K[?25h[?2026l[?2026h[?25l[A[1Gpulling manifest [K
pulling aeda25e63ebd:  64% ▕███████████       ▏ 2.1 GB/3.3 GB  7.3 MB/s   2m46s[K[?25h[?2026l[?2026h[?25l[A[1Gpulling manifest [K
pulling aeda25e63ebd:  64% ▕███████████       ▏ 2.1 GB/3.3 GB  7.3 MB/s   2m46s[K[?25h[?2026l[?2026h[?25l[A[1Gpulling manifest [K
pulling aeda25e63ebd:  64% ▕███████████       ▏ 2.1 GB/3.3 GB  7.3 MB/s   2m46s[K[?25h[?2026l[?2026h[?25l[A[1Gpulling manifest [K
pulling aeda25e63ebd:  64% ▕███████████       ▏ 2.1 GB/3.3 GB  7.3 MB/s   2m46s[K[?25h[?2026l[?2026h[?25l[A[1Gpulling manifest [K
pulling aeda25e63ebd:  64% ▕███████████       ▏ 2.1 GB/3.3 GB  7.3 MB/s   2m46s[K[?25h[?2026l[?2026h[?25l[A[1Gpulling manifest [K
pulling aeda25e63ebd:  64% ▕███████████       ▏ 2.1 GB/3.3 GB  7.3 MB/s   2m46s[K[?25h[?2026l[?2026h[?25l[A[1Gpulling manifest [K
pulling aeda25e63ebd:  64% ▕███████████       ▏ 2.1 GB/3.3 GB  7.3 MB/s   2m46s[K[?25h[?2026l[?2026h[?25l[A[1Gpulling manifest [K
pulling aeda25e63ebd:  64% ▕███████████       ▏ 2.1 GB/3.3 GB  7.3 MB/s   2m46s[K[?25h[?2026l[?2026h[?25l[A[1Gpulling manifest [K
pulling aeda25e63ebd:  64% ▕███████████       ▏ 2.1 GB/3.3 GB  7.1 MB/s   2m50s[K[?25h[?2026l[?2026h[?25l[A[1Gpulling manifest [K
pulling aeda25e63ebd:  64% ▕███████████       ▏ 2.1 GB/3.3 GB  7.1 MB/s   2m50s[K[?25h[?2026l[?2026h[?25l[A[1Gpulling manifest [K
pulling aeda25e63ebd:  64% ▕███████████       ▏ 2.1 GB/3.3 GB  7.1 MB/s   2m50s[K[?25h[?2026l[?2026h[?25l[A[1Gpulling manifest [K
pulling aeda25e63ebd:  64% ▕███████████       ▏ 2.1 GB/3.3 GB  7.1 MB/s   2m50s[K[?25h[?2026l[?2026h[?25l[A[1Gpulling manifest [K
pulling aeda25e63ebd:  64% ▕███████████       ▏ 2.1 GB/3.3 GB  7.1 MB/s   2m50s[K[?25h[?2026l[?2026h[?25l[A[1Gpulling manifest [K
pulling aeda25e63ebd:  64% ▕███████████       ▏ 2.1 GB/3.3 GB  7.1 MB/s   2m50s[K[?25h[?2026l[?2026h[?25l[A[1Gpulling manifest [K
pulling aeda25e63ebd:  64% ▕███████████       ▏ 2.1 GB/3.3 GB  7.1 MB/s   2m50s[K[?25h[?2026l[?2026h[?25l[A[1Gpulling manifest [K
pulling aeda25e63ebd:  64% ▕███████████       ▏ 2.1 GB/3.3 GB  7.1 MB/s   2m50s[K[?25h[?2026l[?2026h[?25l[A[1Gpulling manifest [K
pulling aeda25e63ebd:  64% ▕███████████       ▏ 2.1 GB/3.3 GB  7.1 MB/s   2m49s[K[?25h[?2026l[?2026h[?25l[A[1Gpulling manifest [K
pulling aeda25e63ebd:  64% ▕███████████       ▏ 2.1 GB/3.3 GB  7.7 MB/s   2m36s[K[?25h[?2026l[?2026h[?25l[A[1Gpulling manifest [K
pulling aeda25e63ebd:  64% ▕███████████       ▏ 2.1 GB/3.3 GB  7.7 MB/s   2m36s[K[?25h[?2026l[?2026h[?25l[A[1Gpulling manifest [K
pulling aeda25e63ebd:  64% ▕███████████       ▏ 2.1 GB/3.3 GB  7.7 MB/s   2m36s[K[?25h[?2026l[?2026h[?25l[A[1Gpulling manifest [K
pulling aeda25e63ebd:  64% ▕███████████       ▏ 2.1 GB/3.3 GB  7.7 MB/s   2m36s[K[?25h[?2026l[?2026h[?25l[A[1Gpulling manifest [K
pulling aeda25e63ebd:  64% ▕███████████       ▏ 2.1 GB/3.3 GB  7.7 MB/s   2m36s[K[?25h[?2026l[?2026h[?25l[A[1Gpulling manifest [K
pulling aeda25e63ebd:  64% ▕███████████       ▏ 2.1 GB/3.3 GB  7.7 MB/s   2m36s[K[?25h[?2026l[?2026h[?25l[A[1Gpulling manifest [K
pulling aeda25e63ebd:  64% ▕███████████       ▏ 2.1 GB/3.3 GB  7.7 MB/s   2m35s[K[?25h[?2026l[?2026h[?25l[A[1Gpulling manifest [K
pulling aeda25e63ebd:  64% ▕███████████       ▏ 2.1 GB/3.3 GB  7.7 MB/s   2m35s[K[?25h[?2026l[?2026h[?25l[A[1Gpulling manifest [K
pulling aeda25e63ebd:  64% ▕███████████       ▏ 2.1 GB/3.3 GB  7.7 MB/s   2m35s[K[?25h[?2026l[?2026h[?25l[A[1Gpulling manifest [K
pulling aeda25e63ebd:  64% ▕███████████       ▏ 2.1 GB/3.3 GB  7.7 MB/s   2m35s[K[?25h[?2026l[?2026h[?25l[A[1Gpulling manifest [K
pulling aeda25e63ebd:  64% ▕███████████       ▏ 2.1 GB/3.3 GB  7.7 MB/s   2m34s[K[?25h[?2026l[?2026h[?25l[A[1Gpulling manifest [K
pulling aeda25e63ebd:  64% ▕███████████       ▏ 2.1 GB/3.3 GB  7.7 MB/s   2m34s[K[?25h[?2026l[?2026h[?25l[A[1Gpulling manifest [K
pulling aeda25e63ebd:  64% ▕███████████       ▏ 2.1 GB/3.3 GB  7.7 MB/s   2m34s[K[?25h[?2026l[?2026h[?25l[A[1Gpulling manifest [K
pulling aeda25e63ebd:  64% ▕███████████       ▏ 2.1 GB/3.3 GB  7.7 MB/s   2m33s[K[?25h[?2026l[?2026h[?25l[A[1Gpulling manifest [K
pulling aeda25e63ebd:  64% ▕███████████       ▏ 2.1 GB/3.3 GB  7.7 MB/s   2m33s[K[?25h[?2026l[?2026h[?25l[A[1Gpulling manifest [K
pulling aeda25e63ebd:  64% ▕███████████       ▏ 2.1 GB/3.3 GB  7.7 MB/s   2m33s[K[?25h[?2026l[?2026h[?25l[A[1Gpulling manifest [K
pulling aeda25e63ebd:  64% ▕███████████       ▏ 2.1 GB/3.3 GB  7.7 MB/s   2m33s[K[?25h[?2026l[?2026h[?25l[A[1Gpulling manifest [K
pulling aeda25e63ebd:  64% ▕███████████       ▏ 2.1 GB/3.3 GB  7.7 MB/s   2m33s[K[?25h[?2026l[?2026h[?25l[A[1Gpulling manifest [K
pulling aeda25e63ebd:  64% ▕███████████       ▏ 2.2 GB/3.3 GB  7.7 MB/s   2m33s[K[?25h[?2026l[?2026h[?25l[A[1Gpulling manifest [K
pulling aeda25e63ebd:  64% ▕███████████       ▏ 2.2 GB/3.3 GB  7.7 MB/s   2m33s[K[?25h[?2026l[?2026h[?25l[A[1Gpulling manifest [K
pulling aeda25e63ebd:  64% ▕███████████       ▏ 2.2 GB/3.3 GB  7.7 MB/s   2m33s[K[?25h[?2026l[?2026h[?25l[A[1Gpulling manifest [K
pulling aeda25e63ebd:  64% ▕███████████       ▏ 2.2 GB/3.3 GB  7.7 MB/s   2m34s[K[?25h[?2026l[?2026h[?25l[A[1Gpulling manifest [K
pulling aeda25e63ebd:  64% ▕███████████       ▏ 2.2 GB/3.3 GB  7.7 MB/s   2m34s[K[?25h[?2026l[?2026h[?25l[A[1Gpulling manifest [K
pulling aeda25e63ebd:  64% ▕███████████       ▏ 2.2 GB/3.3 GB  7.7 MB/s   2m34s[K[?25h[?2026l[?2026h[?25l[A[1Gpulling manifest [K
pulling aeda25e63ebd:  64% ▕███████████       ▏ 2.2 GB/3.3 GB  7.7 MB/s   2m34s[K[?25h[?2026l[?2026h[?25l[A[1Gpulling manifest [K
pulling aeda25e63ebd:  64% ▕███████████       ▏ 2.2 GB/3.3 GB  7.7 MB/s   2m34s[K[?25h[?2026l[?2026h[?25l[A[1Gpulling manifest [K
pulling aeda25e63ebd:  65% ▕███████████       ▏ 2.2 GB/3.3 GB  7.7 MB/s   2m34s[K[?25h[?2026l[?2026h[?25l[A[1Gpulling manifest [K
pulling aeda25e63ebd:  65% ▕███████████       ▏ 2.2 GB/3.3 GB  7.7 MB/s   2m34s[K[?25h[?2026l[?2026h[?25l[A[1Gpulling manifest [K
pulling aeda25e63ebd:  65% ▕███████████       ▏ 2.2 GB/3.3 GB  7.7 MB/s   2m34s[K[?25h[?2026l[?2026h[?25l[A[1Gpulling manifest [K
pulling aeda25e63ebd:  65% ▕███████████       ▏ 2.2 GB/3.3 GB  7.7 MB/s   2m34s[K[?25h[?2026l[?2026h[?25l[A[1Gpulling manifest [K
pulling aeda25e63ebd:  65% ▕███████████       ▏ 2.2 GB/3.3 GB  7.7 MB/s   2m34s[K[?25h[?2026l[?2026h[?25l[A[1Gpulling manifest [K
pulling aeda25e63ebd:  65% ▕███████████       ▏ 2.2 GB/3.3 GB  7.7 MB/s   2m33s[K[?25h[?2026l[?2026h[?25l[A[1Gpulling manifest [K
pulling aeda25e63ebd:  65% ▕███████████       ▏ 2.2 GB/3.3 GB  7.7 MB/s   2m33s[K[?25h[?2026l[?2026h[?25l[A[1Gpulling manifest [K
pulling aeda25e63ebd:  65% ▕███████████       ▏ 2.2 GB/3.3 GB  7.1 MB/s   2m45s[K[?25h[?2026l[?2026h[?25l[A[1Gpulling manifest [K
pulling aeda25e63ebd:  65% ▕███████████       ▏ 2.2 GB/3.3 GB  7.1 MB/s   2m45s[K[?25h[?2026l[?2026h[?25l[A[1Gpulling manifest [K
pulling aeda25e63ebd:  65% ▕███████████       ▏ 2.2 GB/3.3 GB  7.1 MB/s   2m45s[K[?25h[?2026l[?2026h[?25l[A[1Gpulling manifest [K
pulling aeda25e63ebd:  65% ▕███████████       ▏ 2.2 GB/3.3 GB  7.1 MB/s   2m45s[K[?25h[?2026l[?2026h[?25l[A[1Gpulling manifest [K
pulling aeda25e63ebd:  65% ▕███████████       ▏ 2.2 GB/3.3 GB  7.1 MB/s   2m45s[K[?25h[?2026l[?2026h[?25l[A[1Gpulling manifest [K
pulling aeda25e63ebd:  65% ▕███████████       ▏ 2.2 GB/3.3 GB  7.1 MB/s   2m45s[K[?25h[?2026l[?2026h[?25l[A[1Gpulling manifest [K
pulling aeda25e63ebd:  65% ▕███████████       ▏ 2.2 GB/3.3 GB  7.1 MB/s   2m44s[K[?25h[?2026l[?2026h[?25l[A[1Gpulling manifest [K
pulling aeda25e63ebd:  65% ▕███████████       ▏ 2.2 GB/3.3 GB  7.1 MB/s   2m44s[K[?25h[?2026l[?2026h[?25l[A[1Gpulling manifest [K
pulling aeda25e63ebd:  65% ▕███████████       ▏ 2.2 GB/3.3 GB  7.1 MB/s   2m44s[K[?25h[?2026l[?2026h[?25l[A[1Gpulling manifest [K
pulling aeda25e63ebd:  65% ▕███████████       ▏ 2.2 GB/3.3 GB  6.8 MB/s   2m52s[K[?25h[?2026l[?2026h[?25l[A[1Gpulling manifest [K
pulling aeda25e63ebd:  65% ▕███████████       ▏ 2.2 GB/3.3 GB  6.8 MB/s   2m52s[K[?25h[?2026l[?2026h[?25l[A[1Gpulling manifest [K
pulling aeda25e63ebd:  65% ▕███████████       ▏ 2.2 GB/3.3 GB  6.8 MB/s   2m52s[K[?25h[?2026l[?2026h[?25l[A[1Gpulling manifest [K
pulling aeda25e63ebd:  65% ▕███████████       ▏ 2.2 GB/3.3 GB  6.8 MB/s   2m52s[K[?25h[?2026l[?2026h[?25l[A[1Gpulling manifest [K
pulling aeda25e63ebd:  65% ▕███████████       ▏ 2.2 GB/3.3 GB  6.8 MB/s   2m52s[K[?25h[?2026l[?2026h[?25l[A[1Gpulling manifest [K
pulling aeda25e63ebd:  65% ▕███████████       ▏ 2.2 GB/3.3 GB  6.8 MB/s   2m52s[K[?25h[?2026l[?2026h[?25l[A[1Gpulling manifest [K
pulling aeda25e63ebd:  65% ▕███████████       ▏ 2.2 GB/3.3 GB  6.8 MB/s   2m52s[K[?25h[?2026l[?2026h[?25l[A[1Gpulling manifest [K
pulling aeda25e63ebd:  65% ▕███████████       ▏ 2.2 GB/3.3 GB  6.8 MB/s   2m52s[K[?25h[?2026l[?2026h[?25l[A[1Gpulling manifest [K
pulling aeda25e63ebd:  65% ▕███████████       ▏ 2.2 GB/3.3 GB  6.8 MB/s   2m52s[K[?25h[?2026l[?2026h[?25l[A[1Gpulling manifest [K
pulling aeda25e63ebd:  65% ▕███████████       ▏ 2.2 GB/3.3 GB  6.8 MB/s   2m52s[K[?25h[?2026l[?2026h[?25l[A[1Gpulling manifest [K
pulling aeda25e63ebd:  65% ▕███████████       ▏ 2.2 GB/3.3 GB  6.7 MB/s   2m55s[K[?25h[?2026l[?2026h[?25l[A[1Gpulling manifest [K
pulling aeda25e63ebd:  65% ▕███████████       ▏ 2.2 GB/3.3 GB  6.7 MB/s   2m55s[K[?25h[?2026l[?2026h[?25l[A[1Gpulling manifest [K
pulling aeda25e63ebd:  65% ▕███████████       ▏ 2.2 GB/3.3 GB  6.7 MB/s   2m55s[K[?25h[?2026l[?2026h[?25l[A[1Gpulling manifest [K
pulling aeda25e63ebd:  65% ▕███████████       ▏ 2.2 GB/3.3 GB  6.7 MB/s   2m55s[K[?25h[?2026l[?2026h[?25l[A[1Gpulling manifest [K
pulling aeda25e63ebd:  65% ▕███████████       ▏ 2.2 GB/3.3 GB  6.7 MB/s   2m54s[K[?25h[?2026l[?2026h[?25l[A[1Gpulling manifest [K
pulling aeda25e63ebd:  65% ▕███████████       ▏ 2.2 GB/3.3 GB  6.7 MB/s   2m54s[K[?25h[?2026l[?2026h[?25l[A[1Gpulling manifest [K
pulling aeda25e63ebd:  65% ▕███████████       ▏ 2.2 GB/3.3 GB  6.7 MB/s   2m54s[K[?25h[?2026l[?2026h[?25l[A[1Gpulling manifest [K
pulling aeda25e63ebd:  65% ▕███████████       ▏ 2.2 GB/3.3 GB  6.7 MB/s   2m54s[K[?25h[?2026l[?2026h[?25l[A[1Gpulling manifest [K
pulling aeda25e63ebd:  65% ▕███████████       ▏ 2.2 GB/3.3 GB  6.8 MB/s   2m50s[K[?25h[?2026l[?2026h[?25l[A[1Gpulling manifest [K
pulling aeda25e63ebd:  65% ▕███████████       ▏ 2.2 GB/3.3 GB  6.8 MB/s   2m49s[K[?25h[?2026l[?2026h[?25l[A[1Gpulling manifest [K
pulling aeda25e63ebd:  65% ▕███████████       ▏ 2.2 GB/3.3 GB  6.8 MB/s   2m49s[K[?25h[?2026l[?2026h[?25l[A[1Gpulling manifest [K
pulling aeda25e63ebd:  65% ▕███████████       ▏ 2.2 GB/3.3 GB  6.8 MB/s   2m49s[K[?25h[?2026l[?2026h[?25l[A[1Gpulling manifest [K
pulling aeda25e63ebd:  65% ▕███████████       ▏ 2.2 GB/3.3 GB  6.8 MB/s   2m49s[K[?25h[?2026l[?2026h[?25l[A[1Gpulling manifest [K
pulling aeda25e63ebd:  65% ▕███████████       ▏ 2.2 GB/3.3 GB  6.8 MB/s   2m49s[K[?25h[?2026l[?2026h[?25l[A[1Gpulling manifest [K
pulling aeda25e63ebd:  65% ▕███████████       ▏ 2.2 GB/3.3 GB  6.8 MB/s   2m49s[K[?25h[?2026l[?2026h[?25l[A[1Gpulling manifest [K
pulling aeda25e63ebd:  65% ▕███████████       ▏ 2.2 GB/3.3 GB  6.8 MB/s   2m49s[K[?25h[?2026l[?2026h[?25l[A[1Gpulling manifest [K
pulling aeda25e63ebd:  65% ▕███████████       ▏ 2.2 GB/3.3 GB  6.8 MB/s   2m49s[K[?25h[?2026l[?2026h[?25l[A[1Gpulling manifest [K
pulling aeda25e63ebd:  65% ▕███████████       ▏ 2.2 GB/3.3 GB  6.8 MB/s   2m49s[K[?25h[?2026l[?2026h[?25l[A[1Gpulling manifest [K
pulling aeda25e63ebd:  65% ▕███████████       ▏ 2.2 GB/3.3 GB  6.8 MB/s   2m49s[K[?25h[?2026l[?2026h[?25l[A[1Gpulling manifest [K
pulling aeda25e63ebd:  65% ▕███████████       ▏ 2.2 GB/3.3 GB  6.8 MB/s   2m48s[K[?25h[?2026l[?2026h[?25l[A[1Gpulling manifest [K
pulling aeda25e63ebd:  65% ▕███████████       ▏ 2.2 GB/3.3 GB  6.8 MB/s   2m48s[K[?25h[?2026l[?2026h[?25l[A[1Gpulling manifest [K
pulling aeda25e63ebd:  65% ▕███████████       ▏ 2.2 GB/3.3 GB  6.8 MB/s   2m48s[K[?25h[?2026l[?2026h[?25l[A[1Gpulling manifest [K
pulling aeda25e63ebd:  65% ▕███████████       ▏ 2.2 GB/3.3 GB  6.8 MB/s   2m48s[K[?25h[?2026l[?2026h[?25l[A[1Gpulling manifest [K
pulling aeda25e63ebd:  66% ▕███████████       ▏ 2.2 GB/3.3 GB  6.8 MB/s   2m48s[K[?25h[?2026l[?2026h[?25l[A[1Gpulling manifest [K
pulling aeda25e63ebd:  66% ▕███████████       ▏ 2.2 GB/3.3 GB  6.8 MB/s   2m48s[K[?25h[?2026l[?2026h[?25l[A[1Gpulling manifest [K
pulling aeda25e63ebd:  66% ▕███████████       ▏ 2.2 GB/3.3 GB  6.8 MB/s   2m48s[K[?25h[?2026l[?2026h[?25l[A[1Gpulling manifest [K
pulling aeda25e63ebd:  66% ▕███████████       ▏ 2.2 GB/3.3 GB  6.8 MB/s   2m47s[K[?25h[?2026l[?2026h[?25l[A[1Gpulling manifest [K
pulling aeda25e63ebd:  66% ▕███████████       ▏ 2.2 GB/3.3 GB  6.8 MB/s   2m47s[K[?25h[?2026l[?2026h[?25l[A[1Gpulling manifest [K
pulling aeda25e63ebd:  66% ▕███████████       ▏ 2.2 GB/3.3 GB  6.8 MB/s   2m47s[K[?25h[?2026l[?2026h[?25l[A[1Gpulling manifest [K
pulling aeda25e63ebd:  66% ▕███████████       ▏ 2.2 GB/3.3 GB  6.8 MB/s   2m47s[K[?25h[?2026l[?2026h[?25l[A[1Gpulling manifest [K
pulling aeda25e63ebd:  66% ▕███████████       ▏ 2.2 GB/3.3 GB  7.1 MB/s   2m41s[K[?25h[?2026l[?2026h[?25l[A[1Gpulling manifest [K
pulling aeda25e63ebd:  66% ▕███████████       ▏ 2.2 GB/3.3 GB  7.1 MB/s   2m41s[K[?25h[?2026l[?2026h[?25l[A[1Gpulling manifest [K
pulling aeda25e63ebd:  66% ▕███████████       ▏ 2.2 GB/3.3 GB  7.1 MB/s   2m41s[K[?25h[?2026l[?2026h[?25l[A[1Gpulling manifest [K
pulling aeda25e63ebd:  66% ▕███████████       ▏ 2.2 GB/3.3 GB  7.1 MB/s   2m41s[K[?25h[?2026l[?2026h[?25l[A[1Gpulling manifest [K
pulling aeda25e63ebd:  66% ▕███████████       ▏ 2.2 GB/3.3 GB  7.1 MB/s   2m41s[K[?25h[?2026l[?2026h[?25l[A[1Gpulling manifest [K
pulling aeda25e63ebd:  66% ▕███████████       ▏ 2.2 GB/3.3 GB  7.1 MB/s   2m40s[K[?25h[?2026l[?2026h[?25l[A[1Gpulling manifest [K
pulling aeda25e63ebd:  66% ▕███████████       ▏ 2.2 GB/3.3 GB  7.1 MB/s   2m40s[K[?25h[?2026l[?2026h[?25l[A[1Gpulling manifest [K
pulling aeda25e63ebd:  66% ▕███████████       ▏ 2.2 GB/3.3 GB  7.1 MB/s   2m40s[K[?25h[?2026l[?2026h[?25l[A[1Gpulling manifest [K
pulling aeda25e63ebd:  66% ▕███████████       ▏ 2.2 GB/3.3 GB  7.1 MB/s   2m40s[K[?25h[?2026l[?2026h[?25l[A[1Gpulling manifest [K
pulling aeda25e63ebd:  66% ▕███████████       ▏ 2.2 GB/3.3 GB  7.1 MB/s   2m40s[K[?25h[?2026l[?2026h[?25l[A[1Gpulling manifest [K
pulling aeda25e63ebd:  66% ▕███████████       ▏ 2.2 GB/3.3 GB  7.4 MB/s   2m32s[K[?25h[?2026l[?2026h[?25l[A[1Gpulling manifest [K
pulling aeda25e63ebd:  66% ▕███████████       ▏ 2.2 GB/3.3 GB  7.4 MB/s   2m32s[K[?25h[?2026l[?2026h[?25l[A[1Gpulling manifest [K
pulling aeda25e63ebd:  66% ▕███████████       ▏ 2.2 GB/3.3 GB  7.4 MB/s   2m32s[K[?25h[?2026l[?2026h[?25l[A[1Gpulling manifest [K
pulling aeda25e63ebd:  66% ▕███████████       ▏ 2.2 GB/3.3 GB  7.4 MB/s   2m32s[K[?25h[?2026l[?2026h[?25l[A[1Gpulling manifest [K
pulling aeda25e63ebd:  66% ▕███████████       ▏ 2.2 GB/3.3 GB  7.4 MB/s   2m32s[K[?25h[?2026l[?2026h[?25l[A[1Gpulling manifest [K
pulling aeda25e63ebd:  66% ▕███████████       ▏ 2.2 GB/3.3 GB  7.4 MB/s   2m32s[K[?25h[?2026l[?2026h[?25l[A[1Gpulling manifest [K
pulling aeda25e63ebd:  66% ▕███████████       ▏ 2.2 GB/3.3 GB  7.4 MB/s   2m32s[K[?25h[?2026l[?2026h[?25l[A[1Gpulling manifest [K
pulling aeda25e63ebd:  66% ▕███████████       ▏ 2.2 GB/3.3 GB  7.4 MB/s   2m31s[K[?25h[?2026l[?2026h[?25l[A[1Gpulling manifest [K
pulling aeda25e63ebd:  66% ▕███████████       ▏ 2.2 GB/3.3 GB  7.4 MB/s   2m31s[K[?25h[?2026l[?2026h[?25l[A[1Gpulling manifest [K
pulling aeda25e63ebd:  66% ▕███████████       ▏ 2.2 GB/3.3 GB  7.4 MB/s   2m31s[K[?25h[?2026l[?2026h[?25l[A[1Gpulling manifest [K
pulling aeda25e63ebd:  66% ▕███████████       ▏ 2.2 GB/3.3 GB  7.3 MB/s   2m35s[K[?25h[?2026l[?2026h[?25l[A[1Gpulling manifest [K
pulling aeda25e63ebd:  66% ▕███████████       ▏ 2.2 GB/3.3 GB  7.3 MB/s   2m35s[K[?25h[?2026l[?2026h[?25l[A[1Gpulling manifest [K
pulling aeda25e63ebd:  66% ▕███████████       ▏ 2.2 GB/3.3 GB  7.3 MB/s   2m35s[K[?25h[?2026l[?2026h[?25l[A[1Gpulling manifest [K
pulling aeda25e63ebd:  66% ▕███████████       ▏ 2.2 GB/3.3 GB  7.3 MB/s   2m35s[K[?25h[?2026l[?2026h[?25l[A[1Gpulling manifest [K
pulling aeda25e63ebd:  66% ▕███████████       ▏ 2.2 GB/3.3 GB  7.3 MB/s   2m35s[K[?25h[?2026l[?2026h[?25l[A[1Gpulling manifest [K
pulling aeda25e63ebd:  66% ▕███████████       ▏ 2.2 GB/3.3 GB  7.3 MB/s   2m35s[K[?25h[?2026l[?2026h[?25l[A[1Gpulling manifest [K
pulling aeda25e63ebd:  66% ▕███████████       ▏ 2.2 GB/3.3 GB  7.3 MB/s   2m35s[K[?25h[?2026l[?2026h[?25l[A[1Gpulling manifest [K
pulling aeda25e63ebd:  66% ▕███████████       ▏ 2.2 GB/3.3 GB  7.3 MB/s   2m35s[K[?25h[?2026l[?2026h[?25l[A[1Gpulling manifest [K
pulling aeda25e63ebd:  66% ▕███████████       ▏ 2.2 GB/3.3 GB  7.3 MB/s   2m35s[K[?25h[?2026l[?2026h[?25l[A[1Gpulling manifest [K
pulling aeda25e63ebd:  66% ▕███████████       ▏ 2.2 GB/3.3 GB  7.3 MB/s   2m34s[K[?25h[?2026l[?2026h[?25l[A[1Gpulling manifest [K
pulling aeda25e63ebd:  66% ▕███████████       ▏ 2.2 GB/3.3 GB  7.3 MB/s   2m34s[K[?25h[?2026l[?2026h[?25l[A[1Gpulling manifest [K
pulling aeda25e63ebd:  66% ▕███████████       ▏ 2.2 GB/3.3 GB  6.8 MB/s   2m44s[K[?25h[?2026l[?2026h[?25l[A[1Gpulling manifest [K
pulling aeda25e63ebd:  66% ▕███████████       ▏ 2.2 GB/3.3 GB  6.8 MB/s   2m44s[K[?25h[?2026l[?2026h[?25l[A[1Gpulling manifest [K
pulling aeda25e63ebd:  66% ▕███████████       ▏ 2.2 GB/3.3 GB  6.8 MB/s   2m43s[K[?25h[?2026l[?2026h[?25l[A[1Gpulling manifest [K
pulling aeda25e63ebd:  66% ▕███████████       ▏ 2.2 GB/3.3 GB  6.8 MB/s   2m43s[K[?25h[?2026l[?2026h[?25l[A[1Gpulling manifest [K
pulling aeda25e63ebd:  66% ▕███████████       ▏ 2.2 GB/3.3 GB  6.8 MB/s   2m43s[K[?25h[?2026l[?2026h[?25l[A[1Gpulling manifest [K
pulling aeda25e63ebd:  66% ▕███████████       ▏ 2.2 GB/3.3 GB  6.8 MB/s   2m43s[K[?25h[?2026l[?2026h[?25l[A[1Gpulling manifest [K
pulling aeda25e63ebd:  66% ▕███████████       ▏ 2.2 GB/3.3 GB  6.8 MB/s   2m43s[K[?25h[?2026l[?2026h[?25l[A[1Gpulling manifest [K
pulling aeda25e63ebd:  67% ▕███████████       ▏ 2.2 GB/3.3 GB  6.8 MB/s   2m43s[K[?25h[?2026l[?2026h[?25l[A[1Gpulling manifest [K
pulling aeda25e63ebd:  67% ▕███████████       ▏ 2.2 GB/3.3 GB  6.8 MB/s   2m43s[K[?25h[?2026l[?2026h[?25l[A[1Gpulling manifest [K
pulling aeda25e63ebd:  67% ▕███████████       ▏ 2.2 GB/3.3 GB  6.8 MB/s   2m43s[K[?25h[?2026l[?2026h[?25l[A[1Gpulling manifest [K
pulling aeda25e63ebd:  67% ▕███████████       ▏ 2.2 GB/3.3 GB  7.3 MB/s   2m31s[K[?25h[?2026l[?2026h[?25l[A[1Gpulling manifest [K
pulling aeda25e63ebd:  67% ▕███████████       ▏ 2.2 GB/3.3 GB  7.3 MB/s   2m31s[K[?25h[?2026l[?2026h[?25l[A[1Gpulling manifest [K
pulling aeda25e63ebd:  67% ▕███████████       ▏ 2.2 GB/3.3 GB  7.3 MB/s   2m31s[K[?25h[?2026l[?2026h[?25l[A[1Gpulling manifest [K
pulling aeda25e63ebd:  67% ▕███████████       ▏ 2.2 GB/3.3 GB  7.3 MB/s   2m31s[K[?25h[?2026l[?2026h[?25l[A[1Gpulling manifest [K
pulling aeda25e63ebd:  67% ▕███████████       ▏ 2.2 GB/3.3 GB  7.3 MB/s   2m31s[K[?25h[?2026l[?2026h[?25l[A[1Gpulling manifest [K
pulling aeda25e63ebd:  67% ▕████████████      ▏ 2.2 GB/3.3 GB  7.3 MB/s   2m31s[K[?25h[?2026l[?2026h[?25l[A[1Gpulling manifest [K
pulling aeda25e63ebd:  67% ▕████████████      ▏ 2.2 GB/3.3 GB  7.3 MB/s   2m31s[K[?25h[?2026l[?2026h[?25l[A[1Gpulling manifest [K
pulling aeda25e63ebd:  67% ▕████████████      ▏ 2.2 GB/3.3 GB  7.3 MB/s   2m31s[K[?25h[?2026l[?2026h[?25l[A[1Gpulling manifest [K
pulling aeda25e63ebd:  67% ▕████████████      ▏ 2.2 GB/3.3 GB  7.3 MB/s   2m31s[K[?25h[?2026l[?2026h[?25l[A[1Gpulling manifest [K
pulling aeda25e63ebd:  67% ▕████████████      ▏ 2.2 GB/3.3 GB  7.3 MB/s   2m31s[K[?25h[?2026l[?2026h[?25l[A[1Gpulling manifest [K
pulling aeda25e63ebd:  67% ▕████████████      ▏ 2.2 GB/3.3 GB  7.6 MB/s   2m26s[K[?25h[?2026l[?2026h[?25l[A[1Gpulling manifest [K
pulling aeda25e63ebd:  67% ▕████████████      ▏ 2.2 GB/3.3 GB  7.6 MB/s   2m26s[K[?25h[?2026l[?2026h[?25l[A[1Gpulling manifest [K
pulling aeda25e63ebd:  67% ▕████████████      ▏ 2.2 GB/3.3 GB  7.6 MB/s   2m26s[K[?25h[?2026l[?2026h[?25l[A[1Gpulling manifest [K
pulling aeda25e63ebd:  67% ▕████████████      ▏ 2.2 GB/3.3 GB  7.6 MB/s   2m26s[K[?25h[?2026l[?2026h[?25l[A[1Gpulling manifest [K
pulling aeda25e63ebd:  67% ▕████████████      ▏ 2.2 GB/3.3 GB  7.6 MB/s   2m26s[K[?25h[?2026l[?2026h[?25l[A[1Gpulling manifest [K
pulling aeda25e63ebd:  67% ▕████████████      ▏ 2.2 GB/3.3 GB  7.6 MB/s   2m25s[K[?25h[?2026l[?2026h[?25l[A[1Gpulling manifest [K
pulling aeda25e63ebd:  67% ▕████████████      ▏ 2.2 GB/3.3 GB  7.6 MB/s   2m25s[K[?25h[?2026l[?2026h[?25l[A[1Gpulling manifest [K
pulling aeda25e63ebd:  67% ▕████████████      ▏ 2.2 GB/3.3 GB  7.6 MB/s   2m25s[K[?25h[?2026l[?2026h[?25l[A[1Gpulling manifest [K
pulling aeda25e63ebd:  67% ▕████████████      ▏ 2.2 GB/3.3 GB  7.6 MB/s   2m25s[K[?25h[?2026l[?2026h[?25l[A[1Gpulling manifest [K
pulling aeda25e63ebd:  67% ▕████████████      ▏ 2.2 GB/3.3 GB  7.6 MB/s   2m25s[K[?25h[?2026l[?2026h[?25l[A[1Gpulling manifest [K
pulling aeda25e63ebd:  67% ▕████████████      ▏ 2.2 GB/3.3 GB  7.9 MB/s   2m18s[K[?25h[?2026l[?2026h[?25l[A[1Gpulling manifest [K
pulling aeda25e63ebd:  67% ▕████████████      ▏ 2.2 GB/3.3 GB  7.9 MB/s   2m18s[K[?25h[?2026l[?2026h[?25l[A[1Gpulling manifest [K
pulling aeda25e63ebd:  67% ▕████████████      ▏ 2.2 GB/3.3 GB  7.9 MB/s   2m18s[K[?25h[?2026l[?2026h[?25l[A[1Gpulling manifest [K
pulling aeda25e63ebd:  67% ▕████████████      ▏ 2.2 GB/3.3 GB  7.9 MB/s   2m18s[K[?25h[?2026l[?2026h[?25l[A[1Gpulling manifest [K
pulling aeda25e63ebd:  67% ▕████████████      ▏ 2.2 GB/3.3 GB  7.9 MB/s   2m18s[K[?25h[?2026l[?2026h[?25l[A[1Gpulling manifest [K
pulling aeda25e63ebd:  67% ▕████████████      ▏ 2.2 GB/3.3 GB  7.9 MB/s   2m18s[K[?25h[?2026l[?2026h[?25l[A[1Gpulling manifest [K
pulling aeda25e63ebd:  67% ▕████████████      ▏ 2.2 GB/3.3 GB  7.9 MB/s   2m18s[K[?25h[?2026l[?2026h[?25l[A[1Gpulling manifest [K
pulling aeda25e63ebd:  67% ▕████████████      ▏ 2.2 GB/3.3 GB  7.9 MB/s   2m17s[K[?25h[?2026l[?2026h[?25l[A[1Gpulling manifest [K
pulling aeda25e63ebd:  67% ▕████████████      ▏ 2.2 GB/3.3 GB  7.9 MB/s   2m17s[K[?25h[?2026l[?2026h[?25l[A[1Gpulling manifest [K
pulling aeda25e63ebd:  67% ▕████████████      ▏ 2.2 GB/3.3 GB  7.9 MB/s   2m17s[K[?25h[?2026l[?2026h[?25l[A[1Gpulling manifest [K
pulling aeda25e63ebd:  67% ▕████████████      ▏ 2.2 GB/3.3 GB  7.9 MB/s   2m17s[K[?25h[?2026l[?2026h[?25l[A[1Gpulling manifest [K
pulling aeda25e63ebd:  67% ▕████████████      ▏ 2.2 GB/3.3 GB  8.1 MB/s   2m14s[K[?25h[?2026l[?2026h[?25l[A[1Gpulling manifest [K
pulling aeda25e63ebd:  67% ▕████████████      ▏ 2.2 GB/3.3 GB  8.1 MB/s   2m14s[K[?25h[?2026l[?2026h[?25l[A[1Gpulling manifest [K
pulling aeda25e63ebd:  67% ▕████████████      ▏ 2.3 GB/3.3 GB  8.1 MB/s   2m13s[K[?25h[?2026l[?2026h[?25l[A[1Gpulling manifest [K
pulling aeda25e63ebd:  67% ▕████████████      ▏ 2.3 GB/3.3 GB  8.1 MB/s   2m13s[K[?25h[?2026l[?2026h[?25l[A[1Gpulling manifest [K
pulling aeda25e63ebd:  67% ▕████████████      ▏ 2.3 GB/3.3 GB  8.1 MB/s   2m13s[K[?25h[?2026l[?2026h[?25l[A[1Gpulling manifest [K
pulling aeda25e63ebd:  68% ▕████████████      ▏ 2.3 GB/3.3 GB  8.1 MB/s   2m13s[K[?25h[?2026l[?2026h[?25l[A[1Gpulling manifest [K
pulling aeda25e63ebd:  68% ▕████████████      ▏ 2.3 GB/3.3 GB  8.1 MB/s   2m13s[K[?25h[?2026l[?2026h[?25l[A[1Gpulling manifest [K
pulling aeda25e63ebd:  68% ▕████████████      ▏ 2.3 GB/3.3 GB  8.1 MB/s   2m13s[K[?25h[?2026l[?2026h[?25l[A[1Gpulling manifest [K
pulling aeda25e63ebd:  68% ▕████████████      ▏ 2.3 GB/3.3 GB  8.1 MB/s   2m13s[K[?25h[?2026l[?2026h[?25l[A[1Gpulling manifest [K
pulling aeda25e63ebd:  68% ▕████████████      ▏ 2.3 GB/3.3 GB  8.1 MB/s   2m13s[K[?25h[?2026l[?2026h[?25l[A[1Gpulling manifest [K
pulling aeda25e63ebd:  68% ▕████████████      ▏ 2.3 GB/3.3 GB  8.1 MB/s   2m13s[K[?25h[?2026l[?2026h[?25l[A[1Gpulling manifest [K
pulling aeda25e63ebd:  68% ▕████████████      ▏ 2.3 GB/3.3 GB  8.4 MB/s    2m7s[K[?25h[?2026l[?2026h[?25l[A[1Gpulling manifest [K
pulling aeda25e63ebd:  68% ▕████████████      ▏ 2.3 GB/3.3 GB  8.4 MB/s    2m7s[K[?25h[?2026l[?2026h[?25l[A[1Gpulling manifest [K
pulling aeda25e63ebd:  68% ▕████████████      ▏ 2.3 GB/3.3 GB  8.4 MB/s    2m7s[K[?25h[?2026l[?2026h[?25l[A[1Gpulling manifest [K
pulling aeda25e63ebd:  68% ▕████████████      ▏ 2.3 GB/3.3 GB  8.4 MB/s    2m7s[K[?25h[?2026l[?2026h[?25l[A[1Gpulling manifest [K
pulling aeda25e63ebd:  68% ▕████████████      ▏ 2.3 GB/3.3 GB  8.4 MB/s    2m7s[K[?25h[?2026l[?2026h[?25l[A[1Gpulling manifest [K
pulling aeda25e63ebd:  68% ▕████████████      ▏ 2.3 GB/3.3 GB  8.4 MB/s    2m7s[K[?25h[?2026l[?2026h[?25l[A[1Gpulling manifest [K
pulling aeda25e63ebd:  68% ▕████████████      ▏ 2.3 GB/3.3 GB  8.4 MB/s    2m7s[K[?25h[?2026l[?2026h[?25l[A[1Gpulling manifest [K
pulling aeda25e63ebd:  68% ▕████████████      ▏ 2.3 GB/3.3 GB  8.4 MB/s    2m7s[K[?25h[?2026l[?2026h[?25l[A[1Gpulling manifest [K
pulling aeda25e63ebd:  68% ▕████████████      ▏ 2.3 GB/3.3 GB  8.4 MB/s    2m7s[K[?25h[?2026l[?2026h[?25l[A[1Gpulling manifest [K
pulling aeda25e63ebd:  68% ▕████████████      ▏ 2.3 GB/3.3 GB  8.4 MB/s    2m7s[K[?25h[?2026l[?2026h[?25l[A[1Gpulling manifest [K
pulling aeda25e63ebd:  68% ▕████████████      ▏ 2.3 GB/3.3 GB  8.4 MB/s    2m7s[K[?25h[?2026l[?2026h[?25l[A[1Gpulling manifest [K
pulling aeda25e63ebd:  68% ▕████████████      ▏ 2.3 GB/3.3 GB  8.4 MB/s    2m7s[K[?25h[?2026l[?2026h[?25l[A[1Gpulling manifest [K
pulling aeda25e63ebd:  68% ▕████████████      ▏ 2.3 GB/3.3 GB  8.4 MB/s    2m7s[K[?25h[?2026l[?2026h[?25l[A[1Gpulling manifest [K
pulling aeda25e63ebd:  68% ▕████████████      ▏ 2.3 GB/3.3 GB  8.4 MB/s    2m7s[K[?25h[?2026l[?2026h[?25l[A[1Gpulling manifest [K
pulling aeda25e63ebd:  68% ▕████████████      ▏ 2.3 GB/3.3 GB  8.4 MB/s    2m7s[K[?25h[?2026l[?2026h[?25l[A[1Gpulling manifest [K
pulling aeda25e63ebd:  68% ▕████████████      ▏ 2.3 GB/3.3 GB  8.4 MB/s    2m7s[K[?25h[?2026l[?2026h[?25l[A[1Gpulling manifest [K
pulling aeda25e63ebd:  68% ▕████████████      ▏ 2.3 GB/3.3 GB  8.4 MB/s    2m6s[K[?25h[?2026l[?2026h[?25l[A[1Gpulling manifest [K
pulling aeda25e63ebd:  68% ▕████████████      ▏ 2.3 GB/3.3 GB  8.4 MB/s    2m6s[K[?25h[?2026l[?2026h[?25l[A[1Gpulling manifest [K
pulling aeda25e63ebd:  68% ▕████████████      ▏ 2.3 GB/3.3 GB  8.4 MB/s    2m6s[K[?25h[?2026l[?2026h[?25l[A[1Gpulling manifest [K
pulling aeda25e63ebd:  68% ▕████████████      ▏ 2.3 GB/3.3 GB  8.4 MB/s    2m6s[K[?25h[?2026l[?2026h[?25l[A[1Gpulling manifest [K
pulling aeda25e63ebd:  68% ▕████████████      ▏ 2.3 GB/3.3 GB  8.1 MB/s   2m11s[K[?25h[?2026l[?2026h[?25l[A[1Gpulling manifest [K
pulling aeda25e63ebd:  68% ▕████████████      ▏ 2.3 GB/3.3 GB  8.1 MB/s   2m11s[K[?25h[?2026l[?2026h[?25l[A[1Gpulling manifest [K
pulling aeda25e63ebd:  68% ▕████████████      ▏ 2.3 GB/3.3 GB  8.1 MB/s   2m11s[K[?25h[?2026l[?2026h[?25l[A[1Gpulling manifest [K
pulling aeda25e63ebd:  68% ▕████████████      ▏ 2.3 GB/3.3 GB  8.1 MB/s   2m11s[K[?25h[?2026l[?2026h[?25l[A[1Gpulling manifest [K
pulling aeda25e63ebd:  68% ▕████████████      ▏ 2.3 GB/3.3 GB  8.1 MB/s   2m11s[K[?25h[?2026l[?2026h[?25l[A[1Gpulling manifest [K
pulling aeda25e63ebd:  68% ▕████████████      ▏ 2.3 GB/3.3 GB  8.1 MB/s   2m11s[K[?25h[?2026l[?2026h[?25l[A[1Gpulling manifest [K
pulling aeda25e63ebd:  68% ▕████████████      ▏ 2.3 GB/3.3 GB  8.1 MB/s   2m11s[K[?25h[?2026l[?2026h[?25l[A[1Gpulling manifest [K
pulling aeda25e63ebd:  68% ▕████████████      ▏ 2.3 GB/3.3 GB  8.1 MB/s   2m11s[K[?25h[?2026l[?2026h[?25l[A[1Gpulling manifest [K
pulling aeda25e63ebd:  68% ▕████████████      ▏ 2.3 GB/3.3 GB  8.1 MB/s   2m11s[K[?25h[?2026l[?2026h[?25l[A[1Gpulling manifest [K
pulling aeda25e63ebd:  68% ▕████████████      ▏ 2.3 GB/3.3 GB  8.1 MB/s   2m10s[K[?25h[?2026l[?2026h[?25l[A[1Gpulling manifest [K
pulling aeda25e63ebd:  68% ▕████████████      ▏ 2.3 GB/3.3 GB  8.0 MB/s   2m12s[K[?25h[?2026l[?2026h[?25l[A[1Gpulling manifest [K
pulling aeda25e63ebd:  68% ▕████████████      ▏ 2.3 GB/3.3 GB  8.0 MB/s   2m12s[K[?25h[?2026l[?2026h[?25l[A[1Gpulling manifest [K
pulling aeda25e63ebd:  68% ▕████████████      ▏ 2.3 GB/3.3 GB  8.0 MB/s   2m12s[K[?25h[?2026l[?2026h[?25l[A[1Gpulling manifest [K
pulling aeda25e63ebd:  68% ▕████████████      ▏ 2.3 GB/3.3 GB  8.0 MB/s   2m12s[K[?25h[?2026l[?2026h[?25l[A[1Gpulling manifest [K
pulling aeda25e63ebd:  68% ▕████████████      ▏ 2.3 GB/3.3 GB  8.0 MB/s   2m12s[K[?25h[?2026l[?2026h[?25l[A[1Gpulling manifest [K
pulling aeda25e63ebd:  68% ▕████████████      ▏ 2.3 GB/3.3 GB  8.0 MB/s   2m12s[K[?25h[?2026l[?2026h[?25l[A[1Gpulling manifest [K
pulling aeda25e63ebd:  68% ▕████████████      ▏ 2.3 GB/3.3 GB  8.0 MB/s   2m12s[K[?25h[?2026l[?2026h[?25l[A[1Gpulling manifest [K
pulling aeda25e63ebd:  68% ▕████████████      ▏ 2.3 GB/3.3 GB  8.0 MB/s   2m12s[K[?25h[?2026l[?2026h[?25l[A[1Gpulling manifest [K
pulling aeda25e63ebd:  68% ▕████████████      ▏ 2.3 GB/3.3 GB  8.0 MB/s   2m12s[K[?25h[?2026l[?2026h[?25l[A[1Gpulling manifest [K
pulling aeda25e63ebd:  69% ▕████████████      ▏ 2.3 GB/3.3 GB  8.0 MB/s   2m12s[K[?25h[?2026l[?2026h[?25l[A[1Gpulling manifest [K
pulling aeda25e63ebd:  69% ▕████████████      ▏ 2.3 GB/3.3 GB  8.0 MB/s   2m11s[K[?25h[?2026l[?2026h[?25l[A[1Gpulling manifest [K
pulling aeda25e63ebd:  69% ▕████████████      ▏ 2.3 GB/3.3 GB  8.4 MB/s    2m5s[K[?25h[?2026l[?2026h[?25l[A[1Gpulling manifest [K
pulling aeda25e63ebd:  69% ▕████████████      ▏ 2.3 GB/3.3 GB  8.4 MB/s    2m5s[K[?25h[?2026l[?2026h[?25l[A[1Gpulling manifest [K
pulling aeda25e63ebd:  69% ▕████████████      ▏ 2.3 GB/3.3 GB  8.4 MB/s    2m5s[K[?25h[?2026l[?2026h[?25l[A[1Gpulling manifest [K
pulling aeda25e63ebd:  69% ▕████████████      ▏ 2.3 GB/3.3 GB  8.4 MB/s    2m5s[K[?25h[?2026l[?2026h[?25l[A[1Gpulling manifest [K
pulling aeda25e63ebd:  69% ▕████████████      ▏ 2.3 GB/3.3 GB  8.4 MB/s    2m5s[K[?25h[?2026l[?2026h[?25l[A[1Gpulling manifest [K
pulling aeda25e63ebd:  69% ▕████████████      ▏ 2.3 GB/3.3 GB  8.4 MB/s    2m5s[K[?25h[?2026l[?2026h[?25l[A[1Gpulling manifest [K
pulling aeda25e63ebd:  69% ▕████████████      ▏ 2.3 GB/3.3 GB  8.4 MB/s    2m5s[K[?25h[?2026l[?2026h[?25l[A[1Gpulling manifest [K
pulling aeda25e63ebd:  69% ▕████████████      ▏ 2.3 GB/3.3 GB  8.4 MB/s    2m4s[K[?25h[?2026l[?2026h[?25l[A[1Gpulling manifest [K
pulling aeda25e63ebd:  69% ▕████████████      ▏ 2.3 GB/3.3 GB  8.4 MB/s    2m4s[K[?25h[?2026l[?2026h[?25l[A[1Gpulling manifest [K
pulling aeda25e63ebd:  69% ▕████████████      ▏ 2.3 GB/3.3 GB  8.4 MB/s    2m4s[K[?25h[?2026l[?2026h[?25l[A[1Gpulling manifest [K
pulling aeda25e63ebd:  69% ▕████████████      ▏ 2.3 GB/3.3 GB  8.3 MB/s    2m5s[K[?25h[?2026l[?2026h[?25l[A[1Gpulling manifest [K
pulling aeda25e63ebd:  69% ▕████████████      ▏ 2.3 GB/3.3 GB  8.3 MB/s    2m5s[K[?25h[?2026l[?2026h[?25l[A[1Gpulling manifest [K
pulling aeda25e63ebd:  69% ▕████████████      ▏ 2.3 GB/3.3 GB  8.3 MB/s    2m5s[K[?25h[?2026l[?2026h[?25l[A[1Gpulling manifest [K
pulling aeda25e63ebd:  69% ▕████████████      ▏ 2.3 GB/3.3 GB  8.3 MB/s    2m4s[K[?25h[?2026l[?2026h[?25l[A[1Gpulling manifest [K
pulling aeda25e63ebd:  69% ▕████████████      ▏ 2.3 GB/3.3 GB  8.3 MB/s    2m4s[K[?25h[?2026l[?2026h[?25l[A[1Gpulling manifest [K
pulling aeda25e63ebd:  69% ▕████████████      ▏ 2.3 GB/3.3 GB  8.3 MB/s    2m4s[K[?25h[?2026l[?2026h[?25l[A[1Gpulling manifest [K
pulling aeda25e63ebd:  69% ▕████████████      ▏ 2.3 GB/3.3 GB  8.3 MB/s    2m4s[K[?25h[?2026l[?2026h[?25l[A[1Gpulling manifest [K
pulling aeda25e63ebd:  69% ▕████████████      ▏ 2.3 GB/3.3 GB  8.3 MB/s    2m4s[K[?25h[?2026l[?2026h[?25l[A[1Gpulling manifest [K
pulling aeda25e63ebd:  69% ▕████████████      ▏ 2.3 GB/3.3 GB  8.3 MB/s    2m4s[K[?25h[?2026l[?2026h[?25l[A[1Gpulling manifest [K
pulling aeda25e63ebd:  69% ▕████████████      ▏ 2.3 GB/3.3 GB  8.3 MB/s    2m4s[K[?25h[?2026l[?2026h[?25l[A[1Gpulling manifest [K
pulling aeda25e63ebd:  69% ▕████████████      ▏ 2.3 GB/3.3 GB  8.3 MB/s    2m4s[K[?25h[?2026l[?2026h[?25l[A[1Gpulling manifest [K
pulling aeda25e63ebd:  69% ▕████████████      ▏ 2.3 GB/3.3 GB  8.3 MB/s    2m4s[K[?25h[?2026l[?2026h[?25l[A[1Gpulling manifest [K
pulling aeda25e63ebd:  69% ▕████████████      ▏ 2.3 GB/3.3 GB  8.3 MB/s    2m4s[K[?25h[?2026l[?2026h[?25l[A[1Gpulling manifest [K
pulling aeda25e63ebd:  69% ▕████████████      ▏ 2.3 GB/3.3 GB  8.3 MB/s    2m4s[K[?25h[?2026l[?2026h[?25l[A[1Gpulling manifest [K
pulling aeda25e63ebd:  69% ▕████████████      ▏ 2.3 GB/3.3 GB  8.3 MB/s    2m3s[K[?25h[?2026l[?2026h[?25l[A[1Gpulling manifest [K
pulling aeda25e63ebd:  69% ▕████████████      ▏ 2.3 GB/3.3 GB  8.3 MB/s    2m3s[K[?25h[?2026l[?2026h[?25l[A[1Gpulling manifest [K
pulling aeda25e63ebd:  69% ▕████████████      ▏ 2.3 GB/3.3 GB  8.3 MB/s    2m3s[K[?25h[?2026l[?2026h[?25l[A[1Gpulling manifest [K
pulling aeda25e63ebd:  69% ▕████████████      ▏ 2.3 GB/3.3 GB  8.3 MB/s    2m3s[K[?25h[?2026l[?2026h[?25l[A[1Gpulling manifest [K
pulling aeda25e63ebd:  69% ▕████████████      ▏ 2.3 GB/3.3 GB  8.3 MB/s    2m3s[K[?25h[?2026l[?2026h[?25l[A[1Gpulling manifest [K
pulling aeda25e63ebd:  69% ▕████████████      ▏ 2.3 GB/3.3 GB  8.3 MB/s    2m3s[K[?25h[?2026l[?2026h[?25l[A[1Gpulling manifest [K
pulling aeda25e63ebd:  69% ▕████████████      ▏ 2.3 GB/3.3 GB  8.2 MB/s    2m5s[K[?25h[?2026l[?2026h[?25l[A[1Gpulling manifest [K
pulling aeda25e63ebd:  69% ▕████████████      ▏ 2.3 GB/3.3 GB  8.2 MB/s    2m5s[K[?25h[?2026l[?2026h[?25l[A[1Gpulling manifest [K
pulling aeda25e63ebd:  69% ▕████████████      ▏ 2.3 GB/3.3 GB  8.2 MB/s    2m5s[K[?25h[?2026l[?2026h[?25l[A[1Gpulling manifest [K
pulling aeda25e63ebd:  69% ▕████████████      ▏ 2.3 GB/3.3 GB  8.2 MB/s    2m5s[K[?25h[?2026l[?2026h[?25l[A[1Gpulling manifest [K
pulling aeda25e63ebd:  69% ▕████████████      ▏ 2.3 GB/3.3 GB  8.2 MB/s    2m5s[K[?25h[?2026l[?2026h[?25l[A[1Gpulling manifest [K
pulling aeda25e63ebd:  69% ▕████████████      ▏ 2.3 GB/3.3 GB  8.2 MB/s    2m5s[K[?25h[?2026l[?2026h[?25l[A[1Gpulling manifest [K
pulling aeda25e63ebd:  69% ▕████████████      ▏ 2.3 GB/3.3 GB  8.2 MB/s    2m4s[K[?25h[?2026l[?2026h[?25l[A[1Gpulling manifest [K
pulling aeda25e63ebd:  69% ▕████████████      ▏ 2.3 GB/3.3 GB  8.2 MB/s    2m4s[K[?25h[?2026l[?2026h[?25l[A[1Gpulling manifest [K
pulling aeda25e63ebd:  69% ▕████████████      ▏ 2.3 GB/3.3 GB  8.2 MB/s    2m4s[K[?25h[?2026l[?2026h[?25l[A[1Gpulling manifest [K
pulling aeda25e63ebd:  70% ▕████████████      ▏ 2.3 GB/3.3 GB  8.2 MB/s    2m4s[K[?25h[?2026l[?2026h[?25l[A[1Gpulling manifest [K
pulling aeda25e63ebd:  70% ▕████████████      ▏ 2.3 GB/3.3 GB  8.1 MB/s    2m6s[K[?25h[?2026l[?2026h[?25l[A[1Gpulling manifest [K
pulling aeda25e63ebd:  70% ▕████████████      ▏ 2.3 GB/3.3 GB  8.1 MB/s    2m6s[K[?25h[?2026l[?2026h[?25l[A[1Gpulling manifest [K
pulling aeda25e63ebd:  70% ▕████████████      ▏ 2.3 GB/3.3 GB  8.1 MB/s    2m5s[K[?25h[?2026l[?2026h[?25l[A[1Gpulling manifest [K
pulling aeda25e63ebd:  70% ▕████████████      ▏ 2.3 GB/3.3 GB  8.1 MB/s    2m5s[K[?25h[?2026l[?2026h[?25l[A[1Gpulling manifest [K
pulling aeda25e63ebd:  70% ▕████████████      ▏ 2.3 GB/3.3 GB  8.1 MB/s    2m5s[K[?25h[?2026l[?2026h[?25l[A[1Gpulling manifest [K
pulling aeda25e63ebd:  70% ▕████████████      ▏ 2.3 GB/3.3 GB  8.1 MB/s    2m5s[K[?25h[?2026l[?2026h[?25l[A[1Gpulling manifest [K
pulling aeda25e63ebd:  70% ▕████████████      ▏ 2.3 GB/3.3 GB  8.1 MB/s    2m5s[K[?25h[?2026l[?2026h[?25l[A[1Gpulling manifest [K
pulling aeda25e63ebd:  70% ▕████████████      ▏ 2.3 GB/3.3 GB  8.1 MB/s    2m5s[K[?25h[?2026l[?2026h[?25l[A[1Gpulling manifest [K
pulling aeda25e63ebd:  70% ▕████████████      ▏ 2.3 GB/3.3 GB  8.1 MB/s    2m5s[K[?25h[?2026l[?2026h[?25l[A[1Gpulling manifest [K
pulling aeda25e63ebd:  70% ▕████████████      ▏ 2.3 GB/3.3 GB  8.1 MB/s    2m5s[K[?25h[?2026l[?2026h[?25l[A[1Gpulling manifest [K
pulling aeda25e63ebd:  70% ▕████████████      ▏ 2.3 GB/3.3 GB  8.1 MB/s    2m5s[K[?25h[?2026l[?2026h[?25l[A[1Gpulling manifest [K
pulling aeda25e63ebd:  70% ▕████████████      ▏ 2.3 GB/3.3 GB  7.9 MB/s    2m8s[K[?25h[?2026l[?2026h[?25l[A[1Gpulling manifest [K
pulling aeda25e63ebd:  70% ▕████████████      ▏ 2.3 GB/3.3 GB  7.9 MB/s    2m8s[K[?25h[?2026l[?2026h[?25l[A[1Gpulling manifest [K
pulling aeda25e63ebd:  70% ▕████████████      ▏ 2.3 GB/3.3 GB  7.9 MB/s    2m8s[K[?25h[?2026l[?2026h[?25l[A[1Gpulling manifest [K
pulling aeda25e63ebd:  70% ▕████████████      ▏ 2.3 GB/3.3 GB  7.9 MB/s    2m8s[K[?25h[?2026l[?2026h[?25l[A[1Gpulling manifest [K
pulling aeda25e63ebd:  70% ▕████████████      ▏ 2.3 GB/3.3 GB  7.9 MB/s    2m8s[K[?25h[?2026l[?2026h[?25l[A[1Gpulling manifest [K
pulling aeda25e63ebd:  70% ▕████████████      ▏ 2.3 GB/3.3 GB  7.9 MB/s    2m8s[K[?25h[?2026l[?2026h[?25l[A[1Gpulling manifest [K
pulling aeda25e63ebd:  70% ▕████████████      ▏ 2.3 GB/3.3 GB  7.9 MB/s    2m7s[K[?25h[?2026l[?2026h[?25l[A[1Gpulling manifest [K
pulling aeda25e63ebd:  70% ▕████████████      ▏ 2.3 GB/3.3 GB  7.9 MB/s    2m7s[K[?25h[?2026l[?2026h[?25l[A[1Gpulling manifest [K
pulling aeda25e63ebd:  70% ▕████████████      ▏ 2.3 GB/3.3 GB  7.9 MB/s    2m7s[K[?25h[?2026l[?2026h[?25l[A[1Gpulling manifest [K
pulling aeda25e63ebd:  70% ▕████████████      ▏ 2.3 GB/3.3 GB  7.9 MB/s    2m7s[K[?25h[?2026l[?2026h[?25l[A[1Gpulling manifest [K
pulling aeda25e63ebd:  70% ▕████████████      ▏ 2.3 GB/3.3 GB  7.9 MB/s    2m7s[K[?25h[?2026l[?2026h[?25l[A[1Gpulling manifest [K
pulling aeda25e63ebd:  70% ▕████████████      ▏ 2.3 GB/3.3 GB  7.8 MB/s    2m8s[K[?25h[?2026l[?2026h[?25l[A[1Gpulling manifest [K
pulling aeda25e63ebd:  70% ▕████████████      ▏ 2.3 GB/3.3 GB  7.8 MB/s    2m8s[K[?25h[?2026l[?2026h[?25l[A[1Gpulling manifest [K
pulling aeda25e63ebd:  70% ▕████████████      ▏ 2.3 GB/3.3 GB  7.8 MB/s    2m8s[K[?25h[?2026l[?2026h[?25l[A[1Gpulling manifest [K
pulling aeda25e63ebd:  70% ▕████████████      ▏ 2.3 GB/3.3 GB  7.8 MB/s    2m8s[K[?25h[?2026l[?2026h[?25l[A[1Gpulling manifest [K
pulling aeda25e63ebd:  70% ▕████████████      ▏ 2.3 GB/3.3 GB  7.8 MB/s    2m8s[K[?25h[?2026l[?2026h[?25l[A[1Gpulling manifest [K
pulling aeda25e63ebd:  70% ▕████████████      ▏ 2.3 GB/3.3 GB  7.8 MB/s    2m7s[K[?25h[?2026l[?2026h[?25l[A[1Gpulling manifest [K
pulling aeda25e63ebd:  70% ▕████████████      ▏ 2.3 GB/3.3 GB  7.8 MB/s    2m7s[K[?25h[?2026l[?2026h[?25l[A[1Gpulling manifest [K
pulling aeda25e63ebd:  70% ▕████████████      ▏ 2.3 GB/3.3 GB  7.8 MB/s    2m7s[K[?25h[?2026l[?2026h[?25l[A[1Gpulling manifest [K
pulling aeda25e63ebd:  70% ▕████████████      ▏ 2.3 GB/3.3 GB  7.8 MB/s    2m7s[K[?25h[?2026l[?2026h[?25l[A[1Gpulling manifest [K
pulling aeda25e63ebd:  70% ▕████████████      ▏ 2.3 GB/3.3 GB  7.8 MB/s    2m7s[K[?25h[?2026l[?2026h[?25l[A[1Gpulling manifest [K
pulling aeda25e63ebd:  70% ▕████████████      ▏ 2.3 GB/3.3 GB  7.8 MB/s    2m7s[K[?25h[?2026l[?2026h[?25l[A[1Gpulling manifest [K
pulling aeda25e63ebd:  70% ▕████████████      ▏ 2.3 GB/3.3 GB  7.6 MB/s   2m11s[K[?25h[?2026l[?2026h[?25l[A[1Gpulling manifest [K
pulling aeda25e63ebd:  70% ▕████████████      ▏ 2.3 GB/3.3 GB  7.6 MB/s   2m11s[K[?25h[?2026l[?2026h[?25l[A[1Gpulling manifest [K
pulling aeda25e63ebd:  70% ▕████████████      ▏ 2.3 GB/3.3 GB  7.6 MB/s   2m11s[K[?25h[?2026l[?2026h[?25l[A[1Gpulling manifest [K
pulling aeda25e63ebd:  70% ▕████████████      ▏ 2.3 GB/3.3 GB  7.6 MB/s   2m11s[K[?25h[?2026l[?2026h[?25l[A[1Gpulling manifest [K
pulling aeda25e63ebd:  70% ▕████████████      ▏ 2.3 GB/3.3 GB  7.6 MB/s   2m11s[K[?25h[?2026l[?2026h[?25l[A[1Gpulling manifest [K
pulling aeda25e63ebd:  70% ▕████████████      ▏ 2.3 GB/3.3 GB  7.6 MB/s   2m11s[K[?25h[?2026l[?2026h[?25l[A[1Gpulling manifest [K
pulling aeda25e63ebd:  70% ▕████████████      ▏ 2.3 GB/3.3 GB  7.6 MB/s   2m10s[K[?25h[?2026l[?2026h[?25l[A[1Gpulling manifest [K
pulling aeda25e63ebd:  70% ▕████████████      ▏ 2.3 GB/3.3 GB  7.6 MB/s   2m10s[K[?25h[?2026l[?2026h[?25l[A[1Gpulling manifest [K
pulling aeda25e63ebd:  70% ▕████████████      ▏ 2.3 GB/3.3 GB  7.6 MB/s   2m10s[K[?25h[?2026l[?2026h[?25l[A[1Gpulling manifest [K
pulling aeda25e63ebd:  70% ▕████████████      ▏ 2.4 GB/3.3 GB  7.6 MB/s   2m10s[K[?25h[?2026l[?2026h[?25l[A[1Gpulling manifest [K
pulling aeda25e63ebd:  70% ▕████████████      ▏ 2.4 GB/3.3 GB  7.7 MB/s    2m8s[K[?25h[?2026l[?2026h[?25l[A[1Gpulling manifest [K
pulling aeda25e63ebd:  70% ▕████████████      ▏ 2.4 GB/3.3 GB  7.7 MB/s    2m8s[K[?25h[?2026l[?2026h[?25l[A[1Gpulling manifest [K
pulling aeda25e63ebd:  70% ▕████████████      ▏ 2.4 GB/3.3 GB  7.7 MB/s    2m8s[K[?25h[?2026l[?2026h[?25l[A[1Gpulling manifest [K
pulling aeda25e63ebd:  70% ▕████████████      ▏ 2.4 GB/3.3 GB  7.7 MB/s    2m8s[K[?25h[?2026l[?2026h[?25l[A[1Gpulling manifest [K
pulling aeda25e63ebd:  70% ▕████████████      ▏ 2.4 GB/3.3 GB  7.7 MB/s    2m8s[K[?25h[?2026l[?2026h[?25l[A[1Gpulling manifest [K
pulling aeda25e63ebd:  71% ▕████████████      ▏ 2.4 GB/3.3 GB  7.7 MB/s    2m8s[K[?25h[?2026l[?2026h[?25l[A[1Gpulling manifest [K
pulling aeda25e63ebd:  71% ▕████████████      ▏ 2.4 GB/3.3 GB  7.7 MB/s    2m8s[K[?25h[?2026l[?2026h[?25l[A[1Gpulling manifest [K
pulling aeda25e63ebd:  71% ▕████████████      ▏ 2.4 GB/3.3 GB  7.7 MB/s    2m7s[K[?25h[?2026l[?2026h[?25l[A[1Gpulling manifest [K
pulling aeda25e63ebd:  71% ▕████████████      ▏ 2.4 GB/3.3 GB  7.7 MB/s    2m7s[K[?25h[?2026l[?2026h[?25l[A[1Gpulling manifest [K
pulling aeda25e63ebd:  71% ▕████████████      ▏ 2.4 GB/3.3 GB  7.7 MB/s    2m7s[K[?25h[?2026l[?2026h[?25l[A[1Gpulling manifest [K
pulling aeda25e63ebd:  71% ▕████████████      ▏ 2.4 GB/3.3 GB  7.6 MB/s    2m9s[K[?25h[?2026l[?2026h[?25l[A[1Gpulling manifest [K
pulling aeda25e63ebd:  71% ▕████████████      ▏ 2.4 GB/3.3 GB  7.6 MB/s    2m9s[K[?25h[?2026l[?2026h[?25l[A[1Gpulling manifest [K
pulling aeda25e63ebd:  71% ▕████████████      ▏ 2.4 GB/3.3 GB  7.6 MB/s    2m9s[K[?25h[?2026l[?2026h[?25l[A[1Gpulling manifest [K
pulling aeda25e63ebd:  71% ▕████████████      ▏ 2.4 GB/3.3 GB  7.6 MB/s    2m9s[K[?25h[?2026l[?2026h[?25l[A[1Gpulling manifest [K
pulling aeda25e63ebd:  71% ▕████████████      ▏ 2.4 GB/3.3 GB  7.6 MB/s    2m9s[K[?25h[?2026l[?2026h[?25l[A[1Gpulling manifest [K
pulling aeda25e63ebd:  71% ▕████████████      ▏ 2.4 GB/3.3 GB  7.6 MB/s    2m9s[K[?25h[?2026l[?2026h[?25l[A[1Gpulling manifest [K
pulling aeda25e63ebd:  71% ▕████████████      ▏ 2.4 GB/3.3 GB  7.6 MB/s    2m9s[K[?25h[?2026l[?2026h[?25l[A[1Gpulling manifest [K
pulling aeda25e63ebd:  71% ▕████████████      ▏ 2.4 GB/3.3 GB  7.6 MB/s    2m8s[K[?25h[?2026l[?2026h[?25l[A[1Gpulling manifest [K
pulling aeda25e63ebd:  71% ▕████████████      ▏ 2.4 GB/3.3 GB  7.6 MB/s    2m8s[K[?25h[?2026l[?2026h[?25l[A[1Gpulling manifest [K
pulling aeda25e63ebd:  71% ▕████████████      ▏ 2.4 GB/3.3 GB  7.6 MB/s    2m8s[K[?25h[?2026l[?2026h[?25l[A[1Gpulling manifest [K
pulling aeda25e63ebd:  71% ▕████████████      ▏ 2.4 GB/3.3 GB  7.5 MB/s   2m10s[K[?25h[?2026l[?2026h[?25l[A[1Gpulling manifest [K
pulling aeda25e63ebd:  71% ▕████████████      ▏ 2.4 GB/3.3 GB  7.5 MB/s   2m10s[K[?25h[?2026l[?2026h[?25l[A[1Gpulling manifest [K
pulling aeda25e63ebd:  71% ▕████████████      ▏ 2.4 GB/3.3 GB  7.5 MB/s   2m10s[K[?25h[?2026l[?2026h[?25l[A[1Gpulling manifest [K
pulling aeda25e63ebd:  71% ▕████████████      ▏ 2.4 GB/3.3 GB  7.5 MB/s   2m10s[K[?25h[?2026l[?2026h[?25l[A[1Gpulling manifest [K
pulling aeda25e63ebd:  71% ▕████████████      ▏ 2.4 GB/3.3 GB  7.5 MB/s   2m10s[K[?25h[?2026l[?2026h[?25l[A[1Gpulling manifest [K
pulling aeda25e63ebd:  71% ▕████████████      ▏ 2.4 GB/3.3 GB  7.5 MB/s   2m10s[K[?25h[?2026l[?2026h[?25l[A[1Gpulling manifest [K
pulling aeda25e63ebd:  71% ▕████████████      ▏ 2.4 GB/3.3 GB  7.5 MB/s   2m10s[K[?25h[?2026l[?2026h[?25l[A[1Gpulling manifest [K
pulling aeda25e63ebd:  71% ▕████████████      ▏ 2.4 GB/3.3 GB  7.5 MB/s    2m9s[K[?25h[?2026l[?2026h[?25l[A[1Gpulling manifest [K
pulling aeda25e63ebd:  71% ▕████████████      ▏ 2.4 GB/3.3 GB  7.5 MB/s    2m9s[K[?25h[?2026l[?2026h[?25l[A[1Gpulling manifest [K
pulling aeda25e63ebd:  71% ▕████████████      ▏ 2.4 GB/3.3 GB  7.5 MB/s    2m9s[K[?25h[?2026l[?2026h[?25l[A[1Gpulling manifest [K
pulling aeda25e63ebd:  71% ▕████████████      ▏ 2.4 GB/3.3 GB  7.4 MB/s   2m10s[K[?25h[?2026l[?2026h[?25l[A[1Gpulling manifest [K
pulling aeda25e63ebd:  71% ▕████████████      ▏ 2.4 GB/3.3 GB  7.4 MB/s   2m10s[K[?25h[?2026l[?2026h[?25l[A[1Gpulling manifest [K
pulling aeda25e63ebd:  71% ▕████████████      ▏ 2.4 GB/3.3 GB  7.4 MB/s   2m10s[K[?25h[?2026l[?2026h[?25l[A[1Gpulling manifest [K
pulling aeda25e63ebd:  71% ▕████████████      ▏ 2.4 GB/3.3 GB  7.4 MB/s    2m9s[K[?25h[?2026l[?2026h[?25l[A[1Gpulling manifest [K
pulling aeda25e63ebd:  71% ▕████████████      ▏ 2.4 GB/3.3 GB  7.4 MB/s    2m9s[K[?25h[?2026l[?2026h[?25l[A[1Gpulling manifest [K
pulling aeda25e63ebd:  71% ▕████████████      ▏ 2.4 GB/3.3 GB  7.4 MB/s    2m9s[K[?25h[?2026l[?2026h[?25l[A[1Gpulling manifest [K
pulling aeda25e63ebd:  71% ▕████████████      ▏ 2.4 GB/3.3 GB  7.4 MB/s    2m9s[K[?25h[?2026l[?2026h[?25l[A[1Gpulling manifest [K
pulling aeda25e63ebd:  71% ▕████████████      ▏ 2.4 GB/3.3 GB  7.4 MB/s    2m9s[K[?25h[?2026l[?2026h[?25l[A[1Gpulling manifest [K
pulling aeda25e63ebd:  71% ▕████████████      ▏ 2.4 GB/3.3 GB  7.4 MB/s    2m9s[K[?25h[?2026l[?2026h[?25l[A[1Gpulling manifest [K
pulling aeda25e63ebd:  71% ▕████████████      ▏ 2.4 GB/3.3 GB  7.4 MB/s    2m9s[K[?25h[?2026l[?2026h[?25l[A[1Gpulling manifest [K
pulling aeda25e63ebd:  71% ▕████████████      ▏ 2.4 GB/3.3 GB  7.4 MB/s    2m9s[K[?25h[?2026l[?2026h[?25l[A[1Gpulling manifest [K
pulling aeda25e63ebd:  71% ▕████████████      ▏ 2.4 GB/3.3 GB  7.4 MB/s    2m8s[K[?25h[?2026l[?2026h[?25l[A[1Gpulling manifest [K
pulling aeda25e63ebd:  71% ▕████████████      ▏ 2.4 GB/3.3 GB  7.4 MB/s    2m8s[K[?25h[?2026l[?2026h[?25l[A[1Gpulling manifest [K
pulling aeda25e63ebd:  71% ▕████████████      ▏ 2.4 GB/3.3 GB  7.4 MB/s    2m8s[K[?25h[?2026l[?2026h[?25l[A[1Gpulling manifest [K
pulling aeda25e63ebd:  71% ▕████████████      ▏ 2.4 GB/3.3 GB  7.4 MB/s    2m8s[K[?25h[?2026l[?2026h[?25l[A[1Gpulling manifest [K
pulling aeda25e63ebd:  71% ▕████████████      ▏ 2.4 GB/3.3 GB  7.4 MB/s    2m8s[K[?25h[?2026l[?2026h[?25l[A[1Gpulling manifest [K
pulling aeda25e63ebd:  71% ▕████████████      ▏ 2.4 GB/3.3 GB  7.4 MB/s    2m8s[K[?25h[?2026l[?2026h[?25l[A[1Gpulling manifest [K
pulling aeda25e63ebd:  71% ▕████████████      ▏ 2.4 GB/3.3 GB  7.4 MB/s    2m8s[K[?25h[?2026l[?2026h[?25l[A[1Gpulling manifest [K
pulling aeda25e63ebd:  71% ▕████████████      ▏ 2.4 GB/3.3 GB  7.4 MB/s    2m8s[K[?25h[?2026l[?2026h[?25l[A[1Gpulling manifest [K
pulling aeda25e63ebd:  72% ▕████████████      ▏ 2.4 GB/3.3 GB  7.4 MB/s    2m8s[K[?25h[?2026l[?2026h[?25l[A[1Gpulling manifest [K
pulling aeda25e63ebd:  72% ▕████████████      ▏ 2.4 GB/3.3 GB  7.4 MB/s    2m7s[K[?25h[?2026l[?2026h[?25l[A[1Gpulling manifest [K
pulling aeda25e63ebd:  72% ▕████████████      ▏ 2.4 GB/3.3 GB  7.5 MB/s    2m6s[K[?25h[?2026l[?2026h[?25l[A[1Gpulling manifest [K
pulling aeda25e63ebd:  72% ▕████████████      ▏ 2.4 GB/3.3 GB  7.5 MB/s    2m6s[K[?25h[?2026l[?2026h[?25l[A[1Gpulling manifest [K
pulling aeda25e63ebd:  72% ▕████████████      ▏ 2.4 GB/3.3 GB  7.5 MB/s    2m6s[K[?25h[?2026l[?2026h[?25l[A[1Gpulling manifest [K
pulling aeda25e63ebd:  72% ▕████████████      ▏ 2.4 GB/3.3 GB  7.5 MB/s    2m6s[K[?25h[?2026l[?2026h[?25l[A[1Gpulling manifest [K
pulling aeda25e63ebd:  72% ▕████████████      ▏ 2.4 GB/3.3 GB  7.5 MB/s    2m6s[K[?25h[?2026l[?2026h[?25l[A[1Gpulling manifest [K
pulling aeda25e63ebd:  72% ▕████████████      ▏ 2.4 GB/3.3 GB  7.5 MB/s    2m5s[K[?25h[?2026l[?2026h[?25l[A[1Gpulling manifest [K
pulling aeda25e63ebd:  72% ▕████████████      ▏ 2.4 GB/3.3 GB  7.5 MB/s    2m5s[K[?25h[?2026l[?2026h[?25l[A[1Gpulling manifest [K
pulling aeda25e63ebd:  72% ▕████████████      ▏ 2.4 GB/3.3 GB  7.5 MB/s    2m5s[K[?25h[?2026l[?2026h[?25l[A[1Gpulling manifest [K
pulling aeda25e63ebd:  72% ▕████████████      ▏ 2.4 GB/3.3 GB  7.5 MB/s    2m5s[K[?25h[?2026l[?2026h[?25l[A[1Gpulling manifest [K
pulling aeda25e63ebd:  72% ▕████████████      ▏ 2.4 GB/3.3 GB  7.5 MB/s    2m5s[K[?25h[?2026l[?2026h[?25l[A[1Gpulling manifest [K
pulling aeda25e63ebd:  72% ▕████████████      ▏ 2.4 GB/3.3 GB  7.5 MB/s    2m5s[K[?25h[?2026l[?2026h[?25l[A[1Gpulling manifest [K
pulling aeda25e63ebd:  72% ▕████████████      ▏ 2.4 GB/3.3 GB  7.5 MB/s    2m5s[K[?25h[?2026l[?2026h[?25l[A[1Gpulling manifest [K
pulling aeda25e63ebd:  72% ▕████████████      ▏ 2.4 GB/3.3 GB  7.5 MB/s    2m5s[K[?25h[?2026l[?2026h[?25l[A[1Gpulling manifest [K
pulling aeda25e63ebd:  72% ▕████████████      ▏ 2.4 GB/3.3 GB  7.5 MB/s    2m5s[K[?25h[?2026l[?2026h[?25l[A[1Gpulling manifest [K
pulling aeda25e63ebd:  72% ▕████████████      ▏ 2.4 GB/3.3 GB  7.5 MB/s    2m5s[K[?25h[?2026l[?2026h[?25l[A[1Gpulling manifest [K
pulling aeda25e63ebd:  72% ▕████████████      ▏ 2.4 GB/3.3 GB  7.5 MB/s    2m5s[K[?25h[?2026l[?2026h[?25l[A[1Gpulling manifest [K
pulling aeda25e63ebd:  72% ▕████████████      ▏ 2.4 GB/3.3 GB  7.5 MB/s    2m5s[K[?25h[?2026l[?2026h[?25l[A[1Gpulling manifest [K
pulling aeda25e63ebd:  72% ▕████████████      ▏ 2.4 GB/3.3 GB  7.5 MB/s    2m4s[K[?25h[?2026l[?2026h[?25l[A[1Gpulling manifest [K
pulling aeda25e63ebd:  72% ▕████████████      ▏ 2.4 GB/3.3 GB  7.5 MB/s    2m4s[K[?25h[?2026l[?2026h[?25l[A[1Gpulling manifest [K
pulling aeda25e63ebd:  72% ▕████████████      ▏ 2.4 GB/3.3 GB  7.5 MB/s    2m4s[K[?25h[?2026l[?2026h[?25l[A[1Gpulling manifest [K
pulling aeda25e63ebd:  72% ▕████████████      ▏ 2.4 GB/3.3 GB  7.6 MB/s    2m2s[K[?25h[?2026l[?2026h[?25l[A[1Gpulling manifest [K
pulling aeda25e63ebd:  72% ▕████████████      ▏ 2.4 GB/3.3 GB  7.6 MB/s    2m2s[K[?25h[?2026l[?2026h[?25l[A[1Gpulling manifest [K
pulling aeda25e63ebd:  72% ▕████████████      ▏ 2.4 GB/3.3 GB  7.6 MB/s    2m1s[K[?25h[?2026l[?2026h[?25l[A[1Gpulling manifest [K
pulling aeda25e63ebd:  72% ▕████████████      ▏ 2.4 GB/3.3 GB  7.6 MB/s    2m1s[K[?25h[?2026l[?2026h[?25l[A[1Gpulling manifest [K
pulling aeda25e63ebd:  72% ▕████████████      ▏ 2.4 GB/3.3 GB  7.6 MB/s    2m1s[K[?25h[?2026l[?2026h[?25l[A[1Gpulling manifest [K
pulling aeda25e63ebd:  72% ▕████████████      ▏ 2.4 GB/3.3 GB  7.6 MB/s    2m1s[K[?25h[?2026l[?2026h[?25l[A[1Gpulling manifest [K
pulling aeda25e63ebd:  72% ▕████████████      ▏ 2.4 GB/3.3 GB  7.6 MB/s    2m1s[K[?25h[?2026l[?2026h[?25l[A[1Gpulling manifest [K
pulling aeda25e63ebd:  72% ▕████████████      ▏ 2.4 GB/3.3 GB  7.6 MB/s    2m1s[K[?25h[?2026l[?2026h[?25l[A[1Gpulling manifest [K
pulling aeda25e63ebd:  72% ▕█████████████     ▏ 2.4 GB/3.3 GB  7.6 MB/s    2m1s[K[?25h[?2026l[?2026h[?25l[A[1Gpulling manifest [K
pulling aeda25e63ebd:  72% ▕█████████████     ▏ 2.4 GB/3.3 GB  7.6 MB/s    2m1s[K[?25h[?2026l[?2026h[?25l[A[1Gpulling manifest [K
pulling aeda25e63ebd:  72% ▕█████████████     ▏ 2.4 GB/3.3 GB  7.6 MB/s    2m1s[K[?25h[?2026l[?2026h[?25l[A[1Gpulling manifest [K
pulling aeda25e63ebd:  72% ▕█████████████     ▏ 2.4 GB/3.3 GB  8.0 MB/s   1m55s[K[?25h[?2026l[?2026h[?25l[A[1Gpulling manifest [K
pulling aeda25e63ebd:  72% ▕█████████████     ▏ 2.4 GB/3.3 GB  8.0 MB/s   1m55s[K[?25h[?2026l[?2026h[?25l[A[1Gpulling manifest [K
pulling aeda25e63ebd:  72% ▕█████████████     ▏ 2.4 GB/3.3 GB  8.0 MB/s   1m55s[K[?25h[?2026l[?2026h[?25l[A[1Gpulling manifest [K
pulling aeda25e63ebd:  72% ▕█████████████     ▏ 2.4 GB/3.3 GB  8.0 MB/s   1m55s[K[?25h[?2026l[?2026h[?25l[A[1Gpulling manifest [K
pulling aeda25e63ebd:  72% ▕█████████████     ▏ 2.4 GB/3.3 GB  8.0 MB/s   1m55s[K[?25h[?2026l[?2026h[?25l[A[1Gpulling manifest [K
pulling aeda25e63ebd:  72% ▕█████████████     ▏ 2.4 GB/3.3 GB  8.0 MB/s   1m54s[K[?25h[?2026l[?2026h[?25l[A[1Gpulling manifest [K
pulling aeda25e63ebd:  73% ▕█████████████     ▏ 2.4 GB/3.3 GB  8.0 MB/s   1m54s[K[?25h[?2026l[?2026h[?25l[A[1Gpulling manifest [K
pulling aeda25e63ebd:  73% ▕█████████████     ▏ 2.4 GB/3.3 GB  8.0 MB/s   1m54s[K[?25h[?2026l[?2026h[?25l[A[1Gpulling manifest [K
pulling aeda25e63ebd:  73% ▕█████████████     ▏ 2.4 GB/3.3 GB  8.0 MB/s   1m54s[K[?25h[?2026l[?2026h[?25l[A[1Gpulling manifest [K
pulling aeda25e63ebd:  73% ▕█████████████     ▏ 2.4 GB/3.3 GB  8.0 MB/s   1m54s[K[?25h[?2026l[?2026h[?25l[A[1Gpulling manifest [K
pulling aeda25e63ebd:  73% ▕█████████████     ▏ 2.4 GB/3.3 GB  8.2 MB/s   1m50s[K[?25h[?2026l[?2026h[?25l[A[1Gpulling manifest [K
pulling aeda25e63ebd:  73% ▕█████████████     ▏ 2.4 GB/3.3 GB  8.2 MB/s   1m50s[K[?25h[?2026l[?2026h[?25l[A[1Gpulling manifest [K
pulling aeda25e63ebd:  73% ▕█████████████     ▏ 2.4 GB/3.3 GB  8.2 MB/s   1m50s[K[?25h[?2026l[?2026h[?25l[A[1Gpulling manifest [K
pulling aeda25e63ebd:  73% ▕█████████████     ▏ 2.4 GB/3.3 GB  8.2 MB/s   1m50s[K[?25h[?2026l[?2026h[?25l[A[1Gpulling manifest [K
pulling aeda25e63ebd:  73% ▕█████████████     ▏ 2.4 GB/3.3 GB  8.2 MB/s   1m50s[K[?25h[?2026l[?2026h[?25l[A[1Gpulling manifest [K
pulling aeda25e63ebd:  73% ▕█████████████     ▏ 2.4 GB/3.3 GB  8.2 MB/s   1m50s[K[?25h[?2026l[?2026h[?25l[A[1Gpulling manifest [K
pulling aeda25e63ebd:  73% ▕█████████████     ▏ 2.4 GB/3.3 GB  8.2 MB/s   1m50s[K[?25h[?2026l[?2026h[?25l[A[1Gpulling manifest [K
pulling aeda25e63ebd:  73% ▕█████████████     ▏ 2.4 GB/3.3 GB  8.2 MB/s   1m50s[K[?25h[?2026l[?2026h[?25l[A[1Gpulling manifest [K
pulling aeda25e63ebd:  73% ▕█████████████     ▏ 2.4 GB/3.3 GB  8.2 MB/s   1m49s[K[?25h[?2026l[?2026h[?25l[A[1Gpulling manifest [K
pulling aeda25e63ebd:  73% ▕█████████████     ▏ 2.4 GB/3.3 GB  8.2 MB/s   1m49s[K[?25h[?2026l[?2026h[?25l[A[1Gpulling manifest [K
pulling aeda25e63ebd:  73% ▕█████████████     ▏ 2.4 GB/3.3 GB  8.2 MB/s   1m49s[K[?25h[?2026l[?2026h[?25l[A[1Gpulling manifest [K
pulling aeda25e63ebd:  73% ▕█████████████     ▏ 2.4 GB/3.3 GB  8.4 MB/s   1m47s[K[?25h[?2026l[?2026h[?25l[A[1Gpulling manifest [K
pulling aeda25e63ebd:  73% ▕█████████████     ▏ 2.4 GB/3.3 GB  8.4 MB/s   1m47s[K[?25h[?2026l[?2026h[?25l[A[1Gpulling manifest [K
pulling aeda25e63ebd:  73% ▕█████████████     ▏ 2.4 GB/3.3 GB  8.4 MB/s   1m47s[K[?25h[?2026l[?2026h[?25l[A[1Gpulling manifest [K
pulling aeda25e63ebd:  73% ▕█████████████     ▏ 2.4 GB/3.3 GB  8.4 MB/s   1m46s[K[?25h[?2026l[?2026h[?25l[A[1Gpulling manifest [K
pulling aeda25e63ebd:  73% ▕█████████████     ▏ 2.4 GB/3.3 GB  8.4 MB/s   1m46s[K[?25h[?2026l[?2026h[?25l[A[1Gpulling manifest [K
pulling aeda25e63ebd:  73% ▕█████████████     ▏ 2.4 GB/3.3 GB  8.4 MB/s   1m46s[K[?25h[?2026l[?2026h[?25l[A[1Gpulling manifest [K
pulling aeda25e63ebd:  73% ▕█████████████     ▏ 2.4 GB/3.3 GB  8.4 MB/s   1m46s[K[?25h[?2026l[?2026h[?25l[A[1Gpulling manifest [K
pulling aeda25e63ebd:  73% ▕█████████████     ▏ 2.4 GB/3.3 GB  8.4 MB/s   1m46s[K[?25h[?2026l[?2026h[?25l[A[1Gpulling manifest [K
pulling aeda25e63ebd:  73% ▕█████████████     ▏ 2.4 GB/3.3 GB  8.4 MB/s   1m46s[K[?25h[?2026l[?2026h[?25l[A[1Gpulling manifest [K
pulling aeda25e63ebd:  73% ▕█████████████     ▏ 2.4 GB/3.3 GB  8.4 MB/s   1m46s[K[?25h[?2026l[?2026h[?25l[A[1Gpulling manifest [K
pulling aeda25e63ebd:  73% ▕█████████████     ▏ 2.4 GB/3.3 GB  8.8 MB/s   1m41s[K[?25h[?2026l[?2026h[?25l[A[1Gpulling manifest [K
pulling aeda25e63ebd:  73% ▕█████████████     ▏ 2.4 GB/3.3 GB  8.8 MB/s   1m41s[K[?25h[?2026l[?2026h[?25l[A[1Gpulling manifest [K
pulling aeda25e63ebd:  73% ▕█████████████     ▏ 2.4 GB/3.3 GB  8.8 MB/s   1m40s[K[?25h[?2026l[?2026h[?25l[A[1Gpulling manifest [K
pulling aeda25e63ebd:  73% ▕█████████████     ▏ 2.4 GB/3.3 GB  8.8 MB/s   1m40s[K[?25h[?2026l[?2026h[?25l[A[1Gpulling manifest [K
pulling aeda25e63ebd:  73% ▕█████████████     ▏ 2.4 GB/3.3 GB  8.8 MB/s   1m40s[K[?25h[?2026l[?2026h[?25l[A[1Gpulling manifest [K
pulling aeda25e63ebd:  73% ▕█████████████     ▏ 2.4 GB/3.3 GB  8.8 MB/s   1m40s[K[?25h[?2026l[?2026h[?25l[A[1Gpulling manifest [K
pulling aeda25e63ebd:  73% ▕█████████████     ▏ 2.5 GB/3.3 GB  8.8 MB/s   1m40s[K[?25h[?2026l[?2026h[?25l[A[1Gpulling manifest [K
pulling aeda25e63ebd:  73% ▕█████████████     ▏ 2.5 GB/3.3 GB  8.8 MB/s   1m40s[K[?25h[?2026l[?2026h[?25l[A[1Gpulling manifest [K
pulling aeda25e63ebd:  73% ▕█████████████     ▏ 2.5 GB/3.3 GB  8.8 MB/s   1m40s[K[?25h[?2026l[?2026h[?25l[A[1Gpulling manifest [K
pulling aeda25e63ebd:  73% ▕█████████████     ▏ 2.5 GB/3.3 GB  8.8 MB/s   1m40s[K[?25h[?2026l[?2026h[?25l[A[1Gpulling manifest [K
pulling aeda25e63ebd:  74% ▕█████████████     ▏ 2.5 GB/3.3 GB  9.2 MB/s   1m36s[K[?25h[?2026l[?2026h[?25l[A[1Gpulling manifest [K
pulling aeda25e63ebd:  74% ▕█████████████     ▏ 2.5 GB/3.3 GB  9.2 MB/s   1m36s[K[?25h[?2026l[?2026h[?25l[A[1Gpulling manifest [K
pulling aeda25e63ebd:  74% ▕█████████████     ▏ 2.5 GB/3.3 GB  9.2 MB/s   1m36s[K[?25h[?2026l[?2026h[?25l[A[1Gpulling manifest [K
pulling aeda25e63ebd:  74% ▕█████████████     ▏ 2.5 GB/3.3 GB  9.2 MB/s   1m36s[K[?25h[?2026l[?2026h[?25l[A[1Gpulling manifest [K
pulling aeda25e63ebd:  74% ▕█████████████     ▏ 2.5 GB/3.3 GB  9.2 MB/s   1m36s[K[?25h[?2026l[?2026h[?25l[A[1Gpulling manifest [K
pulling aeda25e63ebd:  74% ▕█████████████     ▏ 2.5 GB/3.3 GB  9.2 MB/s   1m36s[K[?25h[?2026l[?2026h[?25l[A[1Gpulling manifest [K
pulling aeda25e63ebd:  74% ▕█████████████     ▏ 2.5 GB/3.3 GB  9.2 MB/s   1m35s[K[?25h[?2026l[?2026h[?25l[A[1Gpulling manifest [K
pulling aeda25e63ebd:  74% ▕█████████████     ▏ 2.5 GB/3.3 GB  9.2 MB/s   1m35s[K[?25h[?2026l[?2026h[?25l[A[1Gpulling manifest [K
pulling aeda25e63ebd:  74% ▕█████████████     ▏ 2.5 GB/3.3 GB  9.2 MB/s   1m35s[K[?25h[?2026l[?2026h[?25l[A[1Gpulling manifest [K
pulling aeda25e63ebd:  74% ▕█████████████     ▏ 2.5 GB/3.3 GB  9.2 MB/s   1m35s[K[?25h[?2026l[?2026h[?25l[A[1Gpulling manifest [K
pulling aeda25e63ebd:  74% ▕█████████████     ▏ 2.5 GB/3.3 GB  9.7 MB/s   1m29s[K[?25h[?2026l[?2026h[?25l[A[1Gpulling manifest [K
pulling aeda25e63ebd:  74% ▕█████████████     ▏ 2.5 GB/3.3 GB  9.7 MB/s   1m29s[K[?25h[?2026l[?2026h[?25l[A[1Gpulling manifest [K
pulling aeda25e63ebd:  74% ▕█████████████     ▏ 2.5 GB/3.3 GB  9.7 MB/s   1m29s[K[?25h[?2026l[?2026h[?25l[A[1Gpulling manifest [K
pulling aeda25e63ebd:  74% ▕█████████████     ▏ 2.5 GB/3.3 GB  9.7 MB/s   1m29s[K[?25h[?2026l[?2026h[?25l[A[1Gpulling manifest [K
pulling aeda25e63ebd:  74% ▕█████████████     ▏ 2.5 GB/3.3 GB  9.7 MB/s   1m29s[K[?25h[?2026l[?2026h[?25l[A[1Gpulling manifest [K
pulling aeda25e63ebd:  74% ▕█████████████     ▏ 2.5 GB/3.3 GB  9.7 MB/s   1m28s[K[?25h[?2026l[?2026h[?25l[A[1Gpulling manifest [K
pulling aeda25e63ebd:  74% ▕█████████████     ▏ 2.5 GB/3.3 GB  9.7 MB/s   1m28s[K[?25h[?2026l[?2026h[?25l[A[1Gpulling manifest [K
pulling aeda25e63ebd:  74% ▕█████████████     ▏ 2.5 GB/3.3 GB  9.7 MB/s   1m28s[K[?25h[?2026l[?2026h[?25l[A[1Gpulling manifest [K
pulling aeda25e63ebd:  74% ▕█████████████     ▏ 2.5 GB/3.3 GB  9.7 MB/s   1m28s[K[?25h[?2026l[?2026h[?25l[A[1Gpulling manifest [K
pulling aeda25e63ebd:  74% ▕█████████████     ▏ 2.5 GB/3.3 GB  9.7 MB/s   1m28s[K[?25h[?2026l[?2026h[?25l[A[1Gpulling manifest [K
pulling aeda25e63ebd:  74% ▕█████████████     ▏ 2.5 GB/3.3 GB  9.7 MB/s   1m28s[K[?25h[?2026l[?2026h[?25l[A[1Gpulling manifest [K
pulling aeda25e63ebd:  74% ▕█████████████     ▏ 2.5 GB/3.3 GB   10 MB/s   1m25s[K[?25h[?2026l[?2026h[?25l[A[1Gpulling manifest [K
pulling aeda25e63ebd:  74% ▕█████████████     ▏ 2.5 GB/3.3 GB   10 MB/s   1m24s[K[?25h[?2026l[?2026h[?25l[A[1Gpulling manifest [K
pulling aeda25e63ebd:  74% ▕█████████████     ▏ 2.5 GB/3.3 GB   10 MB/s   1m24s[K[?25h[?2026l[?2026h[?25l[A[1Gpulling manifest [K
pulling aeda25e63ebd:  74% ▕█████████████     ▏ 2.5 GB/3.3 GB   10 MB/s   1m24s[K[?25h[?2026l[?2026h[?25l[A[1Gpulling manifest [K
pulling aeda25e63ebd:  74% ▕█████████████     ▏ 2.5 GB/3.3 GB   10 MB/s   1m24s[K[?25h[?2026l[?2026h[?25l[A[1Gpulling manifest [K
pulling aeda25e63ebd:  75% ▕█████████████     ▏ 2.5 GB/3.3 GB   10 MB/s   1m24s[K[?25h[?2026l[?2026h[?25l[A[1Gpulling manifest [K
pulling aeda25e63ebd:  75% ▕█████████████     ▏ 2.5 GB/3.3 GB   10 MB/s   1m24s[K[?25h[?2026l[?2026h[?25l[A[1Gpulling manifest [K
pulling aeda25e63ebd:  75% ▕█████████████     ▏ 2.5 GB/3.3 GB   10 MB/s   1m24s[K[?25h[?2026l[?2026h[?25l[A[1Gpulling manifest [K
pulling aeda25e63ebd:  75% ▕█████████████     ▏ 2.5 GB/3.3 GB   10 MB/s   1m24s[K[?25h[?2026l[?2026h[?25l[A[1Gpulling manifest [K
pulling aeda25e63ebd:  75% ▕█████████████     ▏ 2.5 GB/3.3 GB   10 MB/s   1m24s[K[?25h[?2026l[?2026h[?25l[A[1Gpulling manifest [K
pulling aeda25e63ebd:  75% ▕█████████████     ▏ 2.5 GB/3.3 GB   10 MB/s   1m19s[K[?25h[?2026l[?2026h[?25l[A[1Gpulling manifest [K
pulling aeda25e63ebd:  75% ▕█████████████     ▏ 2.5 GB/3.3 GB   10 MB/s   1m19s[K[?25h[?2026l[?2026h[?25l[A[1Gpulling manifest [K
pulling aeda25e63ebd:  75% ▕█████████████     ▏ 2.5 GB/3.3 GB   10 MB/s   1m19s[K[?25h[?2026l[?2026h[?25l[A[1Gpulling manifest [K
pulling aeda25e63ebd:  75% ▕█████████████     ▏ 2.5 GB/3.3 GB   10 MB/s   1m19s[K[?25h[?2026l[?2026h[?25l[A[1Gpulling manifest [K
pulling aeda25e63ebd:  75% ▕█████████████     ▏ 2.5 GB/3.3 GB   10 MB/s   1m19s[K[?25h[?2026l[?2026h[?25l[A[1Gpulling manifest [K
pulling aeda25e63ebd:  75% ▕█████████████     ▏ 2.5 GB/3.3 GB   10 MB/s   1m19s[K[?25h[?2026l[?2026h[?25l[A[1Gpulling manifest [K
pulling aeda25e63ebd:  75% ▕█████████████     ▏ 2.5 GB/3.3 GB   10 MB/s   1m19s[K[?25h[?2026l[?2026h[?25l[A[1Gpulling manifest [K
pulling aeda25e63ebd:  75% ▕█████████████     ▏ 2.5 GB/3.3 GB   10 MB/s   1m18s[K[?25h[?2026l[?2026h[?25l[A[1Gpulling manifest [K
pulling aeda25e63ebd:  75% ▕█████████████     ▏ 2.5 GB/3.3 GB   10 MB/s   1m18s[K[?25h[?2026l[?2026h[?25l[A[1Gpulling manifest [K
pulling aeda25e63ebd:  75% ▕█████████████     ▏ 2.5 GB/3.3 GB   10 MB/s   1m18s[K[?25h[?2026l[?2026h[?25l[A[1Gpulling manifest [K
pulling aeda25e63ebd:  75% ▕█████████████     ▏ 2.5 GB/3.3 GB   10 MB/s   1m18s[K[?25h[?2026l[?2026h[?25l[A[1Gpulling manifest [K
pulling aeda25e63ebd:  75% ▕█████████████     ▏ 2.5 GB/3.3 GB   10 MB/s   1m15s[K[?25h[?2026l[?2026h[?25l[A[1Gpulling manifest [K
pulling aeda25e63ebd:  75% ▕█████████████     ▏ 2.5 GB/3.3 GB   10 MB/s   1m15s[K[?25h[?2026l[?2026h[?25l[A[1Gpulling manifest [K
pulling aeda25e63ebd:  75% ▕█████████████     ▏ 2.5 GB/3.3 GB   10 MB/s   1m15s[K[?25h[?2026l[?2026h[?25l[A[1Gpulling manifest [K
pulling aeda25e63ebd:  75% ▕█████████████     ▏ 2.5 GB/3.3 GB   10 MB/s   1m15s[K[?25h[?2026l[?2026h[?25l[A[1Gpulling manifest [K
pulling aeda25e63ebd:  75% ▕█████████████     ▏ 2.5 GB/3.3 GB   10 MB/s   1m15s[K[?25h[?2026l[?2026h[?25l[A[1Gpulling manifest [K
pulling aeda25e63ebd:  75% ▕█████████████     ▏ 2.5 GB/3.3 GB   10 MB/s   1m15s[K[?25h[?2026l[?2026h[?25l[A[1Gpulling manifest [K
pulling aeda25e63ebd:  75% ▕█████████████     ▏ 2.5 GB/3.3 GB   10 MB/s   1m14s[K[?25h[?2026l[?2026h[?25l[A[1Gpulling manifest [K
pulling aeda25e63ebd:  75% ▕█████████████     ▏ 2.5 GB/3.3 GB   10 MB/s   1m14s[K[?25h[?2026l[?2026h[?25l[A[1Gpulling manifest [K
pulling aeda25e63ebd:  75% ▕█████████████     ▏ 2.5 GB/3.3 GB   10 MB/s   1m14s[K[?25h[?2026l[?2026h[?25l[A[1Gpulling manifest [K
pulling aeda25e63ebd:  75% ▕█████████████     ▏ 2.5 GB/3.3 GB   10 MB/s   1m14s[K[?25h[?2026l[?2026h[?25l[A[1Gpulling manifest [K
pulling aeda25e63ebd:  76% ▕█████████████     ▏ 2.5 GB/3.3 GB   11 MB/s    1m9s[K[?25h[?2026l[?2026h[?25l[A[1Gpulling manifest [K
pulling aeda25e63ebd:  76% ▕█████████████     ▏ 2.5 GB/3.3 GB   11 MB/s    1m9s[K[?25h[?2026l[?2026h[?25l[A[1Gpulling manifest [K
pulling aeda25e63ebd:  76% ▕█████████████     ▏ 2.5 GB/3.3 GB   11 MB/s    1m9s[K[?25h[?2026l[?2026h[?25l[A[1Gpulling manifest [K
pulling aeda25e63ebd:  76% ▕█████████████     ▏ 2.5 GB/3.3 GB   11 MB/s    1m9s[K[?25h[?2026l[?2026h[?25l[A[1Gpulling manifest [K
pulling aeda25e63ebd:  76% ▕█████████████     ▏ 2.5 GB/3.3 GB   11 MB/s    1m8s[K[?25h[?2026l[?2026h[?25l[A[1Gpulling manifest [K
pulling aeda25e63ebd:  76% ▕█████████████     ▏ 2.5 GB/3.3 GB   11 MB/s    1m8s[K[?25h[?2026l[?2026h[?25l[A[1Gpulling manifest [K
pulling aeda25e63ebd:  76% ▕█████████████     ▏ 2.5 GB/3.3 GB   11 MB/s    1m8s[K[?25h[?2026l[?2026h[?25l[A[1Gpulling manifest [K
pulling aeda25e63ebd:  76% ▕█████████████     ▏ 2.5 GB/3.3 GB   11 MB/s    1m8s[K[?25h[?2026l[?2026h[?25l[A[1Gpulling manifest [K
pulling aeda25e63ebd:  76% ▕█████████████     ▏ 2.5 GB/3.3 GB   11 MB/s    1m8s[K[?25h[?2026l[?2026h[?25l[A[1Gpulling manifest [K
pulling aeda25e63ebd:  76% ▕█████████████     ▏ 2.5 GB/3.3 GB   11 MB/s    1m8s[K[?25h[?2026l[?2026h[?25l[A[1Gpulling manifest [K
pulling aeda25e63ebd:  76% ▕█████████████     ▏ 2.5 GB/3.3 GB   11 MB/s    1m8s[K[?25h[?2026l[?2026h[?25l[A[1Gpulling manifest [K
pulling aeda25e63ebd:  76% ▕█████████████     ▏ 2.5 GB/3.3 GB   12 MB/s    1m4s[K[?25h[?2026l[?2026h[?25l[A[1Gpulling manifest [K
pulling aeda25e63ebd:  76% ▕█████████████     ▏ 2.5 GB/3.3 GB   12 MB/s    1m4s[K[?25h[?2026l[?2026h[?25l[A[1Gpulling manifest [K
pulling aeda25e63ebd:  76% ▕█████████████     ▏ 2.5 GB/3.3 GB   12 MB/s    1m4s[K[?25h[?2026l[?2026h[?25l[A[1Gpulling manifest [K
pulling aeda25e63ebd:  76% ▕█████████████     ▏ 2.5 GB/3.3 GB   12 MB/s    1m4s[K[?25h[?2026l[?2026h[?25l[A[1Gpulling manifest [K
pulling aeda25e63ebd:  76% ▕█████████████     ▏ 2.5 GB/3.3 GB   12 MB/s    1m4s[K[?25h[?2026l[?2026h[?25l[A[1Gpulling manifest [K
pulling aeda25e63ebd:  76% ▕█████████████     ▏ 2.5 GB/3.3 GB   12 MB/s    1m4s[K[?25h[?2026l[?2026h[?25l[A[1Gpulling manifest [K
pulling aeda25e63ebd:  76% ▕█████████████     ▏ 2.5 GB/3.3 GB   12 MB/s    1m4s[K[?25h[?2026l[?2026h[?25l[A[1Gpulling manifest [K
pulling aeda25e63ebd:  76% ▕█████████████     ▏ 2.5 GB/3.3 GB   12 MB/s    1m4s[K[?25h[?2026l[?2026h[?25l[A[1Gpulling manifest [K
pulling aeda25e63ebd:  76% ▕█████████████     ▏ 2.5 GB/3.3 GB   12 MB/s    1m4s[K[?25h[?2026l[?2026h[?25l[A[1Gpulling manifest [K
pulling aeda25e63ebd:  76% ▕█████████████     ▏ 2.5 GB/3.3 GB   12 MB/s    1m3s[K[?25h[?2026l[?2026h[?25l[A[1Gpulling manifest [K
pulling aeda25e63ebd:  76% ▕█████████████     ▏ 2.6 GB/3.3 GB   13 MB/s    1m0s[K[?25h[?2026l[?2026h[?25l[A[1Gpulling manifest [K
pulling aeda25e63ebd:  76% ▕█████████████     ▏ 2.6 GB/3.3 GB   13 MB/s    1m0s[K[?25h[?2026l[?2026h[?25l[A[1Gpulling manifest [K
pulling aeda25e63ebd:  76% ▕█████████████     ▏ 2.6 GB/3.3 GB   13 MB/s    1m0s[K[?25h[?2026l[?2026h[?25l[A[1Gpulling manifest [K
pulling aeda25e63ebd:  77% ▕█████████████     ▏ 2.6 GB/3.3 GB   13 MB/s    1m0s[K[?25h[?2026l[?2026h[?25l[A[1Gpulling manifest [K
pulling aeda25e63ebd:  77% ▕█████████████     ▏ 2.6 GB/3.3 GB   13 MB/s    1m0s[K[?25h[?2026l[?2026h[?25l[A[1Gpulling manifest [K
pulling aeda25e63ebd:  77% ▕█████████████     ▏ 2.6 GB/3.3 GB   13 MB/s    1m0s[K[?25h[?2026l[?2026h[?25l[A[1Gpulling manifest [K
pulling aeda25e63ebd:  77% ▕█████████████     ▏ 2.6 GB/3.3 GB   13 MB/s     59s[K[?25h[?2026l[?2026h[?25l[A[1Gpulling manifest [K
pulling aeda25e63ebd:  77% ▕█████████████     ▏ 2.6 GB/3.3 GB   13 MB/s     59s[K[?25h[?2026l[?2026h[?25l[A[1Gpulling manifest [K
pulling aeda25e63ebd:  77% ▕█████████████     ▏ 2.6 GB/3.3 GB   13 MB/s     59s[K[?25h[?2026l[?2026h[?25l[A[1Gpulling manifest [K
pulling aeda25e63ebd:  77% ▕█████████████     ▏ 2.6 GB/3.3 GB   13 MB/s     59s[K[?25h[?2026l[?2026h[?25l[A[1Gpulling manifest [K
pulling aeda25e63ebd:  77% ▕█████████████     ▏ 2.6 GB/3.3 GB   13 MB/s     58s[K[?25h[?2026l[?2026h[?25l[A[1Gpulling manifest [K
pulling aeda25e63ebd:  77% ▕█████████████     ▏ 2.6 GB/3.3 GB   13 MB/s     58s[K[?25h[?2026l[?2026h[?25l[A[1Gpulling manifest [K
pulling aeda25e63ebd:  77% ▕█████████████     ▏ 2.6 GB/3.3 GB   13 MB/s     57s[K[?25h[?2026l[?2026h[?25l[A[1Gpulling manifest [K
pulling aeda25e63ebd:  77% ▕█████████████     ▏ 2.6 GB/3.3 GB   13 MB/s     57s[K[?25h[?2026l[?2026h[?25l[A[1Gpulling manifest [K
pulling aeda25e63ebd:  77% ▕█████████████     ▏ 2.6 GB/3.3 GB   13 MB/s     57s[K[?25h[?2026l[?2026h[?25l[A[1Gpulling manifest [K
pulling aeda25e63ebd:  77% ▕█████████████     ▏ 2.6 GB/3.3 GB   13 MB/s     57s[K[?25h[?2026l[?2026h[?25l[A[1Gpulling manifest [K
pulling aeda25e63ebd:  77% ▕█████████████     ▏ 2.6 GB/3.3 GB   13 MB/s     57s[K[?25h[?2026l[?2026h[?25l[A[1Gpulling manifest [K
pulling aeda25e63ebd:  77% ▕█████████████     ▏ 2.6 GB/3.3 GB   13 MB/s     57s[K[?25h[?2026l[?2026h[?25l[A[1Gpulling manifest [K
pulling aeda25e63ebd:  77% ▕█████████████     ▏ 2.6 GB/3.3 GB   13 MB/s     57s[K[?25h[?2026l[?2026h[?25l[A[1Gpulling manifest [K
pulling aeda25e63ebd:  77% ▕█████████████     ▏ 2.6 GB/3.3 GB   13 MB/s     57s[K[?25h[?2026l[?2026h[?25l[A[1Gpulling manifest [K
pulling aeda25e63ebd:  77% ▕█████████████     ▏ 2.6 GB/3.3 GB   13 MB/s     55s[K[?25h[?2026l[?2026h[?25l[A[1Gpulling manifest [K
pulling aeda25e63ebd:  77% ▕█████████████     ▏ 2.6 GB/3.3 GB   13 MB/s     55s[K[?25h[?2026l[?2026h[?25l[A[1Gpulling manifest [K
pulling aeda25e63ebd:  77% ▕█████████████     ▏ 2.6 GB/3.3 GB   13 MB/s     55s[K[?25h[?2026l[?2026h[?25l[A[1Gpulling manifest [K
pulling aeda25e63ebd:  77% ▕█████████████     ▏ 2.6 GB/3.3 GB   13 MB/s     55s[K[?25h[?2026l[?2026h[?25l[A[1Gpulling manifest [K
pulling aeda25e63ebd:  77% ▕█████████████     ▏ 2.6 GB/3.3 GB   13 MB/s     55s[K[?25h[?2026l[?2026h[?25l[A[1Gpulling manifest [K
pulling aeda25e63ebd:  77% ▕█████████████     ▏ 2.6 GB/3.3 GB   13 MB/s     55s[K[?25h[?2026l[?2026h[?25l[A[1Gpulling manifest [K
pulling aeda25e63ebd:  77% ▕█████████████     ▏ 2.6 GB/3.3 GB   13 MB/s     55s[K[?25h[?2026l[?2026h[?25l[A[1Gpulling manifest [K
pulling aeda25e63ebd:  77% ▕█████████████     ▏ 2.6 GB/3.3 GB   13 MB/s     55s[K[?25h[?2026l[?2026h[?25l[A[1Gpulling manifest [K
pulling aeda25e63ebd:  78% ▕█████████████     ▏ 2.6 GB/3.3 GB   13 MB/s     54s[K[?25h[?2026l[?2026h[?25l[A[1Gpulling manifest [K
pulling aeda25e63ebd:  78% ▕█████████████     ▏ 2.6 GB/3.3 GB   13 MB/s     54s[K[?25h[?2026l[?2026h[?25l[A[1Gpulling manifest [K
pulling aeda25e63ebd:  78% ▕█████████████     ▏ 2.6 GB/3.3 GB   13 MB/s     55s[K[?25h[?2026l[?2026h[?25l[A[1Gpulling manifest [K
pulling aeda25e63ebd:  78% ▕█████████████     ▏ 2.6 GB/3.3 GB   13 MB/s     55s[K[?25h[?2026l[?2026h[?25l[A[1Gpulling manifest [K
pulling aeda25e63ebd:  78% ▕█████████████     ▏ 2.6 GB/3.3 GB   13 MB/s     55s[K[?25h[?2026l[?2026h[?25l[A[1Gpulling manifest [K
pulling aeda25e63ebd:  78% ▕█████████████     ▏ 2.6 GB/3.3 GB   13 MB/s     55s[K[?25h[?2026l[?2026h[?25l[A[1Gpulling manifest [K
pulling aeda25e63ebd:  78% ▕█████████████     ▏ 2.6 GB/3.3 GB   13 MB/s     55s[K[?25h[?2026l[?2026h[?25l[A[1Gpulling manifest [K
pulling aeda25e63ebd:  78% ▕█████████████     ▏ 2.6 GB/3.3 GB   13 MB/s     55s[K[?25h[?2026l[?2026h[?25l[A[1Gpulling manifest [K
pulling aeda25e63ebd:  78% ▕██████████████    ▏ 2.6 GB/3.3 GB   13 MB/s     54s[K[?25h[?2026l[?2026h[?25l[A[1Gpulling manifest [K
pulling aeda25e63ebd:  78% ▕██████████████    ▏ 2.6 GB/3.3 GB   13 MB/s     54s[K[?25h[?2026l[?2026h[?25l[A[1Gpulling manifest [K
pulling aeda25e63ebd:  78% ▕██████████████    ▏ 2.6 GB/3.3 GB   13 MB/s     54s[K[?25h[?2026l[?2026h[?25l[A[1Gpulling manifest [K
pulling aeda25e63ebd:  78% ▕██████████████    ▏ 2.6 GB/3.3 GB   13 MB/s     54s[K[?25h[?2026l[?2026h[?25l[A[1Gpulling manifest [K
pulling aeda25e63ebd:  78% ▕██████████████    ▏ 2.6 GB/3.3 GB   13 MB/s     53s[K[?25h[?2026l[?2026h[?25l[A[1Gpulling manifest [K
pulling aeda25e63ebd:  78% ▕██████████████    ▏ 2.6 GB/3.3 GB   13 MB/s     53s[K[?25h[?2026l[?2026h[?25l[A[1Gpulling manifest [K
pulling aeda25e63ebd:  78% ▕██████████████    ▏ 2.6 GB/3.3 GB   13 MB/s     53s[K[?25h[?2026l[?2026h[?25l[A[1Gpulling manifest [K
pulling aeda25e63ebd:  78% ▕██████████████    ▏ 2.6 GB/3.3 GB   13 MB/s     53s[K[?25h[?2026l[?2026h[?25l[A[1Gpulling manifest [K
pulling aeda25e63ebd:  78% ▕██████████████    ▏ 2.6 GB/3.3 GB   13 MB/s     53s[K[?25h[?2026l[?2026h[?25l[A[1Gpulling manifest [K
pulling aeda25e63ebd:  78% ▕██████████████    ▏ 2.6 GB/3.3 GB   13 MB/s     53s[K[?25h[?2026l[?2026h[?25l[A[1Gpulling manifest [K
pulling aeda25e63ebd:  78% ▕██████████████    ▏ 2.6 GB/3.3 GB   13 MB/s     52s[K[?25h[?2026l[?2026h[?25l[A[1Gpulling manifest [K
pulling aeda25e63ebd:  78% ▕██████████████    ▏ 2.6 GB/3.3 GB   13 MB/s     52s[K[?25h[?2026l[?2026h[?25l[A[1Gpulling manifest [K
pulling aeda25e63ebd:  78% ▕██████████████    ▏ 2.6 GB/3.3 GB   13 MB/s     52s[K[?25h[?2026l[?2026h[?25l[A[1Gpulling manifest [K
pulling aeda25e63ebd:  78% ▕██████████████    ▏ 2.6 GB/3.3 GB   13 MB/s     52s[K[?25h[?2026l[?2026h[?25l[A[1Gpulling manifest [K
pulling aeda25e63ebd:  78% ▕██████████████    ▏ 2.6 GB/3.3 GB   13 MB/s     52s[K[?25h[?2026l[?2026h[?25l[A[1Gpulling manifest [K
pulling aeda25e63ebd:  78% ▕██████████████    ▏ 2.6 GB/3.3 GB   13 MB/s     52s[K[?25h[?2026l[?2026h[?25l[A[1Gpulling manifest [K
pulling aeda25e63ebd:  78% ▕██████████████    ▏ 2.6 GB/3.3 GB   13 MB/s     52s[K[?25h[?2026l[?2026h[?25l[A[1Gpulling manifest [K
pulling aeda25e63ebd:  78% ▕██████████████    ▏ 2.6 GB/3.3 GB   13 MB/s     52s[K[?25h[?2026l[?2026h[?25l[A[1Gpulling manifest [K
pulling aeda25e63ebd:  78% ▕██████████████    ▏ 2.6 GB/3.3 GB   13 MB/s     52s[K[?25h[?2026l[?2026h[?25l[A[1Gpulling manifest [K
pulling aeda25e63ebd:  79% ▕██████████████    ▏ 2.6 GB/3.3 GB   13 MB/s     52s[K[?25h[?2026l[?2026h[?25l[A[1Gpulling manifest [K
pulling aeda25e63ebd:  79% ▕██████████████    ▏ 2.6 GB/3.3 GB   13 MB/s     52s[K[?25h[?2026l[?2026h[?25l[A[1Gpulling manifest [K
pulling aeda25e63ebd:  79% ▕██████████████    ▏ 2.6 GB/3.3 GB   13 MB/s     52s[K[?25h[?2026l[?2026h[?25l[A[1Gpulling manifest [K
pulling aeda25e63ebd:  79% ▕██████████████    ▏ 2.6 GB/3.3 GB   13 MB/s     51s[K[?25h[?2026l[?2026h[?25l[A[1Gpulling manifest [K
pulling aeda25e63ebd:  79% ▕██████████████    ▏ 2.6 GB/3.3 GB   13 MB/s     51s[K[?25h[?2026l[?2026h[?25l[A[1Gpulling manifest [K
pulling aeda25e63ebd:  79% ▕██████████████    ▏ 2.6 GB/3.3 GB   13 MB/s     51s[K[?25h[?2026l[?2026h[?25l[A[1Gpulling manifest [K
pulling aeda25e63ebd:  79% ▕██████████████    ▏ 2.6 GB/3.3 GB   13 MB/s     51s[K[?25h[?2026l[?2026h[?25l[A[1Gpulling manifest [K
pulling aeda25e63ebd:  79% ▕██████████████    ▏ 2.6 GB/3.3 GB   13 MB/s     51s[K[?25h[?2026l[?2026h[?25l[A[1Gpulling manifest [K
pulling aeda25e63ebd:  79% ▕██████████████    ▏ 2.6 GB/3.3 GB   13 MB/s     51s[K[?25h[?2026l[?2026h[?25l[A[1Gpulling manifest [K
pulling aeda25e63ebd:  79% ▕██████████████    ▏ 2.6 GB/3.3 GB   13 MB/s     51s[K[?25h[?2026l[?2026h[?25l[A[1Gpulling manifest [K
pulling aeda25e63ebd:  79% ▕██████████████    ▏ 2.6 GB/3.3 GB   13 MB/s     50s[K[?25h[?2026l[?2026h[?25l[A[1Gpulling manifest [K
pulling aeda25e63ebd:  79% ▕██████████████    ▏ 2.6 GB/3.3 GB   13 MB/s     50s[K[?25h[?2026l[?2026h[?25l[A[1Gpulling manifest [K
pulling aeda25e63ebd:  79% ▕██████████████    ▏ 2.6 GB/3.3 GB   13 MB/s     50s[K[?25h[?2026l[?2026h[?25l[A[1Gpulling manifest [K
pulling aeda25e63ebd:  79% ▕██████████████    ▏ 2.6 GB/3.3 GB   13 MB/s     50s[K[?25h[?2026l[?2026h[?25l[A[1Gpulling manifest [K
pulling aeda25e63ebd:  79% ▕██████████████    ▏ 2.6 GB/3.3 GB   13 MB/s     50s[K[?25h[?2026l[?2026h[?25l[A[1Gpulling manifest [K
pulling aeda25e63ebd:  79% ▕██████████████    ▏ 2.6 GB/3.3 GB   13 MB/s     50s[K[?25h[?2026l[?2026h[?25l[A[1Gpulling manifest [K
pulling aeda25e63ebd:  79% ▕██████████████    ▏ 2.6 GB/3.3 GB   13 MB/s     50s[K[?25h[?2026l[?2026h[?25l[A[1Gpulling manifest [K
pulling aeda25e63ebd:  79% ▕██████████████    ▏ 2.6 GB/3.3 GB   13 MB/s     50s[K[?25h[?2026l[?2026h[?25l[A[1Gpulling manifest [K
pulling aeda25e63ebd:  79% ▕██████████████    ▏ 2.6 GB/3.3 GB   13 MB/s     50s[K[?25h[?2026l[?2026h[?25l[A[1Gpulling manifest [K
pulling aeda25e63ebd:  79% ▕██████████████    ▏ 2.6 GB/3.3 GB   13 MB/s     50s[K[?25h[?2026l[?2026h[?25l[A[1Gpulling manifest [K
pulling aeda25e63ebd:  79% ▕██████████████    ▏ 2.7 GB/3.3 GB   13 MB/s     50s[K[?25h[?2026l[?2026h[?25l[A[1Gpulling manifest [K
pulling aeda25e63ebd:  79% ▕██████████████    ▏ 2.7 GB/3.3 GB   13 MB/s     50s[K[?25h[?2026l[?2026h[?25l[A[1Gpulling manifest [K
pulling aeda25e63ebd:  79% ▕██████████████    ▏ 2.7 GB/3.3 GB   13 MB/s     50s[K[?25h[?2026l[?2026h[?25l[A[1Gpulling manifest [K
pulling aeda25e63ebd:  80% ▕██████████████    ▏ 2.7 GB/3.3 GB   13 MB/s     50s[K[?25h[?2026l[?2026h[?25l[A[1Gpulling manifest [K
pulling aeda25e63ebd:  80% ▕██████████████    ▏ 2.7 GB/3.3 GB   13 MB/s     50s[K[?25h[?2026l[?2026h[?25l[A[1Gpulling manifest [K
pulling aeda25e63ebd:  80% ▕██████████████    ▏ 2.7 GB/3.3 GB   13 MB/s     49s[K[?25h[?2026l[?2026h[?25l[A[1Gpulling manifest [K
pulling aeda25e63ebd:  80% ▕██████████████    ▏ 2.7 GB/3.3 GB   13 MB/s     49s[K[?25h[?2026l[?2026h[?25l[A[1Gpulling manifest [K
pulling aeda25e63ebd:  80% ▕██████████████    ▏ 2.7 GB/3.3 GB   13 MB/s     49s[K[?25h[?2026l[?2026h[?25l[A[1Gpulling manifest [K
pulling aeda25e63ebd:  80% ▕██████████████    ▏ 2.7 GB/3.3 GB   13 MB/s     49s[K[?25h[?2026l[?2026h[?25l[A[1Gpulling manifest [K
pulling aeda25e63ebd:  80% ▕██████████████    ▏ 2.7 GB/3.3 GB   13 MB/s     49s[K[?25h[?2026l[?2026h[?25l[A[1Gpulling manifest [K
pulling aeda25e63ebd:  80% ▕██████████████    ▏ 2.7 GB/3.3 GB   13 MB/s     49s[K[?25h[?2026l[?2026h[?25l[A[1Gpulling manifest [K
pulling aeda25e63ebd:  80% ▕██████████████    ▏ 2.7 GB/3.3 GB   13 MB/s     49s[K[?25h[?2026l[?2026h[?25l[A[1Gpulling manifest [K
pulling aeda25e63ebd:  80% ▕██████████████    ▏ 2.7 GB/3.3 GB   13 MB/s     49s[K[?25h[?2026l[?2026h[?25l[A[1Gpulling manifest [K
pulling aeda25e63ebd:  80% ▕██████████████    ▏ 2.7 GB/3.3 GB   13 MB/s     49s[K[?25h[?2026l[?2026h[?25l[A[1Gpulling manifest [K
pulling aeda25e63ebd:  80% ▕██████████████    ▏ 2.7 GB/3.3 GB   13 MB/s     48s[K[?25h[?2026l[?2026h[?25l[A[1Gpulling manifest [K
pulling aeda25e63ebd:  80% ▕██████████████    ▏ 2.7 GB/3.3 GB   13 MB/s     48s[K[?25h[?2026l[?2026h[?25l[A[1Gpulling manifest [K
pulling aeda25e63ebd:  80% ▕██████████████    ▏ 2.7 GB/3.3 GB   13 MB/s     48s[K[?25h[?2026l[?2026h[?25l[A[1Gpulling manifest [K
pulling aeda25e63ebd:  80% ▕██████████████    ▏ 2.7 GB/3.3 GB   13 MB/s     48s[K[?25h[?2026l[?2026h[?25l[A[1Gpulling manifest [K
pulling aeda25e63ebd:  80% ▕██████████████    ▏ 2.7 GB/3.3 GB   13 MB/s     48s[K[?25h[?2026l[?2026h[?25l[A[1Gpulling manifest [K
pulling aeda25e63ebd:  80% ▕██████████████    ▏ 2.7 GB/3.3 GB   13 MB/s     47s[K[?25h[?2026l[?2026h[?25l[A[1Gpulling manifest [K
pulling aeda25e63ebd:  80% ▕██████████████    ▏ 2.7 GB/3.3 GB   13 MB/s     47s[K[?25h[?2026l[?2026h[?25l[A[1Gpulling manifest [K
pulling aeda25e63ebd:  80% ▕██████████████    ▏ 2.7 GB/3.3 GB   13 MB/s     47s[K[?25h[?2026l[?2026h[?25l[A[1Gpulling manifest [K
pulling aeda25e63ebd:  80% ▕██████████████    ▏ 2.7 GB/3.3 GB   13 MB/s     47s[K[?25h[?2026l[?2026h[?25l[A[1Gpulling manifest [K
pulling aeda25e63ebd:  80% ▕██████████████    ▏ 2.7 GB/3.3 GB   13 MB/s     47s[K[?25h[?2026l[?2026h[?25l[A[1Gpulling manifest [K
pulling aeda25e63ebd:  81% ▕██████████████    ▏ 2.7 GB/3.3 GB   13 MB/s     47s[K[?25h[?2026l[?2026h[?25l[A[1Gpulling manifest [K
pulling aeda25e63ebd:  81% ▕██████████████    ▏ 2.7 GB/3.3 GB   13 MB/s     47s[K[?25h[?2026l[?2026h[?25l[A[1Gpulling manifest [K
pulling aeda25e63ebd:  81% ▕██████████████    ▏ 2.7 GB/3.3 GB   13 MB/s     47s[K[?25h[?2026l[?2026h[?25l[A[1Gpulling manifest [K
pulling aeda25e63ebd:  81% ▕██████████████    ▏ 2.7 GB/3.3 GB   14 MB/s     45s[K[?25h[?2026l[?2026h[?25l[A[1Gpulling manifest [K
pulling aeda25e63ebd:  81% ▕██████████████    ▏ 2.7 GB/3.3 GB   14 MB/s     45s[K[?25h[?2026l[?2026h[?25l[A[1Gpulling manifest [K
pulling aeda25e63ebd:  81% ▕██████████████    ▏ 2.7 GB/3.3 GB   14 MB/s     45s[K[?25h[?2026l[?2026h[?25l[A[1Gpulling manifest [K
pulling aeda25e63ebd:  81% ▕██████████████    ▏ 2.7 GB/3.3 GB   14 MB/s     44s[K[?25h[?2026l[?2026h[?25l[A[1Gpulling manifest [K
pulling aeda25e63ebd:  81% ▕██████████████    ▏ 2.7 GB/3.3 GB   14 MB/s     44s[K[?25h[?2026l[?2026h[?25l[A[1Gpulling manifest [K
pulling aeda25e63ebd:  81% ▕██████████████    ▏ 2.7 GB/3.3 GB   14 MB/s     44s[K[?25h[?2026l[?2026h[?25l[A[1Gpulling manifest [K
pulling aeda25e63ebd:  81% ▕██████████████    ▏ 2.7 GB/3.3 GB   14 MB/s     44s[K[?25h[?2026l[?2026h[?25l[A[1Gpulling manifest [K
pulling aeda25e63ebd:  81% ▕██████████████    ▏ 2.7 GB/3.3 GB   14 MB/s     44s[K[?25h[?2026l[?2026h[?25l[A[1Gpulling manifest [K
pulling aeda25e63ebd:  81% ▕██████████████    ▏ 2.7 GB/3.3 GB   14 MB/s     44s[K[?25h[?2026l[?2026h[?25l[A[1Gpulling manifest [K
pulling aeda25e63ebd:  81% ▕██████████████    ▏ 2.7 GB/3.3 GB   14 MB/s     44s[K[?25h[?2026l[?2026h[?25l[A[1Gpulling manifest [K
pulling aeda25e63ebd:  81% ▕██████████████    ▏ 2.7 GB/3.3 GB   14 MB/s     44s[K[?25h[?2026l[?2026h[?25l[A[1Gpulling manifest [K
pulling aeda25e63ebd:  81% ▕██████████████    ▏ 2.7 GB/3.3 GB   14 MB/s     44s[K[?25h[?2026l[?2026h[?25l[A[1Gpulling manifest [K
pulling aeda25e63ebd:  81% ▕██████████████    ▏ 2.7 GB/3.3 GB   14 MB/s     44s[K[?25h[?2026l[?2026h[?25l[A[1Gpulling manifest [K
pulling aeda25e63ebd:  81% ▕██████████████    ▏ 2.7 GB/3.3 GB   14 MB/s     44s[K[?25h[?2026l[?2026h[?25l[A[1Gpulling manifest [K
pulling aeda25e63ebd:  81% ▕██████████████    ▏ 2.7 GB/3.3 GB   14 MB/s     44s[K[?25h[?2026l[?2026h[?25l[A[1Gpulling manifest [K
pulling aeda25e63ebd:  81% ▕██████████████    ▏ 2.7 GB/3.3 GB   14 MB/s     44s[K[?25h[?2026l[?2026h[?25l[A[1Gpulling manifest [K
pulling aeda25e63ebd:  81% ▕██████████████    ▏ 2.7 GB/3.3 GB   14 MB/s     44s[K[?25h[?2026l[?2026h[?25l[A[1Gpulling manifest [K
pulling aeda25e63ebd:  81% ▕██████████████    ▏ 2.7 GB/3.3 GB   14 MB/s     43s[K[?25h[?2026l[?2026h[?25l[A[1Gpulling manifest [K
pulling aeda25e63ebd:  81% ▕██████████████    ▏ 2.7 GB/3.3 GB   14 MB/s     43s[K[?25h[?2026l[?2026h[?25l[A[1Gpulling manifest [K
pulling aeda25e63ebd:  81% ▕██████████████    ▏ 2.7 GB/3.3 GB   14 MB/s     43s[K[?25h[?2026l[?2026h[?25l[A[1Gpulling manifest [K
pulling aeda25e63ebd:  81% ▕██████████████    ▏ 2.7 GB/3.3 GB   14 MB/s     43s[K[?25h[?2026l[?2026h[?25l[A[1Gpulling manifest [K
pulling aeda25e63ebd:  82% ▕██████████████    ▏ 2.7 GB/3.3 GB   14 MB/s     41s[K[?25h[?2026l[?2026h[?25l[A[1Gpulling manifest [K
pulling aeda25e63ebd:  82% ▕██████████████    ▏ 2.7 GB/3.3 GB   14 MB/s     41s[K[?25h[?2026l[?2026h[?25l[A[1Gpulling manifest [K
pulling aeda25e63ebd:  82% ▕██████████████    ▏ 2.7 GB/3.3 GB   14 MB/s     41s[K[?25h[?2026l[?2026h[?25l[A[1Gpulling manifest [K
pulling aeda25e63ebd:  82% ▕██████████████    ▏ 2.7 GB/3.3 GB   14 MB/s     41s[K[?25h[?2026l[?2026h[?25l[A[1Gpulling manifest [K
pulling aeda25e63ebd:  82% ▕██████████████    ▏ 2.7 GB/3.3 GB   14 MB/s     41s[K[?25h[?2026l[?2026h[?25l[A[1Gpulling manifest [K
pulling aeda25e63ebd:  82% ▕██████████████    ▏ 2.7 GB/3.3 GB   14 MB/s     41s[K[?25h[?2026l[?2026h[?25l[A[1Gpulling manifest [K
pulling aeda25e63ebd:  82% ▕██████████████    ▏ 2.7 GB/3.3 GB   14 MB/s     41s[K[?25h[?2026l[?2026h[?25l[A[1Gpulling manifest [K
pulling aeda25e63ebd:  82% ▕██████████████    ▏ 2.7 GB/3.3 GB   14 MB/s     41s[K[?25h[?2026l[?2026h[?25l[A[1Gpulling manifest [K
pulling aeda25e63ebd:  82% ▕██████████████    ▏ 2.7 GB/3.3 GB   14 MB/s     41s[K[?25h[?2026l[?2026h[?25l[A[1Gpulling manifest [K
pulling aeda25e63ebd:  82% ▕██████████████    ▏ 2.7 GB/3.3 GB   14 MB/s     41s[K[?25h[?2026l[?2026h[?25l[A[1Gpulling manifest [K
pulling aeda25e63ebd:  82% ▕██████████████    ▏ 2.7 GB/3.3 GB   14 MB/s     41s[K[?25h[?2026l[?2026h[?25l[A[1Gpulling manifest [K
pulling aeda25e63ebd:  82% ▕██████████████    ▏ 2.7 GB/3.3 GB   14 MB/s     41s[K[?25h[?2026l[?2026h[?25l[A[1Gpulling manifest [K
pulling aeda25e63ebd:  82% ▕██████████████    ▏ 2.7 GB/3.3 GB   14 MB/s     41s[K[?25h[?2026l[?2026h[?25l[A[1Gpulling manifest [K
pulling aeda25e63ebd:  82% ▕██████████████    ▏ 2.7 GB/3.3 GB   14 MB/s     41s[K[?25h[?2026l[?2026h[?25l[A[1Gpulling manifest [K
pulling aeda25e63ebd:  82% ▕██████████████    ▏ 2.7 GB/3.3 GB   14 MB/s     41s[K[?25h[?2026l[?2026h[?25l[A[1Gpulling manifest [K
pulling aeda25e63ebd:  82% ▕██████████████    ▏ 2.7 GB/3.3 GB   14 MB/s     41s[K[?25h[?2026l[?2026h[?25l[A[1Gpulling manifest [K
pulling aeda25e63ebd:  82% ▕██████████████    ▏ 2.7 GB/3.3 GB   14 MB/s     41s[K[?25h[?2026l[?2026h[?25l[A[1Gpulling manifest [K
pulling aeda25e63ebd:  82% ▕██████████████    ▏ 2.7 GB/3.3 GB   14 MB/s     41s[K[?25h[?2026l[?2026h[?25l[A[1Gpulling manifest [K
pulling aeda25e63ebd:  82% ▕██████████████    ▏ 2.7 GB/3.3 GB   14 MB/s     41s[K[?25h[?2026l[?2026h[?25l[A[1Gpulling manifest [K
pulling aeda25e63ebd:  82% ▕██████████████    ▏ 2.7 GB/3.3 GB   14 MB/s     41s[K[?25h[?2026l[?2026h[?25l[A[1Gpulling manifest [K
pulling aeda25e63ebd:  82% ▕██████████████    ▏ 2.7 GB/3.3 GB   14 MB/s     42s[K[?25h[?2026l[?2026h[?25l[A[1Gpulling manifest [K
pulling aeda25e63ebd:  82% ▕██████████████    ▏ 2.7 GB/3.3 GB   14 MB/s     42s[K[?25h[?2026l[?2026h[?25l[A[1Gpulling manifest [K
pulling aeda25e63ebd:  82% ▕██████████████    ▏ 2.7 GB/3.3 GB   14 MB/s     42s[K[?25h[?2026l[?2026h[?25l[A[1Gpulling manifest [K
pulling aeda25e63ebd:  82% ▕██████████████    ▏ 2.7 GB/3.3 GB   14 MB/s     42s[K[?25h[?2026l[?2026h[?25l[A[1Gpulling manifest [K
pulling aeda25e63ebd:  82% ▕██████████████    ▏ 2.7 GB/3.3 GB   14 MB/s     42s[K[?25h[?2026l[?2026h[?25l[A[1Gpulling manifest [K
pulling aeda25e63ebd:  82% ▕██████████████    ▏ 2.7 GB/3.3 GB   14 MB/s     42s[K[?25h[?2026l[?2026h[?25l[A[1Gpulling manifest [K
pulling aeda25e63ebd:  82% ▕██████████████    ▏ 2.7 GB/3.3 GB   14 MB/s     42s[K[?25h[?2026l[?2026h[?25l[A[1Gpulling manifest [K
pulling aeda25e63ebd:  82% ▕██████████████    ▏ 2.7 GB/3.3 GB   14 MB/s     42s[K[?25h[?2026l[?2026h[?25l[A[1Gpulling manifest [K
pulling aeda25e63ebd:  82% ▕██████████████    ▏ 2.7 GB/3.3 GB   14 MB/s     42s[K[?25h[?2026l[?2026h[?25l[A[1Gpulling manifest [K
pulling aeda25e63ebd:  82% ▕██████████████    ▏ 2.7 GB/3.3 GB   14 MB/s     42s[K[?25h[?2026l[?2026h[?25l[A[1Gpulling manifest [K
pulling aeda25e63ebd:  82% ▕██████████████    ▏ 2.7 GB/3.3 GB   13 MB/s     45s[K[?25h[?2026l[?2026h[?25l[A[1Gpulling manifest [K
pulling aeda25e63ebd:  82% ▕██████████████    ▏ 2.7 GB/3.3 GB   13 MB/s     45s[K[?25h[?2026l[?2026h[?25l[A[1Gpulling manifest [K
pulling aeda25e63ebd:  82% ▕██████████████    ▏ 2.7 GB/3.3 GB   13 MB/s     45s[K[?25h[?2026l[?2026h[?25l[A[1Gpulling manifest [K
pulling aeda25e63ebd:  82% ▕██████████████    ▏ 2.7 GB/3.3 GB   13 MB/s     45s[K[?25h[?2026l[?2026h[?25l[A[1Gpulling manifest [K
pulling aeda25e63ebd:  82% ▕██████████████    ▏ 2.7 GB/3.3 GB   13 MB/s     44s[K[?25h[?2026l[?2026h[?25l[A[1Gpulling manifest [K
pulling aeda25e63ebd:  82% ▕██████████████    ▏ 2.7 GB/3.3 GB   13 MB/s     44s[K[?25h[?2026l[?2026h[?25l[A[1Gpulling manifest [K
pulling aeda25e63ebd:  82% ▕██████████████    ▏ 2.8 GB/3.3 GB   13 MB/s     44s[K[?25h[?2026l[?2026h[?25l[A[1Gpulling manifest [K
pulling aeda25e63ebd:  82% ▕██████████████    ▏ 2.8 GB/3.3 GB   13 MB/s     44s[K[?25h[?2026l[?2026h[?25l[A[1Gpulling manifest [K
pulling aeda25e63ebd:  82% ▕██████████████    ▏ 2.8 GB/3.3 GB   13 MB/s     44s[K[?25h[?2026l[?2026h[?25l[A[1Gpulling manifest [K
pulling aeda25e63ebd:  82% ▕██████████████    ▏ 2.8 GB/3.3 GB   13 MB/s     44s[K[?25h[?2026l[?2026h[?25l[A[1Gpulling manifest [K
pulling aeda25e63ebd:  83% ▕██████████████    ▏ 2.8 GB/3.3 GB   12 MB/s     47s[K[?25h[?2026l[?2026h[?25l[A[1Gpulling manifest [K
pulling aeda25e63ebd:  83% ▕██████████████    ▏ 2.8 GB/3.3 GB   12 MB/s     47s[K[?25h[?2026l[?2026h[?25l[A[1Gpulling manifest [K
pulling aeda25e63ebd:  83% ▕██████████████    ▏ 2.8 GB/3.3 GB   12 MB/s     46s[K[?25h[?2026l[?2026h[?25l[A[1Gpulling manifest [K
pulling aeda25e63ebd:  83% ▕██████████████    ▏ 2.8 GB/3.3 GB   12 MB/s     46s[K[?25h[?2026l[?2026h[?25l[A[1Gpulling manifest [K
pulling aeda25e63ebd:  83% ▕██████████████    ▏ 2.8 GB/3.3 GB   12 MB/s     46s[K[?25h[?2026l[?2026h[?25l[A[1Gpulling manifest [K
pulling aeda25e63ebd:  83% ▕██████████████    ▏ 2.8 GB/3.3 GB   12 MB/s     46s[K[?25h[?2026l[?2026h[?25l[A[1Gpulling manifest [K
pulling aeda25e63ebd:  83% ▕██████████████    ▏ 2.8 GB/3.3 GB   12 MB/s     46s[K[?25h[?2026l[?2026h[?25l[A[1Gpulling manifest [K
pulling aeda25e63ebd:  83% ▕██████████████    ▏ 2.8 GB/3.3 GB   12 MB/s     46s[K[?25h[?2026l[?2026h[?25l[A[1Gpulling manifest [K
pulling aeda25e63ebd:  83% ▕██████████████    ▏ 2.8 GB/3.3 GB   12 MB/s     46s[K[?25h[?2026l[?2026h[?25l[A[1Gpulling manifest [K
pulling aeda25e63ebd:  83% ▕██████████████    ▏ 2.8 GB/3.3 GB   12 MB/s     46s[K[?25h[?2026l[?2026h[?25l[A[1Gpulling manifest [K
pulling aeda25e63ebd:  83% ▕██████████████    ▏ 2.8 GB/3.3 GB   12 MB/s     46s[K[?25h[?2026l[?2026h[?25l[A[1Gpulling manifest [K
pulling aeda25e63ebd:  83% ▕██████████████    ▏ 2.8 GB/3.3 GB   12 MB/s     46s[K[?25h[?2026l[?2026h[?25l[A[1Gpulling manifest [K
pulling aeda25e63ebd:  83% ▕██████████████    ▏ 2.8 GB/3.3 GB   12 MB/s     46s[K[?25h[?2026l[?2026h[?25l[A[1Gpulling manifest [K
pulling aeda25e63ebd:  83% ▕██████████████    ▏ 2.8 GB/3.3 GB   12 MB/s     46s[K[?25h[?2026l[?2026h[?25l[A[1Gpulling manifest [K
pulling aeda25e63ebd:  83% ▕██████████████    ▏ 2.8 GB/3.3 GB   12 MB/s     46s[K[?25h[?2026l[?2026h[?25l[A[1Gpulling manifest [K
pulling aeda25e63ebd:  83% ▕██████████████    ▏ 2.8 GB/3.3 GB   12 MB/s     46s[K[?25h[?2026l[?2026h[?25l[A[1Gpulling manifest [K
pulling aeda25e63ebd:  83% ▕██████████████    ▏ 2.8 GB/3.3 GB   12 MB/s     45s[K[?25h[?2026l[?2026h[?25l[A[1Gpulling manifest [K
pulling aeda25e63ebd:  83% ▕██████████████    ▏ 2.8 GB/3.3 GB   12 MB/s     45s[K[?25h[?2026l[?2026h[?25l[A[1Gpulling manifest [K
pulling aeda25e63ebd:  83% ▕██████████████    ▏ 2.8 GB/3.3 GB   12 MB/s     45s[K[?25h[?2026l[?2026h[?25l[A[1Gpulling manifest [K
pulling aeda25e63ebd:  83% ▕██████████████    ▏ 2.8 GB/3.3 GB   12 MB/s     45s[K[?25h[?2026l[?2026h[?25l[A[1Gpulling manifest [K
pulling aeda25e63ebd:  83% ▕██████████████    ▏ 2.8 GB/3.3 GB   12 MB/s     45s[K[?25h[?2026l[?2026h[?25l[A[1Gpulling manifest [K
pulling aeda25e63ebd:  83% ▕██████████████    ▏ 2.8 GB/3.3 GB   11 MB/s     46s[K[?25h[?2026l[?2026h[?25l[A[1Gpulling manifest [K
pulling aeda25e63ebd:  83% ▕██████████████    ▏ 2.8 GB/3.3 GB   11 MB/s     46s[K[?25h[?2026l[?2026h[?25l[A[1Gpulling manifest [K
pulling aeda25e63ebd:  83% ▕███████████████   ▏ 2.8 GB/3.3 GB   11 MB/s     46s[K[?25h[?2026l[?2026h[?25l[A[1Gpulling manifest [K
pulling aeda25e63ebd:  83% ▕███████████████   ▏ 2.8 GB/3.3 GB   11 MB/s     46s[K[?25h[?2026l[?2026h[?25l[A[1Gpulling manifest [K
pulling aeda25e63ebd:  84% ▕███████████████   ▏ 2.8 GB/3.3 GB   11 MB/s     46s[K[?25h[?2026l[?2026h[?25l[A[1Gpulling manifest [K
pulling aeda25e63ebd:  84% ▕███████████████   ▏ 2.8 GB/3.3 GB   11 MB/s     46s[K[?25h[?2026l[?2026h[?25l[A[1Gpulling manifest [K
pulling aeda25e63ebd:  84% ▕███████████████   ▏ 2.8 GB/3.3 GB   11 MB/s     46s[K[?25h[?2026l[?2026h[?25l[A[1Gpulling manifest [K
pulling aeda25e63ebd:  84% ▕███████████████   ▏ 2.8 GB/3.3 GB   11 MB/s     46s[K[?25h[?2026l[?2026h[?25l[A[1Gpulling manifest [K
pulling aeda25e63ebd:  84% ▕███████████████   ▏ 2.8 GB/3.3 GB   11 MB/s     45s[K[?25h[?2026l[?2026h[?25l[A[1Gpulling manifest [K
pulling aeda25e63ebd:  84% ▕███████████████   ▏ 2.8 GB/3.3 GB   11 MB/s     45s[K[?25h[?2026l[?2026h[?25l[A[1Gpulling manifest [K
pulling aeda25e63ebd:  84% ▕███████████████   ▏ 2.8 GB/3.3 GB   11 MB/s     46s[K[?25h[?2026l[?2026h[?25l[A[1Gpulling manifest [K
pulling aeda25e63ebd:  84% ▕███████████████   ▏ 2.8 GB/3.3 GB   11 MB/s     46s[K[?25h[?2026l[?2026h[?25l[A[1Gpulling manifest [K
pulling aeda25e63ebd:  84% ▕███████████████   ▏ 2.8 GB/3.3 GB   11 MB/s     46s[K[?25h[?2026l[?2026h[?25l[A[1Gpulling manifest [K
pulling aeda25e63ebd:  84% ▕███████████████   ▏ 2.8 GB/3.3 GB   11 MB/s     46s[K[?25h[?2026l[?2026h[?25l[A[1Gpulling manifest [K
pulling aeda25e63ebd:  84% ▕███████████████   ▏ 2.8 GB/3.3 GB   11 MB/s     46s[K[?25h[?2026l[?2026h[?25l[A[1Gpulling manifest [K
pulling aeda25e63ebd:  84% ▕███████████████   ▏ 2.8 GB/3.3 GB   11 MB/s     46s[K[?25h[?2026l[?2026h[?25l[A[1Gpulling manifest [K
pulling aeda25e63ebd:  84% ▕███████████████   ▏ 2.8 GB/3.3 GB   11 MB/s     46s[K[?25h[?2026l[?2026h[?25l[A[1Gpulling manifest [K
pulling aeda25e63ebd:  84% ▕███████████████   ▏ 2.8 GB/3.3 GB   11 MB/s     45s[K[?25h[?2026l[?2026h[?25l[A[1Gpulling manifest [K
pulling aeda25e63ebd:  84% ▕███████████████   ▏ 2.8 GB/3.3 GB   11 MB/s     45s[K[?25h[?2026l[?2026h[?25l[A[1Gpulling manifest [K
pulling aeda25e63ebd:  84% ▕███████████████   ▏ 2.8 GB/3.3 GB   11 MB/s     45s[K[?25h[?2026l[?2026h[?25l[A[1Gpulling manifest [K
pulling aeda25e63ebd:  84% ▕███████████████   ▏ 2.8 GB/3.3 GB   11 MB/s     44s[K[?25h[?2026l[?2026h[?25l[A[1Gpulling manifest [K
pulling aeda25e63ebd:  84% ▕███████████████   ▏ 2.8 GB/3.3 GB   11 MB/s     44s[K[?25h[?2026l[?2026h[?25l[A[1Gpulling manifest [K
pulling aeda25e63ebd:  84% ▕███████████████   ▏ 2.8 GB/3.3 GB   11 MB/s     44s[K[?25h[?2026l[?2026h[?25l[A[1Gpulling manifest [K
pulling aeda25e63ebd:  84% ▕███████████████   ▏ 2.8 GB/3.3 GB   11 MB/s     44s[K[?25h[?2026l[?2026h[?25l[A[1Gpulling manifest [K
pulling aeda25e63ebd:  84% ▕███████████████   ▏ 2.8 GB/3.3 GB   11 MB/s     44s[K[?25h[?2026l[?2026h[?25l[A[1Gpulling manifest [K
pulling aeda25e63ebd:  84% ▕███████████████   ▏ 2.8 GB/3.3 GB   11 MB/s     43s[K[?25h[?2026l[?2026h[?25l[A[1Gpulling manifest [K
pulling aeda25e63ebd:  84% ▕███████████████   ▏ 2.8 GB/3.3 GB   11 MB/s     43s[K[?25h[?2026l[?2026h[?25l[A[1Gpulling manifest [K
pulling aeda25e63ebd:  84% ▕███████████████   ▏ 2.8 GB/3.3 GB   11 MB/s     43s[K[?25h[?2026l[?2026h[?25l[A[1Gpulling manifest [K
pulling aeda25e63ebd:  84% ▕███████████████   ▏ 2.8 GB/3.3 GB   11 MB/s     43s[K[?25h[?2026l[?2026h[?25l[A[1Gpulling manifest [K
pulling aeda25e63ebd:  85% ▕███████████████   ▏ 2.8 GB/3.3 GB   11 MB/s     43s[K[?25h[?2026l[?2026h[?25l[A[1Gpulling manifest [K
pulling aeda25e63ebd:  85% ▕███████████████   ▏ 2.8 GB/3.3 GB   11 MB/s     44s[K[?25h[?2026l[?2026h[?25l[A[1Gpulling manifest [K
pulling aeda25e63ebd:  85% ▕███████████████   ▏ 2.8 GB/3.3 GB   11 MB/s     44s[K[?25h[?2026l[?2026h[?25l[A[1Gpulling manifest [K
pulling aeda25e63ebd:  85% ▕███████████████   ▏ 2.8 GB/3.3 GB   11 MB/s     43s[K[?25h[?2026l[?2026h[?25l[A[1Gpulling manifest [K
pulling aeda25e63ebd:  85% ▕███████████████   ▏ 2.8 GB/3.3 GB   11 MB/s     43s[K[?25h[?2026l[?2026h[?25l[A[1Gpulling manifest [K
pulling aeda25e63ebd:  85% ▕███████████████   ▏ 2.8 GB/3.3 GB   11 MB/s     43s[K[?25h[?2026l[?2026h[?25l[A[1Gpulling manifest [K
pulling aeda25e63ebd:  85% ▕███████████████   ▏ 2.8 GB/3.3 GB   11 MB/s     43s[K[?25h[?2026l[?2026h[?25l[A[1Gpulling manifest [K
pulling aeda25e63ebd:  85% ▕███████████████   ▏ 2.8 GB/3.3 GB   11 MB/s     43s[K[?25h[?2026l[?2026h[?25l[A[1Gpulling manifest [K
pulling aeda25e63ebd:  85% ▕███████████████   ▏ 2.8 GB/3.3 GB   11 MB/s     43s[K[?25h[?2026l[?2026h[?25l[A[1Gpulling manifest [K
pulling aeda25e63ebd:  85% ▕███████████████   ▏ 2.8 GB/3.3 GB   11 MB/s     43s[K[?25h[?2026l[?2026h[?25l[A[1Gpulling manifest [K
pulling aeda25e63ebd:  85% ▕███████████████   ▏ 2.8 GB/3.3 GB   11 MB/s     42s[K[?25h[?2026l[?2026h[?25l[A[1Gpulling manifest [K
pulling aeda25e63ebd:  85% ▕███████████████   ▏ 2.8 GB/3.3 GB   11 MB/s     42s[K[?25h[?2026l[?2026h[?25l[A[1Gpulling manifest [K
pulling aeda25e63ebd:  85% ▕███████████████   ▏ 2.8 GB/3.3 GB   12 MB/s     40s[K[?25h[?2026l[?2026h[?25l[A[1Gpulling manifest [K
pulling aeda25e63ebd:  85% ▕███████████████   ▏ 2.8 GB/3.3 GB   12 MB/s     40s[K[?25h[?2026l[?2026h[?25l[A[1Gpulling manifest [K
pulling aeda25e63ebd:  85% ▕███████████████   ▏ 2.8 GB/3.3 GB   12 MB/s     40s[K[?25h[?2026l[?2026h[?25l[A[1Gpulling manifest [K
pulling aeda25e63ebd:  85% ▕███████████████   ▏ 2.8 GB/3.3 GB   12 MB/s     40s[K[?25h[?2026l[?2026h[?25l[A[1Gpulling manifest [K
pulling aeda25e63ebd:  85% ▕███████████████   ▏ 2.8 GB/3.3 GB   12 MB/s     40s[K[?25h[?2026l[?2026h[?25l[A[1Gpulling manifest [K
pulling aeda25e63ebd:  85% ▕███████████████   ▏ 2.8 GB/3.3 GB   12 MB/s     40s[K[?25h[?2026l[?2026h[?25l[A[1Gpulling manifest [K
pulling aeda25e63ebd:  85% ▕███████████████   ▏ 2.9 GB/3.3 GB   12 MB/s     40s[K[?25h[?2026l[?2026h[?25l[A[1Gpulling manifest [K
pulling aeda25e63ebd:  85% ▕███████████████   ▏ 2.9 GB/3.3 GB   12 MB/s     40s[K[?25h[?2026l[?2026h[?25l[A[1Gpulling manifest [K
pulling aeda25e63ebd:  85% ▕███████████████   ▏ 2.9 GB/3.3 GB   12 MB/s     40s[K[?25h[?2026l[?2026h[?25l[A[1Gpulling manifest [K
pulling aeda25e63ebd:  85% ▕███████████████   ▏ 2.9 GB/3.3 GB   12 MB/s     40s[K[?25h[?2026l[?2026h[?25l[A[1Gpulling manifest [K
pulling aeda25e63ebd:  85% ▕███████████████   ▏ 2.9 GB/3.3 GB   12 MB/s     40s[K[?25h[?2026l[?2026h[?25l[A[1Gpulling manifest [K
pulling aeda25e63ebd:  86% ▕███████████████   ▏ 2.9 GB/3.3 GB   12 MB/s     38s[K[?25h[?2026l[?2026h[?25l[A[1Gpulling manifest [K
pulling aeda25e63ebd:  86% ▕███████████████   ▏ 2.9 GB/3.3 GB   12 MB/s     38s[K[?25h[?2026l[?2026h[?25l[A[1Gpulling manifest [K
pulling aeda25e63ebd:  86% ▕███████████████   ▏ 2.9 GB/3.3 GB   12 MB/s     38s[K[?25h[?2026l[?2026h[?25l[A[1Gpulling manifest [K
pulling aeda25e63ebd:  86% ▕███████████████   ▏ 2.9 GB/3.3 GB   12 MB/s     38s[K[?25h[?2026l[?2026h[?25l[A[1Gpulling manifest [K
pulling aeda25e63ebd:  86% ▕███████████████   ▏ 2.9 GB/3.3 GB   12 MB/s     38s[K[?25h[?2026l[?2026h[?25l[A[1Gpulling manifest [K
pulling aeda25e63ebd:  86% ▕███████████████   ▏ 2.9 GB/3.3 GB   12 MB/s     38s[K[?25h[?2026l[?2026h[?25l[A[1Gpulling manifest [K
pulling aeda25e63ebd:  86% ▕███████████████   ▏ 2.9 GB/3.3 GB   12 MB/s     37s[K[?25h[?2026l[?2026h[?25l[A[1Gpulling manifest [K
pulling aeda25e63ebd:  86% ▕███████████████   ▏ 2.9 GB/3.3 GB   12 MB/s     37s[K[?25h[?2026l[?2026h[?25l[A[1Gpulling manifest [K
pulling aeda25e63ebd:  86% ▕███████████████   ▏ 2.9 GB/3.3 GB   12 MB/s     37s[K[?25h[?2026l[?2026h[?25l[A[1Gpulling manifest [K
pulling aeda25e63ebd:  86% ▕███████████████   ▏ 2.9 GB/3.3 GB   12 MB/s     37s[K[?25h[?2026l[?2026h[?25l[A[1Gpulling manifest [K
pulling aeda25e63ebd:  86% ▕███████████████   ▏ 2.9 GB/3.3 GB   13 MB/s     34s[K[?25h[?2026l[?2026h[?25l[A[1Gpulling manifest [K
pulling aeda25e63ebd:  86% ▕███████████████   ▏ 2.9 GB/3.3 GB   13 MB/s     33s[K[?25h[?2026l[?2026h[?25l[A[1Gpulling manifest [K
pulling aeda25e63ebd:  86% ▕███████████████   ▏ 2.9 GB/3.3 GB   13 MB/s     33s[K[?25h[?2026l[?2026h[?25l[A[1Gpulling manifest [K
pulling aeda25e63ebd:  86% ▕███████████████   ▏ 2.9 GB/3.3 GB   13 MB/s     33s[K[?25h[?2026l[?2026h[?25l[A[1Gpulling manifest [K
pulling aeda25e63ebd:  86% ▕███████████████   ▏ 2.9 GB/3.3 GB   13 MB/s     33s[K[?25h[?2026l[?2026h[?25l[A[1Gpulling manifest [K
pulling aeda25e63ebd:  86% ▕███████████████   ▏ 2.9 GB/3.3 GB   13 MB/s     33s[K[?25h[?2026l[?2026h[?25l[A[1Gpulling manifest [K
pulling aeda25e63ebd:  86% ▕███████████████   ▏ 2.9 GB/3.3 GB   13 MB/s     33s[K[?25h[?2026l[?2026h[?25l[A[1Gpulling manifest [K
pulling aeda25e63ebd:  86% ▕███████████████   ▏ 2.9 GB/3.3 GB   13 MB/s     33s[K[?25h[?2026l[?2026h[?25l[A[1Gpulling manifest [K
pulling aeda25e63ebd:  86% ▕███████████████   ▏ 2.9 GB/3.3 GB   13 MB/s     33s[K[?25h[?2026l[?2026h[?25l[A[1Gpulling manifest [K
pulling aeda25e63ebd:  86% ▕███████████████   ▏ 2.9 GB/3.3 GB   13 MB/s     33s[K[?25h[?2026l[?2026h[?25l[A[1Gpulling manifest [K
pulling aeda25e63ebd:  86% ▕███████████████   ▏ 2.9 GB/3.3 GB   13 MB/s     33s[K[?25h[?2026l[?2026h[?25l[A[1Gpulling manifest [K
pulling aeda25e63ebd:  86% ▕███████████████   ▏ 2.9 GB/3.3 GB   14 MB/s     32s[K[?25h[?2026l[?2026h[?25l[A[1Gpulling manifest [K
pulling aeda25e63ebd:  86% ▕███████████████   ▏ 2.9 GB/3.3 GB   14 MB/s     32s[K[?25h[?2026l[?2026h[?25l[A[1Gpulling manifest [K
pulling aeda25e63ebd:  86% ▕███████████████   ▏ 2.9 GB/3.3 GB   14 MB/s     32s[K[?25h[?2026l[?2026h[?25l[A[1Gpulling manifest [K
pulling aeda25e63ebd:  86% ▕███████████████   ▏ 2.9 GB/3.3 GB   14 MB/s     31s[K[?25h[?2026l[?2026h[?25l[A[1Gpulling manifest [K
pulling aeda25e63ebd:  87% ▕███████████████   ▏ 2.9 GB/3.3 GB   14 MB/s     31s[K[?25h[?2026l[?2026h[?25l[A[1Gpulling manifest [K
pulling aeda25e63ebd:  87% ▕███████████████   ▏ 2.9 GB/3.3 GB   14 MB/s     31s[K[?25h[?2026l[?2026h[?25l[A[1Gpulling manifest [K
pulling aeda25e63ebd:  87% ▕███████████████   ▏ 2.9 GB/3.3 GB   14 MB/s     31s[K[?25h[?2026l[?2026h[?25l[A[1Gpulling manifest [K
pulling aeda25e63ebd:  87% ▕███████████████   ▏ 2.9 GB/3.3 GB   14 MB/s     31s[K[?25h[?2026l[?2026h[?25l[A[1Gpulling manifest [K
pulling aeda25e63ebd:  87% ▕███████████████   ▏ 2.9 GB/3.3 GB   14 MB/s     31s[K[?25h[?2026l[?2026h[?25l[A[1Gpulling manifest [K
pulling aeda25e63ebd:  87% ▕███████████████   ▏ 2.9 GB/3.3 GB   14 MB/s     31s[K[?25h[?2026l[?2026h[?25l[A[1Gpulling manifest [K
pulling aeda25e63ebd:  87% ▕███████████████   ▏ 2.9 GB/3.3 GB   13 MB/s     31s[K[?25h[?2026l[?2026h[?25l[A[1Gpulling manifest [K
pulling aeda25e63ebd:  87% ▕███████████████   ▏ 2.9 GB/3.3 GB   13 MB/s     31s[K[?25h[?2026l[?2026h[?25l[A[1Gpulling manifest [K
pulling aeda25e63ebd:  87% ▕███████████████   ▏ 2.9 GB/3.3 GB   13 MB/s     31s[K[?25h[?2026l[?2026h[?25l[A[1Gpulling manifest [K
pulling aeda25e63ebd:  87% ▕███████████████   ▏ 2.9 GB/3.3 GB   13 MB/s     31s[K[?25h[?2026l[?2026h[?25l[A[1Gpulling manifest [K
pulling aeda25e63ebd:  87% ▕███████████████   ▏ 2.9 GB/3.3 GB   13 MB/s     31s[K[?25h[?2026l[?2026h[?25l[A[1Gpulling manifest [K
pulling aeda25e63ebd:  87% ▕███████████████   ▏ 2.9 GB/3.3 GB   13 MB/s     31s[K[?25h[?2026l[?2026h[?25l[A[1Gpulling manifest [K
pulling aeda25e63ebd:  87% ▕███████████████   ▏ 2.9 GB/3.3 GB   13 MB/s     31s[K[?25h[?2026l[?2026h[?25l[A[1Gpulling manifest [K
pulling aeda25e63ebd:  87% ▕███████████████   ▏ 2.9 GB/3.3 GB   13 MB/s     30s[K[?25h[?2026l[?2026h[?25l[A[1Gpulling manifest [K
pulling aeda25e63ebd:  87% ▕███████████████   ▏ 2.9 GB/3.3 GB   13 MB/s     30s[K[?25h[?2026l[?2026h[?25l[A[1Gpulling manifest [K
pulling aeda25e63ebd:  87% ▕███████████████   ▏ 2.9 GB/3.3 GB   13 MB/s     30s[K[?25h[?2026l[?2026h[?25l[A[1Gpulling manifest [K
pulling aeda25e63ebd:  87% ▕███████████████   ▏ 2.9 GB/3.3 GB   14 MB/s     29s[K[?25h[?2026l[?2026h[?25l[A[1Gpulling manifest [K
pulling aeda25e63ebd:  87% ▕███████████████   ▏ 2.9 GB/3.3 GB   14 MB/s     29s[K[?25h[?2026l[?2026h[?25l[A[1Gpulling manifest [K
pulling aeda25e63ebd:  87% ▕███████████████   ▏ 2.9 GB/3.3 GB   14 MB/s     29s[K[?25h[?2026l[?2026h[?25l[A[1Gpulling manifest [K
pulling aeda25e63ebd:  87% ▕███████████████   ▏ 2.9 GB/3.3 GB   14 MB/s     29s[K[?25h[?2026l[?2026h[?25l[A[1Gpulling manifest [K
pulling aeda25e63ebd:  87% ▕███████████████   ▏ 2.9 GB/3.3 GB   14 MB/s     29s[K[?25h[?2026l[?2026h[?25l[A[1Gpulling manifest [K
pulling aeda25e63ebd:  87% ▕███████████████   ▏ 2.9 GB/3.3 GB   14 MB/s     29s[K[?25h[?2026l[?2026h[?25l[A[1Gpulling manifest [K
pulling aeda25e63ebd:  87% ▕███████████████   ▏ 2.9 GB/3.3 GB   14 MB/s     28s[K[?25h[?2026l[?2026h[?25l[A[1Gpulling manifest [K
pulling aeda25e63ebd:  87% ▕███████████████   ▏ 2.9 GB/3.3 GB   14 MB/s     28s[K[?25h[?2026l[?2026h[?25l[A[1Gpulling manifest [K
pulling aeda25e63ebd:  88% ▕███████████████   ▏ 2.9 GB/3.3 GB   14 MB/s     28s[K[?25h[?2026l[?2026h[?25l[A[1Gpulling manifest [K
pulling aeda25e63ebd:  88% ▕███████████████   ▏ 2.9 GB/3.3 GB   14 MB/s     28s[K[?25h[?2026l[?2026h[?25l[A[1Gpulling manifest [K
pulling aeda25e63ebd:  88% ▕███████████████   ▏ 2.9 GB/3.3 GB   14 MB/s     29s[K[?25h[?2026l[?2026h[?25l[A[1Gpulling manifest [K
pulling aeda25e63ebd:  88% ▕███████████████   ▏ 2.9 GB/3.3 GB   14 MB/s     28s[K[?25h[?2026l[?2026h[?25l[A[1Gpulling manifest [K
pulling aeda25e63ebd:  88% ▕███████████████   ▏ 2.9 GB/3.3 GB   14 MB/s     28s[K[?25h[?2026l[?2026h[?25l[A[1Gpulling manifest [K
pulling aeda25e63ebd:  88% ▕███████████████   ▏ 2.9 GB/3.3 GB   14 MB/s     28s[K[?25h[?2026l[?2026h[?25l[A[1Gpulling manifest [K
pulling aeda25e63ebd:  88% ▕███████████████   ▏ 2.9 GB/3.3 GB   14 MB/s     28s[K[?25h[?2026l[?2026h[?25l[A[1Gpulling manifest [K
pulling aeda25e63ebd:  88% ▕███████████████   ▏ 2.9 GB/3.3 GB   14 MB/s     28s[K[?25h[?2026l[?2026h[?25l[A[1Gpulling manifest [K
pulling aeda25e63ebd:  88% ▕███████████████   ▏ 2.9 GB/3.3 GB   14 MB/s     28s[K[?25h[?2026l[?2026h[?25l[A[1Gpulling manifest [K
pulling aeda25e63ebd:  88% ▕███████████████   ▏ 2.9 GB/3.3 GB   14 MB/s     28s[K[?25h[?2026l[?2026h[?25l[A[1Gpulling manifest [K
pulling aeda25e63ebd:  88% ▕███████████████   ▏ 2.9 GB/3.3 GB   14 MB/s     28s[K[?25h[?2026l[?2026h[?25l[A[1Gpulling manifest [K
pulling aeda25e63ebd:  88% ▕███████████████   ▏ 2.9 GB/3.3 GB   14 MB/s     28s[K[?25h[?2026l[?2026h[?25l[A[1Gpulling manifest [K
pulling aeda25e63ebd:  88% ▕███████████████   ▏ 2.9 GB/3.3 GB   14 MB/s     28s[K[?25h[?2026l[?2026h[?25l[A[1Gpulling manifest [K
pulling aeda25e63ebd:  88% ▕███████████████   ▏ 2.9 GB/3.3 GB   14 MB/s     28s[K[?25h[?2026l[?2026h[?25l[A[1Gpulling manifest [K
pulling aeda25e63ebd:  88% ▕███████████████   ▏ 2.9 GB/3.3 GB   14 MB/s     28s[K[?25h[?2026l[?2026h[?25l[A[1Gpulling manifest [K
pulling aeda25e63ebd:  88% ▕███████████████   ▏ 2.9 GB/3.3 GB   14 MB/s     28s[K[?25h[?2026l[?2026h[?25l[A[1Gpulling manifest [K
pulling aeda25e63ebd:  88% ▕███████████████   ▏ 2.9 GB/3.3 GB   14 MB/s     27s[K[?25h[?2026l[?2026h[?25l[A[1Gpulling manifest [K
pulling aeda25e63ebd:  88% ▕███████████████   ▏ 2.9 GB/3.3 GB   14 MB/s     27s[K[?25h[?2026l[?2026h[?25l[A[1Gpulling manifest [K
pulling aeda25e63ebd:  88% ▕███████████████   ▏ 2.9 GB/3.3 GB   14 MB/s     27s[K[?25h[?2026l[?2026h[?25l[A[1Gpulling manifest [K
pulling aeda25e63ebd:  88% ▕███████████████   ▏ 2.9 GB/3.3 GB   14 MB/s     27s[K[?25h[?2026l[?2026h[?25l[A[1Gpulling manifest [K
pulling aeda25e63ebd:  88% ▕███████████████   ▏ 2.9 GB/3.3 GB   14 MB/s     27s[K[?25h[?2026l[?2026h[?25l[A[1Gpulling manifest [K
pulling aeda25e63ebd:  88% ▕███████████████   ▏ 3.0 GB/3.3 GB   14 MB/s     27s[K[?25h[?2026l[?2026h[?25l[A[1Gpulling manifest [K
pulling aeda25e63ebd:  88% ▕███████████████   ▏ 3.0 GB/3.3 GB   14 MB/s     27s[K[?25h[?2026l[?2026h[?25l[A[1Gpulling manifest [K
pulling aeda25e63ebd:  88% ▕███████████████   ▏ 3.0 GB/3.3 GB   14 MB/s     27s[K[?25h[?2026l[?2026h[?25l[A[1Gpulling manifest [K
pulling aeda25e63ebd:  88% ▕███████████████   ▏ 3.0 GB/3.3 GB   14 MB/s     27s[K[?25h[?2026l[?2026h[?25l[A[1Gpulling manifest [K
pulling aeda25e63ebd:  89% ▕███████████████   ▏ 3.0 GB/3.3 GB   14 MB/s     27s[K[?25h[?2026l[?2026h[?25l[A[1Gpulling manifest [K
pulling aeda25e63ebd:  89% ▕███████████████   ▏ 3.0 GB/3.3 GB   14 MB/s     27s[K[?25h[?2026l[?2026h[?25l[A[1Gpulling manifest [K
pulling aeda25e63ebd:  89% ▕███████████████   ▏ 3.0 GB/3.3 GB   14 MB/s     27s[K[?25h[?2026l[?2026h[?25l[A[1Gpulling manifest [K
pulling aeda25e63ebd:  89% ▕███████████████   ▏ 3.0 GB/3.3 GB   14 MB/s     26s[K[?25h[?2026l[?2026h[?25l[A[1Gpulling manifest [K
pulling aeda25e63ebd:  89% ▕███████████████   ▏ 3.0 GB/3.3 GB   14 MB/s     26s[K[?25h[?2026l[?2026h[?25l[A[1Gpulling manifest [K
pulling aeda25e63ebd:  89% ▕███████████████   ▏ 3.0 GB/3.3 GB   14 MB/s     26s[K[?25h[?2026l[?2026h[?25l[A[1Gpulling manifest [K
pulling aeda25e63ebd:  89% ▕███████████████   ▏ 3.0 GB/3.3 GB   14 MB/s     26s[K[?25h[?2026l[?2026h[?25l[A[1Gpulling manifest [K
pulling aeda25e63ebd:  89% ▕███████████████   ▏ 3.0 GB/3.3 GB   14 MB/s     26s[K[?25h[?2026l[?2026h[?25l[A[1Gpulling manifest [K
pulling aeda25e63ebd:  89% ▕███████████████   ▏ 3.0 GB/3.3 GB   13 MB/s     27s[K[?25h[?2026l[?2026h[?25l[A[1Gpulling manifest [K
pulling aeda25e63ebd:  89% ▕████████████████  ▏ 3.0 GB/3.3 GB   13 MB/s     26s[K[?25h[?2026l[?2026h[?25l[A[1Gpulling manifest [K
pulling aeda25e63ebd:  89% ▕████████████████  ▏ 3.0 GB/3.3 GB   13 MB/s     26s[K[?25h[?2026l[?2026h[?25l[A[1Gpulling manifest [K
pulling aeda25e63ebd:  89% ▕████████████████  ▏ 3.0 GB/3.3 GB   13 MB/s     26s[K[?25h[?2026l[?2026h[?25l[A[1Gpulling manifest [K
pulling aeda25e63ebd:  89% ▕████████████████  ▏ 3.0 GB/3.3 GB   13 MB/s     26s[K[?25h[?2026l[?2026h[?25l[A[1Gpulling manifest [K
pulling aeda25e63ebd:  89% ▕████████████████  ▏ 3.0 GB/3.3 GB   13 MB/s     26s[K[?25h[?2026l[?2026h[?25l[A[1Gpulling manifest [K
pulling aeda25e63ebd:  89% ▕████████████████  ▏ 3.0 GB/3.3 GB   13 MB/s     26s[K[?25h[?2026l[?2026h[?25l[A[1Gpulling manifest [K
pulling aeda25e63ebd:  89% ▕████████████████  ▏ 3.0 GB/3.3 GB   13 MB/s     26s[K[?25h[?2026l[?2026h[?25l[A[1Gpulling manifest [K
pulling aeda25e63ebd:  89% ▕████████████████  ▏ 3.0 GB/3.3 GB   13 MB/s     26s[K[?25h[?2026l[?2026h[?25l[A[1Gpulling manifest [K
pulling aeda25e63ebd:  89% ▕████████████████  ▏ 3.0 GB/3.3 GB   13 MB/s     26s[K[?25h[?2026l[?2026h[?25l[A[1Gpulling manifest [K
pulling aeda25e63ebd:  89% ▕████████████████  ▏ 3.0 GB/3.3 GB   13 MB/s     26s[K[?25h[?2026l[?2026h[?25l[A[1Gpulling manifest [K
pulling aeda25e63ebd:  89% ▕████████████████  ▏ 3.0 GB/3.3 GB   13 MB/s     25s[K[?25h[?2026l[?2026h[?25l[A[1Gpulling manifest [K
pulling aeda25e63ebd:  89% ▕████████████████  ▏ 3.0 GB/3.3 GB   13 MB/s     25s[K[?25h[?2026l[?2026h[?25l[A[1Gpulling manifest [K
pulling aeda25e63ebd:  89% ▕████████████████  ▏ 3.0 GB/3.3 GB   13 MB/s     25s[K[?25h[?2026l[?2026h[?25l[A[1Gpulling manifest [K
pulling aeda25e63ebd:  89% ▕████████████████  ▏ 3.0 GB/3.3 GB   13 MB/s     25s[K[?25h[?2026l[?2026h[?25l[A[1Gpulling manifest [K
pulling aeda25e63ebd:  89% ▕████████████████  ▏ 3.0 GB/3.3 GB   13 MB/s     25s[K[?25h[?2026l[?2026h[?25l[A[1Gpulling manifest [K
pulling aeda25e63ebd:  90% ▕████████████████  ▏ 3.0 GB/3.3 GB   13 MB/s     25s[K[?25h[?2026l[?2026h[?25l[A[1Gpulling manifest [K
pulling aeda25e63ebd:  90% ▕████████████████  ▏ 3.0 GB/3.3 GB   13 MB/s     25s[K[?25h[?2026l[?2026h[?25l[A[1Gpulling manifest [K
pulling aeda25e63ebd:  90% ▕████████████████  ▏ 3.0 GB/3.3 GB   13 MB/s     25s[K[?25h[?2026l[?2026h[?25l[A[1Gpulling manifest [K
pulling aeda25e63ebd:  90% ▕████████████████  ▏ 3.0 GB/3.3 GB   13 MB/s     25s[K[?25h[?2026l[?2026h[?25l[A[1Gpulling manifest [K
pulling aeda25e63ebd:  90% ▕████████████████  ▏ 3.0 GB/3.3 GB   13 MB/s     24s[K[?25h[?2026l[?2026h[?25l[A[1Gpulling manifest [K
pulling aeda25e63ebd:  90% ▕████████████████  ▏ 3.0 GB/3.3 GB   13 MB/s     25s[K[?25h[?2026l[?2026h[?25l[A[1Gpulling manifest [K
pulling aeda25e63ebd:  90% ▕████████████████  ▏ 3.0 GB/3.3 GB   13 MB/s     25s[K[?25h[?2026l[?2026h[?25l[A[1Gpulling manifest [K
pulling aeda25e63ebd:  90% ▕████████████████  ▏ 3.0 GB/3.3 GB   13 MB/s     25s[K[?25h[?2026l[?2026h[?25l[A[1Gpulling manifest [K
pulling aeda25e63ebd:  90% ▕████████████████  ▏ 3.0 GB/3.3 GB   13 MB/s     25s[K[?25h[?2026l[?2026h[?25l[A[1Gpulling manifest [K
pulling aeda25e63ebd:  90% ▕████████████████  ▏ 3.0 GB/3.3 GB   13 MB/s     24s[K[?25h[?2026l[?2026h[?25l[A[1Gpulling manifest [K
pulling aeda25e63ebd:  90% ▕████████████████  ▏ 3.0 GB/3.3 GB   13 MB/s     24s[K[?25h[?2026l[?2026h[?25l[A[1Gpulling manifest [K
pulling aeda25e63ebd:  90% ▕████████████████  ▏ 3.0 GB/3.3 GB   13 MB/s     24s[K[?25h[?2026l[?2026h[?25l[A[1Gpulling manifest [K
pulling aeda25e63ebd:  90% ▕████████████████  ▏ 3.0 GB/3.3 GB   13 MB/s     24s[K[?25h[?2026l[?2026h[?25l[A[1Gpulling manifest [K
pulling aeda25e63ebd:  90% ▕████████████████  ▏ 3.0 GB/3.3 GB   13 MB/s     24s[K[?25h[?2026l[?2026h[?25l[A[1Gpulling manifest [K
pulling aeda25e63ebd:  90% ▕████████████████  ▏ 3.0 GB/3.3 GB   13 MB/s     24s[K[?25h[?2026l[?2026h[?25l[A[1Gpulling manifest [K
pulling aeda25e63ebd:  90% ▕████████████████  ▏ 3.0 GB/3.3 GB   14 MB/s     23s[K[?25h[?2026l[?2026h[?25l[A[1Gpulling manifest [K
pulling aeda25e63ebd:  90% ▕████████████████  ▏ 3.0 GB/3.3 GB   14 MB/s     23s[K[?25h[?2026l[?2026h[?25l[A[1Gpulling manifest [K
pulling aeda25e63ebd:  90% ▕████████████████  ▏ 3.0 GB/3.3 GB   14 MB/s     23s[K[?25h[?2026l[?2026h[?25l[A[1Gpulling manifest [K
pulling aeda25e63ebd:  90% ▕████████████████  ▏ 3.0 GB/3.3 GB   14 MB/s     23s[K[?25h[?2026l[?2026h[?25l[A[1Gpulling manifest [K
pulling aeda25e63ebd:  90% ▕████████████████  ▏ 3.0 GB/3.3 GB   14 MB/s     23s[K[?25h[?2026l[?2026h[?25l[A[1Gpulling manifest [K
pulling aeda25e63ebd:  90% ▕████████████████  ▏ 3.0 GB/3.3 GB   14 MB/s     23s[K[?25h[?2026l[?2026h[?25l[A[1Gpulling manifest [K
pulling aeda25e63ebd:  90% ▕████████████████  ▏ 3.0 GB/3.3 GB   14 MB/s     22s[K[?25h[?2026l[?2026h[?25l[A[1Gpulling manifest [K
pulling aeda25e63ebd:  90% ▕████████████████  ▏ 3.0 GB/3.3 GB   14 MB/s     22s[K[?25h[?2026l[?2026h[?25l[A[1Gpulling manifest [K
pulling aeda25e63ebd:  90% ▕████████████████  ▏ 3.0 GB/3.3 GB   14 MB/s     22s[K[?25h[?2026l[?2026h[?25l[A[1Gpulling manifest [K
pulling aeda25e63ebd:  90% ▕████████████████  ▏ 3.0 GB/3.3 GB   14 MB/s     22s[K[?25h[?2026l[?2026h[?25l[A[1Gpulling manifest [K
pulling aeda25e63ebd:  91% ▕████████████████  ▏ 3.0 GB/3.3 GB   14 MB/s     22s[K[?25h[?2026l[?2026h[?25l[A[1Gpulling manifest [K
pulling aeda25e63ebd:  91% ▕████████████████  ▏ 3.0 GB/3.3 GB   14 MB/s     21s[K[?25h[?2026l[?2026h[?25l[A[1Gpulling manifest [K
pulling aeda25e63ebd:  91% ▕████████████████  ▏ 3.0 GB/3.3 GB   14 MB/s     21s[K[?25h[?2026l[?2026h[?25l[A[1Gpulling manifest [K
pulling aeda25e63ebd:  91% ▕████████████████  ▏ 3.0 GB/3.3 GB   14 MB/s     21s[K[?25h[?2026l[?2026h[?25l[A[1Gpulling manifest [K
pulling aeda25e63ebd:  91% ▕████████████████  ▏ 3.0 GB/3.3 GB   14 MB/s     21s[K[?25h[?2026l[?2026h[?25l[A[1Gpulling manifest [K
pulling aeda25e63ebd:  91% ▕████████████████  ▏ 3.0 GB/3.3 GB   14 MB/s     21s[K[?25h[?2026l[?2026h[?25l[A[1Gpulling manifest [K
pulling aeda25e63ebd:  91% ▕████████████████  ▏ 3.0 GB/3.3 GB   14 MB/s     21s[K[?25h[?2026l[?2026h[?25l[A[1Gpulling manifest [K
pulling aeda25e63ebd:  91% ▕████████████████  ▏ 3.0 GB/3.3 GB   14 MB/s     21s[K[?25h[?2026l[?2026h[?25l[A[1Gpulling manifest [K
pulling aeda25e63ebd:  91% ▕████████████████  ▏ 3.0 GB/3.3 GB   14 MB/s     21s[K[?25h[?2026l[?2026h[?25l[A[1Gpulling manifest [K
pulling aeda25e63ebd:  91% ▕████████████████  ▏ 3.0 GB/3.3 GB   14 MB/s     21s[K[?25h[?2026l[?2026h[?25l[A[1Gpulling manifest [K
pulling aeda25e63ebd:  91% ▕████████████████  ▏ 3.0 GB/3.3 GB   14 MB/s     20s[K[?25h[?2026l[?2026h[?25l[A[1Gpulling manifest [K
pulling aeda25e63ebd:  91% ▕████████████████  ▏ 3.0 GB/3.3 GB   14 MB/s     20s[K[?25h[?2026l[?2026h[?25l[A[1Gpulling manifest [K
pulling aeda25e63ebd:  91% ▕████████████████  ▏ 3.0 GB/3.3 GB   14 MB/s     20s[K[?25h[?2026l[?2026h[?25l[A[1Gpulling manifest [K
pulling aeda25e63ebd:  91% ▕████████████████  ▏ 3.0 GB/3.3 GB   14 MB/s     20s[K[?25h[?2026l[?2026h[?25l[A[1Gpulling manifest [K
pulling aeda25e63ebd:  91% ▕████████████████  ▏ 3.0 GB/3.3 GB   14 MB/s     20s[K[?25h[?2026l[?2026h[?25l[A[1Gpulling manifest [K
pulling aeda25e63ebd:  91% ▕████████████████  ▏ 3.0 GB/3.3 GB   14 MB/s     20s[K[?25h[?2026l[?2026h[?25l[A[1Gpulling manifest [K
pulling aeda25e63ebd:  91% ▕████████████████  ▏ 3.0 GB/3.3 GB   14 MB/s     20s[K[?25h[?2026l[?2026h[?25l[A[1Gpulling manifest [K
pulling aeda25e63ebd:  91% ▕████████████████  ▏ 3.1 GB/3.3 GB   14 MB/s     20s[K[?25h[?2026l[?2026h[?25l[A[1Gpulling manifest [K
pulling aeda25e63ebd:  91% ▕████████████████  ▏ 3.1 GB/3.3 GB   14 MB/s     20s[K[?25h[?2026l[?2026h[?25l[A[1Gpulling manifest [K
pulling aeda25e63ebd:  91% ▕████████████████  ▏ 3.1 GB/3.3 GB   14 MB/s     20s[K[?25h[?2026l[?2026h[?25l[A[1Gpulling manifest [K
pulling aeda25e63ebd:  91% ▕████████████████  ▏ 3.1 GB/3.3 GB   14 MB/s     20s[K[?25h[?2026l[?2026h[?25l[A[1Gpulling manifest [K
pulling aeda25e63ebd:  92% ▕████████████████  ▏ 3.1 GB/3.3 GB   14 MB/s     19s[K[?25h[?2026l[?2026h[?25l[A[1Gpulling manifest [K
pulling aeda25e63ebd:  92% ▕████████████████  ▏ 3.1 GB/3.3 GB   14 MB/s     19s[K[?25h[?2026l[?2026h[?25l[A[1Gpulling manifest [K
pulling aeda25e63ebd:  92% ▕████████████████  ▏ 3.1 GB/3.3 GB   14 MB/s     19s[K[?25h[?2026l[?2026h[?25l[A[1Gpulling manifest [K
pulling aeda25e63ebd:  92% ▕████████████████  ▏ 3.1 GB/3.3 GB   14 MB/s     19s[K[?25h[?2026l[?2026h[?25l[A[1Gpulling manifest [K
pulling aeda25e63ebd:  92% ▕████████████████  ▏ 3.1 GB/3.3 GB   14 MB/s     19s[K[?25h[?2026l[?2026h[?25l[A[1Gpulling manifest [K
pulling aeda25e63ebd:  92% ▕████████████████  ▏ 3.1 GB/3.3 GB   14 MB/s     19s[K[?25h[?2026l[?2026h[?25l[A[1Gpulling manifest [K
pulling aeda25e63ebd:  92% ▕████████████████  ▏ 3.1 GB/3.3 GB   14 MB/s     18s[K[?25h[?2026l[?2026h[?25l[A[1Gpulling manifest [K
pulling aeda25e63ebd:  92% ▕████████████████  ▏ 3.1 GB/3.3 GB   14 MB/s     18s[K[?25h[?2026l[?2026h[?25l[A[1Gpulling manifest [K
pulling aeda25e63ebd:  92% ▕████████████████  ▏ 3.1 GB/3.3 GB   14 MB/s     18s[K[?25h[?2026l[?2026h[?25l[A[1Gpulling manifest [K
pulling aeda25e63ebd:  92% ▕████████████████  ▏ 3.1 GB/3.3 GB   15 MB/s     17s[K[?25h[?2026l[?2026h[?25l[A[1Gpulling manifest [K
pulling aeda25e63ebd:  92% ▕████████████████  ▏ 3.1 GB/3.3 GB   15 MB/s     17s[K[?25h[?2026l[?2026h[?25l[A[1Gpulling manifest [K
pulling aeda25e63ebd:  92% ▕████████████████  ▏ 3.1 GB/3.3 GB   15 MB/s     16s[K[?25h[?2026l[?2026h[?25l[A[1Gpulling manifest [K
pulling aeda25e63ebd:  92% ▕████████████████  ▏ 3.1 GB/3.3 GB   15 MB/s     16s[K[?25h[?2026l[?2026h[?25l[A[1Gpulling manifest [K
pulling aeda25e63ebd:  92% ▕████████████████  ▏ 3.1 GB/3.3 GB   15 MB/s     16s[K[?25h[?2026l[?2026h[?25l[A[1Gpulling manifest [K
pulling aeda25e63ebd:  92% ▕████████████████  ▏ 3.1 GB/3.3 GB   15 MB/s     16s[K[?25h[?2026l[?2026h[?25l[A[1Gpulling manifest [K
pulling aeda25e63ebd:  92% ▕████████████████  ▏ 3.1 GB/3.3 GB   15 MB/s     16s[K[?25h[?2026l[?2026h[?25l[A[1Gpulling manifest [K
pulling aeda25e63ebd:  92% ▕████████████████  ▏ 3.1 GB/3.3 GB   15 MB/s     16s[K[?25h[?2026l[?2026h[?25l[A[1Gpulling manifest [K
pulling aeda25e63ebd:  93% ▕████████████████  ▏ 3.1 GB/3.3 GB   15 MB/s     16s[K[?25h[?2026l[?2026h[?25l[A[1Gpulling manifest [K
pulling aeda25e63ebd:  93% ▕████████████████  ▏ 3.1 GB/3.3 GB   15 MB/s     16s[K[?25h[?2026l[?2026h[?25l[A[1Gpulling manifest [K
pulling aeda25e63ebd:  93% ▕████████████████  ▏ 3.1 GB/3.3 GB   15 MB/s     15s[K[?25h[?2026l[?2026h[?25l[A[1Gpulling manifest [K
pulling aeda25e63ebd:  93% ▕████████████████  ▏ 3.1 GB/3.3 GB   15 MB/s     15s[K[?25h[?2026l[?2026h[?25l[A[1Gpulling manifest [K
pulling aeda25e63ebd:  93% ▕████████████████  ▏ 3.1 GB/3.3 GB   15 MB/s     15s[K[?25h[?2026l[?2026h[?25l[A[1Gpulling manifest [K
pulling aeda25e63ebd:  93% ▕████████████████  ▏ 3.1 GB/3.3 GB   15 MB/s     15s[K[?25h[?2026l[?2026h[?25l[A[1Gpulling manifest [K
pulling aeda25e63ebd:  93% ▕████████████████  ▏ 3.1 GB/3.3 GB   15 MB/s     15s[K[?25h[?2026l[?2026h[?25l[A[1Gpulling manifest [K
pulling aeda25e63ebd:  93% ▕████████████████  ▏ 3.1 GB/3.3 GB   15 MB/s     15s[K[?25h[?2026l[?2026h[?25l[A[1Gpulling manifest [K
pulling aeda25e63ebd:  93% ▕████████████████  ▏ 3.1 GB/3.3 GB   15 MB/s     15s[K[?25h[?2026l[?2026h[?25l[A[1Gpulling manifest [K
pulling aeda25e63ebd:  93% ▕████████████████  ▏ 3.1 GB/3.3 GB   15 MB/s     15s[K[?25h[?2026l[?2026h[?25l[A[1Gpulling manifest [K
pulling aeda25e63ebd:  93% ▕████████████████  ▏ 3.1 GB/3.3 GB   15 MB/s     14s[K[?25h[?2026l[?2026h[?25l[A[1Gpulling manifest [K
pulling aeda25e63ebd:  93% ▕████████████████  ▏ 3.1 GB/3.3 GB   15 MB/s     14s[K[?25h[?2026l[?2026h[?25l[A[1Gpulling manifest [K
pulling aeda25e63ebd:  93% ▕████████████████  ▏ 3.1 GB/3.3 GB   15 MB/s     14s[K[?25h[?2026l[?2026h[?25l[A[1Gpulling manifest [K
pulling aeda25e63ebd:  93% ▕████████████████  ▏ 3.1 GB/3.3 GB   15 MB/s     14s[K[?25h[?2026l[?2026h[?25l[A[1Gpulling manifest [K
pulling aeda25e63ebd:  93% ▕████████████████  ▏ 3.1 GB/3.3 GB   15 MB/s     14s[K[?25h[?2026l[?2026h[?25l[A[1Gpulling manifest [K
pulling aeda25e63ebd:  93% ▕████████████████  ▏ 3.1 GB/3.3 GB   15 MB/s     14s[K[?25h[?2026l[?2026h[?25l[A[1Gpulling manifest [K
pulling aeda25e63ebd:  93% ▕████████████████  ▏ 3.1 GB/3.3 GB   15 MB/s     14s[K[?25h[?2026l[?2026h[?25l[A[1Gpulling manifest [K
pulling aeda25e63ebd:  93% ▕████████████████  ▏ 3.1 GB/3.3 GB   15 MB/s     13s[K[?25h[?2026l[?2026h[?25l[A[1Gpulling manifest [K
pulling aeda25e63ebd:  93% ▕████████████████  ▏ 3.1 GB/3.3 GB   15 MB/s     13s[K[?25h[?2026l[?2026h[?25l[A[1Gpulling manifest [K
pulling aeda25e63ebd:  93% ▕████████████████  ▏ 3.1 GB/3.3 GB   15 MB/s     13s[K[?25h[?2026l[?2026h[?25l[A[1Gpulling manifest [K
pulling aeda25e63ebd:  93% ▕████████████████  ▏ 3.1 GB/3.3 GB   15 MB/s     13s[K[?25h[?2026l[?2026h[?25l[A[1Gpulling manifest [K
pulling aeda25e63ebd:  94% ▕████████████████  ▏ 3.1 GB/3.3 GB   15 MB/s     13s[K[?25h[?2026l[?2026h[?25l[A[1Gpulling manifest [K
pulling aeda25e63ebd:  94% ▕████████████████  ▏ 3.1 GB/3.3 GB   15 MB/s     13s[K[?25h[?2026l[?2026h[?25l[A[1Gpulling manifest [K
pulling aeda25e63ebd:  94% ▕████████████████  ▏ 3.1 GB/3.3 GB   16 MB/s     13s[K[?25h[?2026l[?2026h[?25l[A[1Gpulling manifest [K
pulling aeda25e63ebd:  94% ▕████████████████  ▏ 3.1 GB/3.3 GB   16 MB/s     13s[K[?25h[?2026l[?2026h[?25l[A[1Gpulling manifest [K
pulling aeda25e63ebd:  94% ▕████████████████  ▏ 3.1 GB/3.3 GB   16 MB/s     13s[K[?25h[?2026l[?2026h[?25l[A[1Gpulling manifest [K
pulling aeda25e63ebd:  94% ▕████████████████  ▏ 3.1 GB/3.3 GB   16 MB/s     12s[K[?25h[?2026l[?2026h[?25l[A[1Gpulling manifest [K
pulling aeda25e63ebd:  94% ▕████████████████  ▏ 3.1 GB/3.3 GB   16 MB/s     12s[K[?25h[?2026l[?2026h[?25l[A[1Gpulling manifest [K
pulling aeda25e63ebd:  94% ▕████████████████  ▏ 3.1 GB/3.3 GB   16 MB/s     12s[K[?25h[?2026l[?2026h[?25l[A[1Gpulling manifest [K
pulling aeda25e63ebd:  94% ▕████████████████  ▏ 3.1 GB/3.3 GB   16 MB/s     12s[K[?25h[?2026l[?2026h[?25l[A[1Gpulling manifest [K
pulling aeda25e63ebd:  94% ▕████████████████  ▏ 3.1 GB/3.3 GB   16 MB/s     12s[K[?25h[?2026l[?2026h[?25l[A[1Gpulling manifest [K
pulling aeda25e63ebd:  94% ▕████████████████  ▏ 3.1 GB/3.3 GB   16 MB/s     12s[K[?25h[?2026l[?2026h[?25l[A[1Gpulling manifest [K
pulling aeda25e63ebd:  94% ▕████████████████  ▏ 3.1 GB/3.3 GB   16 MB/s     12s[K[?25h[?2026l[?2026h[?25l[A[1Gpulling manifest [K
pulling aeda25e63ebd:  94% ▕████████████████  ▏ 3.1 GB/3.3 GB   16 MB/s     12s[K[?25h[?2026l[?2026h[?25l[A[1Gpulling manifest [K
pulling aeda25e63ebd:  94% ▕████████████████  ▏ 3.1 GB/3.3 GB   16 MB/s     11s[K[?25h[?2026l[?2026h[?25l[A[1Gpulling manifest [K
pulling aeda25e63ebd:  94% ▕████████████████  ▏ 3.1 GB/3.3 GB   16 MB/s     11s[K[?25h[?2026l[?2026h[?25l[A[1Gpulling manifest [K
pulling aeda25e63ebd:  94% ▕████████████████  ▏ 3.1 GB/3.3 GB   16 MB/s     11s[K[?25h[?2026l[?2026h[?25l[A[1Gpulling manifest [K
pulling aeda25e63ebd:  94% ▕████████████████  ▏ 3.2 GB/3.3 GB   16 MB/s     11s[K[?25h[?2026l[?2026h[?25l[A[1Gpulling manifest [K
pulling aeda25e63ebd:  94% ▕█████████████████ ▏ 3.2 GB/3.3 GB   16 MB/s     10s[K[?25h[?2026l[?2026h[?25l[A[1Gpulling manifest [K
pulling aeda25e63ebd:  94% ▕█████████████████ ▏ 3.2 GB/3.3 GB   16 MB/s     10s[K[?25h[?2026l[?2026h[?25l[A[1Gpulling manifest [K
pulling aeda25e63ebd:  95% ▕█████████████████ ▏ 3.2 GB/3.3 GB   16 MB/s     10s[K[?25h[?2026l[?2026h[?25l[A[1Gpulling manifest [K
pulling aeda25e63ebd:  95% ▕█████████████████ ▏ 3.2 GB/3.3 GB   16 MB/s     10s[K[?25h[?2026l[?2026h[?25l[A[1Gpulling manifest [K
pulling aeda25e63ebd:  95% ▕█████████████████ ▏ 3.2 GB/3.3 GB   16 MB/s     10s[K[?25h[?2026l[?2026h[?25l[A[1Gpulling manifest [K
pulling aeda25e63ebd:  95% ▕█████████████████ ▏ 3.2 GB/3.3 GB   16 MB/s     10s[K[?25h[?2026l[?2026h[?25l[A[1Gpulling manifest [K
pulling aeda25e63ebd:  95% ▕█████████████████ ▏ 3.2 GB/3.3 GB   17 MB/s     10s[K[?25h[?2026l[?2026h[?25l[A[1Gpulling manifest [K
pulling aeda25e63ebd:  95% ▕█████████████████ ▏ 3.2 GB/3.3 GB   17 MB/s     10s[K[?25h[?2026l[?2026h[?25l[A[1Gpulling manifest [K
pulling aeda25e63ebd:  95% ▕█████████████████ ▏ 3.2 GB/3.3 GB   17 MB/s     10s[K[?25h[?2026l[?2026h[?25l[A[1Gpulling manifest [K
pulling aeda25e63ebd:  95% ▕█████████████████ ▏ 3.2 GB/3.3 GB   17 MB/s     10s[K[?25h[?2026l[?2026h[?25l[A[1Gpulling manifest [K
pulling aeda25e63ebd:  95% ▕█████████████████ ▏ 3.2 GB/3.3 GB   17 MB/s     10s[K[?25h[?2026l[?2026h[?25l[A[1Gpulling manifest [K
pulling aeda25e63ebd:  95% ▕█████████████████ ▏ 3.2 GB/3.3 GB   17 MB/s      9s[K[?25h[?2026l[?2026h[?25l[A[1Gpulling manifest [K
pulling aeda25e63ebd:  95% ▕█████████████████ ▏ 3.2 GB/3.3 GB   17 MB/s      9s[K[?25h[?2026l[?2026h[?25l[A[1Gpulling manifest [K
pulling aeda25e63ebd:  95% ▕█████████████████ ▏ 3.2 GB/3.3 GB   17 MB/s      9s[K[?25h[?2026l[?2026h[?25l[A[1Gpulling manifest [K
pulling aeda25e63ebd:  95% ▕█████████████████ ▏ 3.2 GB/3.3 GB   17 MB/s      9s[K[?25h[?2026l[?2026h[?25l[A[1Gpulling manifest [K
pulling aeda25e63ebd:  95% ▕█████████████████ ▏ 3.2 GB/3.3 GB   17 MB/s      9s[K[?25h[?2026l[?2026h[?25l[A[1Gpulling manifest [K
pulling aeda25e63ebd:  95% ▕█████████████████ ▏ 3.2 GB/3.3 GB   17 MB/s      9s[K[?25h[?2026l[?2026h[?25l[A[1Gpulling manifest [K
pulling aeda25e63ebd:  95% ▕█████████████████ ▏ 3.2 GB/3.3 GB   17 MB/s      9s[K[?25h[?2026l[?2026h[?25l[A[1Gpulling manifest [K
pulling aeda25e63ebd:  95% ▕█████████████████ ▏ 3.2 GB/3.3 GB   17 MB/s      9s[K[?25h[?2026l[?2026h[?25l[A[1Gpulling manifest [K
pulling aeda25e63ebd:  95% ▕█████████████████ ▏ 3.2 GB/3.3 GB   17 MB/s      9s[K[?25h[?2026l[?2026h[?25l[A[1Gpulling manifest [K
pulling aeda25e63ebd:  95% ▕█████████████████ ▏ 3.2 GB/3.3 GB   17 MB/s      9s[K[?25h[?2026l[?2026h[?25l[A[1Gpulling manifest [K
pulling aeda25e63ebd:  95% ▕█████████████████ ▏ 3.2 GB/3.3 GB   17 MB/s      9s[K[?25h[?2026l[?2026h[?25l[A[1Gpulling manifest [K
pulling aeda25e63ebd:  95% ▕█████████████████ ▏ 3.2 GB/3.3 GB   17 MB/s      8s[K[?25h[?2026l[?2026h[?25l[A[1Gpulling manifest [K
pulling aeda25e63ebd:  95% ▕█████████████████ ▏ 3.2 GB/3.3 GB   17 MB/s      8s[K[?25h[?2026l[?2026h[?25l[A[1Gpulling manifest [K
pulling aeda25e63ebd:  96% ▕█████████████████ ▏ 3.2 GB/3.3 GB   17 MB/s      8s[K[?25h[?2026l[?2026h[?25l[A[1Gpulling manifest [K
pulling aeda25e63ebd:  96% ▕█████████████████ ▏ 3.2 GB/3.3 GB   17 MB/s      8s[K[?25h[?2026l[?2026h[?25l[A[1Gpulling manifest [K
pulling aeda25e63ebd:  96% ▕█████████████████ ▏ 3.2 GB/3.3 GB   16 MB/s      8s[K[?25h[?2026l[?2026h[?25l[A[1Gpulling manifest [K
pulling aeda25e63ebd:  96% ▕█████████████████ ▏ 3.2 GB/3.3 GB   16 MB/s      8s[K[?25h[?2026l[?2026h[?25l[A[1Gpulling manifest [K
pulling aeda25e63ebd:  96% ▕█████████████████ ▏ 3.2 GB/3.3 GB   16 MB/s      8s[K[?25h[?2026l[?2026h[?25l[A[1Gpulling manifest [K
pulling aeda25e63ebd:  96% ▕█████████████████ ▏ 3.2 GB/3.3 GB   16 MB/s      8s[K[?25h[?2026l[?2026h[?25l[A[1Gpulling manifest [K
pulling aeda25e63ebd:  96% ▕█████████████████ ▏ 3.2 GB/3.3 GB   16 MB/s      8s[K[?25h[?2026l[?2026h[?25l[A[1Gpulling manifest [K
pulling aeda25e63ebd:  96% ▕█████████████████ ▏ 3.2 GB/3.3 GB   16 MB/s      8s[K[?25h[?2026l[?2026h[?25l[A[1Gpulling manifest [K
pulling aeda25e63ebd:  96% ▕█████████████████ ▏ 3.2 GB/3.3 GB   16 MB/s      8s[K[?25h[?2026l[?2026h[?25l[A[1Gpulling manifest [K
pulling aeda25e63ebd:  96% ▕█████████████████ ▏ 3.2 GB/3.3 GB   16 MB/s      8s[K[?25h[?2026l[?2026h[?25l[A[1Gpulling manifest [K
pulling aeda25e63ebd:  96% ▕█████████████████ ▏ 3.2 GB/3.3 GB   16 MB/s      7s[K[?25h[?2026l[?2026h[?25l[A[1Gpulling manifest [K
pulling aeda25e63ebd:  96% ▕█████████████████ ▏ 3.2 GB/3.3 GB   16 MB/s      7s[K[?25h[?2026l[?2026h[?25l[A[1Gpulling manifest [K
pulling aeda25e63ebd:  96% ▕█████████████████ ▏ 3.2 GB/3.3 GB   17 MB/s      7s[K[?25h[?2026l[?2026h[?25l[A[1Gpulling manifest [K
pulling aeda25e63ebd:  96% ▕█████████████████ ▏ 3.2 GB/3.3 GB   17 MB/s      7s[K[?25h[?2026l[?2026h[?25l[A[1Gpulling manifest [K
pulling aeda25e63ebd:  96% ▕█████████████████ ▏ 3.2 GB/3.3 GB   17 MB/s      7s[K[?25h[?2026l[?2026h[?25l[A[1Gpulling manifest [K
pulling aeda25e63ebd:  96% ▕█████████████████ ▏ 3.2 GB/3.3 GB   17 MB/s      7s[K[?25h[?2026l[?2026h[?25l[A[1Gpulling manifest [K
pulling aeda25e63ebd:  96% ▕█████████████████ ▏ 3.2 GB/3.3 GB   17 MB/s      7s[K[?25h[?2026l[?2026h[?25l[A[1Gpulling manifest [K
pulling aeda25e63ebd:  96% ▕█████████████████ ▏ 3.2 GB/3.3 GB   17 MB/s      7s[K[?25h[?2026l[?2026h[?25l[A[1Gpulling manifest [K
pulling aeda25e63ebd:  96% ▕█████████████████ ▏ 3.2 GB/3.3 GB   17 MB/s      6s[K[?25h[?2026l[?2026h[?25l[A[1Gpulling manifest [K
pulling aeda25e63ebd:  96% ▕█████████████████ ▏ 3.2 GB/3.3 GB   17 MB/s      6s[K[?25h[?2026l[?2026h[?25l[A[1Gpulling manifest [K
pulling aeda25e63ebd:  96% ▕█████████████████ ▏ 3.2 GB/3.3 GB   17 MB/s      6s[K[?25h[?2026l[?2026h[?25l[A[1Gpulling manifest [K
pulling aeda25e63ebd:  97% ▕█████████████████ ▏ 3.2 GB/3.3 GB   17 MB/s      6s[K[?25h[?2026l[?2026h[?25l[A[1Gpulling manifest [K
pulling aeda25e63ebd:  97% ▕█████████████████ ▏ 3.2 GB/3.3 GB   17 MB/s      6s[K[?25h[?2026l[?2026h[?25l[A[1Gpulling manifest [K
pulling aeda25e63ebd:  97% ▕█████████████████ ▏ 3.2 GB/3.3 GB   16 MB/s      6s[K[?25h[?2026l[?2026h[?25l[A[1Gpulling manifest [K
pulling aeda25e63ebd:  97% ▕█████████████████ ▏ 3.2 GB/3.3 GB   16 MB/s      6s[K[?25h[?2026l[?2026h[?25l[A[1Gpulling manifest [K
pulling aeda25e63ebd:  97% ▕█████████████████ ▏ 3.2 GB/3.3 GB   16 MB/s      6s[K[?25h[?2026l[?2026h[?25l[A[1Gpulling manifest [K
pulling aeda25e63ebd:  97% ▕█████████████████ ▏ 3.2 GB/3.3 GB   16 MB/s      6s[K[?25h[?2026l[?2026h[?25l[A[1Gpulling manifest [K
pulling aeda25e63ebd:  97% ▕█████████████████ ▏ 3.2 GB/3.3 GB   16 MB/s      6s[K[?25h[?2026l[?2026h[?25l[A[1Gpulling manifest [K
pulling aeda25e63ebd:  97% ▕█████████████████ ▏ 3.2 GB/3.3 GB   16 MB/s      6s[K[?25h[?2026l[?2026h[?25l[A[1Gpulling manifest [K
pulling aeda25e63ebd:  97% ▕█████████████████ ▏ 3.2 GB/3.3 GB   16 MB/s      6s[K[?25h[?2026l[?2026h[?25l[A[1Gpulling manifest [K
pulling aeda25e63ebd:  97% ▕█████████████████ ▏ 3.2 GB/3.3 GB   16 MB/s      6s[K[?25h[?2026l[?2026h[?25l[A[1Gpulling manifest [K
pulling aeda25e63ebd:  97% ▕█████████████████ ▏ 3.2 GB/3.3 GB   16 MB/s      6s[K[?25h[?2026l[?2026h[?25l[A[1Gpulling manifest [K
pulling aeda25e63ebd:  97% ▕█████████████████ ▏ 3.2 GB/3.3 GB   16 MB/s      6s[K[?25h[?2026l[?2026h[?25l[A[1Gpulling manifest [K
pulling aeda25e63ebd:  97% ▕█████████████████ ▏ 3.2 GB/3.3 GB   16 MB/s      6s[K[?25h[?2026l[?2026h[?25l[A[1Gpulling manifest [K
pulling aeda25e63ebd:  97% ▕█████████████████ ▏ 3.2 GB/3.3 GB   16 MB/s      6s[K[?25h[?2026l[?2026h[?25l[A[1Gpulling manifest [K
pulling aeda25e63ebd:  97% ▕█████████████████ ▏ 3.2 GB/3.3 GB   16 MB/s      6s[K[?25h[?2026l[?2026h[?25l[A[1Gpulling manifest [K
pulling aeda25e63ebd:  97% ▕█████████████████ ▏ 3.2 GB/3.3 GB   16 MB/s      6s[K[?25h[?2026l[?2026h[?25l[A[1Gpulling manifest [K
pulling aeda25e63ebd:  97% ▕█████████████████ ▏ 3.2 GB/3.3 GB   16 MB/s      5s[K[?25h[?2026l[?2026h[?25l[A[1Gpulling manifest [K
pulling aeda25e63ebd:  97% ▕█████████████████ ▏ 3.2 GB/3.3 GB   16 MB/s      5s[K[?25h[?2026l[?2026h[?25l[A[1Gpulling manifest [K
pulling aeda25e63ebd:  97% ▕█████████████████ ▏ 3.2 GB/3.3 GB   16 MB/s      5s[K[?25h[?2026l[?2026h[?25l[A[1Gpulling manifest [K
pulling aeda25e63ebd:  97% ▕█████████████████ ▏ 3.2 GB/3.3 GB   16 MB/s      5s[K[?25h[?2026l[?2026h[?25l[A[1Gpulling manifest [K
pulling aeda25e63ebd:  97% ▕█████████████████ ▏ 3.2 GB/3.3 GB   16 MB/s      5s[K[?25h[?2026l[?2026h[?25l[A[1Gpulling manifest [K
pulling aeda25e63ebd:  97% ▕█████████████████ ▏ 3.3 GB/3.3 GB   16 MB/s      5s[K[?25h[?2026l[?2026h[?25l[A[1Gpulling manifest [K
pulling aeda25e63ebd:  97% ▕█████████████████ ▏ 3.3 GB/3.3 GB   16 MB/s      5s[K[?25h[?2026l[?2026h[?25l[A[1Gpulling manifest [K
pulling aeda25e63ebd:  97% ▕█████████████████ ▏ 3.3 GB/3.3 GB   16 MB/s      5s[K[?25h[?2026l[?2026h[?25l[A[1Gpulling manifest [K
pulling aeda25e63ebd:  98% ▕█████████████████ ▏ 3.3 GB/3.3 GB   16 MB/s      5s[K[?25h[?2026l[?2026h[?25l[A[1Gpulling manifest [K
pulling aeda25e63ebd:  98% ▕█████████████████ ▏ 3.3 GB/3.3 GB   16 MB/s      5s[K[?25h[?2026l[?2026h[?25l[A[1Gpulling manifest [K
pulling aeda25e63ebd:  98% ▕█████████████████ ▏ 3.3 GB/3.3 GB   16 MB/s      4s[K[?25h[?2026l[?2026h[?25l[A[1Gpulling manifest [K
pulling aeda25e63ebd:  98% ▕█████████████████ ▏ 3.3 GB/3.3 GB   16 MB/s      4s[K[?25h[?2026l[?2026h[?25l[A[1Gpulling manifest [K
pulling aeda25e63ebd:  98% ▕█████████████████ ▏ 3.3 GB/3.3 GB   16 MB/s      4s[K[?25h[?2026l[?2026h[?25l[A[1Gpulling manifest [K
pulling aeda25e63ebd:  98% ▕█████████████████ ▏ 3.3 GB/3.3 GB   16 MB/s      4s[K[?25h[?2026l[?2026h[?25l[A[1Gpulling manifest [K
pulling aeda25e63ebd:  98% ▕█████████████████ ▏ 3.3 GB/3.3 GB   16 MB/s      4s[K[?25h[?2026l[?2026h[?25l[A[1Gpulling manifest [K
pulling aeda25e63ebd:  98% ▕█████████████████ ▏ 3.3 GB/3.3 GB   16 MB/s      4s[K[?25h[?2026l[?2026h[?25l[A[1Gpulling manifest [K
pulling aeda25e63ebd:  98% ▕█████████████████ ▏ 3.3 GB/3.3 GB   16 MB/s      4s[K[?25h[?2026l[?2026h[?25l[A[1Gpulling manifest [K
pulling aeda25e63ebd:  98% ▕█████████████████ ▏ 3.3 GB/3.3 GB   16 MB/s      4s[K[?25h[?2026l[?2026h[?25l[A[1Gpulling manifest [K
pulling aeda25e63ebd:  98% ▕█████████████████ ▏ 3.3 GB/3.3 GB   16 MB/s      4s[K[?25h[?2026l[?2026h[?25l[A[1Gpulling manifest [K
pulling aeda25e63ebd:  98% ▕█████████████████ ▏ 3.3 GB/3.3 GB   16 MB/s      4s[K[?25h[?2026l[?2026h[?25l[A[1Gpulling manifest [K
pulling aeda25e63ebd:  98% ▕█████████████████ ▏ 3.3 GB/3.3 GB   16 MB/s      4s[K[?25h[?2026l[?2026h[?25l[A[1Gpulling manifest [K
pulling aeda25e63ebd:  98% ▕█████████████████ ▏ 3.3 GB/3.3 GB   16 MB/s      4s[K[?25h[?2026l[?2026h[?25l[A[1Gpulling manifest [K
pulling aeda25e63ebd:  98% ▕█████████████████ ▏ 3.3 GB/3.3 GB   16 MB/s      3s[K[?25h[?2026l[?2026h[?25l[A[1Gpulling manifest [K
pulling aeda25e63ebd:  98% ▕█████████████████ ▏ 3.3 GB/3.3 GB   16 MB/s      3s[K[?25h[?2026l[?2026h[?25l[A[1Gpulling manifest [K
pulling aeda25e63ebd:  98% ▕█████████████████ ▏ 3.3 GB/3.3 GB   16 MB/s      3s[K[?25h[?2026l[?2026h[?25l[A[1Gpulling manifest [K
pulling aeda25e63ebd:  98% ▕█████████████████ ▏ 3.3 GB/3.3 GB   16 MB/s      3s[K[?25h[?2026l[?2026h[?25l[A[1Gpulling manifest [K
pulling aeda25e63ebd:  98% ▕█████████████████ ▏ 3.3 GB/3.3 GB   16 MB/s      3s[K[?25h[?2026l[?2026h[?25l[A[1Gpulling manifest [K
pulling aeda25e63ebd:  98% ▕█████████████████ ▏ 3.3 GB/3.3 GB   16 MB/s      3s[K[?25h[?2026l[?2026h[?25l[A[1Gpulling manifest [K
pulling aeda25e63ebd:  98% ▕█████████████████ ▏ 3.3 GB/3.3 GB   15 MB/s      3s[K[?25h[?2026l[?2026h[?25l[A[1Gpulling manifest [K
pulling aeda25e63ebd:  98% ▕█████████████████ ▏ 3.3 GB/3.3 GB   15 MB/s      3s[K[?25h[?2026l[?2026h[?25l[A[1Gpulling manifest [K
pulling aeda25e63ebd:  98% ▕█████████████████ ▏ 3.3 GB/3.3 GB   15 MB/s      3s[K[?25h[?2026l[?2026h[?25l[A[1Gpulling manifest [K
pulling aeda25e63ebd:  98% ▕█████████████████ ▏ 3.3 GB/3.3 GB   15 MB/s      3s[K[?25h[?2026l[?2026h[?25l[A[1Gpulling manifest [K
pulling aeda25e63ebd:  98% ▕█████████████████ ▏ 3.3 GB/3.3 GB   15 MB/s      3s[K[?25h[?2026l[?2026h[?25l[A[1Gpulling manifest [K
pulling aeda25e63ebd:  99% ▕█████████████████ ▏ 3.3 GB/3.3 GB   15 MB/s      3s[K[?25h[?2026l[?2026h[?25l[A[1Gpulling manifest [K
pulling aeda25e63ebd:  99% ▕█████████████████ ▏ 3.3 GB/3.3 GB   15 MB/s      3s[K[?25h[?2026l[?2026h[?25l[A[1Gpulling manifest [K
pulling aeda25e63ebd:  99% ▕█████████████████ ▏ 3.3 GB/3.3 GB   15 MB/s      3s[K[?25h[?2026l[?2026h[?25l[A[1Gpulling manifest [K
pulling aeda25e63ebd:  99% ▕█████████████████ ▏ 3.3 GB/3.3 GB   15 MB/s      2s[K[?25h[?2026l[?2026h[?25l[A[1Gpulling manifest [K
pulling aeda25e63ebd:  99% ▕█████████████████ ▏ 3.3 GB/3.3 GB   15 MB/s      2s[K[?25h[?2026l[?2026h[?25l[A[1Gpulling manifest [K
pulling aeda25e63ebd:  99% ▕█████████████████ ▏ 3.3 GB/3.3 GB   14 MB/s      2s[K[?25h[?2026l[?2026h[?25l[A[1Gpulling manifest [K
pulling aeda25e63ebd:  99% ▕█████████████████ ▏ 3.3 GB/3.3 GB   14 MB/s      2s[K[?25h[?2026l[?2026h[?25l[A[1Gpulling manifest [K
pulling aeda25e63ebd:  99% ▕█████████████████ ▏ 3.3 GB/3.3 GB   14 MB/s      2s[K[?25h[?2026l[?2026h[?25l[A[1Gpulling manifest [K
pulling aeda25e63ebd:  99% ▕█████████████████ ▏ 3.3 GB/3.3 GB   14 MB/s      2s[K[?25h[?2026l[?2026h[?25l[A[1Gpulling manifest [K
pulling aeda25e63ebd:  99% ▕█████████████████ ▏ 3.3 GB/3.3 GB   14 MB/s      2s[K[?25h[?2026l[?2026h[?25l[A[1Gpulling manifest [K
pulling aeda25e63ebd:  99% ▕█████████████████ ▏ 3.3 GB/3.3 GB   14 MB/s      2s[K[?25h[?2026l[?2026h[?25l[A[1Gpulling manifest [K
pulling aeda25e63ebd:  99% ▕█████████████████ ▏ 3.3 GB/3.3 GB   14 MB/s      2s[K[?25h[?2026l[?2026h[?25l[A[1Gpulling manifest [K
pulling aeda25e63ebd:  99% ▕█████████████████ ▏ 3.3 GB/3.3 GB   14 MB/s      2s[K[?25h[?2026l[?2026h[?25l[A[1Gpulling manifest [K
pulling aeda25e63ebd:  99% ▕█████████████████ ▏ 3.3 GB/3.3 GB   14 MB/s      2s[K[?25h[?2026l[?2026h[?25l[A[1Gpulling manifest [K
pulling aeda25e63ebd:  99% ▕█████████████████ ▏ 3.3 GB/3.3 GB   14 MB/s      2s[K[?25h[?2026l[?2026h[?25l[A[1Gpulling manifest [K
pulling aeda25e63ebd:  99% ▕█████████████████ ▏ 3.3 GB/3.3 GB   14 MB/s      2s[K[?25h[?2026l[?2026h[?25l[A[1Gpulling manifest [K
pulling aeda25e63ebd:  99% ▕█████████████████ ▏ 3.3 GB/3.3 GB   14 MB/s      1s[K[?25h[?2026l[?2026h[?25l[A[1Gpulling manifest [K
pulling aeda25e63ebd:  99% ▕█████████████████ ▏ 3.3 GB/3.3 GB   14 MB/s      1s[K[?25h[?2026l[?2026h[?25l[A[1Gpulling manifest [K
pulling aeda25e63ebd:  99% ▕█████████████████ ▏ 3.3 GB/3.3 GB   14 MB/s      1s[K[?25h[?2026l[?2026h[?25l[A[1Gpulling manifest [K
pulling aeda25e63ebd:  99% ▕█████████████████ ▏ 3.3 GB/3.3 GB   14 MB/s      1s[K[?25h[?2026l[?2026h[?25l[A[1Gpulling manifest [K
pulling aeda25e63ebd:  99% ▕█████████████████ ▏ 3.3 GB/3.3 GB   14 MB/s      1s[K[?25h[?2026l[?2026h[?25l[A[1Gpulling manifest [K
pulling aeda25e63ebd:  99% ▕█████████████████ ▏ 3.3 GB/3.3 GB   14 MB/s      1s[K[?25h[?2026l[?2026h[?25l[A[1Gpulling manifest [K
pulling aeda25e63ebd:  99% ▕█████████████████ ▏ 3.3 GB/3.3 GB   14 MB/s      1s[K[?25h[?2026l[?2026h[?25l[A[1Gpulling manifest [K
pulling aeda25e63ebd:  99% ▕█████████████████ ▏ 3.3 GB/3.3 GB   14 MB/s      1s[K[?25h[?2026l[?2026h[?25l[A[1Gpulling manifest [K
pulling aeda25e63ebd: 100% ▕█████████████████ ▏ 3.3 GB/3.3 GB   14 MB/s      1s[K[?25h[?2026l[?2026h[?25l[A[1Gpulling manifest [K
pulling aeda25e63ebd: 100% ▕█████████████████ ▏ 3.3 GB/3.3 GB   14 MB/s      1s[K[?25h[?2026l[?2026h[?25l[A[1Gpulling manifest [K
pulling aeda25e63ebd: 100% ▕█████████████████ ▏ 3.3 GB/3.3 GB   14 MB/s      0s[K[?25h[?2026l[?2026h[?25l[A[1Gpulling manifest [K
pulling aeda25e63ebd: 100% ▕█████████████████ ▏ 3.3 GB/3.3 GB   14 MB/s      0s[K[?25h[?2026l[?2026h[?25l[A[1Gpulling manifest [K
pulling aeda25e63ebd: 100% ▕█████████████████ ▏ 3.3 GB/3.3 GB   14 MB/s      0s[K[?25h[?2026l[?2026h[?25l[A[1Gpulling manifest [K
pulling aeda25e63ebd: 100% ▕█████████████████ ▏ 3.3 GB/3.3 GB   14 MB/s      0s[K[?25h[?2026l[?2026h[?25l[A[1Gpulling manifest [K
pulling aeda25e63ebd: 100% ▕█████████████████ ▏ 3.3 GB/3.3 GB   14 MB/s      0s[K[?25h[?2026l[?2026h[?25l[A[1Gpulling manifest [K
pulling aeda25e63ebd: 100% ▕█████████████████ ▏ 3.3 GB/3.3 GB   14 MB/s      0s[K[?25h[?2026l[?2026h[?25l[A[1Gpulling manifest [K
pulling aeda25e63ebd: 100% ▕█████████████████ ▏ 3.3 GB/3.3 GB   14 MB/s      0s[K[?25h[?2026l[?2026h[?25l[A[1Gpulling manifest [K
pulling aeda25e63ebd: 100% ▕█████████████████ ▏ 3.3 GB/3.3 GB   14 MB/s      0s[K[?25h[?2026l[?2026h[?25l[A[1Gpulling manifest [K
pulling aeda25e63ebd: 100% ▕█████████████████ ▏ 3.3 GB/3.3 GB   14 MB/s      0s[K[?25h[?2026l[?2026h[?25l[A[1Gpulling manifest [K
pulling aeda25e63ebd: 100% ▕█████████████████ ▏ 3.3 GB/3.3 GB   13 MB/s      0s[K[?25h[?2026l[?2026h[?25l[A[1Gpulling manifest [K
pulling aeda25e63ebd: 100% ▕█████████████████ ▏ 3.3 GB/3.3 GB   13 MB/s      0s[K[?25h[?2026l[?2026h[?25l[A[1Gpulling manifest [K
pulling aeda25e63ebd: 100% ▕█████████████████ ▏ 3.3 GB/3.3 GB   13 MB/s      0s[K[?25h[?2026l[?2026h[?25l[A[1Gpulling manifest [K
pulling aeda25e63ebd: 100% ▕█████████████████ ▏ 3.3 GB/3.3 GB   13 MB/s      0s[K[?25h[?2026l[?2026h[?25l[A[1Gpulling manifest [K
pulling aeda25e63ebd: 100% ▕█████████████████ ▏ 3.3 GB/3.3 GB   13 MB/s      0s[K[?25h[?2026l[?2026h[?25l[A[1Gpulling manifest [K
pulling aeda25e63ebd: 100% ▕█████████████████ ▏ 3.3 GB/3.3 GB   13 MB/s      0s[K[?25h[?2026l[?2026h[?25l[A[1Gpulling manifest [K
pulling aeda25e63ebd: 100% ▕█████████████████ ▏ 3.3 GB/3.3 GB   13 MB/s      0s[K[?25h[?2026l[?2026h[?25l[A[1Gpulling manifest [K
pulling aeda25e63ebd: 100% ▕█████████████████ ▏ 3.3 GB/3.3 GB   13 MB/s      0s[K[?25h[?2026l[?2026h[?25l[A[1Gpulling manifest [K
pulling aeda25e63ebd: 100% ▕█████████████████ ▏ 3.3 GB/3.3 GB   13 MB/s      0s[K[?25h[?2026l[?2026h[?25l[A[1Gpulling manifest [K
pulling aeda25e63ebd: 100% ▕█████████████████ ▏ 3.3 GB/3.3 GB   13 MB/s      0s[K[?25h[?2026l[?2026h[?25l[A[1Gpulling manifest [K
pulling aeda25e63ebd: 100% ▕█████████████████ ▏ 3.3 GB/3.3 GB   13 MB/s      0s[K[?25h[?2026l[?2026h[?25l[A[1Gpulling manifest [K
pulling aeda25e63ebd: 100% ▕█████████████████ ▏ 3.3 GB/3.3 GB   12 MB/s      0s[K[?25h[?2026l[?2026h[?25l[A[1Gpulling manifest [K
pulling aeda25e63ebd: 100% ▕██████████████████▏ 3.3 GB                         [K[?25h[?2026l[?2026h[?25l[A[1Gpulling manifest [K
pulling aeda25e63ebd: 100% ▕██████████████████▏ 3.3 GB                         [K[?25h[?2026l[?2026h[?25l[A[1Gpulling manifest [K
pulling aeda25e63ebd: 100% ▕██████████████████▏ 3.3 GB                         [K[?25h[?2026l[?2026h[?25l[A[1Gpulling manifest [K
pulling aeda25e63ebd: 100% ▕██████████████████▏ 3.3 GB                         [K[?25h[?2026l[?2026h[?25l[A[1Gpulling manifest [K
pulling aeda25e63ebd: 100% ▕██████████████████▏ 3.3 GB                         [K[?25h[?2026l[?2026h[?25l[A[1Gpulling manifest [K
pulling aeda25e63ebd: 100% ▕██████████████████▏ 3.3 GB                         [K[?25h[?2026l[?2026h[?25l[A[1Gpulling manifest [K
pulling aeda25e63ebd: 100% ▕██████████████████▏ 3.3 GB                         [K[?25h[?2026l[?2026h[?25l[A[1Gpulling manifest [K
pulling aeda25e63ebd: 100% ▕██████████████████▏ 3.3 GB                         [K[?25h[?2026l[?2026h[?25l[A[1Gpulling manifest [K
pulling aeda25e63ebd: 100% ▕██████████████████▏ 3.3 GB                         [K[?25h[?2026l[?2026h[?25l[A[1Gpulling manifest [K
pulling aeda25e63ebd: 100% ▕██████████████████▏ 3.3 GB                         [K[?25h[?2026l[?2026h[?25l[A[1Gpulling manifest [K
pulling aeda25e63ebd: 100% ▕██████████████████▏ 3.3 GB                         [K[?25h[?2026l[?2026h[?25l[A[1Gpulling manifest [K
pulling aeda25e63ebd: 100% ▕██████████████████▏ 3.3 GB                         [K[?25h[?2026l[?2026h[?25l[A[1Gpulling manifest [K
pulling aeda25e63ebd: 100% ▕██████████████████▏ 3.3 GB                         [K[?25h[?2026l[?2026h[?25l[A[1Gpulling manifest [K
pulling aeda25e63ebd: 100% ▕██████████████████▏ 3.3 GB                         [K[?25h[?2026l[?2026h[?25l[A[1Gpulling manifest [K
pulling aeda25e63ebd: 100% ▕██████████████████▏ 3.3 GB                         [K[?25h[?2026l[?2026h[?25l[A[1Gpulling manifest [K
pulling aeda25e63ebd: 100% ▕██████████████████▏ 3.3 GB                         [K[?25h[?2026l[?2026h[?25l[A[1Gpulling manifest [K
pulling aeda25e63ebd: 100% ▕██████████████████▏ 3.3 GB                         [K[?25h[?2026l[?2026h[?25l[A[1Gpulling manifest [K
pulling aeda25e63ebd: 100% ▕██████████████████▏ 3.3 GB                         [K[?25h[?2026l[?2026h[?25l[A[1Gpulling manifest [K
pulling aeda25e63ebd: 100% ▕██████████████████▏ 3.3 GB                         [K[?25h[?2026l[?2026h[?25l[A[1Gpulling manifest [K
pulling aeda25e63ebd: 100% ▕██████████████████▏ 3.3 GB                         [K[?25h[?2026l[?2026h[?25l[A[1Gpulling manifest [K
pulling aeda25e63ebd: 100% ▕██████████████████▏ 3.3 GB                         [K[?25h[?2026l[?2026h[?25l[A[1Gpulling manifest [K
pulling aeda25e63ebd: 100% ▕██████████████████▏ 3.3 GB                         [K[?25h[?2026l[?2026h[?25l[A[1Gpulling manifest [K
pulling aeda25e63ebd: 100% ▕██████████████████▏ 3.3 GB                         [K[?25h[?2026l[?2026h[?25l[A[1Gpulling manifest [K
pulling aeda25e63ebd: 100% ▕██████████████████▏ 3.3 GB                         [K[?25h[?2026l[?2026h[?25l[A[1Gpulling manifest [K
pulling aeda25e63ebd: 100% ▕██████████████████▏ 3.3 GB                         [K[?25h[?2026l[?2026h[?25l[A[1Gpulling manifest [K
pulling aeda25e63ebd: 100% ▕██████████████████▏ 3.3 GB                         [K[?25h[?2026l[?2026h[?25l[A[1Gpulling manifest [K
pulling aeda25e63ebd: 100% ▕██████████████████▏ 3.3 GB                         [K[?25h[?2026l[?2026h[?25l[A[1Gpulling manifest [K
pulling aeda25e63ebd: 100% ▕██████████████████▏ 3.3 GB                         [K[?25h[?2026l[?2026h[?25l[A[1Gpulling manifest [K
pulling aeda25e63ebd: 100% ▕██████████████████▏ 3.3 GB                         [K[?25h[?2026l[?2026h[?25l[A[1Gpulling manifest [K
pulling aeda25e63ebd: 100% ▕██████████████████▏ 3.3 GB                         [K[?25h[?2026l[?2026h[?25l[A[1Gpulling manifest [K
pulling aeda25e63ebd: 100% ▕██████████████████▏ 3.3 GB                         [K
pulling dd084c7d92a3: 100% ▕██████████████████▏ 8.4 KB                         [K[?25h[?2026l[?2026h[?25l[A[A[1Gpulling manifest [K
pulling aeda25e63ebd: 100% ▕██████████████████▏ 3.3 GB                         [K
pulling dd084c7d92a3: 100% ▕██████████████████▏ 8.4 KB                         [K[?25h[?2026l[?2026h[?25l[A[A[1Gpulling manifest [K
pulling aeda25e63ebd: 100% ▕██████████████████▏ 3.3 GB                         [K
pulling dd084c7d92a3: 100% ▕██████████████████▏ 8.4 KB                         [K[?25h[?2026l[?2026h[?25l[A[A[1Gpulling manifest [K
pulling aeda25e63ebd: 100% ▕██████████████████▏ 3.3 GB                         [K
pulling dd084c7d92a3: 100% ▕██████████████████▏ 8.4 KB                         [K[?25h[?2026l[?2026h[?25l[A[A[1Gpulling manifest [K
pulling aeda25e63ebd: 100% ▕██████████████████▏ 3.3 GB                         [K
pulling dd084c7d92a3: 100% ▕██████████████████▏ 8.4 KB                         [K[?25h[?2026l[?2026h[?25l[A[A[1Gpulling manifest [K
pulling aeda25e63ebd: 100% ▕██████████████████▏ 3.3 GB                         [K
pulling dd084c7d92a3: 100% ▕██████████████████▏ 8.4 KB                         [K[?25h[?2026l[?2026h[?25l[A[A[1Gpulling manifest [K
pulling aeda25e63ebd: 100% ▕██████████████████▏ 3.3 GB                         [K
pulling dd084c7d92a3: 100% ▕██████████████████▏ 8.4 KB                         [K[?25h[?2026l[?2026h[?25l[A[A[1Gpulling manifest [K
pulling aeda25e63ebd: 100% ▕██████████████████▏ 3.3 GB                         [K
pulling dd084c7d92a3: 100% ▕██████████████████▏ 8.4 KB                         [K[?25h[?2026l[?2026h[?25l[A[A[1Gpulling manifest [K
pulling aeda25e63ebd: 100% ▕██████████████████▏ 3.3 GB                         [K
pulling dd084c7d92a3: 100% ▕██████████████████▏ 8.4 KB                         [K[?25h[?2026l[?2026h[?25l[A[A[1Gpulling manifest [K
pulling aeda25e63ebd: 100% ▕██████████████████▏ 3.3 GB                         [K
pulling dd084c7d92a3: 100% ▕██████████████████▏ 8.4 KB                         [K[?25h[?2026l[?2026h[?25l[A[A[1Gpulling manifest [K
pulling aeda25e63ebd: 100% ▕██████████████████▏ 3.3 GB                         [K
pulling dd084c7d92a3: 100% ▕██████████████████▏ 8.4 KB                         [K[?25h[?2026l[?2026h[?25l[A[A[1Gpulling manifest [K
pulling aeda25e63ebd: 100% ▕██████████████████▏ 3.3 GB                         [K
pulling dd084c7d92a3: 100% ▕██████████████████▏ 8.4 KB                         [K[?25h[?2026l[?2026h[?25l[A[A[1Gpulling manifest [K
pulling aeda25e63ebd: 100% ▕██████████████████▏ 3.3 GB                         [K
pulling dd084c7d92a3: 100% ▕██████████████████▏ 8.4 KB                         [K[?25h[?2026l[?2026h[?25l[A[A[1Gpulling manifest [K
pulling aeda25e63ebd: 100% ▕██████████████████▏ 3.3 GB                         [K
pulling dd084c7d92a3: 100% ▕██████████████████▏ 8.4 KB                         [K[?25h[?2026l[?2026h[?25l[A[A[1Gpulling manifest [K
pulling aeda25e63ebd: 100% ▕██████████████████▏ 3.3 GB                         [K
pulling dd084c7d92a3: 100% ▕██████████████████▏ 8.4 KB                         [K[?25h[?2026l[?2026h[?25l[A[A[1Gpulling manifest [K
pulling aeda25e63ebd: 100% ▕██████████████████▏ 3.3 GB                         [K
pulling dd084c7d92a3: 100% ▕██████████████████▏ 8.4 KB                         [K[?25h[?2026l[?2026h[?25l[A[A[1Gpulling manifest [K
pulling aeda25e63ebd: 100% ▕██████████████████▏ 3.3 GB                         [K
pulling dd084c7d92a3: 100% ▕██████████████████▏ 8.4 KB                         [K[?25h[?2026l[?2026h[?25l[A[A[1Gpulling manifest [K
pulling aeda25e63ebd: 100% ▕██████████████████▏ 3.3 GB                         [K
pulling dd084c7d92a3: 100% ▕██████████████████▏ 8.4 KB                         [K[?25h[?2026l[?2026h[?25l[A[A[1Gpulling manifest [K
pulling aeda25e63ebd: 100% ▕██████████████████▏ 3.3 GB                         [K
pulling dd084c7d92a3: 100% ▕██████████████████▏ 8.4 KB                         [K[?25h[?2026l[?2026h[?25l[A[A[1Gpulling manifest [K
pulling aeda25e63ebd: 100% ▕██████████████████▏ 3.3 GB                         [K
pulling dd084c7d92a3: 100% ▕██████████████████▏ 8.4 KB                         [K[?25h[?2026l[?2026h[?25l[A[A[1Gpulling manifest [K
pulling aeda25e63ebd: 100% ▕██████████████████▏ 3.3 GB                         [K
pulling dd084c7d92a3: 100% ▕██████████████████▏ 8.4 KB                         [K[?25h[?2026l[?2026h[?25l[A[A[1Gpulling manifest [K
pulling aeda25e63ebd: 100% ▕██████████████████▏ 3.3 GB                         [K
pulling dd084c7d92a3: 100% ▕██████████████████▏ 8.4 KB                         [K[?25h[?2026l[?2026h[?25l[A[A[1Gpulling manifest [K
pulling aeda25e63ebd: 100% ▕██████████████████▏ 3.3 GB                         [K
pulling dd084c7d92a3: 100% ▕██████████████████▏ 8.4 KB                         [K[?25h[?2026l[?2026h[?25l[A[A[1Gpulling manifest [K
pulling aeda25e63ebd: 100% ▕██████████████████▏ 3.3 GB                         [K
pulling dd084c7d92a3: 100% ▕██████████████████▏ 8.4 KB                         [K[?25h[?2026l[?2026h[?25l[A[A[1Gpulling manifest [K
pulling aeda25e63ebd: 100% ▕██████████████████▏ 3.3 GB                         [K
pulling dd084c7d92a3: 100% ▕██████████████████▏ 8.4 KB                         [K[?25h[?2026l[?2026h[?25l[A[A[1Gpulling manifest [K
pulling aeda25e63ebd: 100% ▕██████████████████▏ 3.3 GB                         [K
pulling dd084c7d92a3: 100% ▕██████████████████▏ 8.4 KB                         [K[?25h[?2026l[?2026h[?25l[A[A[1Gpulling manifest [K
pulling aeda25e63ebd: 100% ▕██████████████████▏ 3.3 GB                         [K
pulling dd084c7d92a3: 100% ▕██████████████████▏ 8.4 KB                         [K[?25h[?2026l[?2026h[?25l[A[A[1Gpulling manifest [K
pulling aeda25e63ebd: 100% ▕██████████████████▏ 3.3 GB                         [K
pulling dd084c7d92a3: 100% ▕██████████████████▏ 8.4 KB                         [K[?25h[?2026l[?2026h[?25l[A[A[1Gpulling manifest [K
pulling aeda25e63ebd: 100% ▕██████████████████▏ 3.3 GB                         [K
pulling dd084c7d92a3: 100% ▕██████████████████▏ 8.4 KB                         [K
pulling b6ae5839783f: 100% ▕██████████████████▏  489 B                         [K
verifying sha256 digest ⠋ [K[?25h[?2026l[?2026h[?25l[A[A[A[A[1Gpulling manifest [K
pulling aeda25e63ebd: 100% ▕██████████████████▏ 3.3 GB                         [K
pulling dd084c7d92a3: 100% ▕██████████████████▏ 8.4 KB                         [K
pulling b6ae5839783f: 100% ▕██████████████████▏  489 B                         [K
verifying sha256 digest ⠙ [K[?25h[?2026l[?2026h[?25l[A[A[A[A[1Gpulling manifest [K
pulling aeda25e63ebd: 100% ▕██████████████████▏ 3.3 GB                         [K
pulling dd084c7d92a3: 100% ▕██████████████████▏ 8.4 KB                         [K
pulling b6ae5839783f: 100% ▕██████████████████▏  489 B                         [K
verifying sha256 digest ⠹ [K[?25h[?2026l[?2026h[?25l[A[A[A[A[1Gpulling manifest [K
pulling aeda25e63ebd: 100% ▕██████████████████▏ 3.3 GB                         [K
pulling dd084c7d92a3: 100% ▕██████████████████▏ 8.4 KB                         [K
pulling b6ae5839783f: 100% ▕██████████████████▏  489 B                         [K
verifying sha256 digest ⠸ [K[?25h[?2026l[?2026h[?25l[A[A[A[A[1Gpulling manifest [K
pulling aeda25e63ebd: 100% ▕██████████████████▏ 3.3 GB                         [K
pulling dd084c7d92a3: 100% ▕██████████████████▏ 8.4 KB                         [K
pulling b6ae5839783f: 100% ▕██████████████████▏  489 B                         [K
verifying sha256 digest ⠼ [K[?25h[?2026l[?2026h[?25l[A[A[A[A[1Gpulling manifest [K
pulling aeda25e63ebd: 100% ▕██████████████████▏ 3.3 GB                         [K
pulling dd084c7d92a3: 100% ▕██████████████████▏ 8.4 KB                         [K
pulling b6ae5839783f: 100% ▕██████████████████▏  489 B                         [K
verifying sha256 digest ⠴ [K[?25h[?2026l[?2026h[?25l[A[A[A[A[1Gpulling manifest [K
pulling aeda25e63ebd: 100% ▕██████████████████▏ 3.3 GB                         [K
pulling dd084c7d92a3: 100% ▕██████████████████▏ 8.4 KB                         [K
pulling b6ae5839783f: 100% ▕██████████████████▏  489 B                         [K
verifying sha256 digest ⠦ [K[?25h[?2026l[?2026h[?25l[A[A[A[A[1Gpulling manifest [K
pulling aeda25e63ebd: 100% ▕██████████████████▏ 3.3 GB                         [K
pulling dd084c7d92a3: 100% ▕██████████████████▏ 8.4 KB                         [K
pulling b6ae5839783f: 100% ▕██████████████████▏  489 B                         [K
verifying sha256 digest ⠧ [K[?25h[?2026l[?2026h[?25l[A[A[A[A[1Gpulling manifest [K
pulling aeda25e63ebd: 100% ▕██████████████████▏ 3.3 GB                         [K
pulling dd084c7d92a3: 100% ▕██████████████████▏ 8.4 KB                         [K
pulling b6ae5839783f: 100% ▕██████████████████▏  489 B                         [K
verifying sha256 digest ⠇ [K[?25h[?2026l[?2026h[?25l[A[A[A[A[1Gpulling manifest [K
pulling aeda25e63ebd: 100% ▕██████████████████▏ 3.3 GB                         [K
pulling dd084c7d92a3: 100% ▕██████████████████▏ 8.4 KB                         [K
pulling b6ae5839783f: 100% ▕██████████████████▏  489 B                         [K
verifying sha256 digest ⠏ [K[?25h[?2026l[?2026h[?25l[A[A[A[A[1Gpulling manifest [K
pulling aeda25e63ebd: 100% ▕██████████████████▏ 3.3 GB                         [K
pulling dd084c7d92a3: 100% ▕██████████████████▏ 8.4 KB                         [K
pulling b6ae5839783f: 100% ▕██████████████████▏  489 B                         [K
verifying sha256 digest ⠋ [K[?25h[?2026l[?2026h[?25l[A[A[A[A[1Gpulling manifest [K
pulling aeda25e63ebd: 100% ▕██████████████████▏ 3.3 GB                         [K
pulling dd084c7d92a3: 100% ▕██████████████████▏ 8.4 KB                         [K
pulling b6ae5839783f: 100% ▕██████████████████▏  489 B                         [K
verifying sha256 digest ⠙ [K[?25h[?2026l[?2026h[?25l[A[A[A[A[1Gpulling manifest [K
pulling aeda25e63ebd: 100% ▕██████████████████▏ 3.3 GB                         [K
pulling dd084c7d92a3: 100% ▕██████████████████▏ 8.4 KB                         [K
pulling b6ae5839783f: 100% ▕██████████████████▏  489 B                         [K
verifying sha256 digest ⠹ [K[?25h[?2026l[?2026h[?25l[A[A[A[A[1Gpulling manifest [K
pulling aeda25e63ebd: 100% ▕██████████████████▏ 3.3 GB                         [K
pulling dd084c7d92a3: 100% ▕██████████████████▏ 8.4 KB                         [K
pulling b6ae5839783f: 100% ▕██████████████████▏  489 B                         [K
verifying sha256 digest ⠸ [K[?25h[?2026l[?2026h[?25l[A[A[A[A[1Gpulling manifest [K
pulling aeda25e63ebd: 100% ▕██████████████████▏ 3.3 GB                         [K
pulling dd084c7d92a3: 100% ▕██████████████████▏ 8.4 KB                         [K
pulling b6ae5839783f: 100% ▕██████████████████▏  489 B                         [K
verifying sha256 digest ⠼ [K[?25h[?2026l[?2026h[?25l[A[A[A[A[1Gpulling manifest [K
pulling aeda25e63ebd: 100% ▕██████████████████▏ 3.3 GB                         [K
pulling dd084c7d92a3: 100% ▕██████████████████▏ 8.4 KB                         [K
pulling b6ae5839783f: 100% ▕██████████████████▏  489 B                         [K
verifying sha256 digest ⠴ [K[?25h[?2026l[?2026h[?25l[A[A[A[A[1Gpulling manifest [K
pulling aeda25e63ebd: 100% ▕██████████████████▏ 3.3 GB                         [K
pulling dd084c7d92a3: 100% ▕██████████████████▏ 8.4 KB                         [K
pulling b6ae5839783f: 100% ▕██████████████████▏  489 B                         [K
verifying sha256 digest ⠦ [K[?25h[?2026l[?2026h[?25l[A[A[A[A[1Gpulling manifest [K
pulling aeda25e63ebd: 100% ▕██████████████████▏ 3.3 GB                         [K
pulling dd084c7d92a3: 100% ▕██████████████████▏ 8.4 KB                         [K
pulling b6ae5839783f: 100% ▕██████████████████▏  489 B                         [K
verifying sha256 digest ⠧ [K[?25h[?2026l[?2026h[?25l[A[A[A[A[1Gpulling manifest [K
pulling aeda25e63ebd: 100% ▕██████████████████▏ 3.3 GB                         [K
pulling dd084c7d92a3: 100% ▕██████████████████▏ 8.4 KB                         [K
pulling b6ae5839783f: 100% ▕██████████████████▏  489 B                         [K
verifying sha256 digest ⠇ [K[?25h[?2026l[?2026h[?25l[A[A[A[A[1Gpulling manifest [K
pulling aeda25e63ebd: 100% ▕██████████████████▏ 3.3 GB                         [K
pulling dd084c7d92a3: 100% ▕██████████████████▏ 8.4 KB                         [K
pulling b6ae5839783f: 100% ▕██████████████████▏  489 B                         [K
verifying sha256 digest ⠏ [K[?25h[?2026l[?2026h[?25l[A[A[A[A[1Gpulling manifest [K
pulling aeda25e63ebd: 100% ▕██████████████████▏ 3.3 GB                         [K
pulling dd084c7d92a3: 100% ▕██████████████████▏ 8.4 KB                         [K
pulling b6ae5839783f: 100% ▕██████████████████▏  489 B                         [K
verifying sha256 digest ⠋ [K[?25h[?2026l[?2026h[?25l[A[A[A[A[1Gpulling manifest [K
pulling aeda25e63ebd: 100% ▕██████████████████▏ 3.3 GB                         [K
pulling dd084c7d92a3: 100% ▕██████████████████▏ 8.4 KB                         [K
pulling b6ae5839783f: 100% ▕██████████████████▏  489 B                         [K
verifying sha256 digest ⠙ [K[?25h[?2026l[?2026h[?25l[A[A[A[A[1Gpulling manifest [K
pulling aeda25e63ebd: 100% ▕██████████████████▏ 3.3 GB                         [K
pulling dd084c7d92a3: 100% ▕██████████████████▏ 8.4 KB                         [K
pulling b6ae5839783f: 100% ▕██████████████████▏  489 B                         [K
verifying sha256 digest ⠹ [K[?25h[?2026l[?2026h[?25l[A[A[A[A[1Gpulling manifest [K
pulling aeda25e63ebd: 100% ▕██████████████████▏ 3.3 GB                         [K
pulling dd084c7d92a3: 100% ▕██████████████████▏ 8.4 KB                         [K
pulling b6ae5839783f: 100% ▕██████████████████▏  489 B                         [K
verifying sha256 digest ⠸ [K[?25h[?2026l[?2026h[?25l[A[A[A[A[1Gpulling manifest [K
pulling aeda25e63ebd: 100% ▕██████████████████▏ 3.3 GB                         [K
pulling dd084c7d92a3: 100% ▕██████████████████▏ 8.4 KB                         [K
pulling b6ae5839783f: 100% ▕██████████████████▏  489 B                         [K
verifying sha256 digest ⠼ [K[?25h[?2026l[?2026h[?25l[A[A[A[A[1Gpulling manifest [K
pulling aeda25e63ebd: 100% ▕██████████████████▏ 3.3 GB                         [K
pulling dd084c7d92a3: 100% ▕██████████████████▏ 8.4 KB                         [K
pulling b6ae5839783f: 100% ▕██████████████████▏  489 B                         [K
verifying sha256 digest ⠴ [K[?25h[?2026l[?2026h[?25l[A[A[A[A[1Gpulling manifest [K
pulling aeda25e63ebd: 100% ▕██████████████████▏ 3.3 GB                         [K
pulling dd084c7d92a3: 100% ▕██████████████████▏ 8.4 KB                         [K
pulling b6ae5839783f: 100% ▕██████████████████▏  489 B                         [K
verifying sha256 digest ⠦ [K[?25h[?2026l[?2026h[?25l[A[A[A[A[1Gpulling manifest [K
pulling aeda25e63ebd: 100% ▕██████████████████▏ 3.3 GB                         [K
pulling dd084c7d92a3: 100% ▕██████████████████▏ 8.4 KB                         [K
pulling b6ae5839783f: 100% ▕██████████████████▏  489 B                         [K
verifying sha256 digest ⠧ [K[?25h[?2026l[?2026h[?25l[A[A[A[A[1Gpulling manifest [K
pulling aeda25e63ebd: 100% ▕██████████████████▏ 3.3 GB                         [K
pulling dd084c7d92a3: 100% ▕██████████████████▏ 8.4 KB                         [K
pulling b6ae5839783f: 100% ▕██████████████████▏  489 B                         [K
verifying sha256 digest ⠇ [K[?25h[?2026l[?2026h[?25l[A[A[A[A[1Gpulling manifest [K
pulling aeda25e63ebd: 100% ▕██████████████████▏ 3.3 GB                         [K
pulling dd084c7d92a3: 100% ▕██████████████████▏ 8.4 KB                         [K
pulling b6ae5839783f: 100% ▕██████████████████▏  489 B                         [K
verifying sha256 digest ⠏ [K[?25h[?2026l[?2026h[?25l[A[A[A[A[1Gpulling manifest [K
pulling aeda25e63ebd: 100% ▕██████████████████▏ 3.3 GB                         [K
pulling dd084c7d92a3: 100% ▕██████████████████▏ 8.4 KB                         [K
pulling b6ae5839783f: 100% ▕██████████████████▏  489 B                         [K
verifying sha256 digest ⠋ [K[?25h[?2026l[?2026h[?25l[A[A[A[A[1Gpulling manifest [K
pulling aeda25e63ebd: 100% ▕██████████████████▏ 3.3 GB                         [K
pulling dd084c7d92a3: 100% ▕██████████████████▏ 8.4 KB                         [K
pulling b6ae5839783f: 100% ▕██████████████████▏  489 B                         [K
verifying sha256 digest ⠙ [K[?25h[?2026l[?2026h[?25l[A[A[A[A[1Gpulling manifest [K
pulling aeda25e63ebd: 100% ▕██████████████████▏ 3.3 GB                         [K
pulling dd084c7d92a3: 100% ▕██████████████████▏ 8.4 KB                         [K
pulling b6ae5839783f: 100% ▕██████████████████▏  489 B                         [K
verifying sha256 digest ⠹ [K[?25h[?2026l[?2026h[?25l[A[A[A[A[1Gpulling manifest [K
pulling aeda25e63ebd: 100% ▕██████████████████▏ 3.3 GB                         [K
pulling dd084c7d92a3: 100% ▕██████████████████▏ 8.4 KB                         [K
pulling b6ae5839783f: 100% ▕██████████████████▏  489 B                         [K
verifying sha256 digest ⠸ [K[?25h[?2026l[?2026h[?25l[A[A[A[A[1Gpulling manifest [K
pulling aeda25e63ebd: 100% ▕██████████████████▏ 3.3 GB                         [K
pulling dd084c7d92a3: 100% ▕██████████████████▏ 8.4 KB                         [K
pulling b6ae5839783f: 100% ▕██████████████████▏  489 B                         [K
verifying sha256 digest ⠼ [K[?25h[?2026l[?2026h[?25l[A[A[A[A[1Gpulling manifest [K
pulling aeda25e63ebd: 100% ▕██████████████████▏ 3.3 GB                         [K
pulling dd084c7d92a3: 100% ▕██████████████████▏ 8.4 KB                         [K
pulling b6ae5839783f: 100% ▕██████████████████▏  489 B                         [K
verifying sha256 digest ⠴ [K[?25h[?2026l[?2026h[?25l[A[A[A[A[1Gpulling manifest [K
pulling aeda25e63ebd: 100% ▕██████████████████▏ 3.3 GB                         [K
pulling dd084c7d92a3: 100% ▕██████████████████▏ 8.4 KB                         [K
pulling b6ae5839783f: 100% ▕██████████████████▏  489 B                         [K
verifying sha256 digest ⠦ [K[?25h[?2026l[?2026h[?25l[A[A[A[A[1Gpulling manifest [K
pulling aeda25e63ebd: 100% ▕██████████████████▏ 3.3 GB                         [K
pulling dd084c7d92a3: 100% ▕██████████████████▏ 8.4 KB                         [K
pulling b6ae5839783f: 100% ▕██████████████████▏  489 B                         [K
verifying sha256 digest ⠧ [K[?25h[?2026l[?2026h[?25l[A[A[A[A[1Gpulling manifest [K
pulling aeda25e63ebd: 100% ▕██████████████████▏ 3.3 GB                         [K
pulling dd084c7d92a3: 100% ▕██████████████████▏ 8.4 KB                         [K
pulling b6ae5839783f: 100% ▕██████████████████▏  489 B                         [K
verifying sha256 digest ⠇ [K[?25h[?2026l[?2026h[?25l[A[A[A[A[1Gpulling manifest [K
pulling aeda25e63ebd: 100% ▕██████████████████▏ 3.3 GB                         [K
pulling dd084c7d92a3: 100% ▕██████████████████▏ 8.4 KB                         [K
pulling b6ae5839783f: 100% ▕██████████████████▏  489 B                         [K
verifying sha256 digest ⠏ [K[?25h[?2026l[?2026h[?25l[A[A[A[A[1Gpulling manifest [K
pulling aeda25e63ebd: 100% ▕██████████████████▏ 3.3 GB                         [K
pulling dd084c7d92a3: 100% ▕██████████████████▏ 8.4 KB                         [K
pulling b6ae5839783f: 100% ▕██████████████████▏  489 B                         [K
verifying sha256 digest ⠋ [K[?25h[?2026l[?2026h[?25l[A[A[A[A[1Gpulling manifest [K
pulling aeda25e63ebd: 100% ▕██████████████████▏ 3.3 GB                         [K
pulling dd084c7d92a3: 100% ▕██████████████████▏ 8.4 KB                         [K
pulling b6ae5839783f: 100% ▕██████████████████▏  489 B                         [K
verifying sha256 digest ⠙ [K[?25h[?2026l[?2026h[?25l[A[A[A[A[1Gpulling manifest [K
pulling aeda25e63ebd: 100% ▕██████████████████▏ 3.3 GB                         [K
pulling dd084c7d92a3: 100% ▕██████████████████▏ 8.4 KB                         [K
pulling b6ae5839783f: 100% ▕██████████████████▏  489 B                         [K
verifying sha256 digest ⠹ [K[?25h[?2026l[?2026h[?25l[A[A[A[A[1Gpulling manifest [K
pulling aeda25e63ebd: 100% ▕██████████████████▏ 3.3 GB                         [K
pulling dd084c7d92a3: 100% ▕██████████████████▏ 8.4 KB                         [K
pulling b6ae5839783f: 100% ▕██████████████████▏  489 B                         [K
verifying sha256 digest ⠸ [K[?25h[?2026l[?2026h[?25l[A[A[A[A[1Gpulling manifest [K
pulling aeda25e63ebd: 100% ▕██████████████████▏ 3.3 GB                         [K
pulling dd084c7d92a3: 100% ▕██████████████████▏ 8.4 KB                         [K
pulling b6ae5839783f: 100% ▕██████████████████▏  489 B                         [K
verifying sha256 digest ⠼ [K[?25h[?2026l[?2026h[?25l[A[A[A[A[1Gpulling manifest [K
pulling aeda25e63ebd: 100% ▕██████████████████▏ 3.3 GB                         [K
pulling dd084c7d92a3: 100% ▕██████████████████▏ 8.4 KB                         [K
pulling b6ae5839783f: 100% ▕██████████████████▏  489 B                         [K
verifying sha256 digest ⠴ [K[?25h[?2026l[?2026h[?25l[A[A[A[A[1Gpulling manifest [K
pulling aeda25e63ebd: 100% ▕██████████████████▏ 3.3 GB                         [K
pulling dd084c7d92a3: 100% ▕██████████████████▏ 8.4 KB                         [K
pulling b6ae5839783f: 100% ▕██████████████████▏  489 B                         [K
verifying sha256 digest ⠦ [K[?25h[?2026l[?2026h[?25l[A[A[A[A[1Gpulling manifest [K
pulling aeda25e63ebd: 100% ▕██████████████████▏ 3.3 GB                         [K
pulling dd084c7d92a3: 100% ▕██████████████████▏ 8.4 KB                         [K
pulling b6ae5839783f: 100% ▕██████████████████▏  489 B                         [K
verifying sha256 digest ⠧ [K[?25h[?2026l[?2026h[?25l[A[A[A[A[1Gpulling manifest [K
pulling aeda25e63ebd: 100% ▕██████████████████▏ 3.3 GB                         [K
pulling dd084c7d92a3: 100% ▕██████████████████▏ 8.4 KB                         [K
pulling b6ae5839783f: 100% ▕██████████████████▏  489 B                         [K
verifying sha256 digest ⠇ [K[?25h[?2026l[?2026h[?25l[A[A[A[A[1Gpulling manifest [K
pulling aeda25e63ebd: 100% ▕██████████████████▏ 3.3 GB                         [K
pulling dd084c7d92a3: 100% ▕██████████████████▏ 8.4 KB                         [K
pulling b6ae5839783f: 100% ▕██████████████████▏  489 B                         [K
verifying sha256 digest ⠏ [K[?25h[?2026l[?2026h[?25l[A[A[A[A[1Gpulling manifest [K
pulling aeda25e63ebd: 100% ▕██████████████████▏ 3.3 GB                         [K
pulling dd084c7d92a3: 100% ▕██████████████████▏ 8.4 KB                         [K
pulling b6ae5839783f: 100% ▕██████████████████▏  489 B                         [K
verifying sha256 digest ⠋ [K[?25h[?2026l[?2026h[?25l[A[A[A[A[1Gpulling manifest [K
pulling aeda25e63ebd: 100% ▕██████████████████▏ 3.3 GB                         [K
pulling dd084c7d92a3: 100% ▕██████████████████▏ 8.4 KB                         [K
pulling b6ae5839783f: 100% ▕██████████████████▏  489 B                         [K
verifying sha256 digest ⠙ [K[?25h[?2026l[?2026h[?25l[A[A[A[A[1Gpulling manifest [K
pulling aeda25e63ebd: 100% ▕██████████████████▏ 3.3 GB                         [K
pulling dd084c7d92a3: 100% ▕██████████████████▏ 8.4 KB                         [K
pulling b6ae5839783f: 100% ▕██████████████████▏  489 B                         [K
verifying sha256 digest ⠹ [K[?25h[?2026l[?2026h[?25l[A[A[A[A[1Gpulling manifest [K
pulling aeda25e63ebd: 100% ▕██████████████████▏ 3.3 GB                         [K
pulling dd084c7d92a3: 100% ▕██████████████████▏ 8.4 KB                         [K
pulling b6ae5839783f: 100% ▕██████████████████▏  489 B                         [K
verifying sha256 digest ⠸ [K[?25h[?2026l[?2026h[?25l[A[A[A[A[1Gpulling manifest [K
pulling aeda25e63ebd: 100% ▕██████████████████▏ 3.3 GB                         [K
pulling dd084c7d92a3: 100% ▕██████████████████▏ 8.4 KB                         [K
pulling b6ae5839783f: 100% ▕██████████████████▏  489 B                         [K
verifying sha256 digest ⠼ [K[?25h[?2026l[?2026h[?25l[A[A[A[A[1Gpulling manifest [K
pulling aeda25e63ebd: 100% ▕██████████████████▏ 3.3 GB                         [K
pulling dd084c7d92a3: 100% ▕██████████████████▏ 8.4 KB                         [K
pulling b6ae5839783f: 100% ▕██████████████████▏  489 B                         [K
verifying sha256 digest ⠦ [K[?25h[?2026l[?2026h[?25l[A[A[A[A[1Gpulling manifest [K
pulling aeda25e63ebd: 100% ▕██████████████████▏ 3.3 GB                         [K
pulling dd084c7d92a3: 100% ▕██████████████████▏ 8.4 KB                         [K
pulling b6ae5839783f: 100% ▕██████████████████▏  489 B                         [K
verifying sha256 digest ⠦ [K[?25h[?2026l[?2026h[?25l[A[A[A[A[1Gpulling manifest [K
pulling aeda25e63ebd: 100% ▕██████████████████▏ 3.3 GB                         [K
pulling dd084c7d92a3: 100% ▕██████████████████▏ 8.4 KB                         [K
pulling b6ae5839783f: 100% ▕██████████████████▏  489 B                         [K
verifying sha256 digest ⠧ [K[?25h[?2026l[?2026h[?25l[A[A[A[A[1Gpulling manifest [K
pulling aeda25e63ebd: 100% ▕██████████████████▏ 3.3 GB                         [K
pulling dd084c7d92a3: 100% ▕██████████████████▏ 8.4 KB                         [K
pulling b6ae5839783f: 100% ▕██████████████████▏  489 B                         [K
verifying sha256 digest ⠇ [K[?25h[?2026l[?2026h[?25l[A[A[A[A[1Gpulling manifest [K
pulling aeda25e63ebd: 100% ▕██████████████████▏ 3.3 GB                         [K
pulling dd084c7d92a3: 100% ▕██████████████████▏ 8.4 KB                         [K
pulling b6ae5839783f: 100% ▕██████████████████▏  489 B                         [K
verifying sha256 digest ⠏ [K[?25h[?2026l[?2026h[?25l[A[A[A[A[1Gpulling manifest [K
pulling aeda25e63ebd: 100% ▕██████████████████▏ 3.3 GB                         [K
pulling dd084c7d92a3: 100% ▕██████████████████▏ 8.4 KB                         [K
pulling b6ae5839783f: 100% ▕██████████████████▏  489 B                         [K
verifying sha256 digest ⠋ [K[?25h[?2026l[?2026h[?25l[A[A[A[A[1Gpulling manifest [K
pulling aeda25e63ebd: 100% ▕██████████████████▏ 3.3 GB                         [K
pulling dd084c7d92a3: 100% ▕██████████████████▏ 8.4 KB                         [K
pulling b6ae5839783f: 100% ▕██████████████████▏  489 B                         [K
verifying sha256 digest ⠙ [K[?25h[?2026l[?2026h[?25l[A[A[A[A[1Gpulling manifest [K
pulling aeda25e63ebd: 100% ▕██████████████████▏ 3.3 GB                         [K
pulling dd084c7d92a3: 100% ▕██████████████████▏ 8.4 KB                         [K
pulling b6ae5839783f: 100% ▕██████████████████▏  489 B                         [K
verifying sha256 digest ⠹ [K[?25h[?2026l[?2026h[?25l[A[A[A[A[1Gpulling manifest [K
pulling aeda25e63ebd: 100% ▕██████████████████▏ 3.3 GB                         [K
pulling dd084c7d92a3: 100% ▕██████████████████▏ 8.4 KB                         [K
pulling b6ae5839783f: 100% ▕██████████████████▏  489 B                         [K
verifying sha256 digest ⠸ [K[?25h[?2026l[?2026h[?25l[A[A[A[A[1Gpulling manifest [K
pulling aeda25e63ebd: 100% ▕██████████████████▏ 3.3 GB                         [K
pulling dd084c7d92a3: 100% ▕██████████████████▏ 8.4 KB                         [K
pulling b6ae5839783f: 100% ▕██████████████████▏  489 B                         [K
verifying sha256 digest ⠼ [K[?25h[?2026l[?2026h[?25l[A[A[A[A[1Gpulling manifest [K
pulling aeda25e63ebd: 100% ▕██████████████████▏ 3.3 GB                         [K
pulling dd084c7d92a3: 100% ▕██████████████████▏ 8.4 KB                         [K
pulling b6ae5839783f: 100% ▕██████████████████▏  489 B                         [K
verifying sha256 digest ⠴ [K[?25h[?2026l[?2026h[?25l[A[A[A[A[1Gpulling manifest [K
pulling aeda25e63ebd: 100% ▕██████████████████▏ 3.3 GB                         [K
pulling dd084c7d92a3: 100% ▕██████████████████▏ 8.4 KB                         [K
pulling b6ae5839783f: 100% ▕██████████████████▏  489 B                         [K
verifying sha256 digest ⠦ [K[?25h[?2026l[?2026h[?25l[A[A[A[A[1Gpulling manifest [K
pulling aeda25e63ebd: 100% ▕██████████████████▏ 3.3 GB                         [K
pulling dd084c7d92a3: 100% ▕██████████████████▏ 8.4 KB                         [K
pulling b6ae5839783f: 100% ▕██████████████████▏  489 B                         [K
verifying sha256 digest ⠧ [K[?25h[?2026l[?2026h[?25l[A[A[A[A[1Gpulling manifest [K
pulling aeda25e63ebd: 100% ▕██████████████████▏ 3.3 GB                         [K
pulling dd084c7d92a3: 100% ▕██████████████████▏ 8.4 KB                         [K
pulling b6ae5839783f: 100% ▕██████████████████▏  489 B                         [K
verifying sha256 digest ⠇ [K[?25h[?2026l[?2026h[?25l[A[A[A[A[1Gpulling manifest [K
pulling aeda25e63ebd: 100% ▕██████████████████▏ 3.3 GB                         [K
pulling dd084c7d92a3: 100% ▕██████████████████▏ 8.4 KB                         [K
pulling b6ae5839783f: 100% ▕██████████████████▏  489 B                         [K
verifying sha256 digest ⠏ [K[?25h[?2026l[?2026h[?25l[A[A[A[A[1Gpulling manifest [K
pulling aeda25e63ebd: 100% ▕██████████████████▏ 3.3 GB                         [K
pulling dd084c7d92a3: 100% ▕██████████████████▏ 8.4 KB                         [K
pulling b6ae5839783f: 100% ▕██████████████████▏  489 B                         [K
verifying sha256 digest ⠋ [K[?25h[?2026l[?2026h[?25l[A[A[A[A[1Gpulling manifest [K
pulling aeda25e63ebd: 100% ▕██████████████████▏ 3.3 GB                         [K
pulling dd084c7d92a3: 100% ▕██████████████████▏ 8.4 KB                         [K
pulling b6ae5839783f: 100% ▕██████████████████▏  489 B                         [K
verifying sha256 digest ⠙ [K[?25h[?2026l[?2026h[?25l[A[A[A[A[1Gpulling manifest [K
pulling aeda25e63ebd: 100% ▕██████████████████▏ 3.3 GB                         [K
pulling dd084c7d92a3: 100% ▕██████████████████▏ 8.4 KB                         [K
pulling b6ae5839783f: 100% ▕██████████████████▏  489 B                         [K
verifying sha256 digest ⠹ [K[?25h[?2026l[?2026h[?25l[A[A[A[A[1Gpulling manifest [K
pulling aeda25e63ebd: 100% ▕██████████████████▏ 3.3 GB                         [K
pulling dd084c7d92a3: 100% ▕██████████████████▏ 8.4 KB                         [K
pulling b6ae5839783f: 100% ▕██████████████████▏  489 B                         [K
verifying sha256 digest ⠸ [K[?25h[?2026l[?2026h[?25l[A[A[A[A[1Gpulling manifest [K
pulling aeda25e63ebd: 100% ▕██████████████████▏ 3.3 GB                         [K
pulling dd084c7d92a3: 100% ▕██████████████████▏ 8.4 KB                         [K
pulling b6ae5839783f: 100% ▕██████████████████▏  489 B                         [K
verifying sha256 digest ⠼ [K[?25h[?2026l[?2026h[?25l[A[A[A[A[1Gpulling manifest [K
pulling aeda25e63ebd: 100% ▕██████████████████▏ 3.3 GB                         [K
pulling dd084c7d92a3: 100% ▕██████████████████▏ 8.4 KB                         [K
pulling b6ae5839783f: 100% ▕██████████████████▏  489 B                         [K
verifying sha256 digest ⠴ [K[?25h[?2026l[?2026h[?25l[A[A[A[A[1Gpulling manifest [K
pulling aeda25e63ebd: 100% ▕██████████████████▏ 3.3 GB                         [K
pulling dd084c7d92a3: 100% ▕██████████████████▏ 8.4 KB                         [K
pulling b6ae5839783f: 100% ▕██████████████████▏  489 B                         [K
verifying sha256 digest ⠦ [K[?25h[?2026l[?2026h[?25l[A[A[A[A[1Gpulling manifest [K
pulling aeda25e63ebd: 100% ▕██████████████████▏ 3.3 GB                         [K
pulling dd084c7d92a3: 100% ▕██████████████████▏ 8.4 KB                         [K
pulling b6ae5839783f: 100% ▕██████████████████▏  489 B                         [K
verifying sha256 digest ⠧ [K[?25h[?2026l[?2026h[?25l[A[A[A[A[1Gpulling manifest [K
pulling aeda25e63ebd: 100% ▕██████████████████▏ 3.3 GB                         [K
pulling dd084c7d92a3: 100% ▕██████████████████▏ 8.4 KB                         [K
pulling b6ae5839783f: 100% ▕██████████████████▏  489 B                         [K
verifying sha256 digest ⠇ [K[?25h[?2026l[?2026h[?25l[A[A[A[A[1Gpulling manifest [K
pulling aeda25e63ebd: 100% ▕██████████████████▏ 3.3 GB                         [K
pulling dd084c7d92a3: 100% ▕██████████████████▏ 8.4 KB                         [K
pulling b6ae5839783f: 100% ▕██████████████████▏  489 B                         [K
verifying sha256 digest ⠏ [K[?25h[?2026l[?2026h[?25l[A[A[A[A[1Gpulling manifest [K
pulling aeda25e63ebd: 100% ▕██████████████████▏ 3.3 GB                         [K
pulling dd084c7d92a3: 100% ▕██████████████████▏ 8.4 KB                         [K
pulling b6ae5839783f: 100% ▕██████████████████▏  489 B                         [K
verifying sha256 digest ⠋ [K[?25h[?2026l[?2026h[?25l[A[A[A[A[1Gpulling manifest [K
pulling aeda25e63ebd: 100% ▕██████████████████▏ 3.3 GB                         [K
pulling dd084c7d92a3: 100% ▕██████████████████▏ 8.4 KB                         [K
pulling b6ae5839783f: 100% ▕██████████████████▏  489 B                         [K
verifying sha256 digest ⠙ [K[?25h[?2026l[?2026h[?25l[A[A[A[A[1Gpulling manifest [K
pulling aeda25e63ebd: 100% ▕██████████████████▏ 3.3 GB                         [K
pulling dd084c7d92a3: 100% ▕██████████████████▏ 8.4 KB                         [K
pulling b6ae5839783f: 100% ▕██████████████████▏  489 B                         [K
verifying sha256 digest ⠹ [K[?25h[?2026l[?2026h[?25l[A[A[A[A[1Gpulling manifest [K
pulling aeda25e63ebd: 100% ▕██████████████████▏ 3.3 GB                         [K
pulling dd084c7d92a3: 100% ▕██████████████████▏ 8.4 KB                         [K
pulling b6ae5839783f: 100% ▕██████████████████▏  489 B                         [K
verifying sha256 digest ⠸ [K[?25h[?2026l[?2026h[?25l[A[A[A[A[1Gpulling manifest [K
pulling aeda25e63ebd: 100% ▕██████████████████▏ 3.3 GB                         [K
pulling dd084c7d92a3: 100% ▕██████████████████▏ 8.4 KB                         [K
pulling b6ae5839783f: 100% ▕██████████████████▏  489 B                         [K
verifying sha256 digest ⠼ [K[?25h[?2026l[?2026h[?25l[A[A[A[A[1Gpulling manifest [K
pulling aeda25e63ebd: 100% ▕██████████████████▏ 3.3 GB                         [K
pulling dd084c7d92a3: 100% ▕██████████████████▏ 8.4 KB                         [K
pulling b6ae5839783f: 100% ▕██████████████████▏  489 B                         [K
verifying sha256 digest ⠴ [K[?25h[?2026l[?2026h[?25l[A[A[A[A[1Gpulling manifest [K
pulling aeda25e63ebd: 100% ▕██████████████████▏ 3.3 GB                         [K
pulling dd084c7d92a3: 100% ▕██████████████████▏ 8.4 KB                         [K
pulling b6ae5839783f: 100% ▕██████████████████▏  489 B                         [K
verifying sha256 digest ⠦ [K[?25h[?2026l[?2026h[?25l[A[A[A[A[1Gpulling manifest [K
pulling aeda25e63ebd: 100% ▕██████████████████▏ 3.3 GB                         [K
pulling dd084c7d92a3: 100% ▕██████████████████▏ 8.4 KB                         [K
pulling b6ae5839783f: 100% ▕██████████████████▏  489 B                         [K
verifying sha256 digest ⠧ [K[?25h[?2026l[?2026h[?25l[A[A[A[A[1Gpulling manifest [K
pulling aeda25e63ebd: 100% ▕██████████████████▏ 3.3 GB                         [K
pulling dd084c7d92a3: 100% ▕██████████████████▏ 8.4 KB                         [K
pulling b6ae5839783f: 100% ▕██████████████████▏  489 B                         [K
verifying sha256 digest ⠇ [K[?25h[?2026l[?2026h[?25l[A[A[A[A[1Gpulling manifest [K
pulling aeda25e63ebd: 100% ▕██████████████████▏ 3.3 GB                         [K
pulling dd084c7d92a3: 100% ▕██████████████████▏ 8.4 KB                         [K
pulling b6ae5839783f: 100% ▕██████████████████▏  489 B                         [K
verifying sha256 digest ⠏ [K[?25h[?2026l[?2026h[?25l[A[A[A[A[1Gpulling manifest [K
pulling aeda25e63ebd: 100% ▕██████████████████▏ 3.3 GB                         [K
pulling dd084c7d92a3: 100% ▕██████████████████▏ 8.4 KB                         [K
pulling b6ae5839783f: 100% ▕██████████████████▏  489 B                         [K
verifying sha256 digest ⠋ [K[?25h[?2026l[?2026h[?25l[A[A[A[A[1Gpulling manifest [K
pulling aeda25e63ebd: 100% ▕██████████████████▏ 3.3 GB                         [K
pulling dd084c7d92a3: 100% ▕██████████████████▏ 8.4 KB                         [K
pulling b6ae5839783f: 100% ▕██████████████████▏  489 B                         [K
verifying sha256 digest ⠙ [K[?25h[?2026l[?2026h[?25l[A[A[A[A[1Gpulling manifest [K
pulling aeda25e63ebd: 100% ▕██████████████████▏ 3.3 GB                         [K
pulling dd084c7d92a3: 100% ▕██████████████████▏ 8.4 KB                         [K
pulling b6ae5839783f: 100% ▕██████████████████▏  489 B                         [K
verifying sha256 digest ⠹ [K[?25h[?2026l[?2026h[?25l[A[A[A[A[1Gpulling manifest [K
pulling aeda25e63ebd: 100% ▕██████████████████▏ 3.3 GB                         [K
pulling dd084c7d92a3: 100% ▕██████████████████▏ 8.4 KB                         [K
pulling b6ae5839783f: 100% ▕██████████████████▏  489 B                         [K
verifying sha256 digest ⠸ [K[?25h[?2026l[?2026h[?25l[A[A[A[A[1Gpulling manifest [K
pulling aeda25e63ebd: 100% ▕██████████████████▏ 3.3 GB                         [K
pulling dd084c7d92a3: 100% ▕██████████████████▏ 8.4 KB                         [K
pulling b6ae5839783f: 100% ▕██████████████████▏  489 B                         [K
verifying sha256 digest ⠼ [K[?25h[?2026l[?2026h[?25l[A[A[A[A[1Gpulling manifest [K
pulling aeda25e63ebd: 100% ▕██████████████████▏ 3.3 GB                         [K
pulling dd084c7d92a3: 100% ▕██████████████████▏ 8.4 KB                         [K
pulling b6ae5839783f: 100% ▕██████████████████▏  489 B                         [K
verifying sha256 digest ⠴ [K[?25h[?2026l[?2026h[?25l[A[A[A[A[1Gpulling manifest [K
pulling aeda25e63ebd: 100% ▕██████████████████▏ 3.3 GB                         [K
pulling dd084c7d92a3: 100% ▕██████████████████▏ 8.4 KB                         [K
pulling b6ae5839783f: 100% ▕██████████████████▏  489 B                         [K
verifying sha256 digest ⠦ [K[?25h[?2026l[?2026h[?25l[A[A[A[A[1Gpulling manifest [K
pulling aeda25e63ebd: 100% ▕██████████████████▏ 3.3 GB                         [K
pulling dd084c7d92a3: 100% ▕██████████████████▏ 8.4 KB                         [K
pulling b6ae5839783f: 100% ▕██████████████████▏  489 B                         [K
verifying sha256 digest ⠧ [K[?25h[?2026l[?2026h[?25l[A[A[A[A[1Gpulling manifest [K
pulling aeda25e63ebd: 100% ▕██████████████████▏ 3.3 GB                         [K
pulling dd084c7d92a3: 100% ▕██████████████████▏ 8.4 KB                         [K
pulling b6ae5839783f: 100% ▕██████████████████▏  489 B                         [K
verifying sha256 digest ⠇ [K[?25h[?2026l[?2026h[?25l[A[A[A[A[1Gpulling manifest [K
pulling aeda25e63ebd: 100% ▕██████████████████▏ 3.3 GB                         [K
pulling dd084c7d92a3: 100% ▕██████████████████▏ 8.4 KB                         [K
pulling b6ae5839783f: 100% ▕██████████████████▏  489 B                         [K
verifying sha256 digest ⠏ [K[?25h[?2026l[?2026h[?25l[A[A[A[A[1Gpulling manifest [K
pulling aeda25e63ebd: 100% ▕██████████████████▏ 3.3 GB                         [K
pulling dd084c7d92a3: 100% ▕██████████████████▏ 8.4 KB                         [K
pulling b6ae5839783f: 100% ▕██████████████████▏  489 B                         [K
verifying sha256 digest ⠋ [K[?25h[?2026l[?2026h[?25l[A[A[A[A[1Gpulling manifest [K
pulling aeda25e63ebd: 100% ▕██████████████████▏ 3.3 GB                         [K
pulling dd084c7d92a3: 100% ▕██████████████████▏ 8.4 KB                         [K
pulling b6ae5839783f: 100% ▕██████████████████▏  489 B                         [K
verifying sha256 digest ⠙ [K[?25h[?2026l[?2026h[?25l[A[A[A[A[1Gpulling manifest [K
pulling aeda25e63ebd: 100% ▕██████████████████▏ 3.3 GB                         [K
pulling dd084c7d92a3: 100% ▕██████████████████▏ 8.4 KB                         [K
pulling b6ae5839783f: 100% ▕██████████████████▏  489 B                         [K
verifying sha256 digest ⠹ [K[?25h[?2026l[?2026h[?25l[A[A[A[A[1Gpulling manifest [K
pulling aeda25e63ebd: 100% ▕██████████████████▏ 3.3 GB                         [K
pulling dd084c7d92a3: 100% ▕██████████████████▏ 8.4 KB                         [K
pulling b6ae5839783f: 100% ▕██████████████████▏  489 B                         [K
verifying sha256 digest ⠸ [K[?25h[?2026l[?2026h[?25l[A[A[A[A[1Gpulling manifest [K
pulling aeda25e63ebd: 100% ▕██████████████████▏ 3.3 GB                         [K
pulling dd084c7d92a3: 100% ▕██████████████████▏ 8.4 KB                         [K
pulling b6ae5839783f: 100% ▕██████████████████▏  489 B                         [K
verifying sha256 digest ⠼ [K[?25h[?2026l[?2026h[?25l[A[A[A[A[1Gpulling manifest [K
pulling aeda25e63ebd: 100% ▕██████████████████▏ 3.3 GB                         [K
pulling dd084c7d92a3: 100% ▕██████████████████▏ 8.4 KB                         [K
pulling b6ae5839783f: 100% ▕██████████████████▏  489 B                         [K
verifying sha256 digest ⠴ [K[?25h[?2026l[?2026h[?25l[A[A[A[A[1Gpulling manifest [K
pulling aeda25e63ebd: 100% ▕██████████████████▏ 3.3 GB                         [K
pulling dd084c7d92a3: 100% ▕██████████████████▏ 8.4 KB                         [K
pulling b6ae5839783f: 100% ▕██████████████████▏  489 B                         [K
verifying sha256 digest ⠦ [K[?25h[?2026l[?2026h[?25l[A[A[A[A[1Gpulling manifest [K
pulling aeda25e63ebd: 100% ▕██████████████████▏ 3.3 GB                         [K
pulling dd084c7d92a3: 100% ▕██████████████████▏ 8.4 KB                         [K
pulling b6ae5839783f: 100% ▕██████████████████▏  489 B                         [K
verifying sha256 digest ⠧ [K[?25h[?2026l[?2026h[?25l[A[A[A[A[1Gpulling manifest [K
pulling aeda25e63ebd: 100% ▕██████████████████▏ 3.3 GB                         [K
pulling dd084c7d92a3: 100% ▕██████████████████▏ 8.4 KB                         [K
pulling b6ae5839783f: 100% ▕██████████████████▏  489 B                         [K
verifying sha256 digest ⠇ [K[?25h[?2026l[?2026h[?25l[A[A[A[A[1Gpulling manifest [K
pulling aeda25e63ebd: 100% ▕██████████████████▏ 3.3 GB                         [K
pulling dd084c7d92a3: 100% ▕██████████████████▏ 8.4 KB                         [K
pulling b6ae5839783f: 100% ▕██████████████████▏  489 B                         [K
verifying sha256 digest ⠏ [K[?25h[?2026l[?2026h[?25l[A[A[A[A[1Gpulling manifest [K
pulling aeda25e63ebd: 100% ▕██████████████████▏ 3.3 GB                         [K
pulling dd084c7d92a3: 100% ▕██████████████████▏ 8.4 KB                         [K
pulling b6ae5839783f: 100% ▕██████████████████▏  489 B                         [K
verifying sha256 digest ⠋ [K[?25h[?2026l[?2026h[?25l[A[A[A[A[1Gpulling manifest [K
pulling aeda25e63ebd: 100% ▕██████████████████▏ 3.3 GB                         [K
pulling dd084c7d92a3: 100% ▕██████████████████▏ 8.4 KB                         [K
pulling b6ae5839783f: 100% ▕██████████████████▏  489 B                         [K
verifying sha256 digest ⠙ [K[?25h[?2026l[?2026h[?25l[A[A[A[A[1Gpulling manifest [K
pulling aeda25e63ebd: 100% ▕██████████████████▏ 3.3 GB                         [K
pulling dd084c7d92a3: 100% ▕██████████████████▏ 8.4 KB                         [K
pulling b6ae5839783f: 100% ▕██████████████████▏  489 B                         [K
verifying sha256 digest ⠹ [K[?25h[?2026l[?2026h[?25l[A[A[A[A[1Gpulling manifest [K
pulling aeda25e63ebd: 100% ▕██████████████████▏ 3.3 GB                         [K
pulling dd084c7d92a3: 100% ▕██████████████████▏ 8.4 KB                         [K
pulling b6ae5839783f: 100% ▕██████████████████▏  489 B                         [K
verifying sha256 digest ⠸ [K[?25h[?2026l[?2026h[?25l[A[A[A[A[1Gpulling manifest [K
pulling aeda25e63ebd: 100% ▕██████████████████▏ 3.3 GB                         [K
pulling dd084c7d92a3: 100% ▕██████████████████▏ 8.4 KB                         [K
pulling b6ae5839783f: 100% ▕██████████████████▏  489 B                         [K
verifying sha256 digest ⠼ [K[?25h[?2026l[?2026h[?25l[A[A[A[A[1Gpulling manifest [K
pulling aeda25e63ebd: 100% ▕██████████████████▏ 3.3 GB                         [K
pulling dd084c7d92a3: 100% ▕██████████████████▏ 8.4 KB                         [K
pulling b6ae5839783f: 100% ▕██████████████████▏  489 B                         [K
verifying sha256 digest ⠴ [K[?25h[?2026l[?2026h[?25l[A[A[A[A[1Gpulling manifest [K
pulling aeda25e63ebd: 100% ▕██████████████████▏ 3.3 GB                         [K
pulling dd084c7d92a3: 100% ▕██████████████████▏ 8.4 KB                         [K
pulling b6ae5839783f: 100% ▕██████████████████▏  489 B                         [K
verifying sha256 digest ⠦ [K[?25h[?2026l[?2026h[?25l[A[A[A[A[1Gpulling manifest [K
pulling aeda25e63ebd: 100% ▕██████████████████▏ 3.3 GB                         [K
pulling dd084c7d92a3: 100% ▕██████████████████▏ 8.4 KB                         [K
pulling b6ae5839783f: 100% ▕██████████████████▏  489 B                         [K
verifying sha256 digest ⠧ [K[?25h[?2026l[?2026h[?25l[A[A[A[A[1Gpulling manifest [K
pulling aeda25e63ebd: 100% ▕██████████████████▏ 3.3 GB                         [K
pulling dd084c7d92a3: 100% ▕██████████████████▏ 8.4 KB                         [K
pulling b6ae5839783f: 100% ▕██████████████████▏  489 B                         [K
verifying sha256 digest ⠇ [K[?25h[?2026l[?2026h[?25l[A[A[A[A[1Gpulling manifest [K
pulling aeda25e63ebd: 100% ▕██████████████████▏ 3.3 GB                         [K
pulling dd084c7d92a3: 100% ▕██████████████████▏ 8.4 KB                         [K
pulling b6ae5839783f: 100% ▕██████████████████▏  489 B                         [K
verifying sha256 digest ⠏ [K[?25h[?2026l[?2026h[?25l[A[A[A[A[1Gpulling manifest [K
pulling aeda25e63ebd: 100% ▕██████████████████▏ 3.3 GB                         [K
pulling dd084c7d92a3: 100% ▕██████████████████▏ 8.4 KB                         [K
pulling b6ae5839783f: 100% ▕██████████████████▏  489 B                         [K
verifying sha256 digest ⠋ [K[?25h[?2026l[?2026h[?25l[A[A[A[A[1Gpulling manifest [K
pulling aeda25e63ebd: 100% ▕██████████████████▏ 3.3 GB                         [K
pulling dd084c7d92a3: 100% ▕██████████████████▏ 8.4 KB                         [K
pulling b6ae5839783f: 100% ▕██████████████████▏  489 B                         [K
verifying sha256 digest ⠙ [K[?25h[?2026l[?2026h[?25l[A[A[A[A[1Gpulling manifest [K
pulling aeda25e63ebd: 100% ▕██████████████████▏ 3.3 GB                         [K
pulling dd084c7d92a3: 100% ▕██████████████████▏ 8.4 KB                         [K
pulling b6ae5839783f: 100% ▕██████████████████▏  489 B                         [K
verifying sha256 digest ⠹ [K[?25h[?2026l[?2026h[?25l[A[A[A[A[1Gpulling manifest [K
pulling aeda25e63ebd: 100% ▕██████████████████▏ 3.3 GB                         [K
pulling dd084c7d92a3: 100% ▕██████████████████▏ 8.4 KB                         [K
pulling b6ae5839783f: 100% ▕██████████████████▏  489 B                         [K
verifying sha256 digest ⠸ [K[?25h[?2026l[?2026h[?25l[A[A[A[A[1Gpulling manifest [K
pulling aeda25e63ebd: 100% ▕██████████████████▏ 3.3 GB                         [K
pulling dd084c7d92a3: 100% ▕██████████████████▏ 8.4 KB                         [K
pulling b6ae5839783f: 100% ▕██████████████████▏  489 B                         [K
verifying sha256 digest ⠼ [K[?25h[?2026l[?2026h[?25l[A[A[A[A[1Gpulling manifest [K
pulling aeda25e63ebd: 100% ▕██████████████████▏ 3.3 GB                         [K
pulling dd084c7d92a3: 100% ▕██████████████████▏ 8.4 KB                         [K
pulling b6ae5839783f: 100% ▕██████████████████▏  489 B                         [K
verifying sha256 digest ⠴ [K[?25h[?2026l[?2026h[?25l[A[A[A[A[1Gpulling manifest [K
pulling aeda25e63ebd: 100% ▕██████████████████▏ 3.3 GB                         [K
pulling dd084c7d92a3: 100% ▕██████████████████▏ 8.4 KB                         [K
pulling b6ae5839783f: 100% ▕██████████████████▏  489 B                         [K
verifying sha256 digest ⠦ [K[?25h[?2026l[?2026h[?25l[A[A[A[A[1Gpulling manifest [K
pulling aeda25e63ebd: 100% ▕██████████████████▏ 3.3 GB                         [K
pulling dd084c7d92a3: 100% ▕██████████████████▏ 8.4 KB                         [K
pulling b6ae5839783f: 100% ▕██████████████████▏  489 B                         [K
verifying sha256 digest ⠧ [K[?25h[?2026l[?2026h[?25l[A[A[A[A[1Gpulling manifest [K
pulling aeda25e63ebd: 100% ▕██████████████████▏ 3.3 GB                         [K
pulling dd084c7d92a3: 100% ▕██████████████████▏ 8.4 KB                         [K
pulling b6ae5839783f: 100% ▕██████████████████▏  489 B                         [K
verifying sha256 digest ⠇ [K[?25h[?2026l[?2026h[?25l[A[A[A[A[1Gpulling manifest [K
pulling aeda25e63ebd: 100% ▕██████████████████▏ 3.3 GB                         [K
pulling dd084c7d92a3: 100% ▕██████████████████▏ 8.4 KB                         [K
pulling b6ae5839783f: 100% ▕██████████████████▏  489 B                         [K
verifying sha256 digest ⠏ [K[?25h[?2026l[?2026h[?25l[A[A[A[A[1Gpulling manifest [K
pulling aeda25e63ebd: 100% ▕██████████████████▏ 3.3 GB                         [K
pulling dd084c7d92a3: 100% ▕██████████████████▏ 8.4 KB                         [K
pulling b6ae5839783f: 100% ▕██████████████████▏  489 B                         [K
verifying sha256 digest ⠋ [K[?25h[?2026l[?2026h[?25l[A[A[A[A[1Gpulling manifest [K
pulling aeda25e63ebd: 100% ▕██████████████████▏ 3.3 GB                         [K
pulling dd084c7d92a3: 100% ▕██████████████████▏ 8.4 KB                         [K
pulling b6ae5839783f: 100% ▕██████████████████▏  489 B                         [K
verifying sha256 digest ⠙ [K[?25h[?2026l[?2026h[?25l[A[A[A[A[1Gpulling manifest [K
pulling aeda25e63ebd: 100% ▕██████████████████▏ 3.3 GB                         [K
pulling dd084c7d92a3: 100% ▕██████████████████▏ 8.4 KB                         [K
pulling b6ae5839783f: 100% ▕██████████████████▏  489 B                         [K
verifying sha256 digest ⠹ [K[?25h[?2026l[?2026h[?25l[A[A[A[A[1Gpulling manifest [K
pulling aeda25e63ebd: 100% ▕██████████████████▏ 3.3 GB                         [K
pulling dd084c7d92a3: 100% ▕██████████████████▏ 8.4 KB                         [K
pulling b6ae5839783f: 100% ▕██████████████████▏  489 B                         [K
verifying sha256 digest ⠸ [K[?25h[?2026l[?2026h[?25l[A[A[A[A[1Gpulling manifest [K
pulling aeda25e63ebd: 100% ▕██████████████████▏ 3.3 GB                         [K
pulling dd084c7d92a3: 100% ▕██████████████████▏ 8.4 KB                         [K
pulling b6ae5839783f: 100% ▕██████████████████▏  489 B                         [K
verifying sha256 digest ⠼ [K[?25h[?2026l[?2026h[?25l[A[A[A[A[1Gpulling manifest [K
pulling aeda25e63ebd: 100% ▕██████████████████▏ 3.3 GB                         [K
pulling dd084c7d92a3: 100% ▕██████████████████▏ 8.4 KB                         [K
pulling b6ae5839783f: 100% ▕██████████████████▏  489 B                         [K
verifying sha256 digest ⠴ [K[?25h[?2026l[?2026h[?25l[A[A[A[A[1Gpulling manifest [K
pulling aeda25e63ebd: 100% ▕██████████████████▏ 3.3 GB                         [K
pulling dd084c7d92a3: 100% ▕██████████████████▏ 8.4 KB                         [K
pulling b6ae5839783f: 100% ▕██████████████████▏  489 B                         [K
verifying sha256 digest ⠦ [K[?25h[?2026l[?2026h[?25l[A[A[A[A[1Gpulling manifest [K
pulling aeda25e63ebd: 100% ▕██████████████████▏ 3.3 GB                         [K
pulling dd084c7d92a3: 100% ▕██████████████████▏ 8.4 KB                         [K
pulling b6ae5839783f: 100% ▕██████████████████▏  489 B                         [K
verifying sha256 digest ⠧ [K[?25h[?2026l[?2026h[?25l[A[A[A[A[1Gpulling manifest [K
pulling aeda25e63ebd: 100% ▕██████████████████▏ 3.3 GB                         [K
pulling dd084c7d92a3: 100% ▕██████████████████▏ 8.4 KB                         [K
pulling b6ae5839783f: 100% ▕██████████████████▏  489 B                         [K
verifying sha256 digest ⠇ [K[?25h[?2026l[?2026h[?25l[A[A[A[A[1Gpulling manifest [K
pulling aeda25e63ebd: 100% ▕██████████████████▏ 3.3 GB                         [K
pulling dd084c7d92a3: 100% ▕██████████████████▏ 8.4 KB                         [K
pulling b6ae5839783f: 100% ▕██████████████████▏  489 B                         [K
verifying sha256 digest ⠏ [K[?25h[?2026l[?2026h[?25l[A[A[A[A[1Gpulling manifest [K
pulling aeda25e63ebd: 100% ▕██████████████████▏ 3.3 GB                         [K
pulling dd084c7d92a3: 100% ▕██████████████████▏ 8.4 KB                         [K
pulling b6ae5839783f: 100% ▕██████████████████▏  489 B                         [K
verifying sha256 digest ⠋ [K[?25h[?2026l[?2026h[?25l[A[A[A[A[1Gpulling manifest [K
pulling aeda25e63ebd: 100% ▕██████████████████▏ 3.3 GB                         [K
pulling dd084c7d92a3: 100% ▕██████████████████▏ 8.4 KB                         [K
pulling b6ae5839783f: 100% ▕██████████████████▏  489 B                         [K
verifying sha256 digest ⠙ [K[?25h[?2026l[?2026h[?25l[A[A[A[A[1Gpulling manifest [K
pulling aeda25e63ebd: 100% ▕██████████████████▏ 3.3 GB                         [K
pulling dd084c7d92a3: 100% ▕██████████████████▏ 8.4 KB                         [K
pulling b6ae5839783f: 100% ▕██████████████████▏  489 B                         [K
verifying sha256 digest ⠹ [K[?25h[?2026l[?2026h[?25l[A[A[A[A[1Gpulling manifest [K
pulling aeda25e63ebd: 100% ▕██████████████████▏ 3.3 GB                         [K
pulling dd084c7d92a3: 100% ▕██████████████████▏ 8.4 KB                         [K
pulling b6ae5839783f: 100% ▕██████████████████▏  489 B                         [K
verifying sha256 digest ⠸ [K[?25h[?2026l[?2026h[?25l[A[A[A[A[1Gpulling manifest [K
pulling aeda25e63ebd: 100% ▕██████████████████▏ 3.3 GB                         [K
pulling dd084c7d92a3: 100% ▕██████████████████▏ 8.4 KB                         [K
pulling b6ae5839783f: 100% ▕██████████████████▏  489 B                         [K
verifying sha256 digest ⠼ [K[?25h[?2026l[?2026h[?25l[A[A[A[A[1Gpulling manifest [K
pulling aeda25e63ebd: 100% ▕██████████████████▏ 3.3 GB                         [K
pulling dd084c7d92a3: 100% ▕██████████████████▏ 8.4 KB                         [K
pulling b6ae5839783f: 100% ▕██████████████████▏  489 B                         [K
verifying sha256 digest ⠴ [K[?25h[?2026l[?2026h[?25l[A[A[A[A[1Gpulling manifest [K
pulling aeda25e63ebd: 100% ▕██████████████████▏ 3.3 GB                         [K
pulling dd084c7d92a3: 100% ▕██████████████████▏ 8.4 KB                         [K
pulling b6ae5839783f: 100% ▕██████████████████▏  489 B                         [K
verifying sha256 digest ⠦ [K[?25h[?2026l[?2026h[?25l[A[A[A[A[1Gpulling manifest [K
pulling aeda25e63ebd: 100% ▕██████████████████▏ 3.3 GB                         [K
pulling dd084c7d92a3: 100% ▕██████████████████▏ 8.4 KB                         [K
pulling b6ae5839783f: 100% ▕██████████████████▏  489 B                         [K
verifying sha256 digest ⠧ [K[?25h[?2026l[?2026h[?25l[A[A[A[A[1Gpulling manifest [K
pulling aeda25e63ebd: 100% ▕██████████████████▏ 3.3 GB                         [K
pulling dd084c7d92a3: 100% ▕██████████████████▏ 8.4 KB                         [K
pulling b6ae5839783f: 100% ▕██████████████████▏  489 B                         [K
verifying sha256 digest ⠇ [K[?25h[?2026l[?2026h[?25l[A[A[A[A[1Gpulling manifest [K
pulling aeda25e63ebd: 100% ▕██████████████████▏ 3.3 GB                         [K
pulling dd084c7d92a3: 100% ▕██████████████████▏ 8.4 KB                         [K
pulling b6ae5839783f: 100% ▕██████████████████▏  489 B                         [K
verifying sha256 digest ⠏ [K[?25h[?2026l[?2026h[?25l[A[A[A[A[1Gpulling manifest [K
pulling aeda25e63ebd: 100% ▕██████████████████▏ 3.3 GB                         [K
pulling dd084c7d92a3: 100% ▕██████████████████▏ 8.4 KB                         [K
pulling b6ae5839783f: 100% ▕██████████████████▏  489 B                         [K
verifying sha256 digest ⠋ [K[?25h[?2026l[?2026h[?25l[A[A[A[A[1Gpulling manifest [K
pulling aeda25e63ebd: 100% ▕██████████████████▏ 3.3 GB                         [K
pulling dd084c7d92a3: 100% ▕██████████████████▏ 8.4 KB                         [K
pulling b6ae5839783f: 100% ▕██████████████████▏  489 B                         [K
verifying sha256 digest ⠙ [K[?25h[?2026l[?2026h[?25l[A[A[A[A[1Gpulling manifest [K
pulling aeda25e63ebd: 100% ▕██████████████████▏ 3.3 GB                         [K
pulling dd084c7d92a3: 100% ▕██████████████████▏ 8.4 KB                         [K
pulling b6ae5839783f: 100% ▕██████████████████▏  489 B                         [K
verifying sha256 digest ⠹ [K[?25h[?2026l[?2026h[?25l[A[A[A[A[1Gpulling manifest [K
pulling aeda25e63ebd: 100% ▕██████████████████▏ 3.3 GB                         [K
pulling dd084c7d92a3: 100% ▕██████████████████▏ 8.4 KB                         [K
pulling b6ae5839783f: 100% ▕██████████████████▏  489 B                         [K
verifying sha256 digest ⠸ [K[?25h[?2026l[?2026h[?25l[A[A[A[A[1Gpulling manifest [K
pulling aeda25e63ebd: 100% ▕██████████████████▏ 3.3 GB                         [K
pulling dd084c7d92a3: 100% ▕██████████████████▏ 8.4 KB                         [K
pulling b6ae5839783f: 100% ▕██████████████████▏  489 B                         [K
verifying sha256 digest ⠼ [K[?25h[?2026l[?2026h[?25l[A[A[A[A[1Gpulling manifest [K
pulling aeda25e63ebd: 100% ▕██████████████████▏ 3.3 GB                         [K
pulling dd084c7d92a3: 100% ▕██████████████████▏ 8.4 KB                         [K
pulling b6ae5839783f: 100% ▕██████████████████▏  489 B                         [K
verifying sha256 digest ⠴ [K[?25h[?2026l[?2026h[?25l[A[A[A[A[1Gpulling manifest [K
pulling aeda25e63ebd: 100% ▕██████████████████▏ 3.3 GB                         [K
pulling dd084c7d92a3: 100% ▕██████████████████▏ 8.4 KB                         [K
pulling b6ae5839783f: 100% ▕██████████████████▏  489 B                         [K
verifying sha256 digest ⠦ [K[?25h[?2026l[?2026h[?25l[A[A[A[A[1Gpulling manifest [K
pulling aeda25e63ebd: 100% ▕██████████████████▏ 3.3 GB                         [K
pulling dd084c7d92a3: 100% ▕██████████████████▏ 8.4 KB                         [K
pulling b6ae5839783f: 100% ▕██████████████████▏  489 B                         [K
verifying sha256 digest ⠧ [K[?25h[?2026l[?2026h[?25l[A[A[A[A[1Gpulling manifest [K
pulling aeda25e63ebd: 100% ▕██████████████████▏ 3.3 GB                         [K
pulling dd084c7d92a3: 100% ▕██████████████████▏ 8.4 KB                         [K
pulling b6ae5839783f: 100% ▕██████████████████▏  489 B                         [K
verifying sha256 digest ⠇ [K[?25h[?2026l[?2026h[?25l[A[A[A[A[1Gpulling manifest [K
pulling aeda25e63ebd: 100% ▕██████████████████▏ 3.3 GB                         [K
pulling dd084c7d92a3: 100% ▕██████████████████▏ 8.4 KB                         [K
pulling b6ae5839783f: 100% ▕██████████████████▏  489 B                         [K
verifying sha256 digest ⠏ [K[?25h[?2026l[?2026h[?25l[A[A[A[A[1Gpulling manifest [K
pulling aeda25e63ebd: 100% ▕██████████████████▏ 3.3 GB                         [K
pulling dd084c7d92a3: 100% ▕██████████████████▏ 8.4 KB                         [K
pulling b6ae5839783f: 100% ▕██████████████████▏  489 B                         [K
verifying sha256 digest ⠋ [K[?25h[?2026l[?2026h[?25l[A[A[A[A[1Gpulling manifest [K
pulling aeda25e63ebd: 100% ▕██████████████████▏ 3.3 GB                         [K
pulling dd084c7d92a3: 100% ▕██████████████████▏ 8.4 KB                         [K
pulling b6ae5839783f: 100% ▕██████████████████▏  489 B                         [K
verifying sha256 digest ⠙ [K[?25h[?2026l[?2026h[?25l[A[A[A[A[1Gpulling manifest [K
pulling aeda25e63ebd: 100% ▕██████████████████▏ 3.3 GB                         [K
pulling dd084c7d92a3: 100% ▕██████████████████▏ 8.4 KB                         [K
pulling b6ae5839783f: 100% ▕██████████████████▏  489 B                         [K
verifying sha256 digest ⠹ [K[?25h[?2026l[?2026h[?25l[A[A[A[A[1Gpulling manifest [K
pulling aeda25e63ebd: 100% ▕██████████████████▏ 3.3 GB                         [K
pulling dd084c7d92a3: 100% ▕██████████████████▏ 8.4 KB                         [K
pulling b6ae5839783f: 100% ▕██████████████████▏  489 B                         [K
verifying sha256 digest ⠸ [K[?25h[?2026l[?2026h[?25l[A[A[A[A[1Gpulling manifest [K
pulling aeda25e63ebd: 100% ▕██████████████████▏ 3.3 GB                         [K
pulling dd084c7d92a3: 100% ▕██████████████████▏ 8.4 KB                         [K
pulling b6ae5839783f: 100% ▕██████████████████▏  489 B                         [K
verifying sha256 digest ⠼ [K[?25h[?2026l[?2026h[?25l[A[A[A[A[1Gpulling manifest [K
pulling aeda25e63ebd: 100% ▕██████████████████▏ 3.3 GB                         [K
pulling dd084c7d92a3: 100% ▕██████████████████▏ 8.4 KB                         [K
pulling b6ae5839783f: 100% ▕██████████████████▏  489 B                         [K
verifying sha256 digest ⠴ [K[?25h[?2026l[?2026h[?25l[A[A[A[A[1Gpulling manifest [K
pulling aeda25e63ebd: 100% ▕██████████████████▏ 3.3 GB                         [K
pulling dd084c7d92a3: 100% ▕██████████████████▏ 8.4 KB                         [K
pulling b6ae5839783f: 100% ▕██████████████████▏  489 B                         [K
verifying sha256 digest ⠦ [K[?25h[?2026l[?2026h[?25l[A[A[A[A[1Gpulling manifest [K
pulling aeda25e63ebd: 100% ▕██████████████████▏ 3.3 GB                         [K
pulling dd084c7d92a3: 100% ▕██████████████████▏ 8.4 KB                         [K
pulling b6ae5839783f: 100% ▕██████████████████▏  489 B                         [K
verifying sha256 digest ⠧ [K[?25h[?2026l[?2026h[?25l[A[A[A[A[1Gpulling manifest [K
pulling aeda25e63ebd: 100% ▕██████████████████▏ 3.3 GB                         [K
pulling dd084c7d92a3: 100% ▕██████████████████▏ 8.4 KB                         [K
pulling b6ae5839783f: 100% ▕██████████████████▏  489 B                         [K
verifying sha256 digest ⠇ [K[?25h[?2026l[?2026h[?25l[A[A[A[A[1Gpulling manifest [K
pulling aeda25e63ebd: 100% ▕██████████████████▏ 3.3 GB                         [K
pulling dd084c7d92a3: 100% ▕██████████████████▏ 8.4 KB                         [K
pulling b6ae5839783f: 100% ▕██████████████████▏  489 B                         [K
verifying sha256 digest ⠏ [K[?25h[?2026l[?2026h[?25l[A[A[A[A[1Gpulling manifest [K
pulling aeda25e63ebd: 100% ▕██████████████████▏ 3.3 GB                         [K
pulling dd084c7d92a3: 100% ▕██████████████████▏ 8.4 KB                         [K
pulling b6ae5839783f: 100% ▕██████████████████▏  489 B                         [K
verifying sha256 digest ⠋ [K[?25h[?2026l[?2026h[?25l[A[A[A[A[1Gpulling manifest [K
pulling aeda25e63ebd: 100% ▕██████████████████▏ 3.3 GB                         [K
pulling dd084c7d92a3: 100% ▕██████████████████▏ 8.4 KB                         [K
pulling b6ae5839783f: 100% ▕██████████████████▏  489 B                         [K
verifying sha256 digest ⠙ [K[?25h[?2026l[?2026h[?25l[A[A[A[A[1Gpulling manifest [K
pulling aeda25e63ebd: 100% ▕██████████████████▏ 3.3 GB                         [K
pulling dd084c7d92a3: 100% ▕██████████████████▏ 8.4 KB                         [K
pulling b6ae5839783f: 100% ▕██████████████████▏  489 B                         [K
verifying sha256 digest ⠹ [K[?25h[?2026l[?2026h[?25l[A[A[A[A[1Gpulling manifest [K
pulling aeda25e63ebd: 100% ▕██████████████████▏ 3.3 GB                         [K
pulling dd084c7d92a3: 100% ▕██████████████████▏ 8.4 KB                         [K
pulling b6ae5839783f: 100% ▕██████████████████▏  489 B                         [K
verifying sha256 digest ⠸ [K[?25h[?2026l[?2026h[?25l[A[A[A[A[1Gpulling manifest [K
pulling aeda25e63ebd: 100% ▕██████████████████▏ 3.3 GB                         [K
pulling dd084c7d92a3: 100% ▕██████████████████▏ 8.4 KB                         [K
pulling b6ae5839783f: 100% ▕██████████████████▏  489 B                         [K
verifying sha256 digest ⠼ [K[?25h[?2026l[?2026h[?25l[A[A[A[A[1Gpulling manifest [K
pulling aeda25e63ebd: 100% ▕██████████████████▏ 3.3 GB                         [K
pulling dd084c7d92a3: 100% ▕██████████████████▏ 8.4 KB                         [K
pulling b6ae5839783f: 100% ▕██████████████████▏  489 B                         [K
verifying sha256 digest ⠴ [K[?25h[?2026l[?2026h[?25l[A[A[A[A[1Gpulling manifest [K
pulling aeda25e63ebd: 100% ▕██████████████████▏ 3.3 GB                         [K
pulling dd084c7d92a3: 100% ▕██████████████████▏ 8.4 KB                         [K
pulling b6ae5839783f: 100% ▕██████████████████▏  489 B                         [K
verifying sha256 digest ⠦ [K[?25h[?2026l[?2026h[?25l[A[A[A[A[1Gpulling manifest [K
pulling aeda25e63ebd: 100% ▕██████████████████▏ 3.3 GB                         [K
pulling dd084c7d92a3: 100% ▕██████████████████▏ 8.4 KB                         [K
pulling b6ae5839783f: 100% ▕██████████████████▏  489 B                         [K
verifying sha256 digest ⠧ [K[?25h[?2026l[?2026h[?25l[A[A[A[A[1Gpulling manifest [K
pulling aeda25e63ebd: 100% ▕██████████████████▏ 3.3 GB                         [K
pulling dd084c7d92a3: 100% ▕██████████████████▏ 8.4 KB                         [K
pulling b6ae5839783f: 100% ▕██████████████████▏  489 B                         [K
verifying sha256 digest ⠇ [K[?25h[?2026l[?2026h[?25l[A[A[A[A[1Gpulling manifest [K
pulling aeda25e63ebd: 100% ▕██████████████████▏ 3.3 GB                         [K
pulling dd084c7d92a3: 100% ▕██████████████████▏ 8.4 KB                         [K
pulling b6ae5839783f: 100% ▕██████████████████▏  489 B                         [K
verifying sha256 digest ⠏ [K[?25h[?2026l[?2026h[?25l[A[A[A[A[1Gpulling manifest [K
pulling aeda25e63ebd: 100% ▕██████████████████▏ 3.3 GB                         [K
pulling dd084c7d92a3: 100% ▕██████████████████▏ 8.4 KB                         [K
pulling b6ae5839783f: 100% ▕██████████████████▏  489 B                         [K
verifying sha256 digest ⠋ [K[?25h[?2026l[?2026h[?25l[A[A[A[A[1Gpulling manifest [K
pulling aeda25e63ebd: 100% ▕██████████████████▏ 3.3 GB                         [K
pulling dd084c7d92a3: 100% ▕██████████████████▏ 8.4 KB                         [K
pulling b6ae5839783f: 100% ▕██████████████████▏  489 B                         [K
verifying sha256 digest ⠙ [K[?25h[?2026l[?2026h[?25l[A[A[A[A[1Gpulling manifest [K
pulling aeda25e63ebd: 100% ▕██████████████████▏ 3.3 GB                         [K
pulling dd084c7d92a3: 100% ▕██████████████████▏ 8.4 KB                         [K
pulling b6ae5839783f: 100% ▕██████████████████▏  489 B                         [K
verifying sha256 digest ⠹ [K[?25h[?2026l[?2026h[?25l[A[A[A[A[1Gpulling manifest [K
pulling aeda25e63ebd: 100% ▕██████████████████▏ 3.3 GB                         [K
pulling dd084c7d92a3: 100% ▕██████████████████▏ 8.4 KB                         [K
pulling b6ae5839783f: 100% ▕██████████████████▏  489 B                         [K
verifying sha256 digest ⠸ [K[?25h[?2026l[?2026h[?25l[A[A[A[A[1Gpulling manifest [K
pulling aeda25e63ebd: 100% ▕██████████████████▏ 3.3 GB                         [K
pulling dd084c7d92a3: 100% ▕██████████████████▏ 8.4 KB                         [K
pulling b6ae5839783f: 100% ▕██████████████████▏  489 B                         [K
verifying sha256 digest ⠼ [K[?25h[?2026l[?2026h[?25l[A[A[A[A[1Gpulling manifest [K
pulling aeda25e63ebd: 100% ▕██████████████████▏ 3.3 GB                         [K
pulling dd084c7d92a3: 100% ▕██████████████████▏ 8.4 KB                         [K
pulling b6ae5839783f: 100% ▕██████████████████▏  489 B                         [K
verifying sha256 digest ⠴ [K[?25h[?2026l[?2026h[?25l[A[A[A[A[1Gpulling manifest [K
pulling aeda25e63ebd: 100% ▕██████████████████▏ 3.3 GB                         [K
pulling dd084c7d92a3: 100% ▕██████████████████▏ 8.4 KB                         [K
pulling b6ae5839783f: 100% ▕██████████████████▏  489 B                         [K
verifying sha256 digest ⠦ [K[?25h[?2026l[?2026h[?25l[A[A[A[A[1Gpulling manifest [K
pulling aeda25e63ebd: 100% ▕██████████████████▏ 3.3 GB                         [K
pulling dd084c7d92a3: 100% ▕██████████████████▏ 8.4 KB                         [K
pulling b6ae5839783f: 100% ▕██████████████████▏  489 B                         [K
verifying sha256 digest ⠧ [K[?25h[?2026l[?2026h[?25l[A[A[A[A[1Gpulling manifest [K
pulling aeda25e63ebd: 100% ▕██████████████████▏ 3.3 GB                         [K
pulling dd084c7d92a3: 100% ▕██████████████████▏ 8.4 KB                         [K
pulling b6ae5839783f: 100% ▕██████████████████▏  489 B                         [K
verifying sha256 digest ⠇ [K[?25h[?2026l[?2026h[?25l[A[A[A[A[1Gpulling manifest [K
pulling aeda25e63ebd: 100% ▕██████████████████▏ 3.3 GB                         [K
pulling dd084c7d92a3: 100% ▕██████████████████▏ 8.4 KB                         [K
pulling b6ae5839783f: 100% ▕██████████████████▏  489 B                         [K
verifying sha256 digest ⠏ [K[?25h[?2026l[?2026h[?25l[A[A[A[A[1Gpulling manifest [K
pulling aeda25e63ebd: 100% ▕██████████████████▏ 3.3 GB                         [K
pulling dd084c7d92a3: 100% ▕██████████████████▏ 8.4 KB                         [K
pulling b6ae5839783f: 100% ▕██████████████████▏  489 B                         [K
verifying sha256 digest ⠋ [K[?25h[?2026l[?2026h[?25l[A[A[A[A[1Gpulling manifest [K
pulling aeda25e63ebd: 100% ▕██████████████████▏ 3.3 GB                         [K
pulling dd084c7d92a3: 100% ▕██████████████████▏ 8.4 KB                         [K
pulling b6ae5839783f: 100% ▕██████████████████▏  489 B                         [K
verifying sha256 digest ⠙ [K[?25h[?2026l[?2026h[?25l[A[A[A[A[1Gpulling manifest [K
pulling aeda25e63ebd: 100% ▕██████████████████▏ 3.3 GB                         [K
pulling dd084c7d92a3: 100% ▕██████████████████▏ 8.4 KB                         [K
pulling b6ae5839783f: 100% ▕██████████████████▏  489 B                         [K
verifying sha256 digest ⠹ [K[?25h[?2026l[?2026h[?25l[A[A[A[A[1Gpulling manifest [K
pulling aeda25e63ebd: 100% ▕██████████████████▏ 3.3 GB                         [K
pulling dd084c7d92a3: 100% ▕██████████████████▏ 8.4 KB                         [K
pulling b6ae5839783f: 100% ▕██████████████████▏  489 B                         [K
verifying sha256 digest ⠸ [K[?25h[?2026l[?2026h[?25l[A[A[A[A[1Gpulling manifest [K
pulling aeda25e63ebd: 100% ▕██████████████████▏ 3.3 GB                         [K
pulling dd084c7d92a3: 100% ▕██████████████████▏ 8.4 KB                         [K
pulling b6ae5839783f: 100% ▕██████████████████▏  489 B                         [K
verifying sha256 digest ⠼ [K[?25h[?2026l[?2026h[?25l[A[A[A[A[1Gpulling manifest [K
pulling aeda25e63ebd: 100% ▕██████████████████▏ 3.3 GB                         [K
pulling dd084c7d92a3: 100% ▕██████████████████▏ 8.4 KB                         [K
pulling b6ae5839783f: 100% ▕██████████████████▏  489 B                         [K
verifying sha256 digest ⠴ [K[?25h[?2026l[?2026h[?25l[A[A[A[A[1Gpulling manifest [K
pulling aeda25e63ebd: 100% ▕██████████████████▏ 3.3 GB                         [K
pulling dd084c7d92a3: 100% ▕██████████████████▏ 8.4 KB                         [K
pulling b6ae5839783f: 100% ▕██████████████████▏  489 B                         [K
verifying sha256 digest ⠦ [K[?25h[?2026l[?2026h[?25l[A[A[A[A[1Gpulling manifest [K
pulling aeda25e63ebd: 100% ▕██████████████████▏ 3.3 GB                         [K
pulling dd084c7d92a3: 100% ▕██████████████████▏ 8.4 KB                         [K
pulling b6ae5839783f: 100% ▕██████████████████▏  489 B                         [K
verifying sha256 digest ⠧ [K[?25h[?2026l[?2026h[?25l[A[A[A[A[1Gpulling manifest [K
pulling aeda25e63ebd: 100% ▕██████████████████▏ 3.3 GB                         [K
pulling dd084c7d92a3: 100% ▕██████████████████▏ 8.4 KB                         [K
pulling b6ae5839783f: 100% ▕██████████████████▏  489 B                         [K
verifying sha256 digest ⠇ [K[?25h[?2026l[?2026h[?25l[A[A[A[A[1Gpulling manifest [K
pulling aeda25e63ebd: 100% ▕██████████████████▏ 3.3 GB                         [K
pulling dd084c7d92a3: 100% ▕██████████████████▏ 8.4 KB                         [K
pulling b6ae5839783f: 100% ▕██████████████████▏  489 B                         [K
verifying sha256 digest ⠏ [K[?25h[?2026l[?2026h[?25l[A[A[A[A[1Gpulling manifest [K
pulling aeda25e63ebd: 100% ▕██████████████████▏ 3.3 GB                         [K
pulling dd084c7d92a3: 100% ▕██████████████████▏ 8.4 KB                         [K
pulling b6ae5839783f: 100% ▕██████████████████▏  489 B                         [K
verifying sha256 digest ⠋ [K[?25h[?2026l[?2026h[?25l[A[A[A[A[1Gpulling manifest [K
pulling aeda25e63ebd: 100% ▕██████████████████▏ 3.3 GB                         [K
pulling dd084c7d92a3: 100% ▕██████████████████▏ 8.4 KB                         [K
pulling b6ae5839783f: 100% ▕██████████████████▏  489 B                         [K
verifying sha256 digest ⠙ [K[?25h[?2026l[?2026h[?25l[A[A[A[A[1Gpulling manifest [K
pulling aeda25e63ebd: 100% ▕██████████████████▏ 3.3 GB                         [K
pulling dd084c7d92a3: 100% ▕██████████████████▏ 8.4 KB                         [K
pulling b6ae5839783f: 100% ▕██████████████████▏  489 B                         [K
verifying sha256 digest ⠹ [K[?25h[?2026l[?2026h[?25l[A[A[A[A[1Gpulling manifest [K
pulling aeda25e63ebd: 100% ▕██████████████████▏ 3.3 GB                         [K
pulling dd084c7d92a3: 100% ▕██████████████████▏ 8.4 KB                         [K
pulling b6ae5839783f: 100% ▕██████████████████▏  489 B                         [K
verifying sha256 digest ⠸ [K[?25h[?2026l[?2026h[?25l[A[A[A[A[1Gpulling manifest [K
pulling aeda25e63ebd: 100% ▕██████████████████▏ 3.3 GB                         [K
pulling dd084c7d92a3: 100% ▕██████████████████▏ 8.4 KB                         [K
pulling b6ae5839783f: 100% ▕██████████████████▏  489 B                         [K
verifying sha256 digest ⠼ [K[?25h[?2026l[?2026h[?25l[A[A[A[A[1Gpulling manifest [K
pulling aeda25e63ebd: 100% ▕██████████████████▏ 3.3 GB                         [K
pulling dd084c7d92a3: 100% ▕██████████████████▏ 8.4 KB                         [K
pulling b6ae5839783f: 100% ▕██████████████████▏  489 B                         [K
verifying sha256 digest ⠴ [K[?25h[?2026l[?2026h[?25l[A[A[A[A[1Gpulling manifest [K
pulling aeda25e63ebd: 100% ▕██████████████████▏ 3.3 GB                         [K
pulling dd084c7d92a3: 100% ▕██████████████████▏ 8.4 KB                         [K
pulling b6ae5839783f: 100% ▕██████████████████▏  489 B                         [K
verifying sha256 digest ⠦ [K[?25h[?2026l[?2026h[?25l[A[A[A[A[1Gpulling manifest [K
pulling aeda25e63ebd: 100% ▕██████████████████▏ 3.3 GB                         [K
pulling dd084c7d92a3: 100% ▕██████████████████▏ 8.4 KB                         [K
pulling b6ae5839783f: 100% ▕██████████████████▏  489 B                         [K
verifying sha256 digest ⠧ [K[?25h[?2026l[?2026h[?25l[A[A[A[A[1Gpulling manifest [K
pulling aeda25e63ebd: 100% ▕██████████████████▏ 3.3 GB                         [K
pulling dd084c7d92a3: 100% ▕██████████████████▏ 8.4 KB                         [K
pulling b6ae5839783f: 100% ▕██████████████████▏  489 B                         [K
verifying sha256 digest ⠇ [K[?25h[?2026l[?2026h[?25l[A[A[A[A[1Gpulling manifest [K
pulling aeda25e63ebd: 100% ▕██████████████████▏ 3.3 GB                         [K
pulling dd084c7d92a3: 100% ▕██████████████████▏ 8.4 KB                         [K
pulling b6ae5839783f: 100% ▕██████████████████▏  489 B                         [K
verifying sha256 digest ⠏ [K[?25h[?2026l[?2026h[?25l[A[A[A[A[1Gpulling manifest [K
pulling aeda25e63ebd: 100% ▕██████████████████▏ 3.3 GB                         [K
pulling dd084c7d92a3: 100% ▕██████████████████▏ 8.4 KB                         [K
pulling b6ae5839783f: 100% ▕██████████████████▏  489 B                         [K
verifying sha256 digest ⠋ [K[?25h[?2026l[?2026h[?25l[A[A[A[A[1Gpulling manifest [K
pulling aeda25e63ebd: 100% ▕██████████████████▏ 3.3 GB                         [K
pulling dd084c7d92a3: 100% ▕██████████████████▏ 8.4 KB                         [K
pulling b6ae5839783f: 100% ▕██████████████████▏  489 B                         [K
verifying sha256 digest ⠙ [K[?25h[?2026l[?2026h[?25l[A[A[A[A[1Gpulling manifest [K
pulling aeda25e63ebd: 100% ▕██████████████████▏ 3.3 GB                         [K
pulling dd084c7d92a3: 100% ▕██████████████████▏ 8.4 KB                         [K
pulling b6ae5839783f: 100% ▕██████████████████▏  489 B                         [K
verifying sha256 digest ⠹ [K[?25h[?2026l[?2026h[?25l[A[A[A[A[1Gpulling manifest [K
pulling aeda25e63ebd: 100% ▕██████████████████▏ 3.3 GB                         [K
pulling dd084c7d92a3: 100% ▕██████████████████▏ 8.4 KB                         [K
pulling b6ae5839783f: 100% ▕██████████████████▏  489 B                         [K
verifying sha256 digest ⠸ [K[?25h[?2026l[?2026h[?25l[A[A[A[A[1Gpulling manifest [K
pulling aeda25e63ebd: 100% ▕██████████████████▏ 3.3 GB                         [K
pulling dd084c7d92a3: 100% ▕██████████████████▏ 8.4 KB                         [K
pulling b6ae5839783f: 100% ▕██████████████████▏  489 B                         [K
verifying sha256 digest ⠼ [K[?25h[?2026l[?2026h[?25l[A[A[A[A[1Gpulling manifest [K
pulling aeda25e63ebd: 100% ▕██████████████████▏ 3.3 GB                         [K
pulling dd084c7d92a3: 100% ▕██████████████████▏ 8.4 KB                         [K
pulling b6ae5839783f: 100% ▕██████████████████▏  489 B                         [K
verifying sha256 digest [K
writing manifest [K
success [K[?25h[?2026l
