
================================================================================
Article ID: MOH_752c6b6caf13cb0c | Attempt: 1
Error: API error: AttributeError: 'list' object has no attribute 'get'
Raw response (0 chars):

================================================================================

================================================================================
Article ID: MOH_752c6b6caf13cb0c | Attempt: 2
Error: API error: AttributeError: 'list' object has no attribute 'get'
Raw response (0 chars):

================================================================================

================================================================================
Article ID: MOH_752c6b6caf13cb0c | Attempt: 1
Error: Cannot extract valid JSON from response: line 1 column 1 (char 0)
Raw response (10928 chars):
{
"id": "MOH_752c6b6caf13cb0c",
"date_iso": "2026-07-16T00:00:00",
"full_text": "Sáng ngày 15/7/2026, từ điểm cầu TP. Hồ Chí Minh, PGS.TS Nguyễn Tri Thức, Thứ trưởng Bộ Y tế chủ trì hội nghị triển khai Chiến dịch 90 ngày làm sạch, làm giàu, chuẩn hóa dữ liệu của 12 cơ sở dữ liệu chuyên ngành y tế và Chiến dịch 100 ngày tạo lập, cập nhật sổ sức khỏe điện tử trên VNeID.\nThứ trưởng Bộ Y tế Nguyễn Tri Thức chủ trì hội nghị\nHội nghị diễn ra theo hình thức trực tiếp và trực tuyến, kết nối điểm cầu Bộ Y tế với hàng nghìn điểm cầu đơn vị y tế trên toàn quốc.\nÔng Nguyễn Trường Nam, Phó Giám đốc Trung tâm Thông tin Y tế Quốc gia điều hành\nTại hội nghị, đại biểu được hướng dẫn thực hiện Kế hoạch triển khai chiến dịch 90 ngày làm sạch, làm giàu, chuẩn hóa dữ liệu của 12 cơ sở dữ liệu chuyên ngành y tế. Theo kế hoạch, chiến dịch sẽ được triển khai từ tháng 7-9/2026 trên phạm vi toàn quốc nhằm rà soát, chuẩn hóa và duy trì dữ liệu của 12 cơ sở dữ liệu chuyên ngành, bảo đảm dữ liệu đáp ứng các tiêu chí: Đúng - Đủ - Sạch - Sống - Thống nhất - Dùng chung - Đồng bộ - Xuyên suốt. Bộ Y tế xác định đây là bước đi quan trọng nhằm nâng cao chất lượng dữ liệu phục vụ công tác quản lý nhà nước, chỉ đạo điều hành, cung cấp dịch vụ công, đồng thời tạo nền tảng để kết nối, chia sẻ và khai thác dữ liệu trong toàn ngành y tế cũng như liên thông với cơ sở dữ liệu quốc gia về dân cư, cơ sở dữ liệu tổng hợp quốc gia và Trung tâm Dữ liệu quốc gia theo quy định.\nĐại biểu thảo luận tại hội nghị\nCùng đó là nắm thông tin về Kế hoạch triển khai Chiến dịch 100 ngày tạo lập, cập nhật Sổ sức khỏe điện tử trên ứng dụng VNeID thông qua liên thông dữ liệu khám sức khỏe và khám bệnh, chữa bệnh. Theo Kế hoạch, mục tiêu trọng tâm là triển khai đồng bộ trên phạm vi toàn quốc việc kết nối, liên thông dữ liệu khám sức khỏe định kỳ, khám sàng lọc và các dữ liệu sức khỏe liên quan từ các cơ sở khám bệnh, chữa bệnh và Bảo hiểm xã hội Việt Nam lên Cổng dữ liệu sức khỏe của Bộ Y tế. Trên cơ sở đó, từng bước hình th
... [truncated, total 10928 chars]
================================================================================

================================================================================
Article ID: MOH_26e191aeb270e3e0 | Attempt: 1
Error: Cannot extract valid JSON from response: line 1 column 1 (char 0)
Raw response (5967 chars):
{
"id": "MOH_26e191aeb270e3e0",
"date_iso": "2026-07-15T00:00:00",
"full_text": "Một bé trai 8 tuổi mắc dị tật tai nhỏ bẩm sinh độ 3 kèm tịt hoàn toàn ống tai ngoài bên phải vừa được các bác sĩ Bệnh viện Đại học Y dược Thành phố Hồ Chí Minh phẫu thuật thành công, giúp cải thiện thính lực và lấy lại sự tự tin trong cuộc sống.\nÊ-kíp phẫu thuật tạo hình vành tai cho bệnh nhi.\nTheo thông tin từ Bệnh viện Đại học Y dược Thành phố Hồ Chí Minh, trước điều trị, em thường xuyên dùng tóc che phần tai dị tật, ngại giao tiếp và lo sợ bị bạn bè trêu chọc.\nSau khi thăm khám, các bác sĩ khoa Tai Mũi Họng đã thực hiện tạo hình ống tai trước, sau đó tạo hình vành tai bằng sụn sườn tự thân qua hai giai đoạn phẫu thuật.\nKết quả, bệnh nhi có vành tai mới với cấu trúc tương đối đầy đủ, đạt tính thẩm mỹ khoảng 80-90% so với tai lành. Sức nghe ở bên tai được tạo hình cũng cải thiện rõ rệt.\nBác sĩ đánh giá cấu trúc vành tai của bệnh nhi trước phẫu thuật.\nTrong lần tái khám gần đây, em đã cắt tóc ngắn gọn gàng, tự tin giao tiếp và không còn mặc cảm về ngoại hình.\nThạc sĩ, bác sĩ Lê Văn Vĩnh Quyền, khoa Tai Mũi Họng cho biết, dị tật tai nhỏ bẩm sinh không đơn thuần là vấn đề thẩm mỹ. Khoảng 90% trường hợp mắc dị tật này đi kèm bất thường ống tai ngoài và tai giữa, ảnh hưởng đến khả năng nghe của trẻ.\n“Dị tật tai nhỏ có thể tác động đến sức nghe, sự phát triển ngôn ngữ cũng như tâm lý của trẻ khi bước vào tuổi học đường. Vì vậy, trẻ cần được thăm khám tại cơ sở chuyên sâu để đánh giá toàn diện và có kế hoạch điều trị phù hợp”, bác sĩ Quyền nhấn mạnh.\nTheo các chuyên gia, ngay khi phát hiện trẻ có bất thường ở vành tai sau sinh, phụ huynh nên đưa trẻ đi kiểm tra để đánh giá mức độ dị tật, khảo sát chức năng nghe và tầm soát các bất thường liên quan.\nTạo hình khung vành tai cho bệnh nhi.\nĐối với trường hợp dị tật ở cả hai tai, nguy cơ chậm phát triển ngôn ngữ và rối loạn phát âm sẽ tăng lên nếu không được can thiệp kịp thời. Các bác sĩ cho biết, độ tuổi phù hợp để tạo hình vành tai t
... [truncated, total 5967 chars]
================================================================================

================================================================================
Article ID: MOH_41f0addf9810a54d | Attempt: 1
Error: Cannot extract valid JSON from response: line 1 column 1 (char 0)
Raw response (10514 chars):
{
"id": "MOH_41f0addf9810a54d",
"date_iso": "2026-07-15T00:00:00",
"full_text": "Cục Bà mẹ và Trẻ em, Bộ Y tế vừa có Công văn số 1388/BMTE-CS gửi Sở Y tế các tỉnh, thành phố; Các bệnh viện sản, nhi, bệnh viện đa khoa có khoa sản, khoa nhi trực thuộc Bộ Y tế về việc triển khai Tuần lễ thế giới nuôi con bằng sữa mẹ năm 2026.\nTừ 1/8 đến 7/8 hàng năm, Tuần lễ thế giới Nuôi con bằng sữa mẹ được các quốc gia trên toàn thế giới tổ chức nhằm khuyến khích, hỗ trợ và tăng cường việc nuôi con bằng sữa mẹ (NCBSM).\nBộ Y tế triển khai Tuần lễ thế giới nuôi con bằng sữa mẹ năm 2026\nVới chủ đề \"Nuôi con bằng sữa mẹ cho một khởi đầu bền vững: Phát huy những thực hành tốt sẵn có\", Tuần lễ Thế giới Nuôi con bằng sữa mẹ năm 2026 kêu gọi các quốc gia cùng nhìn lại tiến độ thực hiện các mục tiêu toàn cầu về dinh dưỡng, đánh giá tác động của việc nuôi con bằng sữa mẹ đối với dinh dưỡng, an ninh lương thực và giảm nghèo, đồng thời đẩy mạnh các giải pháp đã được chứng minh là hiệu quả nhằm bảo vệ, thúc đẩy và hỗ trợ nuôi con bằng sữa mẹ.\nĐể hưởng ứng Tuần lễ thế giới NCBSM năm 2026, Bộ Y tế đề nghị Sở Y tế các tỉnh, thành phố trực thuộc Trung ương tích cực triển khai Chương trình Mục tiêu quốc gia và Chương trình chăm sóc dinh dưỡng 1000 ngày đầu đời nhằm đảm bảo việc hỗ trợ NCBSM cho tất cả các bà mẹ, ưu tiên các bà mẹ thuộc vùng đồng bào dân tộc thiểu số và miền núi.\nCăn cứ điều kiện thực tế của địa phương, chỉ đạo các đơn vị y tế trên địa bàn triển khai các hoạt động thúc đẩy NCBSM. Các cơ sở khám, chữa bệnh có cung cấp dịch vụ khám, chữa bệnh chuyên ngành sản phụ khoa, nhi khoa, sản-nhi; cơ sở nghiên cứu dinh dưỡng hoặc tư vấn dinh dưỡng cho trẻ nhỏ:\nTuân thủ Nghị định số 100/2014/NĐ-CP ngày 6/11/2014 của Chính phủ về kinh doanh và sử dụng các sản phẩm dinh dưỡng dùng cho cho trẻ nhỏ, bình bú và vú ngậm nhân tạo. Phổ biến, quán triệt về các nội dung cơ bản của Nghị định số 100/2014/NĐ-CP đến thầy thuốc, nhân viên y tế tại các đơn vị.\nThực hiện Thông tư số 38/2016/TT-BYT ngày 31
... [truncated, total 10514 chars]
================================================================================

================================================================================
Article ID: MOH_b668f69a92054350 | Attempt: 1
Error: Cannot extract valid JSON from response: line 1 column 1 (char 0)
Raw response (6012 chars):
{
"id": "MOH_b668f69a92054350",
"date_iso": "2026-07-14T00:00:00",
"full_text": "Một phút chơi đùa giữa hai anh em đã khiến bé trai 6 tuổi phải nhập viện cấp cứu với viên bi sắt nằm sâu trong xoang bướm, chỉ cách các cấu trúc quan trọng vài milimet. Các bác sĩ cảnh báo súng cao su và đồ chơi có lực bắn mạnh có thể gây hậu quả khó lường.\nDị vật bi sắt được lấy ra sau ca phẫu thuật.\nBệnh viện Tai Mũi Họng Trung ương vừa tiếp nhận một bệnh nhi 6 tuổi, được chuyển từ tuyến dưới với chẩn đoán dị vật mũi xoang. Theo lời gia đình, trong lúc hai anh em chơi đùa, người anh đã dùng súng cao su bắn viên bi sắt vào mắt phải của em.\nSau khi tiếp nhận bệnh nhi, các bác sĩ đã thăm khám và chụp phim cắt lớp vi tính phát hiện viên bi không dừng lại ở ổ mắt mà nằm sâu trong xoang bướm - một xoang nằm ở vị trí rất sâu, sát nhiều cấu trúc quan trọng như dây thần kinh thị giác, động mạch cảnh trong và nền sọ.\nTheo chia sẻ của bác sĩ đã trực tiếp thăm khám và phẫu thuật cho bệnh nhi, chỉ cần tổn thương đi lệch đi vài milimet, hậu quả có thể là mất thị lực vĩnh viễn, chảy máu nặng hoặc biến chứng nội sọ nguy hiểm.\nTổn thương của bệnh nhi.\nTrước tình huống này, các bác sĩ đã nhanh chóng hội chẩn với chuyên khoa mắt đánh giá tình trạng tổn thương ở mắt và hội chẩn với lãnh đạo khoa quyết định phẫu thuật nội soi mũi xoang để tiếp cận xoang bướm và lấy dị vật. Đây là kỹ thuật hiện đại cho phép tiếp cận tổn thương qua đường mũi tự nhiên, giúp bác sĩ quan sát rõ cấu trúc giải phẫu và thao tác chính xác.\nTrong ca mổ các bác sĩ đã tiếp cận xoang bướm và lấy thành công viên bi sắt đường kính khoảng 0,5cm ra ngoài, đồng thời bảo tồn các cấu trúc quan trọng chung quanh. Sau phẫu thuật, bệnh nhi hồi phục tốt và tiếp tục được theo dõi.\nĐây là một kỹ thuật được triển khai thường xuyên tại Bệnh viện Tai Mũi Họng Trung ương, đem lại kết quả điều trị rất tốt, giảm các biến chứng, di chứng, giảm thời gian nằm viện sau phẫu thuật cho người bệnh.\nTrường hợp này là một lời cảnh báo mạnh mẽ về những n
... [truncated, total 6012 chars]
================================================================================

================================================================================
Article ID: MOH_2c47e055de3de2b8 | Attempt: 1
Error: Cannot extract valid JSON from response: line 1 column 1 (char 0)
Raw response (9432 chars):
{
"id": "MOH_2c47e055de3de2b8",
"date_iso": "2026-07-14T00:00:00",
"full_text": "Bộ Y tế vừa có văn bản gửi Sở Y tế các tỉnh, thành phố; Y tế các Bộ, ngành; Các Bệnh viện, Viện có giường bệnh trực thuộc Bộ Y tế; Bệnh viện thuộc các Trường đại học về việc hướng dẫn nội dung chuyên môn khám sức khoẻ định kỳ cho người dân.\nTại văn bản do GS.TS Trần Văn Thuấn - Thứ trưởng Bộ Y tế ký ban hành cho biết trong thời gian vừa qua, Bộ trưởng Bộ Y tế đã ban hành một số văn bản quy phạm pháp luật, hướng dẫn chuyên môn về khám sức khỏe và khám sức khoẻ định kỳ cho người dân theo độ tuổi và nhóm đối tượng người lao động thuộc các ngành, nghề đặc thù theo quy định của pháp luật để các đơn vị tổ chức khám sức khỏe định kỳ cho người dân.\nThứ trưởng Bộ Y tế Trần Văn Thuấn trò chuyện với người dân khám sức khoẻ định kỳ tại Huế.\nNgày 30/6/2026, Bộ trưởng Bộ Y tế ban hành Thông tư số 25/2026/TT-BYT sửa đổi, bổ sung một số điều của Thông tư số 01/2013/TT-BYT hướng dẫn thực hiện quản lý chất lượng xét nghiệm tại cơ sở khám bệnh, chữa bệnh, Thông tư số 32/2023/TT-BYT quy định chi tiết một số điều của Luật Khám bệnh, chữa bệnh, Thông tư số 23/2024/TT-BYT ban hành Danh mục kỹ thuật trong khám bệnh, chữa bệnh và Thông tư số 42/2025/TT-BYT quy định về tiêu chuẩn sức khỏe của người điều khiển phương tiện giao thông đường sắt, trong đó có nội dung quy định và hướng dẫn chuyên môn về khám sức khỏe định kỳ cho người dân.\nĐể tiếp tục tổ chức triển khai đồng bộ, thiết thực, hiệu quả công tác khám sức khỏe định kỳ cho người dân trên phạm vi toàn quốc, phấn đấu đạt mục tiêu người dân được khám sức khỏe định kỳ hoặc khám sàng lọc miễn phí ít nhất 01 lần/năm, được lập sổ sức khỏe điện tử để quản lý sức khỏe theo vòng đời từ năm 2026, Bộ Y tế đề nghị Thủ trưởng các đơn vị thực hiện khám sức khỏe định kỳ cho người dân theo hướng dẫn chuyên môn như sau:\nHồ sơ khám sức khỏe thực hiện theo quy định tại khoản 2, Điều 2 Thông tư số 25/2026/TT-BYT.\nNội dung khám sức khỏe thực hiện theo quy định tại khoản 3
... [truncated, total 9432 chars]
================================================================================

================================================================================
Article ID: MOH_b277be51a5fbd31d | Attempt: 1
Error: Cannot extract valid JSON from response: line 1 column 1 (char 0)
Raw response (6759 chars):
{
"id": "MOH_b277be51a5fbd31d",
"date_iso": "2026-07-14T00:00:00",
"full_text": "Sáng ngày 13/7/2026, tại trụ sở Bộ Y tế, Lãnh đạo Văn phòng Bộ tổ chức gặp mặt, giao nhiệm vụ cho các công chức mới trúng tuyển trong kỳ thi tuyển dụng công chức năm 2026. Đồng chí Đoàn Hữu Thiển , Chánh Văn phòng Bộ chủ trì buổi gặp mặt, cùng tham dự có các đồng chí lãnh đạo Văn phòng Bộ, lãnh đạo các Phòng thuộc Văn phòng Bộ có công chức mới, 09 công chức mới trúng tuyển.\nQuang cảnh buổi gặp mặt\nTrong kỳ thi tuyển dụng công chức năm 2026 của Văn Phòng Bộ, sau vòng thi Kiến thức chung, có 282 thí sinh đủ điều kiện tham dự vòng thi Chuyên ngành. Kết quả có 09 công chức trúng tuyển vào 08 vị trí việc làm tại 05 Phòng chuyên môn thuộc Văn phòng Bộ.\nCác công chức mới giới thiệu bản thân và vị trí trúng tuyển\nTại buổi gặp mặt, các công chức mới đã tự giới thiệu, làm quen với Lãnh đạo Văn phòng và các Phòng thuộc Văn phòng Bộ. Các đồng chí lãnh đạo các Phòng trao đổi, thông tin về chức năng, nhiệm vụ của cơ quan Văn phòng Bộ Y tế và của từng Phòng chuyên môn gắn với các vị trí việc làm cụ thể.\nĐại diện lãnh đạo các Phòng giới thiệu về Phòng và nhận công chức mới\nPhát biểu tại buổi gặp mặt, đồng chí Đoàn Hữu Thiển, Chánh Văn phòng Bộ bày tỏ vui mừng khi gặp mặt các công chức. Đồng chí đánh giá: Đây là những cá nhân xuất sắc và bản lĩnh, đã ôn tập nghiêm túc để trở thành công chức Văn phòng Bộ trong số 282 thí sinh tham dự cuộc thi. Hầu hết các công chức mới tuyển dụng đều đã và đang công tác tại các cơ quan, doanh nghiệp nên ít, nhiều đã có kinh nghiệm làm việc. Đồng chí Chánh Văn phòng Bộ cũng hi vọng các công chức mới sẽ mang lại làn gió mới, phát huy được năng lực, bản sắc cá nhân, thể hiện xứng đáng với kết quả đã đạt được. Đặc biệt, các công chức cần xác định: Công tác tại Văn phòng Bộ sẽ có những đặc thù riêng vì vậy cần phân bố công việc, thời gian hợp lý, nỗ lực vượt qua khó khăn để hoàn thành tốt nhiệm vụ; từng vị trí cần tích cực, chủ động tìm hiểu nội dung, yêu cầu, nghiên cứ
... [truncated, total 6759 chars]
================================================================================

================================================================================
Article ID: MOH_8e9f1913a8b96851 | Attempt: 1
Error: Cannot extract valid JSON from response: line 1 column 1 (char 0)
Raw response (14446 chars):
{
"id": "MOH_8e9f1913a8b96851",
"date_iso": "2026-07-13T00:00:00",
"full_text": "Sáng ngày 13/7/2026, tại Hà Nội, Bộ Y tế tổ chức Hội nghị trao Quyết định bổ nhiệm chức vụ Hiệu trưởng Trường đại học Y Hà Nội đối với Giáo sư, Tiến sĩ Nguyễn Hữu Tú.\nQuang cảnh Hội nghị công bố, trao Quyết định bổ nhiệm\nỦy viên Ban Chấp hành Trung ương Đảng, Bộ trưởng Bộ Y tế Đào Hồng Lan dự, trao Quyết định và phát biểu giao nhiệm vụ.\nTham dự có GS.TS Phạm Minh Khuê, Phó Bí thư Chuyên trách Đảng ủy Bộ Y tế; GS.TS Nguyễn Viết Tiến, nguyên Thứ trưởng Bộ Y tế, Phó Chủ tịch Thường trực Hội đồng Y khoa Quốc gia; đông đảo đại biểu đại diện các Cục, Vụ, Văn phòng Bộ Y tế, một số cơ quan thuộc Bộ, ngành Trung ương, các đơn vị, tổ chức trong nước và quốc tế; Ban Giám hiệu và cán bộ giảng viên trường Đại học Y Hà Nội.\nỦy viên Ban Chấp hành Trung ương Đảng, Bộ trưởng Bộ Y tế Đào Hồng Lan trao Quyết định bổ nhiệm chức vụ Hiệu trưởng Trường đại học Y Hà Nội đối với Giáo sư, Tiến sĩ Nguyễn Hữu Tú\nTheo Quyết định số 2032/ QĐ – BYT ngày 06/7/2026 của Bộ trưởng Bộ Y tế, thời gian giữ chức vụ Hiệu trưởng kể từ ngày Quyết định này có hiệu lực thi hành từ ngày ký cho đến thời điểm ông Nguyễn Hữu Tú đủ tuổi nghỉ hưu theo quy định.\nBộ trưởng Bộ Y tế Đào Hồng Lan phát biểu\nPhát biểu tại buổi lễ trao Quyết định, Bộ trưởng Bộ Y tế Đào Hồng Lan chúc mừng GS.TS.BS Nguyễn Hữu Tú đã được Trường Đại học Y Hà Nội tín nhiệm, đề xuất, được Ban Thường vụ Đảng ủy và Lãnh đạo Bộ Y tế tin tưởng tiếp tục giao trọng trách Hiệu trưởng nhà Trường, nhiệm kỳ 2026-2030. Đây không chỉ là niềm vinh dự của cá nhân đồng chí mà còn là trách nhiệm lớn lao trước Đảng, Nhà nước, Bộ Y tế, Nhà trường và xã hội.\nBộ trưởng nhấn mạnh, Trường Đại học Y Hà Nội là cơ sở đào tạo y khoa hàng đầu Việt Nam, với chức năng đào tạo nguồn nhân lực y tế chất lượng cao, nghiên cứu khoa học, khám chữa bệnh, hợp tác quốc tế và phục vụ cộng đồng. xứng đáng với vai trò trường trọng điểm quốc gia hướng đến thành Đại học Y Hà Nội trong nhóm hàng đầu C
... [truncated, total 14446 chars]
================================================================================

================================================================================
Article ID: MOH_9709756db255245a | Attempt: 1
Error: Cannot extract valid JSON from response: line 1 column 1 (char 0)
Raw response (14066 chars):
{
"id": "MOH_9709756db255245a",
"date_iso": "2026-07-13T00:00:00",
"full_text": "Sáng ngày 13/7/2026, tại Hà Nội, Bộ Y tế tổ chức Hội nghị công bố và trao Quyết định của Bộ trưởng Bộ Y tế về việc bổ nhiệm Hiệu trưởng Trường Đại học Dược Hà Nội.\nQuang cảnh buổi lễ trao Quyết định\nTS.BS Vũ Mạnh Hà, Ủy viên dự khuyết Ban Chấp hành Trung ương Đảng, Thứ trưởng thường trực Bộ Y tế dự, trao Quyết định và phát biểu giao nhiệm vụ\nTham dự có lãnh đạo các Cục, Vụ chức năng thuộc Bộ Y tế; đại diện lãnh đạo một số Bệnh viện, Trường, địa phương; các đồng chí trong Đảng ủy, Ban Giám hiệu, Ban chấp hành Công đoàn, Đoàn TN, Hội SV Trường; Trưởng, Phó trưởng các Khoa, Phòng, Trung tâm, Viện thuộc, trực thuộc Trường và toàn thể viên chức, người lao động Nhà trường, các đồng chí nguyên là Bí thư Đảng ủy, nguyên Hiệu trưởng Trường Đại học Dược Hà Nội.\nThứ trưởng Thường trực Bộ Y tế Vũ Mạnh Hà trao Quyết định bổ nhiệm Hiệu trưởng Trường Đại học Dược Hà Nội đối với GS.TS Nguyễn Hải Nam\nTại buổi lễ, thừa ủy quyền của Bộ trưởng Bộ Y tế, TS Nguyễn Hồng Sơn, Vụ trưởng Vụ Tổ chức Cán bộ đã công bố Quyết định số 2058/QĐ-BYT ngày 07/7/2026 về việc bổ nhiệm GS.TS. Nguyễn Hải Nam giữ chức vụ Hiệu trưởng Trường Đại học Dược Hà Nội.\nThứ trưởng Thường trực Bộ Y tế, TS.BS Vũ Mạnh Hà phát biểu.\nPhát biểu chỉ đạo và giao nhiệm vụ, Thứ trưởng Thường trực Bộ Y tế Vũ Mạnh Hà khẳng định, công tác cán bộ luôn được Đảng xác định là “then chốt của then chốt”, là nhân tố quyết định sự phát triển của mỗi cơ quan, đơn vị. Việc kiện toàn chức danh Hiệu trưởng Trường Đại học Dược Hà Nội lần này không chỉ bảo đảm sự lãnh đạo, điều hành liên tục của Nhà trường mà còn thể hiện sự quan tâm của Ban Thường vụ Đảng ủy và Lãnh đạo Bộ Y tế đối với việc xây dựng đội ngũ cán bộ lãnh đạo đủ phẩm chất, năng lực và uy tín, đáp ứng yêu cầu phát triển trong giai đoạn mới.\nTS.BS Vũ Mạnh Hà nhấn mạnh, GS.TS. Nguyễn Hải Nam là cán bộ được đào tạo bài bản, trưởng thành từ chính Trường Đại học Dược Hà Nội, đã trải qua nhiều vị 
... [truncated, total 14066 chars]
================================================================================

================================================================================
Article ID: MOH_9709756db255245a | Attempt: 2
Error: Cannot extract valid JSON from response: line 1 column 1 (char 0)
Raw response (13693 chars):
{
"id": "MOH_9709756db255245a",
"date_iso": "2026-07-13T00:00:00",
"full_text": "Sáng ngày 13/7/2026, tại Hà Nội, Bộ Y tế tổ chức Hội nghị công bố và trao Quyết định của Bộ trưởng Bộ Y tế về việc bổ nhiệm Hiệu trưởng Trường Đại học Dược Hà Nội.\nQuang cảnh buổi lễ trao Quyết định\nTS.BS Vũ Mạnh Hà, Ủy viên dự khuyết Ban Chấp hành Trung ương Đảng, Thứ trưởng thường trực Bộ Y tế dự, trao Quyết định và phát biểu giao nhiệm vụ\nTham dự có lãnh đạo các Cục, Vụ chức năng thuộc Bộ Y tế; đại diện lãnh đạo một số Bệnh viện, Trường, địa phương; các đồng chí trong Đảng ủy, Ban Giám hiệu, Ban chấp hành Công đoàn, Đoàn TN, Hội SV Trường; Trưởng, Phó trưởng các Khoa, Phòng, Trung tâm, Viện thuộc, trực thuộc Trường và toàn thể viên chức, người lao động Nhà trường, các đồng chí nguyên là Bí thư Đảng ủy, nguyên Hiệu trưởng Trường Đại học Dược Hà Nội.\nThứ trưởng Thường trực Bộ Y tế Vũ Mạnh Hà trao Quyết định bổ nhiệm Hiệu trưởng Trường Đại học Dược Hà Nội đối với GS.TS Nguyễn Hải Nam\nTại buổi lễ, thừa ủy quyền của Bộ trưởng Bộ Y tế, TS Nguyễn Hồng Sơn, Vụ trưởng Vụ Tổ chức Cán bộ đã công bố Quyết định số 2058/QĐ-BYT ngày 07/7/2026 về việc bổ nhiệm GS.TS. Nguyễn Hải Nam giữ chức vụ Hiệu trưởng Trường Đại học Dược Hà Nội.\nThứ trưởng Thường trực Bộ Y tế, TS.BS Vũ Mạnh Hà phát biểu.\nPhát biểu chỉ đạo và giao nhiệm vụ, Thứ trưởng Thường trực Bộ Y tế Vũ Mạnh Hà khẳng định, công tác cán bộ luôn được Đảng xác định là “then chốt của then chốt”, là nhân tố quyết định sự phát triển của mỗi cơ quan, đơn vị. Việc kiện toàn chức danh Hiệu trưởng Trường Đại học Dược Hà Nội lần này không chỉ bảo đảm sự lãnh đạo, điều hành liên tục của Nhà trường mà còn thể hiện sự quan tâm của Ban Thường vụ Đảng ủy và Lãnh đạo Bộ Y tế đối với việc xây dựng đội ngũ cán bộ lãnh đạo đủ phẩm chất, năng lực và uy tín, đáp ứng yêu cầu phát triển trong giai đoạn mới.\nTS.BS Vũ Mạnh Hà nhấn mạnh, GS.TS. Nguyễn Hải Nam là cán bộ được đào tạo bài bản, trưởng thành từ chính Trường Đại học Dược Hà Nội, đã trải qua nhiều vị 
... [truncated, total 13693 chars]
================================================================================

================================================================================
Article ID: MOH_9709756db255245a | Attempt: 3
Error: Cannot extract valid JSON from response: line 1 column 1 (char 0)
Raw response (13588 chars):
{
"id": "MOH_9709756db255245a",
"date_iso": "2026-07-13T00:00:00",
"full_text": "Sáng ngày 13/7/2026, tại Hà Nội, Bộ Y tế tổ chức Hội nghị công bố và trao Quyết định của Bộ trưởng Bộ Y tế về việc bổ nhiệm Hiệu trưởng Trường Đại học Dược Hà Nội.\nQuang cảnh buổi lễ trao Quyết định\nTS.BS Vũ Mạnh Hà, Ủy viên dự khuyết Ban Chấp hành Trung ương Đảng, Thứ trưởng thường trực Bộ Y tế dự, trao Quyết định và phát biểu giao nhiệm vụ\nTham dự có lãnh đạo các Cục, Vụ chức năng thuộc Bộ Y tế; đại diện lãnh đạo một số Bệnh viện, Trường, địa phương; các đồng chí trong Đảng ủy, Ban Giám hiệu, Ban chấp hành Công đoàn, Đoàn TN, Hội SV Trường; Trưởng, Phó trưởng các Khoa, Phòng, Trung tâm, Viện thuộc, trực thuộc Trường và toàn thể viên chức, người lao động Nhà trường, các đồng chí nguyên là Bí thư Đảng ủy, nguyên Hiệu trưởng Trường Đại học Dược Hà Nội.\nThứ trưởng Thường trực Bộ Y tế Vũ Mạnh Hà trao Quyết định bổ nhiệm Hiệu trưởng Trường Đại học Dược Hà Nội đối với GS.TS Nguyễn Hải Nam\nTại buổi lễ, thừa ủy quyền của Bộ trưởng Bộ Y tế, TS Nguyễn Hồng Sơn, Vụ trưởng Vụ Tổ chức Cán bộ đã công bố Quyết định số 2058/QĐ-BYT ngày 07/7/2026 về việc bổ nhiệm GS.TS. Nguyễn Hải Nam giữ chức vụ Hiệu trưởng Trường Đại học Dược Hà Nội.\nThứ trưởng Thường trực Bộ Y tế, TS.BS Vũ Mạnh Hà phát biểu.\nPhát biểu chỉ đạo và giao nhiệm vụ, Thứ trưởng Thường trực Bộ Y tế Vũ Mạnh Hà khẳng định, công tác cán bộ luôn được Đảng xác định là “then chốt của then chốt”, là nhân tố quyết định sự phát triển của mỗi cơ quan, đơn vị. Việc kiện toàn chức danh Hiệu trưởng Trường Đại học Dược Hà Nội lần này không chỉ bảo đảm sự lãnh đạo, điều hành liên tục của Nhà trường mà còn thể hiện sự quan tâm của Ban Thường vụ Đảng ủy và Lãnh đạo Bộ Y tế đối với việc xây dựng đội ngũ cán bộ lãnh đạo đủ phẩm chất, năng lực và uy tín, đáp ứng yêu cầu phát triển trong giai đoạn mới.\nTS.BS Vũ Mạnh Hà nhấn mạnh, GS.TS. Nguyễn Hải Nam là cán bộ được đào tạo bài bản, trưởng thành từ chính Trường Đại học Dược Hà Nội, đã trải qua nhiều vị 
... [truncated, total 13588 chars]
================================================================================

================================================================================
Article ID: MOH_9709756db255245a | Attempt: 4
Error: Cannot extract valid JSON from response: line 1 column 1 (char 0)
Raw response (13520 chars):
{
"id": "MOH_9709756db255245a",
"date_iso": "2026-07-13T00:00:00",
"full_text": "Sáng ngày 13/7/2026, tại Hà Nội, Bộ Y tế tổ chức Hội nghị công bố và trao Quyết định của Bộ trưởng Bộ Y tế về việc bổ nhiệm Hiệu trưởng Trường Đại học Dược Hà Nội.\nQuang cảnh buổi lễ trao Quyết định\nTS.BS Vũ Mạnh Hà, Ủy viên dự khuyết Ban Chấp hành Trung ương Đảng, Thứ trưởng thường trực Bộ Y tế dự, trao Quyết định và phát biểu giao nhiệm vụ\nTham dự có lãnh đạo các Cục, Vụ chức năng thuộc Bộ Y tế; đại diện lãnh đạo một số Bệnh viện, Trường, địa phương; các đồng chí trong Đảng ủy, Ban Giám hiệu, Ban chấp hành Công đoàn, Đoàn TN, Hội SV Trường; Trưởng, Phó trưởng các Khoa, Phòng, Trung tâm, Viện thuộc, trực thuộc Trường và toàn thể viên chức, người lao động Nhà trường, các đồng chí nguyên là Bí thư Đảng ủy, nguyên Hiệu trưởng Trường Đại học Dược Hà Nội.\nThứ trưởng Thường trực Bộ Y tế Vũ Mạnh Hà trao Quyết định bổ nhiệm Hiệu trưởng Trường Đại học Dược Hà Nội đối với GS.TS Nguyễn Hải Nam\nTại buổi lễ, thừa ủy quyền của Bộ trưởng Bộ Y tế, TS Nguyễn Hồng Sơn, Vụ trưởng Vụ Tổ chức Cán bộ đã công bố Quyết định số 2058/QĐ-BYT ngày 07/7/2026 về việc bổ nhiệm GS.TS. Nguyễn Hải Nam giữ chức vụ Hiệu trưởng Trường Đại học Dược Hà Nội.\nThứ trưởng Thường trực Bộ Y tế, TS.BS Vũ Mạnh Hà phát biểu.\nPhát biểu chỉ đạo và giao nhiệm vụ, Thứ trưởng Thường trực Bộ Y tế Vũ Mạnh Hà khẳng định, công tác cán bộ luôn được Đảng xác định là “then chốt của then chốt”, là nhân tố quyết định sự phát triển của mỗi cơ quan, đơn vị. Việc kiện toàn chức danh Hiệu trưởng Trường Đại học Dược Hà Nội lần này không chỉ bảo đảm sự lãnh đạo, điều hành liên tục của Nhà trường mà còn thể hiện sự quan tâm của Ban Thường vụ Đảng ủy và Lãnh đạo Bộ Y tế đối với việc xây dựng đội ngũ cán bộ lãnh đạo đủ phẩm chất, năng lực và uy tín, đáp ứng yêu cầu phát triển trong giai đoạn mới.\nTS.BS Vũ Mạnh Hà nhấn mạnh, GS.TS. Nguyễn Hải Nam là cán bộ được đào tạo bài bản, trưởng thành từ chính Trường Đại học Dược Hà Nội, đã trải qua nhiều vị 
... [truncated, total 13520 chars]
================================================================================

================================================================================
Article ID: MOH_fa43162b0ba32574 | Attempt: 1
Error: Cannot extract valid JSON from response: line 1 column 1 (char 0)
Raw response (7598 chars):
{
"id": "MOH_fa43162b0ba32574",
"date_iso": "2026-07-13T00:00:00",
"full_text": "Sáng 12/7, tại Trạm Y tế phường Đồng Hới, Ủy ban nhân dân tỉnh Quảng Trị tổ chức lễ phát động chiến dịch cao điểm khám sức khỏe định kỳ và khám sàng lọc cho người dân toàn tỉnh năm 2026. Phó Chủ tịch Ủy ban nhân dân tỉnh Hoàng Xuân Tân và lãnh đạo các ngành, địa phương và bà con nhân dân Đồng Hới đến dự.\nQuang cảnh lễ phát động chiến dịch cao điểm khám sức khỏe định kỳ và khám sàng lọc cho người dân tỉnh Quảng Trị năm 2026,\nPhát biểu tại lễ phát động, Giám đốc Sở Y tế Quảng Trị Diệp Thị Minh Quyết nhấn mạnh, thực hiện Nghị quyết số 72 của Bộ Chính trị về tăng cường bảo vệ, chăm sóc và nâng cao sức khỏe nhân dân trong tình hình mới; đồng thời cụ thể hóa mục tiêu chuyển đổi số quốc gia theo Nghị quyết 57 của Bộ Chính trị, tỉnh Quảng Trị xác định, chăm sóc sức khỏe nhân dân không chỉ là nhiệm vụ của ngành y tế, mà là trách nhiệm của cả hệ thống chính trị và toàn xã hội.\nTrong đó, chiến dịch khám sức khỏe định kỳ năm 2026 mang ý nghĩa nhân văn sâu sắc và có quy mô lớn. Ngay sau lễ phát động, ngành y tế Quảng Trị phối hợp với ngành và các địa phương ưu tiên khám sức khỏe định kỳ và khám sàng lọc cho người dân cho hơn 90.000 người người có công với cách mạng, người khuyết tật.\nKết quả khám của các đối tượng lần này sẽ được cập nhật lên hệ thống Sổ sức khỏe điện tử trên ứng dụng VneID, để mỗi người dân Quảng Trị có một “trợ lý sức khỏe số” để có thể chăm sóc sức khỏe chủ động; giúp các bác sĩ theo dõi lịch sử bệnh lý một cách xuyên suốt, chính xác dù người dân đi khám ở bất cứ đâu.\nPhó Chủ tịch Ủy ban nhân dân tỉnh Quảng Trị Hoàng Xuân Tân (thứ 3 từ trái qua, hàng đứng) và lãnh đạo ngành y tế kiểm tra công tác khám bệnh cho người dân tại phường Đồng Hới.\nSau ngày 30/8/2026, tỉnh Quảng Trị sẽ triển khai khám sức khỏe định kỳ và khám sàng lọc cho rộng rãi cho người dân theo lộ trình với quyết tâm để mọi người dân đều được tiếp cận dịch vụ tầm soát sức khỏe chất lượng ngay tại cơ sở.\nĐể ch
... [truncated, total 7598 chars]
================================================================================

================================================================================
Article ID: MOH_fa43162b0ba32574 | Attempt: 2
Error: Cannot extract valid JSON from response: line 1 column 1 (char 0)
Raw response (7586 chars):
{
"id": "MOH_fa43162b0ba32574",
"date_iso": "2026-07-13T00:00:00",
"full_text": "Sáng 12/7, tại Trạm Y tế phường Đồng Hới, Ủy ban nhân dân tỉnh Quảng Trị tổ chức lễ phát động chiến dịch cao điểm khám sức khỏe định kỳ và khám sàng lọc cho người dân toàn tỉnh năm 2026. Phó Chủ tịch Ủy ban nhân dân tỉnh Hoàng Xuân Tân và lãnh đạo các ngành, địa phương và bà con nhân dân Đồng Hới đến dự.\nQuang cảnh lễ phát động chiến dịch cao điểm khám sức khỏe định kỳ và khám sàng lọc cho người dân tỉnh Quảng Trị năm 2026,\nPhát biểu tại lễ phát động, Giám đốc Sở Y tế Quảng Trị Diệp Thị Minh Quyết nhấn mạnh, thực hiện Nghị quyết số 72 của Bộ Chính trị về tăng cường bảo vệ, chăm sóc và nâng cao sức khỏe nhân dân trong tình hình mới; đồng thời cụ thể hóa mục tiêu chuyển đổi số quốc gia theo Nghị quyết 57 của Bộ Chính trị, tỉnh Quảng Trị xác định, chăm sóc sức khỏe nhân dân không chỉ là nhiệm vụ của ngành y tế, mà là trách nhiệm của cả hệ thống chính trị và toàn xã hội.\nTrong đó, chiến dịch khám sức khỏe định kỳ năm 2026 mang ý nghĩa nhân văn sâu sắc và có quy mô lớn. Ngay sau lễ phát động, ngành y tế Quảng Trị phối hợp với ngành và các địa phương ưu tiên khám sức khỏe định kỳ và khám sàng lọc cho người dân cho hơn 90.000 người người có công với cách mạng, người khuyết tật.\nKết quả khám của các đối tượng lần này sẽ được cập nhật lên hệ thống Sổ sức khỏe điện tử trên ứng dụng VneID, để mỗi người dân Quảng Trị có một “trợ lý sức khỏe số” để có thể chăm sóc sức khỏe chủ động; giúp các bác sĩ theo dõi lịch sử bệnh lý một cách xuyên suốt, chính xác dù người dân đi khám ở bất cứ đâu.\nPhó Chủ tịch Ủy ban nhân dân tỉnh Quảng Trị Hoàng Xuân Tân (thứ 3 từ trái qua, hàng đứng) và lãnh đạo ngành y tế kiểm tra công tác khám bệnh cho người dân tại phường Đồng Hới.\nSau ngày 30/8/2026, tỉnh Quảng Trị sẽ triển khai khám sức khỏe định kỳ và khám sàng lọc cho rộng rãi cho người dân theo lộ trình với quyết tâm để mọi người dân đều được tiếp cận dịch vụ tầm soát sức khỏe chất lượng ngay tại cơ sở.\nĐể ch
... [truncated, total 7586 chars]
================================================================================

================================================================================
Article ID: MOH_e608f6287ec827cb | Attempt: 1
Error: Cannot extract valid JSON from response: line 1 column 1 (char 0)
Raw response (7695 chars):
{
"id": "MOH_e608f6287ec827cb",
"date_iso": "2026-07-12T00:00:00",
"full_text": "Thứ trưởng Bộ Y tế Đỗ Xuân Tuyên vừa ký ban hành Thông tư 30/2026/TT-BYT Hướng dẫn nội dung, cách ghi thành phần dinh dưỡng, giá trị dinh dưỡng trên nhãn thực phẩm.\nThông tư này hướng dẫn nội dung, cách ghi thành phần dinh dưỡng, giá trị dinh dưỡng và lộ trình thực hiện đối với thực phẩm bao gói sẵn được sản xuất, nhập khẩu, kinh doanh, lưu thông tại Việt Nam.\nBộ Y tế nêu rõ, Thông tư 30 không điều chỉnh đối với nguyên liệu, thực phẩm sau đây:\nNguyên liệu, thực phẩm không bán trực tiếp cho người tiêu dùng, bao gồm cả đá thực phẩm;\nThực phẩm có một thành phần nguyên liệu duy nhất;\nNước khoáng thiên nhiên, nước uống đóng chai (bao gồm cả loại chỉ bổ sung CO2 và/hoặc hương liệu);\nMuối thực phẩm, muối tinh;\nGiấm ăn và các chất thay thế cho giấm bao gồm cả loại chỉ bổ sung hương liệu;\nHương liệu, phụ gia, chất hỗ trợ chế biến thực phẩm;\nMen (enzym) thực phẩm;\nChè, cà phê không chứa thành phần bổ sung khác trừ phẩm màu, hương liệu;\nThực phẩm bảo vệ sức khỏe;\nĐồ uống có cồn;\nThực phẩm quy định tại điểm e khoản 2 Điều 35 Nghị định số 37/2026/NĐ-CP của Chính phủ quy định chi tiết một số điều và biện pháp để tổ chức, hướng dẫn thi hành Luật Chất lượng sản phẩm, hàng hóa và thực phẩm quy định tại khoản 1, khoản 2 Điều 25 Nghị định số 15/2018/NĐ-CP của Chính phủ quy định chi tiết thi hành một số điều của Luật An toàn thực phẩm;\nThực phẩm do cơ sở kinh doanh thực phẩm nhỏ lẻ sản xuất quy định tại khoản 10 Điều 3 Nghị định số 15/2018/NĐ-CP.\nTheo khoản 1 Điều 5 Thông tư 30/2026/TT-BYT, thực phẩm sản xuất, nhập khẩu, kinh doanh, lưu thông tại Việt Nam phải ghi các thành phần dinh dưỡng sau:\nNăng lượng;\nChất đạm (Protein);\nCarbohydrat;\nChất béo;\nNatri.\nThông tư 30/2026/TT-BYT của Bộ Y tế hướng dẫn nội dung, cách ghi thành phần dinh dưỡng, giá trị dinh dưỡng và lộ trình thực hiện đối với thực phẩm bao gói sẵn được sản xuất, nhập khẩu, kinh doanh, lưu thông tại Việt Nam.\nNgoài 05 thà
... [truncated, total 7695 chars]
================================================================================

================================================================================
Article ID: MOH_2726605dbff42dbe | Attempt: 1
Error: Cannot extract valid JSON from response: line 1 column 1 (char 0)
Raw response (10222 chars):
{
"id": "MOH_2726605dbff42dbe",
"date_iso": "2026-07-12T00:00:00",
"full_text": "Hội nghị Khoa học Thầy thuốc trẻ Bệnh viện K năm 2026 ghi nhận 55 công trình nghiên cứu với nhiều hướng tiếp cận mới như trí tuệ nhân tạo (AI), chuyển đổi số, y học chính xác, các kỹ thuật điều trị tiên tiến. The các chuyên gia đây không chỉ là diễn đàn học thuật mà còn góp phần thúc đẩy đổi đổi mới sáng tạo...\nLan tỏa tinh thần nghiên cứu khoa học trong đội ngũ thầy thuốc trẻ\nNgày 10/7, Bệnh viện K tổ chức Chương trình Tổng kết và Trao giải Hội nghị Khoa học và Công nghệ Tuổi trẻ Bệnh viện K năm 2026 nhằm đánh giá kết quả hội nghị, đồng thời tôn vinh các công trình nghiên cứu tiêu biểu của đội ngũ cán bộ trẻ đang công tác tại bệnh viện.\nGS.TS Lê Văn Quảng, Giám đốc Bệnh viện K phát biểu.\nDiễn ra trong hai ngày 8–9/7/2026, Hội nghị Khoa học Thầy thuốc trẻ Bệnh viện K quy tụ 55 báo cáo khoa học, trong đó có 20 báo cáo trình bày bằng tiếng Anh, được đánh giá tại 6 hội đồng chuyên môn gồm Ngoại khoa, Nội khoa, Xạ trị, Cận lâm sàng, Y tế công cộng và Điều dưỡng.\nNhiều công trình tập trung vào các hướng nghiên cứu mới như ứng dụng trí tuệ nhân tạo (AI), chuyển đổi số trong quản lý bệnh viện, y học chính xác và các kỹ thuật điều trị ung thư tiên tiến. Đây là minh chứng cho tư duy nghiên cứu đổi mới, khả năng tiếp cận các xu hướng y học hiện đại cũng như tinh thần hội nhập quốc tế của đội ngũ thầy thuốc trẻ Bệnh viện K.\nKhông chỉ là nơi công bố các kết quả nghiên cứu mới, hội nghị còn tạo diễn đàn để các bác sĩ trẻ trao đổi kinh nghiệm, cập nhật kiến thức chuyên môn và tăng cường hợp tác nghiên cứu giữa các chuyên ngành.\nTS Nguyễn Hữu Tú, Phó Chủ tịch Thường trực kiêm Tổng Thư ký Hội Thầy thuốc trẻ Việt Nam phát biểu.\nNghiên cứu khoa học phải bắt đầu từ người bệnh\nPhát biểu tại hội nghị, GS.TS Lê Văn Quảng, Giám đốc Bệnh viện K, khẳng định nghiên cứu khoa học không chỉ là nhiệm vụ chuyên môn mà còn là nền tảng quan trọng để nâng cao chất lượng điều trị, phát triển nguồn nhân lực chất 
... [truncated, total 10222 chars]
================================================================================

================================================================================
Article ID: MOH_d9a30b9328baeb8d | Attempt: 1
Error: Cannot extract valid JSON from response: line 1 column 1 (char 0)
Raw response (11391 chars):
{
"id": "MOH_d9a30b9328baeb8d",
"date_iso": "2026-07-12T00:00:00",
"full_text": "Sáng ngày 11/7/2026, tại tỉnh Ninh Bình, Bộ Y tế tổ chức Hội nghị công bố Quyết định của Bộ trưởng Bộ Y tế bổ nhiệm Hiệu trưởng trường Đại học Điều dưỡng Nam Định đối với TTND.TS.BS. Trương Tuấn Anh.\nQuang cảnh hội nghị trao Quyết định\nTS.BS Vũ Mạnh Hà, Ủy viên dự khuyết Ban Chấp hành Trung ương Đảng, Thứ trưởng Thường trực Bộ Y tế dự, trao Quyết định và phát biểu tại hội nghị.\nTham dự có đồng chí Phạm Minh Khuê, Phó Bí thư Chuyên trách Đảng ủy Bộ Y tế; Đại diện lãnh đạo một số Cục, Vụ thuộc Bộ Y tế; đại diện lãnh đạo các trường đại học, cao đẳng trực thuộc Bộ Y tế khu vực miền Bắc; đại diện các bệnh viện thực hành của Nhà trường; Cùng tập thể lãnh đạo Ban Giám hiệu, các đơn vị, các tổ chức đoàn thể; cùng toàn thể viên chức, người lao động và sinh viên nhà trường.\nThứ trưởng Thường trực Bộ Y tế Vũ Mạnh Hà trao Quyết định bổ nhiệm, chức vụ Hiệu trưởng Trường Đại học Điều dưỡng Nam Định.\nTại buổi lễ, thừa ủy quyền của Bộ trưởng Bộ Y tế, TS. Lại Vũ Kim, Phó Vụ trưởng Vụ Tổ chức Cán bộ, Bộ Y tế công bố Quyết định số 2038/QĐ-BYT ngày 6/7/2026 của Bộ trưởng Bộ Y tế về việc bổ nhiệm TTND.TS.BS Trương Tuấn Anh giữ chức vụ Hiệu trưởng Trường Đại học Điều dưỡng Nam Định. Thời gian giữ chức vụ hiệu trưởng kể từ ngày Quyết định có hiệu lực thi hành cho đến thời điểm ông Trương Tuấn Anh đủ tuổi nghỉ hưu theo quy định. Quyết định có hiệu lực kể từ ngày ký, ban hành.\nThứ trưởng Thường trực Bộ Y tế Vũ Mạnh Hà phát biểu chúc mừng\nPhát biểu tại hội nghị, Thứ trưởng Thường trực Bộ Y tế Vũ Mạnh Hà chúc mừng Thầy thuốc nhân dân, TS.BS Trương Tuấn Anh đã được Ban Thường vụ Đảng ủy và Lãnh đạo Bộ Y tế tin tưởng bổ nhiệm giữ chức vụ Hiệu trưởng Trường Đại học Điều dưỡng Nam Định. Đồng thời, ghi nhận, biểu dương và đánh giá cao những kết quả mà Nhà trường đã đạt được trong thời gian qua; những thành quả đó đã góp phần quan trọng vào sự phát triển nguồn nhân lực y tế và nâng cao chất lượng chăm sóc sức kh
... [truncated, total 11391 chars]
================================================================================

================================================================================
Article ID: MOH_746bad5d2afbdb25 | Attempt: 1
Error: Cannot extract valid JSON from response: line 1 column 1 (char 0)
Raw response (8993 chars):
{
"id": "MOH_746bad5d2afbdb25",
"date_iso": "2026-07-11T00:00:00",
"full_text": "Sáng ngày 10/7/2026, tại Thành phố Đà Nẵng, Văn phòng bộ Y tế tổ chức khai mạc Lớp tập huấn nâng cao năng lực công tác văn thư lưu trữ trong ngành Y tế năm 2026.\nTS.BS.Vũ Mạnh Hà, Ủy viên dự khuyết Ban chấp hành Trung ương Đảng, Phó Bí thư Thường trực Đảng ủy, Thứ trưởng Thường trực Bộ Y tế dự và chỉ đạo Lớp tập huấn.\nTham dự có TS.BS. Đoàn Hữu Thiển, Chánh Văn phòng Bộ Y tế ; trên 200 đại biểu là lãnh đạo, cán bộ, công chức, viên chức trực tiếp làm công tác văn thư, lưu trữ tại các đơn vị thuộc và trực thuộc Bộ Y tế, thuộc Sở Y tế Đà Nẵng và các trường Đại học trong ngành Y tế.\nTS.BS.Vũ Mạnh Hà, Thứ trưởng Thường trực Bộ Y tế phát biểu chỉ đạo tại lớp tập huấn\nPhát biểu khai mạc và chỉ đạo lớp tập huấn, đồng chí Vũ Mạnh Hà, Thứ trưởng Thường trực Bộ Y tế nhấn mạnh: Trong bối cảnh Đảng, Nhà nước đang quyết liệt triển khai các chủ trương lớn về cải cách hành chính, xây dựng Chính phủ số, phát triển khoa học, công nghệ, đổi mới sáng tạo và chuyển đổi số quốc gia, công tác văn thư, lưu trữ ngày càng khẳng định vai trò quan trọng trong bảo đảm thông tin phục vụ lãnh đạo, chỉ đạo, điều hành; bảo đảm tính pháp lý, tính liên tục của hoạt động quản lý nhà nước và hình thành nguồn dữ liệu phục vụ phát triển Chính phủ số, xã hội số.\nĐối với ngành Y tế, đây là lĩnh vực quản lý khối lượng lớn hồ sơ, tài liệu chuyên ngành, có yêu cầu cao về tính chính xác, bảo mật và khả năng khai thác, sử dụng lâu dài. Vì vậy, đổi mới công tác văn thư, lưu trữ không chỉ là yêu cầu thực hiện đúng quy định của pháp luật mà còn là yêu cầu cấp thiết nhằm nâng cao chất lượng quản trị, hiệu lực, hiệu quả hoạt động của các cơ quan, đơn vị trong toàn ngành. Việc Quốc hội ban hành Luật Lưu trữ năm 2025 cùng các văn bản hướng dẫn thi hành đã tạo cơ sở pháp lý quan trọng để đổi mới toàn diện công tác văn thư, lưu trữ theo hướng hiện đại, tăng cường quản lý tài liệu điện tử, lập hồ sơ điện tử và số hóa tài liệu. Điều đó c
... [truncated, total 8993 chars]
================================================================================

================================================================================
Article ID: MOH_746bad5d2afbdb25 | Attempt: 2
Error: Cannot extract valid JSON from response: line 1 column 1 (char 0)
Raw response (9361 chars):
{
"id": "MOH_746bad5d2afbdb25",
"date_iso": "2026-07-11T00:00:00",
"full_text": "Sáng ngày 10/7/2026, tại Thành phố Đà Nẵng, Văn phòng bộ Y tế tổ chức khai mạc Lớp tập huấn nâng cao năng lực công tác văn thư lưu trữ trong ngành Y tế năm 2026.\nTS.BS.Vũ Mạnh Hà, Ủy viên dự khuyết Ban chấp hành Trung ương Đảng, Phó Bí thư Thường trực Đảng ủy, Thứ trưởng Thường trực Bộ Y tế dự và chỉ đạo Lớp tập huấn.\nTham dự có TS.BS. Đoàn Hữu Thiển, Chánh Văn phòng Bộ Y tế ; trên 200 đại biểu là lãnh đạo, cán bộ, công chức, viên chức trực tiếp làm công tác văn thư, lưu trữ tại các đơn vị thuộc và trực thuộc Bộ Y tế, thuộc Sở Y tế Đà Nẵng và các trường Đại học trong ngành Y tế.\nTS.BS.Vũ Mạnh Hà, Thứ trưởng Thường trực Bộ Y tế phát biểu chỉ đạo tại lớp tập huấn\nPhát biểu khai mạc và chỉ đạo lớp tập huấn, đồng chí Vũ Mạnh Hà, Thứ trưởng Thường trực Bộ Y tế nhấn mạnh: Trong bối cảnh Đảng, Nhà nước đang quyết liệt triển khai các chủ trương lớn về cải cách hành chính, xây dựng Chính phủ số, phát triển khoa học, công nghệ, đổi mới sáng tạo và chuyển đổi số quốc gia, công tác văn thư, lưu trữ ngày càng khẳng định vai trò quan trọng trong bảo đảm thông tin phục vụ lãnh đạo, chỉ đạo, điều hành; bảo đảm tính pháp lý, tính liên tục của hoạt động quản lý nhà nước và hình thành nguồn dữ liệu phục vụ phát triển Chính phủ số, xã hội số.\nĐối với ngành Y tế, đây là lĩnh vực quản lý khối lượng lớn hồ sơ, tài liệu chuyên ngành, có yêu cầu cao về tính chính xác, bảo mật và khả năng khai thác, sử dụng lâu dài. Vì vậy, đổi mới công tác văn thư, lưu trữ không chỉ là yêu cầu thực hiện đúng quy định của pháp luật mà còn là yêu cầu cấp thiết nhằm nâng cao chất lượng quản trị, hiệu lực, hiệu quả hoạt động của các cơ quan, đơn vị trong toàn ngành. Việc Quốc hội ban hành Luật Lưu trữ năm 2025 cùng các văn bản hướng dẫn thi hành đã tạo cơ sở pháp lý quan trọng để đổi mới toàn diện công tác văn thư, lưu trữ theo hướng hiện đại, tăng cường quản lý tài liệu điện tử, lập hồ sơ điện tử và số hóa tài liệu. Điều đó c
... [truncated, total 9361 chars]
================================================================================

================================================================================
Article ID: MOH_746bad5d2afbdb25 | Attempt: 3
Error: Cannot extract valid JSON from response: line 1 column 1 (char 0)
Raw response (8952 chars):
{
"id": "MOH_746bad5d2afbdb25",
"date_iso": "2026-07-11T00:00:00",
"full_text": "Sáng ngày 10/7/2026, tại Thành phố Đà Nẵng, Văn phòng bộ Y tế tổ chức khai mạc Lớp tập huấn nâng cao năng lực công tác văn thư lưu trữ trong ngành Y tế năm 2026.\nTS.BS.Vũ Mạnh Hà, Ủy viên dự khuyết Ban chấp hành Trung ương Đảng, Phó Bí thư Thường trực Đảng ủy, Thứ trưởng Thường trực Bộ Y tế dự và chỉ đạo Lớp tập huấn.\nTham dự có TS.BS. Đoàn Hữu Thiển, Chánh Văn phòng Bộ Y tế ; trên 200 đại biểu là lãnh đạo, cán bộ, công chức, viên chức trực tiếp làm công tác văn thư, lưu trữ tại các đơn vị thuộc và trực thuộc Bộ Y tế, thuộc Sở Y tế Đà Nẵng và các trường Đại học trong ngành Y tế.\nTS.BS.Vũ Mạnh Hà, Thứ trưởng Thường trực Bộ Y tế phát biểu chỉ đạo tại lớp tập huấn\nPhát biểu khai mạc và chỉ đạo lớp tập huấn, đồng chí Vũ Mạnh Hà, Thứ trưởng Thường trực Bộ Y tế nhấn mạnh: Trong bối cảnh Đảng, Nhà nước đang quyết liệt triển khai các chủ trương lớn về cải cách hành chính, xây dựng Chính phủ số, phát triển khoa học, công nghệ, đổi mới sáng tạo và chuyển đổi số quốc gia, công tác văn thư, lưu trữ ngày càng khẳng định vai trò quan trọng trong bảo đảm thông tin phục vụ lãnh đạo, chỉ đạo, điều hành; bảo đảm tính pháp lý, tính liên tục của hoạt động quản lý nhà nước và hình thành nguồn dữ liệu phục vụ phát triển Chính phủ số, xã hội số.\nĐối với ngành Y tế, đây là lĩnh vực quản lý khối lượng lớn hồ sơ, tài liệu chuyên ngành, có yêu cầu cao về tính chính xác, bảo mật và khả năng khai thác, sử dụng lâu dài. Vì vậy, đổi mới công tác văn thư, lưu trữ không chỉ là yêu cầu thực hiện đúng quy định của pháp luật mà còn là yêu cầu cấp thiết nhằm nâng cao chất lượng quản trị, hiệu lực, hiệu quả hoạt động của các cơ quan, đơn vị trong toàn ngành. Việc Quốc hội ban hành Luật Lưu trữ năm 2025 cùng các văn bản hướng dẫn thi hành đã tạo cơ sở pháp lý quan trọng để đổi mới toàn diện công tác văn thư, lưu trữ theo hướng hiện đại, tăng cường quản lý tài liệu điện tử, lập hồ sơ điện tử và số hóa tài liệu. Điều đó c
... [truncated, total 8952 chars]
================================================================================

================================================================================
Article ID: MOH_cc7f15713b3651c3 | Attempt: 1
Error: Cannot extract valid JSON from response: line 1 column 1 (char 0)
Raw response (12743 chars):
{
"id": "MOH_cc7f15713b3651c3",
"date_iso": "2026-07-11T00:00:00",
"full_text": "Sáng ngày 10/7/2026, tại Hưng Yên, Bộ Y tế phối hợp với UBND tỉnh Hưng Yên và Văn phòng Quỹ Dân số Liên hợp quốc (UNFPA) tại Việt Nam tổ chức Lễ mít tinh hưởng ứng Ngày Dân số Thế giới năm 2026 (11/7).\nThứ trưởng Bộ Y tế Đỗ Xuân Tuyên dự và phát biểu tại sự kiện\nToàn cảnh chương trình Hưởng ứng\nTham dự còn có ông Lê Quang Hòa, Phó Chủ tịch UBND tỉnh Hưng Yên, bà Pauline Tamesis, Điều phối viên thường trú Liên Hợp Quốc tại Việt Nam; ông Matt Jackson, Trưởng Đại diện UNPFA tại Việt Nam; đại sứ quán một số nước cùng đại diện lãnh đạo nhiều bộ, ban, ngành, tổ chức đoàn thể trung ương và lãnh đạo các sở, ngành liên quan của Hưng Yên.\nThứ trưởng Bộ Y tế Đỗ Xuân Tuyên phát biểu tại sự kiện\nPhát biểu tại buổi lễ, Thứ trưởng Bộ Y tế Đỗ Xuân Tuyên cho biết, Ngày Dân số Thế giới năm nay diễn ra trong bối cảnh thế giới đang trải qua nhiều biến động sâu sắc về kinh tế, xã hội, môi trường, khoa học - công nghệ và nhân khẩu học.\nThứ trưởng Đỗ Xuân Tuyên nhấn mạnh, thanh niên ngày nay có điều kiện tốt hơn về chăm sóc sức khỏe, giáo dục và ngày càng được trang bị nhiều kiến thức, kỹ năng để tham gia phát triển đất nước. Tuy nhiên, ở nhiều nơi trên thế giới cũng như tại Việt Nam, người trẻ vẫn đang đối mặt với không ít rào cản trong tiếp cận giáo dục, việc làm, dịch vụ chăm sóc sức khỏe, đặc biệt là sức khỏe sinh sản và cơ hội tiếp cận công nghệ số.\n\"Để thanh niên phát huy năng lực, thực hiện các lựa chọn của mình và tham gia đầy đủ vào đời sống xã hội, việc bảo đảm quyền tiếp cận bình đẳng, không bị phân biệt đối xử đối với các dịch vụ chăm sóc sức khỏe sinh sản là điều kiện then chốt giúp mỗi quốc gia khai thác hiệu quả tiềm năng dân số và phát triển nhanh, bền vững\", Thứ trưởng Đỗ Xuân Tuyên nói.\nTheo Thứ trưởng Bộ Y tế, Việt Nam hiện có gần 70 triệu người trong độ tuổi từ 15-64, đang ở thời kỳ cơ cấu dân số vàng - cơ hội quan trọng để đất nước bước vào kỷ nguyên phát triển mới.\nTuy nhiên, 
... [truncated, total 12743 chars]
================================================================================

================================================================================
Article ID: MOH_cc7f15713b3651c3 | Attempt: 2
Error: Cannot extract valid JSON from response: line 1 column 1 (char 0)
Raw response (12932 chars):
{
"id": "MOH_cc7f15713b3651c3",
"date_iso": "2026-07-11T00:00:00",
"full_text": "Sáng ngày 10/7/2026, tại Hưng Yên, Bộ Y tế phối hợp với UBND tỉnh Hưng Yên và Văn phòng Quỹ Dân số Liên hợp quốc (UNFPA) tại Việt Nam tổ chức Lễ mít tinh hưởng ứng Ngày Dân số Thế giới năm 2026 (11/7).\nThứ trưởng Bộ Y tế Đỗ Xuân Tuyên dự và phát biểu tại sự kiện\nToàn cảnh chương trình Hưởng ứng\nTham dự còn có ông Lê Quang Hòa, Phó Chủ tịch UBND tỉnh Hưng Yên, bà Pauline Tamesis, Điều phối viên thường trú Liên Hợp Quốc tại Việt Nam; ông Matt Jackson, Trưởng Đại diện UNPFA tại Việt Nam; đại sứ quán một số nước cùng đại diện lãnh đạo nhiều bộ, ban, ngành, tổ chức đoàn thể trung ương và lãnh đạo các sở, ngành liên quan của Hưng Yên.\nThứ trưởng Bộ Y tế Đỗ Xuân Tuyên phát biểu tại sự kiện\nPhát biểu tại buổi lễ, Thứ trưởng Bộ Y tế Đỗ Xuân Tuyên cho biết, Ngày Dân số Thế giới năm nay diễn ra trong bối cảnh thế giới đang trải qua nhiều biến động sâu sắc về kinh tế, xã hội, môi trường, khoa học - công nghệ và nhân khẩu học.\nThứ trưởng Đỗ Xuân Tuyên nhấn mạnh, thanh niên ngày nay có điều kiện tốt hơn về chăm sóc sức khỏe, giáo dục và ngày càng được trang bị nhiều kiến thức, kỹ năng để tham gia phát triển đất nước. Tuy nhiên, ở nhiều nơi trên thế giới cũng như tại Việt Nam, người trẻ vẫn đang đối mặt với không ít rào cản trong tiếp cận giáo dục, việc làm, dịch vụ chăm sóc sức khỏe, đặc biệt là sức khỏe sinh sản và cơ hội tiếp cận công nghệ số.\n\"Để thanh niên phát huy năng lực, thực hiện các lựa chọn của mình và tham gia đầy đủ vào đời sống xã hội, việc bảo đảm quyền tiếp cận bình đẳng, không bị phân biệt đối xử đối với các dịch vụ chăm sóc sức khỏe sinh sản là điều kiện then chốt giúp mỗi quốc gia khai thác hiệu quả tiềm năng dân số và phát triển nhanh, bền vững\", Thứ trưởng Đỗ Xuân Tuyên nói.\nTheo Thứ trưởng Bộ Y tế, Việt Nam hiện có gần 70 triệu người trong độ tuổi từ 15-64, đang ở thời kỳ cơ cấu dân số vàng - cơ hội quan trọng để đất nước bước vào kỷ nguyên phát triển mới.\nTuy nhiên, 
... [truncated, total 12932 chars]
================================================================================

================================================================================
Article ID: MOH_7ab748fc61195cb9 | Attempt: 1
Error: Cannot extract valid JSON from response: line 1 column 1 (char 0)
Raw response (11662 chars):
{
"id": "MOH_7ab748fc61195cb9",
"date_iso": "2026-07-11T00:00:00",
"full_text": "Chiều ngày 10/7 /2026 , Bộ Y tế tổ chức Hội nghị công bố Quyết định của Bộ trưởng Bộ Y tế bổ nhiệm Hiệu trưởng Trường Đại học Y Dược TP . Hồ Chí Minh, nhiệm kỳ 2026-2030.\nỦy viên Ban Chấp hành Trung ương Đảng, Bộ trưởng Bộ Y tế Đào Hồng Lan trao Quyết định và phát biểu giao nhiệm vụ.\nỦy viên Ban Chấp hành Trung ương Đảng, Bộ trưởng Bộ Y tế Đào Hồng Lan trao Quyết định bổ nhiệm Hiệu trưởng Trường Đại học Y Dược TP . Hồ Chí Minh\nTham dự buổi lễ có lãnh đạo Bộ Y tế, lãnh đạo TP . Hồ Chí Minh , đại diện các Vụ, Cục, Viện thuộc Bộ Y tế cùng lãnh đạo nhiều bệnh viện, cơ sở đào tạo y khoa khu vực phía Nam.\nĐại học Y Dược TP . Hồ Chí Minh giữ vai trò nòng cốt đào tạo nhân lực y tế chất lượng cao\nBộ trưởng Bộ Y tế Đào Hồng Lan phát biểu tại sự kiện\nPhát biểu tại buổi công bố, Bộ trưởng Bộ Y tế Đào Hồng Lan đánh giá, sau gần 80 năm xây dựng và phát triển, Đại học Y Dược TP . Hồ Chí Minh đã khẳng định vị thế là trường đại học trọng điểm quốc gia trong lĩnh vực sức khỏe, luôn là đơn vị đi đầu trong cung cấp nguồn nhân lực y tế chất lượng cao. Nhà trường hiện có hơn 1.000 giảng viên, trong đó có 10 giáo sư, 124 phó giáo sư và 445 tiến sĩ; quy mô đào tạo gần 12.000 sinh viên, 5.400 học viên sau đại học cùng hơn 50.000 lượt học viên đào tạo liên tục mỗi năm.\nTheo Bộ trưởng, trường luôn đi đầu trong đổi mới chương trình đào tạo theo chuẩn năng lực, hội nhập quốc tế với nhiều chương trình được kiểm định theo tiêu chuẩn quốc tế. Hoạt động nghiên cứu khoa học, đổi mới sáng tạo và chuyển giao công nghệ cũng đạt nhiều kết quả nổi bật, dẫn đầu cả nước về công bố quốc tế trong lĩnh vực sức khỏe. Riêng năm 2025, trường công bố 738 bài báo quốc tế, 678 bài báo trong nước, thực hiện 613 đề tài nghiên cứu khoa học với tổng kinh phí khoảng 37,5 tỷ đồng.\nBộ trưởng cũng cho biết, Đại học Y Dược TP . Hồ Chí Minh được Bộ Y tế và Hội đồng Y khoa Quốc gia lựa chọn làm đơn vị nòng cốt triển khai hệ thống đánh giá
... [truncated, total 11662 chars]
================================================================================

================================================================================
Article ID: MOH_c000f19d9b78771e | Attempt: 1
Error: Cannot extract valid JSON from response: line 1 column 1 (char 0)
Raw response (7631 chars):
{
"id": "MOH_c000f19d9b78771e",
"date_iso": "2026-07-11T00:00:00",
"full_text": "Giám đốc Sở Y tế Hà Nội Nguyễn Trọng Diện vừa ký công văn số 6781/SYT-VP, ngày 9/7, đề nghị các phòng thuộc Sở, các cơ sở y tế trong và ngoài công lập, trạm y tế các xã, phường trên địa bàn thành phố về khắc phục kịp thời những khó khăn, vướng mắc trong giải quyết thủ tục hành chính (TTHC).\nThực hiện chỉ đạo của Thành ủy Hà Nội tại Công văn số 885-CV/TU ngày 29/6/2026 và của UBND thành phố Hà Nội tại Công văn số 3273/UBND-NC ngày 3/7/2026 về khắc phục kịp thời những vướng mắc trong giải quyết TTHC phục vụ nhân dân, Sở Y tế Hà Nội yêu cầu các đơn vị tiếp tục quán triệt quan điểm lấy hiệu quả phục vụ nhân dân làm mục tiêu xuyên suốt trong thực hiện cải cách hành chính.\nSở Y tế yêu cầu các đơn vị tiếp tục quán triệt quan điểm lấy hiệu quả phục vụ nhân dân làm mục tiêu xuyên suốt trong thực hiện cải cách hành chính. Ảnh: Sở Y tế Hà Nội.\nTrên cơ sở chức năng, nhiệm vụ được giao, các phòng, đơn vị chủ động hướng dẫn, phối hợp giải quyết TTHC, kịp thời tổng hợp những khó khăn, bất cập phát sinh trong quá trình thực hiện để đề xuất giải pháp tháo gỡ.\nCác phòng, đơn vị có thực hiện TTHC khẩn trương rà soát các TTHC thuộc phạm vi quản lý. Phối hợp với UBND các phường, xã và đơn vị có liên quan để rà soát, tổng hợp danh sách các nhóm đối tượng hưởng chính sách trên địa bàn như người có công, đối tượng bảo trợ xã hội, người hưởng lương hưu, người cao tuổi, người khuyết tật, người yếu thế và các đối tượng liên quan khác, bảo đảm không để xảy ra tình trạng thất lạc hồ sơ hoặc chậm trễ trong giải quyết TTHC.\nĐồng thời, phối hợp với Trung tâm Phục vụ hành chính công thành phố nghiên cứu, đề xuất các phương thức giải quyết TTHC tại nhà, quy trình liên thông giải quyết TTHC có thể triển khai dịch vụ công lưu động; hoàn thiện quy trình phối hợp liên thông giữa các cơ quan, đơn vị trong giải quyết TTHC, bảo đảm việc cập nhật, đồng bộ dữ liệu được thông suốt, chính xác; chủ động hướng dẫn, tháo gỡ khó 
... [truncated, total 7631 chars]
================================================================================

================================================================================
Article ID: MOH_24e3eab03e93c296 | Attempt: 1
Error: Cannot extract valid JSON from response: line 1 column 1 (char 0)
Raw response (11345 chars):
{
"id": "MOH_24e3eab03e93c296",
"date_iso": "2026-07-11T00:00:00",
"full_text": "Sáng ngày 10/7/2026, tại thành phố Đà Nẵng Bộ Y tế tổ chức Hội nghị công bố và trao Quyết định của Bộ Y tế về việc bổ nhiệm Hiệu trưởng trường Đại học Kỹ thuật Y-Dược Đà Nẵng.\nTS.BS Vũ Mạnh Hà, Ủy viên Dự khuyết Ban Chấp hành Trung ương Đảng, Thứ trưởng Thường trực Bộ Y tế trao Quyết định và phát biểu giao nhiệm vụ.\nToàn cảnh chương trình\nTham dự có Phó Chủ tịch UBND thành phố Đà Nẵng Nguyễn Thị Anh Thi; các đơn vị chức năng của thành phố Đà Nẵng; đại diện lãnh đạo một số Cục, Vụ, Văn phòng Bộ Y tế cùng toàn thể viên chức, người lao động và giảng viên của nhà trường.\nTại Hội nghị, đại diện Vụ Tổ chức cán bộ, Bộ Y tế đã công bố Quyết định số 2028/QĐ-BYT ngày 06/7/2026 của Bộ trưởng Bộ Y tế về việc bổ nhiệm PGS.TS. Lê Thị Thúy giữ chức vụ Hiệu trưởng Trường Đại học Kỹ thuật Y - Dược Đà Nẵng.\nThứ trưởng Thường trực Bộ Y tế Vũ Mạnh Hà trao Quyết định cho Hiệu trưởng Trường Đại học Kỹ thuật Y - Dược Đà Nẵng Lê Thị Thúy\nThay mặt lãnh đạo Bộ Y tế, đồng chí Vũ Mạnh Hà, Ủy viên dự khuyết Ban Chấp hành Trung ương Đảng, Thứ trưởng Thường trực Bộ Y tế đã trao Quyết định và giao nhiệm vụ cho Hiệu trưởng.\nThứ trưởng Thường trực Vũ Mạnh Hà phát biểu giao nhiệm vụ\nThứ trưởng Thường trực khẳng định, việc Ban Thường vụ Đảng ủy Bộ Y tế quyết định bổ nhiệm đồng chí Lê Thị Thúy giữ chức vụ Hiệu trưởng Trường Đại học Kỹ thuật Y - Dược Đà Nẵng được thực hiện theo đúng quy định của Đảng và Nhà nước, trên cơ sở quy trình chặt chẽ, dân chủ, khách quan và nhận được sự tín nhiệm cao của tập thể lãnh đạo, viên chức, người lao động Nhà trường. Điều đó thể hiện sự ghi nhận của Ban Thường vụ Đảng ủy Bộ Y tế đối với năng lực, uy tín và quá trình cống hiến của đồng chí; đồng thời đáp ứng yêu cầu kiện toàn đội ngũ lãnh đạo để tiếp tục đưa Nhà trường phát triển trong giai đoạn mới.\nĐồng chí Vũ Mạnh Hà tin tưởng rằng, trên cương vị mới, đồng chí Lê Thị Thúy sẽ tiếp tục phát huy năng lực, kinh nghiệm, cùng tập thể 
... [truncated, total 11345 chars]
================================================================================

================================================================================
Article ID: MOH_24e3eab03e93c296 | Attempt: 2
Error: Cannot extract valid JSON from response: line 1 column 1 (char 0)
Raw response (11426 chars):
{
"id": "MOH_24e3eab03e93c296",
"date_iso": "2026-07-11T00:00:00",
"full_text": "Sáng ngày 10/7/2026, tại thành phố Đà Nẵng Bộ Y tế tổ chức Hội nghị công bố và trao Quyết định của Bộ Y tế về việc bổ nhiệm Hiệu trưởng trường Đại học Kỹ thuật Y-Dược Đà Nẵng.\nTS.BS Vũ Mạnh Hà, Ủy viên Dự khuyết Ban Chấp hành Trung ương Đảng, Thứ trưởng Thường trực Bộ Y tế trao Quyết định và phát biểu giao nhiệm vụ.\nToàn cảnh chương trình\nTham dự có Phó Chủ tịch UBND thành phố Đà Nẵng Nguyễn Thị Anh Thi; các đơn vị chức năng của thành phố Đà Nẵng; đại diện lãnh đạo một số Cục, Vụ, Văn phòng Bộ Y tế cùng toàn thể viên chức, người lao động và giảng viên của nhà trường.\nTại Hội nghị, đại diện Vụ Tổ chức cán bộ, Bộ Y tế đã công bố Quyết định số 2028/QĐ-BYT ngày 06/7/2026 của Bộ trưởng Bộ Y tế về việc bổ nhiệm PGS.TS. Lê Thị Thúy giữ chức vụ Hiệu trưởng Trường Đại học Kỹ thuật Y - Dược Đà Nẵng.\nThứ trưởng Thường trực Bộ Y tế Vũ Mạnh Hà trao Quyết định cho Hiệu trưởng Trường Đại học Kỹ thuật Y - Dược Đà Nẵng Lê Thị Thúy\nThay mặt lãnh đạo Bộ Y tế, đồng chí Vũ Mạnh Hà, Ủy viên dự khuyết Ban Chấp hành Trung ương Đảng, Thứ trưởng Thường trực Bộ Y tế đã trao Quyết định và giao nhiệm vụ cho Hiệu trưởng.\nThứ trưởng Thường trực Vũ Mạnh Hà phát biểu giao nhiệm vụ\nThứ trưởng Thường trực khẳng định, việc Ban Thường vụ Đảng ủy Bộ Y tế quyết định bổ nhiệm đồng chí Lê Thị Thúy giữ chức vụ Hiệu trưởng Trường Đại học Kỹ thuật Y - Dược Đà Nẵng được thực hiện theo đúng quy định của Đảng và Nhà nước, trên cơ sở quy trình chặt chẽ, dân chủ, khách quan và nhận được sự tín nhiệm cao của tập thể lãnh đạo, viên chức, người lao động Nhà trường. Điều đó thể hiện sự ghi nhận của Ban Thường vụ Đảng ủy Bộ Y tế đối với năng lực, uy tín và quá trình cống hiến của đồng chí; đồng thời đáp ứng yêu cầu kiện toàn đội ngũ lãnh đạo để tiếp tục đưa Nhà trường phát triển trong giai đoạn mới.\nĐồng chí Vũ Mạnh Hà tin tưởng rằng, trên cương vị mới, đồng chí Lê Thị Thúy sẽ tiếp tục phát huy năng lực, kinh nghiệm, cùng tập thể 
... [truncated, total 11426 chars]
================================================================================

================================================================================
Article ID: MOH_9a7390b460ed0587 | Attempt: 1
Error: Cannot extract valid JSON from response: line 1 column 1 (char 0)
Raw response (11213 chars):
{
"id": "MOH_9a7390b460ed0587",
"date_iso": "2026-07-10T00:00:00",
"full_text": "Sáng ngày 9/7/2026, tại trụ sở Bộ Y tế, Ủy viên Ban Chấp hành Trung ương Đảng, Bộ trưởng Bộ Y tế Đào Hồng Lan tiếp và làm việc với đồng chí Y Thanh Hà Niê Kđăm, Ủy viên Ban Chấp hành Trung ương Đảng, Bí thư Tỉnh ủy Lâm Đồng và đồng chí Hồ Văn Mười, Ủy viên Ban Chấp hành Trung ương Đảng, Chủ tịch UBND tỉnh Lâm Đồng.\nBộ trưởng Bộ Y tế Đào Hồng Lan tiếp và làm việc với Bí thư Tỉnh ủy và Chủ tịch UBND tỉnh Lâm Đồng\nTham dự buổi làm việc của Bộ trưởng có đại diện lãnh đạo một số Cục, Vụ, Văn phòng Bộ Y tế. Về phía tỉnh Lâm Đồng có lãnh đạo Văn phòng UBND tỉnh, Sở Y tế Lâm Đồng.\nBộ trưởng Bộ Y tế Đào Hồng Lan phát biểu chào mừng\nBộ trưởng Bộ Y tế Đào Hồng Lan chào mừng các đồng chí Thường trực Tỉnh ủy Lâm Đồng đến làm việc tại Bộ Y tế, đồng thời bày tỏ sự trân trọng về sự quan tâm trực tiếp, sâu sát đến sự nghiệp bảo vệ, chăm sóc và nâng cao sức khỏe Nhân dân của Bí thư Tỉnh ủy, Chủ tịch UBND tỉnh Lâm Đồng. Cho dù địa bàn còn nhiều khó khăn do diện tích lớn, vùng sâu, vùng xa nhưng khi ngành Y tế Lâm Đồng đã có nhiều cố gắng lại nhận được sự quan tâm của lãnh đạo tỉnh sẽ là một cơ hội để y tế có thêm điều kiện phát triển hơn trong thời gian tới, Bộ trưởng khẳng định.\nĐồng chí Y Thanh Hà Niê Kđăm, Bí thư Tỉnh ủy Lâm Đồng phát biểu\nĐồng chí Y Thanh Hà Niê Kđăm, Bí thư Tỉnh ủy Lâm Đồng thông tin, xác định lớn nhất của Lãnh đạo tỉnh là quan tâm tới nhu cầu chăm sóc, nâng cao sức khỏe tinh thần, sức khỏe thể chất của người dân. Tỉnh mong muốn nhận được sự hỗ trợ của Bộ Y tế về hỗ trợ các dự án, trang thiết bị y tế phục vụ khám, chữa bệnh tại các Trung tâm y tế khu vực, Trạm Y tế xã; hỗ trợ ngành Y tế Lâm Đồng những kỹ thuật mới, khám bệnh từ xa, bệnh án điện tử; giải pháp đào tạo, tập huấn về sơ cấp cứu ban đầu cho khu vực thôn, bản và cộng đồng dân cư.\nVề phía tỉnh luôn sẵn sàng tham gia phối hợp cùng Bộ Y tế triển khai các giải pháp thực hiện theo Nghị quyết 72-NQ/TW của Bộ Chính trị, các
... [truncated, total 11213 chars]
================================================================================

================================================================================
Article ID: MOH_9a7390b460ed0587 | Attempt: 2
Error: Cannot extract valid JSON from response: line 1 column 1 (char 0)
Raw response (10940 chars):
{
"id": "MOH_9a7390b460ed0587",
"date_iso": "2026-07-10T00:00:00",
"full_text": "Sáng ngày 9/7/2026, tại trụ sở Bộ Y tế, Ủy viên Ban Chấp hành Trung ương Đảng, Bộ trưởng Bộ Y tế Đào Hồng Lan tiếp và làm việc với đồng chí Y Thanh Hà Niê Kđăm, Ủy viên Ban Chấp hành Trung ương Đảng, Bí thư Tỉnh ủy Lâm Đồng và đồng chí Hồ Văn Mười, Ủy viên Ban Chấp hành Trung ương Đảng, Chủ tịch UBND tỉnh Lâm Đồng.\nBộ trưởng Bộ Y tế Đào Hồng Lan tiếp và làm việc với Bí thư Tỉnh ủy và Chủ tịch UBND tỉnh Lâm Đồng\nTham dự buổi làm việc của Bộ trưởng có đại diện lãnh đạo một số Cục, Vụ, Văn phòng Bộ Y tế. Về phía tỉnh Lâm Đồng có lãnh đạo Văn phòng UBND tỉnh, Sở Y tế Lâm Đồng.\nBộ trưởng Bộ Y tế Đào Hồng Lan phát biểu chào mừng\nBộ trưởng Bộ Y tế Đào Hồng Lan chào mừng các đồng chí Thường trực Tỉnh ủy Lâm Đồng đến làm việc tại Bộ Y tế, đồng thời bày tỏ sự trân trọng về sự quan tâm trực tiếp, sâu sát đến sự nghiệp bảo vệ, chăm sóc và nâng cao sức khỏe Nhân dân của Bí thư Tỉnh ủy, Chủ tịch UBND tỉnh Lâm Đồng. Cho dù địa bàn còn nhiều khó khăn do diện tích lớn, vùng sâu, vùng xa nhưng khi ngành Y tế Lâm Đồng đã có nhiều cố gắng lại nhận được sự quan tâm của lãnh đạo tỉnh sẽ là một cơ hội để y tế có thêm điều kiện phát triển hơn trong thời gian tới, Bộ trưởng khẳng định.\nĐồng chí Y Thanh Hà Niê Kđăm, Bí thư Tỉnh ủy Lâm Đồng phát biểu\nĐồng chí Y Thanh Hà Niê Kđăm, Bí thư Tỉnh ủy Lâm Đồng thông tin, xác định lớn nhất của Lãnh đạo tỉnh là quan tâm tới nhu cầu chăm sóc, nâng cao sức khỏe tinh thần, sức khỏe thể chất của người dân. Tỉnh mong muốn nhận được sự hỗ trợ của Bộ Y tế về hỗ trợ các dự án, trang thiết bị y tế phục vụ khám, chữa bệnh tại các Trung tâm y tế khu vực, Trạm Y tế xã; hỗ trợ ngành Y tế Lâm Đồng những kỹ thuật mới, khám bệnh từ xa, bệnh án điện tử; giải pháp đào tạo, tập huấn về sơ cấp cứu ban đầu cho khu vực thôn, bản và cộng đồng dân cư.\nVề phía tỉnh luôn sẵn sàng tham gia phối hợp cùng Bộ Y tế triển khai các giải pháp thực hiện theo Nghị quyết 72-NQ/TW của Bộ Chính trị, các
... [truncated, total 10940 chars]
================================================================================

================================================================================
Article ID: MOH_a265afb0bab02a18 | Attempt: 1
Error: Cannot extract valid JSON from response: line 1 column 1 (char 0)
Raw response (7542 chars):
{
"id": "MOH_a265afb0bab02a18",
"date_iso": "2026-07-09T00:00:00",
"full_text": "Trước khi đón những bệnh nhân đầu tiên tại cơ sở mới tại Ninh Bình, Bệnh viện Hữu nghị Việt Đức đã dành món quà đặc biệt cho gần 300 cựu chiến binh, thương bệnh binh, người có công với cách mạng và các gia đình chính sách.\nBác sĩ khám cho cán bộ, cựu chiến binh, thương bệnh binh, người có công với cách mạng và các gia đình chính sách.\nNgày 9/7, nhân dịp lễ khai trương hoạt động Bệnh viện Hữu nghị Việt Đức cơ sở Ninh Bình và hướng tới kỷ niệm 120 năm thành lập bệnh viện, bệnh viện lựa chọn khởi đầu bằng một hành động giàu ý nghĩa và nhân văn là triển khai chương trình khám sức khỏe miễn phí và trao tặng quà dành cho gần 300 cán bộ, cựu chiến binh, thương bệnh binh, người có công với cách mạng và các gia đình chính sách trên địa bàn 2 phường Phủ Lý và Liêm Tuyền.\nNgười dân được tiếp cận dịch vụ y tế chất lượng cao với đội ngũ chuyên gia, bác sĩ đầu ngành của Bệnh viện Hữu nghị Việt Đức, cùng hệ thống trang thiết bị y tế hiện đại nhất, đồng bộ, đáp ứng nhu cầu khám bệnh một cách tốt nhất.\nBác sĩ khám cho cán bộ, cựu chiến binh, thương bệnh binh, người có công với cách mạng và các gia đình chính sách\nNgười dân được tiếp cận dịch vụ y tế chất lượng cao với đội ngũ chuyên gia, bác sĩ đầu ngành của Bệnh viện Hữu nghị Việt Đức.\nGần 300 cán bộ, cựu chiến binh, thương bệnh binh, người có công với cách mạng và các gia đình chính sách trên địa bàn 2 phường Phủ Lý và Liêm Tuyền được khám sức khỏe miễn phí.\nKhông chỉ mang đến những lời tư vấn y khoa tận tình, các bác sĩ còn gửi gắm trong từng cuộc gặp gỡ sự biết ơn sâu sắc đối với những người đã dành cả tuổi xuân vì Tổ Quốc.\nĐây là hoạt động ý nghĩa hướng tới kỷ niệm Ngày Thương binh-Liệt sĩ 27/7, góp phần lan tỏa truyền thống “Uống nước nhớ nguồn”, đồng thời khẳng định tinh thần vì sức khỏe nhân dân mà Bệnh viện Hữu nghị Việt Đức luôn gìn giữ và phát huy.\n(Nguồn: nhandan.vn)",
"claims": {
"SUPPORTED": [
{
"claim": "Vào ngày 9/7, Bệnh viện H
... [truncated, total 7542 chars]
================================================================================

================================================================================
Article ID: MOH_34b059024417b22a | Attempt: 1
Error: Cannot extract valid JSON from response: line 1 column 1 (char 0)
Raw response (6734 chars):
{
"id": "MOH_34b059024417b22a",
"date_iso": "2026-07-09T00:00:00",
"full_text": "Khoảng cách chỉ một năm sau lần sinh mổ trước khiến người phụ nữ 31 tuổi đối mặt biến chứng hiếm gặp. Các bác sĩ cảnh báo đây là hậu quả của việc mang thai khi sẹo tử cung chưa kịp hồi phục.\nTheo Bệnh viện Sản Nhi Nghệ An, chị L.T.H. (31 tuổi, trú xã Nghi Xuân, Hà Tĩnh) được đưa vào viện cấp cứu sau khi xuất hiện những cơn đau quặn vùng bụng dưới kèm ra máu âm đạo. Các bác sĩ phát hiện thai nhi 22 tuần nằm hoàn toàn trong ổ bụng, trong khi tử cung của người mẹ bị vỡ tại vị trí hai vết mổ lấy thai cũ.\nCác bác sĩ nhận định đây là biến chứng sản khoa đặc biệt nguy hiểm, liên quan đến việc mang thai trở lại khi vết sẹo mổ chưa có đủ thời gian hồi phục.\nCác bác sĩ Bệnh viện Sản Nhi Nghệ An phẫu thuật cấp cứu, giữ lại tử cung cho sản phụ bị vỡ tử cung do mang thai quá sớm sau sinh mổ.\nTheo người nhà, chị H. mang thai lần thứ ba sau hai lần sinh mổ vào các năm 2020 và 2025. Do kinh nguyệt không đều và không chủ động theo dõi sức khỏe sinh sản, chị H. không phát hiện mình mang thai cho đến khi thai đã lớn. Khoảng cách giữa lần sinh mổ gần nhất và lần mang thai này chỉ khoảng 12 tháng, trong khi vết sẹo trên tử cung vẫn chưa hồi phục hoàn toàn.\nNgay sau khi hội chẩn, ê-kíp đưa sản phụ vào phòng mổ. Khi mở ổ bụng, các bác sĩ ghi nhận một tổn thương rất nặng. Vết mổ cũ ở mặt trước tử cung rách dài khoảng 7 cm và xé lan sang dây chằng rộng bên phải. Máu tươi cùng nhiều máu cục tràn trong ổ bụng, còn thai nhi nằm hoàn toàn bên ngoài buồng tử cung.\nCuộc phẫu thuật diễn ra trong nhiều giờ. Sau khi lấy thai lưu, ê-kíp vừa khống chế tình trạng chảy máu, vừa nỗ lực bảo tồn tử cung cho người mẹ. May mắn, ca mổ thành công và sản phụ giữ được tử cung. Sau năm ngày điều trị tích cực, sức khỏe chị H. dần ổn định.\nSau 5 ngày điều trị tích cực, sức khỏe sản phụ dần ổn định và được xuất viện. Các bác sĩ khuyến cáo phụ nữ từng sinh mổ nên mang thai lại sau ít nhất 18-24 tháng để giảm nguy cơ biến chứng.\nT
... [truncated, total 6734 chars]
================================================================================

================================================================================
Article ID: MOH_2796a8b86c149ff2 | Attempt: 1
Error: Cannot extract valid JSON from response: line 1 column 1 (char 0)
Raw response (9573 chars):
{
"id": "MOH_2796a8b86c149ff2",
"date_iso": "2026-07-09T00:00:00",
"full_text": "Dự thảo Luật An toàn thực phẩm (sửa đổi) được Bộ Y tế cập nhật, hoàn thiện theo hướng đổi mới toàn diện phương thức quản lý, kiểm soát nguy cơ theo chuỗi cung ứng, đẩy mạnh chuyển đổi số và siết chặt quản lý thức ăn đường phố, suất ăn tập thể nhằm bảo vệ sức khỏe người dân.\nBộ Y tế vừa cập nhật, bổ sung và hoàn thiện dự thảo Luật An toàn thực phẩm (ATTP) (sửa đổi), trong đó xây dựng 4 nhóm chính sách trọng tâm nhằm đổi mới toàn diện công tác quản lý an toàn thực phẩm theo hướng hiện đại, tiệm cận thông lệ quốc tế.\nTheo Bộ Y tế, việc sửa đổi Luật hướng tới mục tiêu phòng ngừa bệnh tật, nâng cao thể chất và tuổi thọ người dân, giảm gánh nặng cho hệ thống y tế, hạn chế thiệt hại do mất sức lao động, đồng thời củng cố niềm tin của người tiêu dùng và thúc đẩy doanh nghiệp, người sản xuất chuyển đổi sang mô hình sản xuất sạch, bền vững, thân thiện với môi trường.\nChính sách 1: Quản lý ATTP dựa trên kiểm soát nguy cơ theo chuỗi cung ứng\nĐây là chính sách nền tảng của dự thảo Luật, với mục tiêu quản lý ATTP trong toàn bộ chuỗi cung ứng, từ sản xuất ban đầu đến khi sản phẩm đến tay người tiêu dùng, tiệm cận phương thức quản lý của các nước phát triển.\nTheo đó, công tác quản lý sẽ bao quát các khâu từ trồng trọt, chăn nuôi, nuôi trồng thủy sản, thu hái, đánh bắt, khai thác, giết mổ, sơ chế, chế biến, phân phối, lưu thông trên thị trường đến tiêu dùng.\nCơ quan chức năng kiểm tra về an toàn thực phẩm.\nDự thảo bổ sung quy định về giới hạn tồn dư thuốc thú y, thuốc bảo vệ thực vật và các tác nhân gây ô nhiễm trong thực phẩm; quy định điều kiện đối với một số nhóm cơ sở sản xuất thực phẩm; đồng thời xây dựng phương thức quản lý phù hợp theo từng nhóm thực phẩm.\nĐáng chú ý, cơ quan quản lý nhà nước và các cơ sở kiểm nghiệm sẽ được tăng cường vai trò trong hoạt động kiểm tra, giám sát, chủ động lấy mẫu đối với thực phẩm lưu thông trên thị trường nhằm phát hiện sớm nguy cơ mất ATTP.\nChính sách 2
... [truncated, total 9573 chars]
================================================================================

================================================================================
Article ID: MOH_2796a8b86c149ff2 | Attempt: 2
Error: Cannot extract valid JSON from response: line 1 column 1 (char 0)
Raw response (9808 chars):
{
"id": "MOH_2796a8b86c149ff2",
"date_iso": "2026-07-09T00:00:00",
"full_text": "Dự thảo Luật An toàn thực phẩm (sửa đổi) được Bộ Y tế cập nhật, hoàn thiện theo hướng đổi mới toàn diện phương thức quản lý, kiểm soát nguy cơ theo chuỗi cung ứng, đẩy mạnh chuyển đổi số và siết chặt quản lý thức ăn đường phố, suất ăn tập thể nhằm bảo vệ sức khỏe người dân.\nBộ Y tế vừa cập nhật, bổ sung và hoàn thiện dự thảo Luật An toàn thực phẩm (ATTP) (sửa đổi), trong đó xây dựng 4 nhóm chính sách trọng tâm nhằm đổi mới toàn diện công tác quản lý an toàn thực phẩm theo hướng hiện đại, tiệm cận thông lệ quốc tế.\nTheo Bộ Y tế, việc sửa đổi Luật hướng tới mục tiêu phòng ngừa bệnh tật, nâng cao thể chất và tuổi thọ người dân, giảm gánh nặng cho hệ thống y tế, hạn chế thiệt hại do mất sức lao động, đồng thời củng cố niềm tin của người tiêu dùng và thúc đẩy doanh nghiệp, người sản xuất chuyển đổi sang mô hình sản xuất sạch, bền vững, thân thiện với môi trường.\nChính sách 1: Quản lý ATTP dựa trên kiểm soát nguy cơ theo chuỗi cung ứng\nĐây là chính sách nền tảng của dự thảo Luật, với mục tiêu quản lý ATTP trong toàn bộ chuỗi cung ứng, từ sản xuất ban đầu đến khi sản phẩm đến tay người tiêu dùng, tiệm cận phương thức quản lý của các nước phát triển.\nTheo đó, công tác quản lý sẽ bao quát các khâu từ trồng trọt, chăn nuôi, nuôi trồng thủy sản, thu hái, đánh bắt, khai thác, giết mổ, sơ chế, chế biến, phân phối, lưu thông trên thị trường đến tiêu dùng.\nCơ quan chức năng kiểm tra về an toàn thực phẩm.\nDự thảo bổ sung quy định về giới hạn tồn dư thuốc thú y, thuốc bảo vệ thực vật và các tác nhân gây ô nhiễm trong thực phẩm; quy định điều kiện đối với một số nhóm cơ sở sản xuất thực phẩm; đồng thời xây dựng phương thức quản lý phù hợp theo từng nhóm thực phẩm.\nĐáng chú ý, cơ quan quản lý nhà nước và các cơ sở kiểm nghiệm sẽ được tăng cường vai trò trong hoạt động kiểm tra, giám sát, chủ động lấy mẫu đối với thực phẩm lưu thông trên thị trường nhằm phát hiện sớm nguy cơ mất ATTP.\nChính sách 2
... [truncated, total 9808 chars]
================================================================================

================================================================================
Article ID: MOH_2796a8b86c149ff2 | Attempt: 3
Error: Cannot extract valid JSON from response: line 1 column 1 (char 0)
Raw response (9925 chars):
{
"id": "MOH_2796a8b86c149ff2",
"date_iso": "2026-07-09T00:00:00",
"full_text": "Dự thảo Luật An toàn thực phẩm (sửa đổi) được Bộ Y tế cập nhật, hoàn thiện theo hướng đổi mới toàn diện phương thức quản lý, kiểm soát nguy cơ theo chuỗi cung ứng, đẩy mạnh chuyển đổi số và siết chặt quản lý thức ăn đường phố, suất ăn tập thể nhằm bảo vệ sức khỏe người dân.\nBộ Y tế vừa cập nhật, bổ sung và hoàn thiện dự thảo Luật An toàn thực phẩm (ATTP) (sửa đổi), trong đó xây dựng 4 nhóm chính sách trọng tâm nhằm đổi mới toàn diện công tác quản lý an toàn thực phẩm theo hướng hiện đại, tiệm cận thông lệ quốc tế.\nTheo Bộ Y tế, việc sửa đổi Luật hướng tới mục tiêu phòng ngừa bệnh tật, nâng cao thể chất và tuổi thọ người dân, giảm gánh nặng cho hệ thống y tế, hạn chế thiệt hại do mất sức lao động, đồng thời củng cố niềm tin của người tiêu dùng và thúc đẩy doanh nghiệp, người sản xuất chuyển đổi sang mô hình sản xuất sạch, bền vững, thân thiện với môi trường.\nChính sách 1: Quản lý ATTP dựa trên kiểm soát nguy cơ theo chuỗi cung ứng\nĐây là chính sách nền tảng của dự thảo Luật, với mục tiêu quản lý ATTP trong toàn bộ chuỗi cung ứng, từ sản xuất ban đầu đến khi sản phẩm đến tay người tiêu dùng, tiệm cận phương thức quản lý của các nước phát triển.\nTheo đó, công tác quản lý sẽ bao quát các khâu từ trồng trọt, chăn nuôi, nuôi trồng thủy sản, thu hái, đánh bắt, khai thác, giết mổ, sơ chế, chế biến, phân phối, lưu thông trên thị trường đến tiêu dùng.\nCơ quan chức năng kiểm tra về an toàn thực phẩm.\nDự thảo bổ sung quy định về giới hạn tồn dư thuốc thú y, thuốc bảo vệ thực vật và các tác nhân gây ô nhiễm trong thực phẩm; quy định điều kiện đối với một số nhóm cơ sở sản xuất thực phẩm; đồng thời xây dựng phương thức quản lý phù hợp theo từng nhóm thực phẩm.\nĐáng chú ý, cơ quan quản lý nhà nước và các cơ sở kiểm nghiệm sẽ được tăng cường vai trò trong hoạt động kiểm tra, giám sát, chủ động lấy mẫu đối với thực phẩm lưu thông trên thị trường nhằm phát hiện sớm nguy cơ mất ATTP.\nChính sách 2
... [truncated, total 9925 chars]
================================================================================

================================================================================
Article ID: MOH_2796a8b86c149ff2 | Attempt: 4
Error: Cannot extract valid JSON from response: line 1 column 1 (char 0)
Raw response (9573 chars):
{
"id": "MOH_2796a8b86c149ff2",
"date_iso": "2026-07-09T00:00:00",
"full_text": "Dự thảo Luật An toàn thực phẩm (sửa đổi) được Bộ Y tế cập nhật, hoàn thiện theo hướng đổi mới toàn diện phương thức quản lý, kiểm soát nguy cơ theo chuỗi cung ứng, đẩy mạnh chuyển đổi số và siết chặt quản lý thức ăn đường phố, suất ăn tập thể nhằm bảo vệ sức khỏe người dân.\nBộ Y tế vừa cập nhật, bổ sung và hoàn thiện dự thảo Luật An toàn thực phẩm (ATTP) (sửa đổi), trong đó xây dựng 4 nhóm chính sách trọng tâm nhằm đổi mới toàn diện công tác quản lý an toàn thực phẩm theo hướng hiện đại, tiệm cận thông lệ quốc tế.\nTheo Bộ Y tế, việc sửa đổi Luật hướng tới mục tiêu phòng ngừa bệnh tật, nâng cao thể chất và tuổi thọ người dân, giảm gánh nặng cho hệ thống y tế, hạn chế thiệt hại do mất sức lao động, đồng thời củng cố niềm tin của người tiêu dùng và thúc đẩy doanh nghiệp, người sản xuất chuyển đổi sang mô hình sản xuất sạch, bền vững, thân thiện với môi trường.\nChính sách 1: Quản lý ATTP dựa trên kiểm soát nguy cơ theo chuỗi cung ứng\nĐây là chính sách nền tảng của dự thảo Luật, với mục tiêu quản lý ATTP trong toàn bộ chuỗi cung ứng, từ sản xuất ban đầu đến khi sản phẩm đến tay người tiêu dùng, tiệm cận phương thức quản lý của các nước phát triển.\nTheo đó, công tác quản lý sẽ bao quát các khâu từ trồng trọt, chăn nuôi, nuôi trồng thủy sản, thu hái, đánh bắt, khai thác, giết mổ, sơ chế, chế biến, phân phối, lưu thông trên thị trường đến tiêu dùng.\nCơ quan chức năng kiểm tra về an toàn thực phẩm.\nDự thảo bổ sung quy định về giới hạn tồn dư thuốc thú y, thuốc bảo vệ thực vật và các tác nhân gây ô nhiễm trong thực phẩm; quy định điều kiện đối với một số nhóm cơ sở sản xuất thực phẩm; đồng thời xây dựng phương thức quản lý phù hợp theo từng nhóm thực phẩm.\nĐáng chú ý, cơ quan quản lý nhà nước và các cơ sở kiểm nghiệm sẽ được tăng cường vai trò trong hoạt động kiểm tra, giám sát, chủ động lấy mẫu đối với thực phẩm lưu thông trên thị trường nhằm phát hiện sớm nguy cơ mất ATTP.\nChính sách 2
... [truncated, total 9573 chars]
================================================================================

================================================================================
Article ID: MOH_2796a8b86c149ff2 | Attempt: 5
Error: Cannot extract valid JSON from response: line 1 column 1 (char 0)
Raw response (9544 chars):
{
"id": "MOH_2796a8b86c149ff2",
"date_iso": "2026-07-09T00:00:00",
"full_text": "Dự thảo Luật An toàn thực phẩm (sửa đổi) được Bộ Y tế cập nhật, hoàn thiện theo hướng đổi mới toàn diện phương thức quản lý, kiểm soát nguy cơ theo chuỗi cung ứng, đẩy mạnh chuyển đổi số và siết chặt quản lý thức ăn đường phố, suất ăn tập thể nhằm bảo vệ sức khỏe người dân.\nBộ Y tế vừa cập nhật, bổ sung và hoàn thiện dự thảo Luật An toàn thực phẩm (ATTP) (sửa đổi), trong đó xây dựng 4 nhóm chính sách trọng tâm nhằm đổi mới toàn diện công tác quản lý an toàn thực phẩm theo hướng hiện đại, tiệm cận thông lệ quốc tế.\nTheo Bộ Y tế, việc sửa đổi Luật hướng tới mục tiêu phòng ngừa bệnh tật, nâng cao thể chất và tuổi thọ người dân, giảm gánh nặng cho hệ thống y tế, hạn chế thiệt hại do mất sức lao động, đồng thời củng cố niềm tin của người tiêu dùng và thúc đẩy doanh nghiệp, người sản xuất chuyển đổi sang mô hình sản xuất sạch, bền vững, thân thiện với môi trường.\nChính sách 1: Quản lý ATTP dựa trên kiểm soát nguy cơ theo chuỗi cung ứng\nĐây là chính sách nền tảng của dự thảo Luật, với mục tiêu quản lý ATTP trong toàn bộ chuỗi cung ứng, từ sản xuất ban đầu đến khi sản phẩm đến tay người tiêu dùng, tiệm cận phương thức quản lý của các nước phát triển.\nTheo đó, công tác quản lý sẽ bao quát các khâu từ trồng trọt, chăn nuôi, nuôi trồng thủy sản, thu hái, đánh bắt, khai thác, giết mổ, sơ chế, chế biến, phân phối, lưu thông trên thị trường đến tiêu dùng.\nCơ quan chức năng kiểm tra về an toàn thực phẩm.\nDự thảo bổ sung quy định về giới hạn tồn dư thuốc thú y, thuốc bảo vệ thực vật và các tác nhân gây ô nhiễm trong thực phẩm; quy định điều kiện đối với một số nhóm cơ sở sản xuất thực phẩm; đồng thời xây dựng phương thức quản lý phù hợp theo từng nhóm thực phẩm.\nĐáng chú ý, cơ quan quản lý nhà nước và các cơ sở kiểm nghiệm sẽ được tăng cường vai trò trong hoạt động kiểm tra, giám sát, chủ động lấy mẫu đối với thực phẩm lưu thông trên thị trường nhằm phát hiện sớm nguy cơ mất ATTP.\nChính sách 2
... [truncated, total 9544 chars]
================================================================================

================================================================================
Article ID: MOH_0f2949355cda3cb1 | Attempt: 1
Error: Cannot extract valid JSON from response: line 1 column 1 (char 0)
Raw response (7200 chars):
{
"id": "MOH_0f2949355cda3cb1",
"date_iso": "2026-07-08T00:00:00",
"full_text": "Ngày 8/7/2026, tại thành phố Hồ Chí Minh, GS.TS Trần Văn Thuấn, Thứ trưởng Bộ Y tế, Chủ tịch Hội đồng Y khoa Quốc gia đã chủ trì cuộc họp với Ban Xây dựng Bộ công cụ đánh giá năng lực hành nghề khám bệnh, chữa bệnh nhằm rà soát tiến độ xây dựng ngân hàng câu hỏi và công tác chuẩn bị cho kỳ kiểm tra đánh giá năng lực hành nghề dự kiến tổ chức vào quý I/2027.\nThứ trưởng Bộ Y tế Trần Văn Thuấn chủ trì cuộc họp\nThứ trưởng Trần Văn Thuấn nhấn mạnh: “Kiểm tra đánh giá năng lực hành nghề khám bệnh, chữa bệnh là nhiệm vụ chính trị quan trọng của ngành y tế, cần được triển khai đúng quy định của Luật Khám bệnh, chữa bệnh năm 2023”.\nThứ trưởng yêu cầu các đơn vị liên quan khẩn trương thực hiện các nhiệm vụ được giao theo đúng nội dung và tiến độ tại Kế hoạch số 04 đã được Hội đồng Y khoa Quốc gia phê duyệt, bảo đảm tổ chức thành công kỳ kiểm tra đánh giá năng lực hành nghề đầu tiên vào quý I/2027.\nĐối với công tác xây dựng ngân hàng câu hỏi, Thứ trưởng Trần Văn Thuấn đề nghị các đơn vị tập trung tối đa nguồn lực, huy động các chuyên gia có năng lực, giàu kinh nghiệm chuyên môn tham gia biên soạn nhằm bảo đảm số lượng và chất lượng câu hỏi phục vụ kỳ kiểm tra.\nThứ trưởng Bộ Y tế Trần Văn Thuấn phát biểu giao nhiệm vụ\nLiên quan đến phần mềm phục vụ xây dựng ngân hàng câu hỏi, Chủ tịch Hội đồng Y khoa Quốc gia giao Ban Xây dựng Bộ công cụ, Ban Tổ chức kiểm tra, Trường Đại học Y Dược TPHCM và Trường Đại học Y Hà Nội sớm thống nhất phương án lựa chọn phần mềm trước ngày 15/7 để hoàn thiện hồ sơ, trình lãnh đạo Hội đồng Y khoa Quốc gia xem xét, quyết định, bảo đảm không ảnh hưởng đến tiến độ chung.\nBên cạnh đó, Thứ trưởng Bộ Y tế đề nghị Cục Khoa học, Công nghệ và Đào tạo nghiên cứu, phối hợp xin ý kiến Bộ Giáo dục và Đào tạo để sớm cấp mã ngành đào tạo đối với chức danh cấp cứu viên ngoại viện, đồng thời sớm ban hành chuẩn đầu ra đối với bác sĩ chuyên khoa và cấp cứu viên ngoại viện.\nThứ trưởn
... [truncated, total 7200 chars]
================================================================================

================================================================================
Article ID: MOH_a18e400eaa8e856e | Attempt: 1
Error: Cannot extract valid JSON from response: line 1 column 1 (char 0)
Raw response (13202 chars):
{
"id": "MOH_a18e400eaa8e856e",
"date_iso": "2026-07-08T00:00:00",
"full_text": "Sáng ngày 08/7/2026, TS.BS Vũ Mạnh Hà, Ủy viên dự khuyết Ban Chấp hành Trung ương Đảng, Thứ trưởng Thường trực Bộ Y tế, Chủ tịch Hội đồng chuyên môn về bảo vệ, chăm sóc sức khỏe cán bộ Trung ương làm việc với tập thể cán bộ quản lý Bệnh viện Hữu Nghị.\nThứ trưởng Thường trực Bộ Y tế Vũ Mạnh Hà làm việc với Bệnh viện Hữu Nghị\nCùng tham dự buổi làm việc có TS.BS Hà Anh Đức, Cục trưởng Cục Quản lý Khám, chữa bệnh, Phó Chủ tịch Hội đồng chuyên môn về bảo vệ, chăm sóc sức khỏe cán bộ Trung ương; đại diện lãnh đạo Vụ, Cục, Văn phòng Bộ Y tế.\nGS.TS Nguyễn Lân Việt, Phó Chủ tịch Thường trực Hội đồng chuyên môn về bảo vệ, chăm sóc sức khỏe cán bộ Trung ương, Chủ tịch Hội đồng chuyên môn Bảo vệ sức khỏe cán bộ miền Bắc, Chủ tịch Hội đồng về Dự phòng, nâng cao sức khỏe, điều dưỡng, dinh dưỡng và thuốc Trung ương.\nBáo cáo tại buổi làm việc, PGS.TS.BSCC Nguyễn Thế Anh, Giám đốc Bệnh viện Hữu Nghị cho biết, hiện bệnh viện là cơ sở khám chữa bệnh đa khoa hạng I với 43 khoa, phòng, quy mô 970 giường bệnh.\nPGS.TS.BSCC Nguyễn Thế Anh, Giám đốc Bệnh viện Hữu Nghị báo cáo\nBệnh viện có 926 cán bộ, viên chức, trong đó 239 bác sĩ, được tổ chức đầy đủ các chuyên khoa nội, ngoại và cận lâm sàng. Trong 6 tháng đầu năm, số lượt điều trị nội trú của bệnh viện tăng khoảng 2% so với cùng kỳ, với gần 14.000 người bệnh điều trị; công suất sử dụng giường bệnh đạt gần 78%, cho thấy bệnh viện vẫn còn khả năng tiếp nhận thêm người bệnh khi mở rộng quy mô.\nBệnh viện thực hiện hơn 2.300 ca phẫu thuật trong 6 tháng đầu năm. Trong khi đó, các kỹ thuật nội khoa, can thiệp chuyên sâu tiếp tục phát triển mạnh với hàng trăm nghìn lượt thủ thuật, chẩn đoán hình ảnh và xét nghiệm được thực hiện; nhiều kỹ thuật chuyên sâu đã được triển khai hiệu quả như can thiệp tim mạch, can thiệp lấy sỏi mật không cần phẫu thuật, đổ xi măng cột sống điều trị lún đốt sống ở người cao tuổi, ECMO, lọc máu liên tục, hạ thân nhiệt chỉ huy, theo 
... [truncated, total 13202 chars]
================================================================================

================================================================================
Article ID: MOH_5cece494a2090b56 | Attempt: 1
Error: Cannot extract valid JSON from response: line 1 column 1 (char 0)
Raw response (10635 chars):
{
"id": "MOH_5cece494a2090b56",
"date_iso": "2026-07-07T00:00:00",
"full_text": "Chiều ngày 7/7/2026, tại Ninh Bình, Ủy viên Ban Chấp hành Trung ương Đảng, Bộ trưởng Bộ Y tế Đào Hồng Lan đã kiểm tra toàn diện công tác chuẩn bị nhân lực, thiết bị và các điều kiện vận hành tại Bệnh viện Hữu nghị Việt Đức cơ sở Ninh Bình trước thời điểm chính thức đi vào hoạt động từ ngày 9/7/2026.\nỦy viên Ban Chấp hành Trung ương Đảng, Bộ trưởng Bộ Y tế Đào Hồng Lan, Thứ trưởng Lê Đức Luận và đoàn công tác kiểm tra toàn diện tại Bệnh viện Hữu nghị Việt Đức cơ sở Ninh Bình\nCùng tham gia đoàn có Thứ trưởng Bộ Y tế Lê Đức Luận; Đại diện lãnh đạo Văn phòng Bộ, Cục Quản lý Khám, chữa bệnh, Vụ Kế hoạch Tài chính, Ban Quản lý dự án công trình y tế, Bộ Y tế.\nBộ trưởng Bộ Y tế Đào Hồng Lan làm việc, rà soát tổng thể hiện trạng hoàn thiện Bệnh viện Hữu nghị Việt Đức cơ sở Ninh Bình\nTrước khi làm việc với Bệnh viện Hữu nghị Việt Đức và các đơn vị liên quan, Bộ trưởng Bộ Y tế Đào Hồng Lan, đoàn công tác Bộ Y tế đã tiến hành khảo sát thực tế; kiểm tra toàn diện hệ thống cơ sở hạ tầng; trang thiết bị y tế; các khoa, phòng chức năng; quy trình chuyên môn; công nghệ thông tin, phòng cháy chữa cháy và các điều kiện phục vụ vận hành, đảm bảo hoạt động khám, chữa bệnh của Bệnh viện Hữu nghị Việt Đức cơ sở Ninh Bình.\nPGS. TS Dương Đức Hùng, Giám đốc Bệnh viện Hữu nghị Việt Đức báo báo\nPGS. TS Dương Đức Hùng, Giám đốc Bệnh viện Hữu nghị Việt Đức báo báo, Bệnh viện đã sắp xếp hơn 300 cán bộ, chuyên gia, y bác sĩ đầu ngành nhận nhiệm vụ làm việc tại cơ sở Ninh Bình. Trong đó cử một đồng chí Phó Giám đốc Bệnh viện PGS. TS Dương Mạnh Khánh thường xuyên túc trực cùng các chuyên gia, Phó, Trưởng các khoa, phòng và các y bác sĩ, điều dưỡng... để phối hợp với các bên liên quan để sẵn sàng phục vụ khám chữa bệnh, điều trị cho người dân.\nBệnh viện Hữu nghị Việt Đức cơ sở Ninh Bình có tổng số 44 phòng mổ được trang bị đồng bộ và hiện đại. Tuy nhiên, giai đoạn đầu tiên dự kiến triển khai khoảng 12 phòng mổ. \"
... [truncated, total 10635 chars]
================================================================================

================================================================================
Article ID: MOH_5cece494a2090b56 | Attempt: 2
Error: Cannot extract valid JSON from response: line 1 column 1 (char 0)
Raw response (10885 chars):
{
"id": "MOH_5cece494a2090b56",
"date_iso": "2026-07-07T00:00:00",
"full_text": "Chiều ngày 7/7/2026, tại Ninh Bình, Ủy viên Ban Chấp hành Trung ương Đảng, Bộ trưởng Bộ Y tế Đào Hồng Lan đã kiểm tra toàn diện công tác chuẩn bị nhân lực, thiết bị và các điều kiện vận hành tại Bệnh viện Hữu nghị Việt Đức cơ sở Ninh Bình trước thời điểm chính thức đi vào hoạt động từ ngày 9/7/2026.\nỦy viên Ban Chấp hành Trung ương Đảng, Bộ trưởng Bộ Y tế Đào Hồng Lan, Thứ trưởng Lê Đức Luận và đoàn công tác kiểm tra toàn diện tại Bệnh viện Hữu nghị Việt Đức cơ sở Ninh Bình\nCùng tham gia đoàn có Thứ trưởng Bộ Y tế Lê Đức Luận; Đại diện lãnh đạo Văn phòng Bộ, Cục Quản lý Khám, chữa bệnh, Vụ Kế hoạch Tài chính, Ban Quản lý dự án công trình y tế, Bộ Y tế.\nBộ trưởng Bộ Y tế Đào Hồng Lan làm việc, rà soát tổng thể hiện trạng hoàn thiện Bệnh viện Hữu nghị Việt Đức cơ sở Ninh Bình\nTrước khi làm việc với Bệnh viện Hữu nghị Việt Đức và các đơn vị liên quan, Bộ trưởng Bộ Y tế Đào Hồng Lan, đoàn công tác Bộ Y tế đã tiến hành khảo sát thực tế; kiểm tra toàn diện hệ thống cơ sở hạ tầng; trang thiết bị y tế; các khoa, phòng chức năng; quy trình chuyên môn; công nghệ thông tin, phòng cháy chữa cháy và các điều kiện phục vụ vận hành, đảm bảo hoạt động khám, chữa bệnh của Bệnh viện Hữu nghị Việt Đức cơ sở Ninh Bình.\nPGS. TS Dương Đức Hùng, Giám đốc Bệnh viện Hữu nghị Việt Đức báo báo\nPGS. TS Dương Đức Hùng, Giám đốc Bệnh viện Hữu nghị Việt Đức báo báo, Bệnh viện đã sắp xếp hơn 300 cán bộ, chuyên gia, y bác sĩ đầu ngành nhận nhiệm vụ làm việc tại cơ sở Ninh Bình. Trong đó cử một đồng chí Phó Giám đốc Bệnh viện PGS. TS Dương Mạnh Khánh thường xuyên túc trực cùng các chuyên gia, Phó, Trưởng các khoa, phòng và các y bác sĩ, điều dưỡng... để phối hợp với các bên liên quan để sẵn sàng phục vụ khám chữa bệnh, điều trị cho người dân.\nBệnh viện Hữu nghị Việt Đức cơ sở Ninh Bình có tổng số 44 phòng mổ được trang bị đồng bộ và hiện đại. Tuy nhiên, giai đoạn đầu tiên dự kiến triển khai khoảng 12 phòng mổ. \"
... [truncated, total 10885 chars]
================================================================================

================================================================================
Article ID: MOH_5cece494a2090b56 | Attempt: 3
Error: Cannot extract valid JSON from response: line 1 column 1 (char 0)
Raw response (10654 chars):
{
"id": "MOH_5cece494a2090b56",
"date_iso": "2026-07-07T00:00:00",
"full_text": "Chiều ngày 7/7/2026, tại Ninh Bình, Ủy viên Ban Chấp hành Trung ương Đảng, Bộ trưởng Bộ Y tế Đào Hồng Lan đã kiểm tra toàn diện công tác chuẩn bị nhân lực, thiết bị và các điều kiện vận hành tại Bệnh viện Hữu nghị Việt Đức cơ sở Ninh Bình trước thời điểm chính thức đi vào hoạt động từ ngày 9/7/2026.\nỦy viên Ban Chấp hành Trung ương Đảng, Bộ trưởng Bộ Y tế Đào Hồng Lan, Thứ trưởng Lê Đức Luận và đoàn công tác kiểm tra toàn diện tại Bệnh viện Hữu nghị Việt Đức cơ sở Ninh Bình\nCùng tham gia đoàn có Thứ trưởng Bộ Y tế Lê Đức Luận; Đại diện lãnh đạo Văn phòng Bộ, Cục Quản lý Khám, chữa bệnh, Vụ Kế hoạch Tài chính, Ban Quản lý dự án công trình y tế, Bộ Y tế.\nBộ trưởng Bộ Y tế Đào Hồng Lan làm việc, rà soát tổng thể hiện trạng hoàn thiện Bệnh viện Hữu nghị Việt Đức cơ sở Ninh Bình\nTrước khi làm việc với Bệnh viện Hữu nghị Việt Đức và các đơn vị liên quan, Bộ trưởng Bộ Y tế Đào Hồng Lan, đoàn công tác Bộ Y tế đã tiến hành khảo sát thực tế; kiểm tra toàn diện hệ thống cơ sở hạ tầng; trang thiết bị y tế; các khoa, phòng chức năng; quy trình chuyên môn; công nghệ thông tin, phòng cháy chữa cháy và các điều kiện phục vụ vận hành, đảm bảo hoạt động khám, chữa bệnh của Bệnh viện Hữu nghị Việt Đức cơ sở Ninh Bình.\nPGS. TS Dương Đức Hùng, Giám đốc Bệnh viện Hữu nghị Việt Đức báo báo\nPGS. TS Dương Đức Hùng, Giám đốc Bệnh viện Hữu nghị Việt Đức báo báo, Bệnh viện đã sắp xếp hơn 300 cán bộ, chuyên gia, y bác sĩ đầu ngành nhận nhiệm vụ làm việc tại cơ sở Ninh Bình. Trong đó cử một đồng chí Phó Giám đốc Bệnh viện PGS. TS Dương Mạnh Khánh thường xuyên túc trực cùng các chuyên gia, Phó, Trưởng các khoa, phòng và các y bác sĩ, điều dưỡng... để phối hợp với các bên liên quan để sẵn sàng phục vụ khám chữa bệnh, điều trị cho người dân.\nBệnh viện Hữu nghị Việt Đức cơ sở Ninh Bình có tổng số 44 phòng mổ được trang bị đồng bộ và hiện đại. Tuy nhiên, giai đoạn đầu tiên dự kiến triển khai khoảng 12 phòng mổ. \"
... [truncated, total 10654 chars]
================================================================================

================================================================================
Article ID: MOH_5cece494a2090b56 | Attempt: 4
Error: Cannot extract valid JSON from response: line 1 column 1 (char 0)
Raw response (10315 chars):
{
"id": "MOH_5cece494a2090b56",
"date_iso": "2026-07-07T00:00:00",
"full_text": "Chiều ngày 7/7/2026, tại Ninh Bình, Ủy viên Ban Chấp hành Trung ương Đảng, Bộ trưởng Bộ Y tế Đào Hồng Lan đã kiểm tra toàn diện công tác chuẩn bị nhân lực, thiết bị và các điều kiện vận hành tại Bệnh viện Hữu nghị Việt Đức cơ sở Ninh Bình trước thời điểm chính thức đi vào hoạt động từ ngày 9/7/2026.\nỦy viên Ban Chấp hành Trung ương Đảng, Bộ trưởng Bộ Y tế Đào Hồng Lan, Thứ trưởng Lê Đức Luận và đoàn công tác kiểm tra toàn diện tại Bệnh viện Hữu nghị Việt Đức cơ sở Ninh Bình\nCùng tham gia đoàn có Thứ trưởng Bộ Y tế Lê Đức Luận; Đại diện lãnh đạo Văn phòng Bộ, Cục Quản lý Khám, chữa bệnh, Vụ Kế hoạch Tài chính, Ban Quản lý dự án công trình y tế, Bộ Y tế.\nBộ trưởng Bộ Y tế Đào Hồng Lan làm việc, rà soát tổng thể hiện trạng hoàn thiện Bệnh viện Hữu nghị Việt Đức cơ sở Ninh Bình\nTrước khi làm việc với Bệnh viện Hữu nghị Việt Đức và các đơn vị liên quan, Bộ trưởng Bộ Y tế Đào Hồng Lan, đoàn công tác Bộ Y tế đã tiến hành khảo sát thực tế; kiểm tra toàn diện hệ thống cơ sở hạ tầng; trang thiết bị y tế; các khoa, phòng chức năng; quy trình chuyên môn; công nghệ thông tin, phòng cháy chữa cháy và các điều kiện phục vụ vận hành, đảm bảo hoạt động khám, chữa bệnh của Bệnh viện Hữu nghị Việt Đức cơ sở Ninh Bình.\nPGS. TS Dương Đức Hùng, Giám đốc Bệnh viện Hữu nghị Việt Đức báo báo\nPGS. TS Dương Đức Hùng, Giám đốc Bệnh viện Hữu nghị Việt Đức báo báo, Bệnh viện đã sắp xếp hơn 300 cán bộ, chuyên gia, y bác sĩ đầu ngành nhận nhiệm vụ làm việc tại cơ sở Ninh Bình. Trong đó cử một đồng chí Phó Giám đốc Bệnh viện PGS. TS Dương Mạnh Khánh thường xuyên túc trực cùng các chuyên gia, Phó, Trưởng các khoa, phòng và các y bác sĩ, điều dưỡng... để phối hợp với các bên liên quan để sẵn sàng phục vụ khám chữa bệnh, điều trị cho người dân.\nBệnh viện Hữu nghị Việt Đức cơ sở Ninh Bình có tổng số 44 phòng mổ được trang bị đồng bộ và hiện đại. Tuy nhiên, giai đoạn đầu tiên dự kiến triển khai khoảng 12 phòng mổ. \"
... [truncated, total 10315 chars]
================================================================================

================================================================================
Article ID: MOH_2ff8cf7f0a48f783 | Attempt: 1
Error: Cannot extract valid JSON from response: line 1 column 1 (char 0)
Raw response (10196 chars):
{
"id": "MOH_2ff8cf7f0a48f783",
"date_iso": "2026-07-07T00:00:00",
"full_text": "Phát biểu khai mạc hội nghị, GS.TS.BS Trần Văn Thuấn, Thứ trưởng Bộ Y tế, nhấn mạnh phát triển mạng lưới bệnh viện vệ tinh và y học gia đình tuy là hai nội dung khác nhau nhưng đều hướng đến mục tiêu chung là tổ chức lại hệ thống chăm sóc sức khỏe theo hướng gần dân, liên thông và hiệu quả hơn, giúp người dân được chăm sóc toàn diện từ phòng bệnh, điều trị đến phục hồi chức năng và theo dõi lâu dài.\nThứ trưởng Trần Văn Thuấn phát biểu tại hội nghị\nTheo Thứ trưởng, Nghị quyết số 72 của Bộ Chính trị đã xác định rõ định hướng chuyển mạnh từ tư duy tập trung vào khám chữa bệnh sang chủ động phòng bệnh; quản lý, chăm sóc sức khỏe theo vòng đời; triển khai khám chữa bệnh theo nguyên lý y học gia đình và tăng cường kết nối giữa các tuyến chuyên môn, trước hết là y tế cơ sở.\n“Một nền y tế hiện đại không chỉ được đánh giá qua năng lực của các bệnh viện chuyên sâu mà còn phải được người dân cảm nhận thông qua việc tiếp cận dịch vụ y tế phù hợp, kịp thời và chất lượng ngay tại nơi sinh sống”, Thứ trưởng Trần Văn Thuấn nhấn mạnh. Đánh giá kết quả giai đoạn 2020-2025, Thứ trưởng cho rằng công tác chỉ đạo chuyên môn kỹ thuật đã đạt nhiều kết quả tích cực. Tuy nhiên, hiệu quả của chuyển giao kỹ thuật không nằm ở số lượng kỹ thuật được tiếp nhận mà ở việc người bệnh có được điều trị ngay tại địa phương, giảm các trường hợp chuyển tuyến không cần thiết.\nĐể hiện thực hóa mục tiêu này, Quyết định số 1068 ngày 17/4/2026 của Bộ Y tế về Đề án phát triển mạng lưới bệnh viện vệ tinh giai đoạn 2026-2030 đặt mục tiêu phát triển thêm ít nhất 200 bệnh viện vệ tinh; bảo đảm các đơn vị triển khai hiệu quả các kỹ thuật đã được chuyển giao; giảm tối thiểu 20% số lượt người bệnh phải chuyển lên tuyến chuyên môn kỹ thuật cao hơn hoặc cùng cấp; đồng thời mở rộng hoạt động hỗ trợ chuyên môn từ xa trên toàn mạng lưới.\nTheo Thứ trưởng, việc triển khai đề án cần bám sát tinh thần của Luật Khám bệnh, chữa bệnh, trong đó 
... [truncated, total 10196 chars]
================================================================================

================================================================================
Article ID: MOH_015f9f893472eda0 | Attempt: 1
Error: Cannot extract valid JSON from response: line 1 column 1 (char 0)
Raw response (13221 chars):
{
"id": "MOH_015f9f893472eda0",
"date_iso": "2026-07-05T00:00:00",
"full_text": "Quán triệt phương châm hành động năm 2026 \"Hành động đột phá, lan tỏa kết quả\", Ban Chỉ đạo Trung ương về phát triển khoa học công nghệ, đổi mới sáng tạo và chuyển đổi số yêu cầu các cơ quan, đơn vị, địa phương tập trung thực hiện 4 nhiệm vụ trọng tâm.\nNgày 22/12/2024, Bộ Chính trị ban hành Nghị quyết số 57-NQ/TW về đột phá phát triển khoa học, công nghệ, đổi mới sáng tạo và chuyển đổi số quốc gia (gọi tắt là Nghị quyết số 57), đồng thời thành lập Ban Chỉ đạo Trung ương do đồng chí Tổng Bí thư, Chủ tịch nước Tô Lâm làm Trưởng Ban Chỉ đạo. Qua 01 năm 06 tháng triển khai thực hiện, dưới sự lãnh đạo, chỉ đạo trực tiếp, thường xuyên của các đồng chí Lãnh đạo Đảng, Thường trực Ban Chỉ đạo Trung ương và sự vào cuộc đồng bộ của cả hệ thống chính trị, việc thực hiện Nghị quyết số 57 đã đạt được nhiều kết quả quan trọng, tạo chuyển biến rõ nét, mang tính nền tảng trên các lĩnh vực khoa học, công nghệ, đổi mới sáng tạo và chuyển đổi số quốc gia (KHCN, ĐMST & CĐS).\nHội nghị sơ kết 1 năm 6 tháng triển khai thực hiện Nghị quyết số 57-NQ/TW ngày 22/12/2024 của Bộ Chính trị về đột phá phát triển khoa học, công nghệ, đổi mới sáng tạo và chuyển đổi số quốc gia ngày 01/7/2026.\nCác đồng chí Lãnh đạo Ban Chỉ đạo Trung ương đã trực tiếp chỉ đạo nhiều định hướng chiến lược và nhiệm vụ lớn mang tính liên ngành về KHCN, ĐMST & CĐS gắn với phát triển kinh tế - xã hội, xây dựng, hoàn thiện thể chế, chính sách, tạo hành lang pháp lý thúc đẩy thực hiện Nghị quyết số 57. Các cơ quan Đảng ở Trung ương và địa phương đã chỉ đạo tổ chức khẩn trương triển khai Nghị quyết số 57 quyết liệt, đồng bộ trong toàn hệ thống chính trị, gắn với trách nhiệm của cấp ủy, tổ chức đảng và người đứng đầu các cấp.\nQuán triệt quan điểm thể chế phải đi trước, mở đường và tạo động lực phát triển, 18 tháng qua, Ban Chỉ đạo đã chỉ đạo tháo gỡ các vướng mắc ở về thể chế, tài chính và định hướng chiến lược. Theo đó, các cơ quan trong hệ 
... [truncated, total 13221 chars]
================================================================================

================================================================================
Article ID: MOH_ebc5b2ebbcdc3d79 | Attempt: 1
Error: Cannot extract valid JSON from response: line 1 column 1 (char 0)
Raw response (9869 chars):
{
"id": "MOH_ebc5b2ebbcdc3d79",
"date_iso": "2026-07-04T00:00:00",
"full_text": "Y tế cơ sở được ví như “lá chắn tuyến đầu” trong công tác chăm sóc sức khỏe Nhân dân tại tỉnh Tuyên Quang. Tuy nhiên, những rào cản về cơ sở vật chất, nhân lực và cơ chế quản lý cũ đôi khi đã khiến “lá chắn” ấy chưa phát huy hết sức mạnh. Khi bàn giao về xã quản lý, công tác chăm sóc sức khỏe Nhân dân từ cơ sở thuận lợi hơn, chất lượng hơn và quan trọng hơn là giảm tải cho y tế tuyến trên.\nCác bác sỹ xã Bạch Ngọc tuyên truyền kiến thức phòng bệnh cho người dân\nKỳ vọng mới\nTuyên Quang là một trong những địa phương đi đầu trong cả nước thiết lập lại các Trạm Y tế xã, phường, hoàn thành việc sắp xếp và đưa vào hoạt động theo mô hình mới từ ngày 1/1/2026. Mỗi Trạm Y tế tại Tuyên Quang gồm Trạm Y tế chính, các điểm trạm, phòng khám Đa khoa khu vực thực hiện nhiệm vụ khám chữa bệnh ban đầu cho người dân trên địa bàn.\nSự phân cấp này được kỳ vọng sẽ thổi một luồng sinh khí mới, giúp chính quyền địa phương chủ động hơn trong việc đầu tư, điều hành, đưa dịch vụ y tế đến gần dân và sát dân hơn. Sau khi sắp xếp lại đơn vị hành chính theo mô hình chính quyền hai cấp, diện mạo các trạm Y tế xã tại Tuyên Quang đã có nhiều thay đổi rõ rệt.\nTại xã Linh Hồ - xã mới được hình thành trên cơ sở sáp nhập 3 xã cũ, Linh Hồ có một Trạm chính và 2 điểm trạm với quy mô dân số lớn nhưng hiện chỉ có vỏn vẹn 2 bác sỹ đa khoa. Cùng với đó, một số trạm trước đây là phòng khám đa khoa khu vực, nay do thay đổi chức năng theo định mức Trạm Y tế xã nên nhiều máy móc hiện đại như: siêu âm, X-quang phải hoàn trả hoặc chưa được phép vận hành, gây lãng phí hạ tầng và khó khăn cho người bệnh. Việc tự chủ hạ tầng sau sáp nhập đòi hỏi chính quyền cấp xã phải nỗ lực bài toán kinh phí để nâng cấp các nhà trạm vốn đã cũ kỹ, nhỏ hẹp.\nHình ảnh những người thầy thuốc lội suối, băng rừng đến từng nhà dân ở vùng sâu, vùng xa để hướng dẫn chăm sóc sức khỏe đã không còn hiếm gặp. Đón nhận gói thuốc từ tay bác sỹ, bà Phàn Thị Vài, 6
... [truncated, total 9869 chars]
================================================================================

================================================================================
Article ID: MOH_fa049e2dd66372d7 | Attempt: 1
Error: Cannot extract valid JSON from response: line 1 column 1 (char 0)
Raw response (8010 chars):
{
"id": "MOH_fa049e2dd66372d7",
"date_iso": "2026-07-04T00:00:00",
"full_text": "Công đoàn Y tế Việt Nam vừa phát động phong trào thi đua thực hiện Nghị quyết 72-NQ/TW, vì sự hài lòng và tin yêu của Nhân dân nhằm cụ thể hóa Nghị quyết số 72-NQ/TW của Bộ Chính trị.\nPhong trào được triển khai nhằm cụ thể hóa Nghị quyết số 72-NQ/TW của Bộ Chính trị; Nghị định số 282/NĐ-CP của Chính phủ; Chương trình số 02/CTr-TLĐ của Tổng Liên đoàn Lao động Việt Nam và Nghị quyết Đại hội XV Công đoàn Y tế Việt Nam.\nTheo đó, phong trào hướng tới phát huy vai trò của tổ chức công đoàn trong tuyên truyền, vận động, giám sát, phản biện xã hội và tham gia xây dựng chính sách về bảo vệ, chăm sóc, nâng cao sức khỏe Nhân dân. Đồng thời tạo động lực thi đua trong đội ngũ cán bộ, công chức, viên chức, đoàn viên công đoàn và người lao động ngành Y tế, gắn nhiệm vụ chuyên môn với rèn luyện y đức, nâng cao chất lượng phục vụ, đáp ứng sự hài lòng của người dân.\nCông đoàn Y tế Việt Nam tổ chức Hội nghị triển khai phong trào thi đua \"Cán bộ, đoàn viên công đoàn và người lao động ngành Y tế thực hiện giải pháp đột phá, tăng cường bảo vệ, chăm sóc và nâng cao sức khỏe toàn dân, vì sự hài lòng và tin yêu của Nhân dân\".\nĐối tượng thực hiện là cán bộ, công chức, viên chức, đoàn viên công đoàn và người lao động đang công tác tại các cơ quan, đơn vị, doanh nghiệp thuộc ngành Y tế.\nPhong trào được triển khai tại các công đoàn cơ sở trực thuộc Công đoàn Y tế Việt Nam và các công đoàn cơ sở trong ngành, thực hiện từ năm 2025 đến năm 2030.\nTrong đó, Phong trào xác định bốn nhóm nội dung thi đua trọng tâm.\nThứ nhất, nâng cao nhận thức, trách nhiệm trong bảo vệ, chăm sóc và nâng cao sức khỏe Nhân dân thông qua việc tuyên truyền, quán triệt Nghị quyết số 72-NQ/TW; vận động đoàn viên chuyển mạnh từ tư duy \"chủ yếu khám, chữa bệnh\" sang \"chủ động phòng bệnh, bảo vệ và nâng cao sức khỏe toàn diện, liên tục\"; xây dựng hình ảnh người cán bộ y tế \"chuẩn mực - tận tâm - chuyên nghiệp\".\nThứ hai, nâng cao ch
... [truncated, total 8010 chars]
================================================================================

================================================================================
Article ID: MOH_4a097f7a1425bd00 | Attempt: 1
Error: Cannot extract valid JSON from response: line 1 column 1 (char 0)
Raw response (13715 chars):
{
"id": "MOH_4a097f7a1425bd00",
"date_iso": "2026-07-04T00:00:00",
"full_text": "“Với định hướng phát triển mạng lưới y tế đồng bộ, TP Hồ Chí Minh sẽ triển khai những chính sách đầu tư công quyết liệt cho các khu vực cửa ngõ, trong đó không ngừng nâng số lượng giường bệnh, đầu tư nhiều trang thiết bị hiện đại, ứng dụng các kỹ thuật chuyên sâu như phẫu thuật robot, phẫu thuật nội soi… nhằm giảm tải cho khu vực trung tâm, đồng thời mang lại cơ hội tiếp cận dịch vụ y tế kỹ thuật cao ngay tại địa phương cho hàng triệu người dân”.\nĐây là khẳng định của lãnh đạo Thành ủy Thành phố Hồ Chí Minh tại buổi làm việc với Sở Y tế và các đơn vị liên quan về phát triển các bệnh viện cửa ngõ, ngày 4/7.\nHệ thống bệnh viện cửa ngõ phát huy hiệu quả\nQuang cảnh buổi làm việc. Ảnh: Đinh Hằng/TTXVN\nTheo lãnh đạo Sở Y tế Thành phố Hồ Chí Minh, trong chiến lược phát triển hệ thống y tế chuyên sâu hướng tầm khu vực, Thành phố Hồ Chí Minh đã và đang tập trung nguồn lực lớn cho việc xây dựng và hoàn thiện hệ thống bệnh viện cửa ngõ. Đây được xem là giải pháp căn cơ, mang tính chiến lược nhằm giải quyết triệt để tình trạng quá tải tại các bệnh viện trung tâm, đồng thời tạo lập mạng lưới cấp cứu, điều trị liên vùng vững chắc.\nTrong năm 2025, Thành phố Hồ Chí Minh hoàn thành nâng cấp hệ thống ba bệnh viện cửa ngõ trọng điểm bao gồm: Bệnh viện Đa khoa khu vực Thủ Đức, Bệnh viện Đa khoa khu vực Hóc Môn và Bệnh viện Đa khoa khu vực Củ Chi. Đến nay, các cơ sở này lần lượt được đưa vào vận hành với diện mạo khang trang, quy mô đồng bộ 1.000 giường bệnh cùng trang thiết bị đạt chuẩn quốc tế, tạo nên các cực phát triển y tế mới bao bọc quanh Thành phố.\nTừ sự chỉ đạo quyết liệt của Sở Y tế, mô hình liên kết, chuyển giao kỹ thuật từ các bệnh viện tuyến cuối, bệnh viện chuyên khoa đầu ngành đã mang lại những chuyển biến rõ rệt. Sau một năm khánh thành, Bệnh viện Đa khoa khu vực Thủ Đức tiếp đón hơn 3.500 lượt khám mỗi ngày và điều trị trên 750 bệnh nhân nội trú. Bệnh viện đã ký kết hợp tác toàn diện 
... [truncated, total 13715 chars]
================================================================================

================================================================================
Article ID: MOH_f47af2533ee4f18b | Attempt: 1
Error: Cannot extract valid JSON from response: line 1 column 1 (char 0)
Raw response (8273 chars):
{
"id": "MOH_f47af2533ee4f18b",
"date_iso": "2026-07-04T00:00:00",
"full_text": "Sáng ngày 3/7/2026, tại Bộ Y tế, TS Lê Đức Luận, Thứ trưởng Bộ Y tế chủ trì cuộc họp triển khai công tác chuẩn bị tổ chức Lễ khai trương hoạt động của Bệnh viện Hữu nghị Việt Đức cơ sở Ninh Bình.\nThứ trưởng Bộ Y tế Lê Đức Luận chủ trì cuộc họp\nTham dự cuộc họp có đại diện Lãnh đạo và chuyên viên: Văn phòng Bộ, Vụ Kế hoạch - Tài chính, Cục Quản lý Khám, chữa bệnh, Ban Quản lý dự án chuyên ngành xây dựng công trình y tế, Bệnh viện Hữu nghị Việt Đức và các đơn vị liên quan.\nTại cuộc họp, đại diện các đơn vị đã báo cáo Thứ trưởng Bộ Y tế Lê Đức Luận về công tác khẩn trương thi công, hoàn thiện giai đoạn cuối với những khu vực phục vụ khai trương, đưa vào vận hành Bệnh viện Hữu nghị Việt Đức cơ sở Ninh Nình; đề xuất phương án tổ chức lễ khai trương đảm bảo trang trọng, ý nghĩa của công trình được đầu tư đồng bộ về cơ sở hạ tầng, trang thiết bị hiện đại cùng đội ngũ chuyên gia, bác sĩ giàu kinh nghiệm, đáp ứng nhu cầu chăm sóc sức khỏe ngày càng cao của Nhân dân.\nĐại diện các đơn vị báo cáo, đề xuất công tác chuẩn bị tổ chức khai trương hoạt động Bệnh viện Hữu nghị Việt Đức cơ sở Ninh Bình\nCó khoảng 400 bác sĩ, điều dưỡng luân phiên về cơ sở Ninh Binh công tác. Các phương án về cán bộ luân chuyển, chỗ ăn ở, đi lại của nhân viên đã được bệnh viện lên phương án toàn diện. Ngay sau khi được bàn giao công trình hoàn thiện là Bệnh viện có thể triển khai, đón tiếp người bệnh.\nTrong giai đoạn đầu, Bệnh viện Việt Đức cơ sở Ninh Bình sẽ triển khai khoảng 300 giường bệnh. Các chuyên khoa có nhu cầu lớn như cấp cứu, chấn thương chỉnh hình, cột sống, phẫu thuật tiêu hóa và một số lĩnh vực ngoại khoa thường quy sẽ được vận hành ngay.\nSau khi nghe báo cáo công tác chuẩn bị và ý kiến thảo luận của các đơn vị, Thứ trưởng Bộ Y tế Lê Đức Luận khẳng định, Lễ khai trương là sự kiện có ý nghĩa đặc biệt, là dấu mốc quan trọng, đánh dấu việc Bệnh viện Hữu nghị Việt Đức cơ sở Ninh Bình, một bệnh viện chuyên s
... [truncated, total 8273 chars]
================================================================================

================================================================================
Article ID: MOH_df4b1d0725e90c98 | Attempt: 1
Error: Cannot extract valid JSON from response: line 1 column 1 (char 0)
Raw response (8073 chars):
{
"id": "MOH_df4b1d0725e90c98",
"date_iso": "2026-07-03T00:00:00",
"full_text": "Tối 3/7, Bộ Y tế phát đi thông tin cập nhật về dịch bệnh do virus Hanta và cho biết ổ dịch liên quan tàu du lịch MV Hondius đã được WHO xác nhận kiểm soát hiệu quả. Dù Việt Nam chưa ghi nhận ca mắc chủng virus Andes, ngành y tế vẫn tiếp tục giám sát chặt chẽ và khuyến cáo người dân chủ động thực hiện các biện pháp phòng bệnh.\nTrụ sở của Tổ chức Y tế thế giới (WHO) tại Geneva, Thụy Sĩ. (Ảnh: Xinhua/Liu Qu)\nTheo bản tin cập nhật mới nhất của Tổ chức Y tế thế giới (WHO) công bố ngày 2/7, ổ dịch do virus Hanta (chủng Andes - ANDV) liên quan tàu du lịch MV Hondius đã được kiểm soát và không còn là nguy cơ y tế công cộng.\nWHO đánh giá dự kiến sẽ không tiếp tục ghi nhận các trường hợp lây truyền liên quan ổ dịch này.\nTheo WHO, kể từ ngày 2/5/2026 khi ổ dịch được thông báo cho WHO đến ngày 2/7/2026, đã ghi nhận tổng cộng 13 trường hợp mắc, trong đó có 12 trường hợp được xét nghiệm khẳng định nhiễm virus Andes (ANDV) và 1 trường hợp nghi ngờ, trong đó có 3 trường hợp tử vong.\nTrong số 10 trường hợp nhập viện, 8 người đã khỏi bệnh và xuất viện, 2 người đang được tiếp tục điều trị. Tất cả các trường hợp mắc đều là những người đã có mặt trên tàu MV Hondius. Toàn bộ người tiếp xúc đã hoàn thành thời gian theo dõi sức khỏe 42 ngày theo hướng dẫn của WHO mà không ghi nhận thêm trường hợp lây nhiễm thứ phát.\nKết quả này cho thấy chuỗi lây truyền đã được cắt đứt, ổ dịch đã được kiểm soát hiệu quả và không còn nguy cơ lây truyền liên quan sự kiện này.\nTheo đánh giá của WHO, virus Andes vẫn là tác nhân lưu hành tại một số quốc gia Nam Mỹ. Khả năng lây truyền từ người sang người của chủng virus này ở mức hạn chế, chủ yếu xảy ra khi có tiếp xúc gần và kéo dài, chưa ghi nhận các đợt bùng phát lây truyền diện rộng. Môi trường khép kín trên tàu du lịch được cho là yếu tố thuận lợi làm phát sinh chuỗi lây truyền giới hạn trong đợt bùng phát dịch vừa qua.\nTheo Bộ Y tế, ngay sau khi WHO thông tin về chùm 
... [truncated, total 8073 chars]
================================================================================

================================================================================
Article ID: MOH_0e1c11be50c0f531 | Attempt: 1
Error: Cannot extract valid JSON from response: line 1 column 1 (char 0)
Raw response (14415 chars):
{
"id": "MOH_0e1c11be50c0f531",
"date_iso": "2026-07-03T00:00:00",
"full_text": "Chiều ngày 3/7, tại trụ sở Chính phủ, Thủ tướng Chính phủ Lê Minh Hưng, Trưởng Ban Chỉ đạo của Chính phủ về phát triển khoa học, công nghệ, đổi mới sáng tạo, chuyển đổi số và Đề án 06 chủ trì cuộc làm việc về tình hình triển khai xây dựng các cơ sở dữ liệu quốc gia, chuyên ngành; công nghệ chiến lược, sản phẩm công nghệ chiến lược; hệ thống hạ tầng trung tâm nghiên cứu, thử nghiệm, các phòng thí nghiệm trọng điểm quốc gia.\nThủ tướng Chính phủ Lê Minh Hưng, Trưởng Ban Chỉ đạo của Chính phủ về phát triển khoa học, công nghệ, đổi mới sáng tạo, chuyển đổi số và Đề án 06 chủ trì cuộc làm việc về tình hình triển khai xây dựng các cơ sở dữ liệu quốc gia, chuyên ngành; công nghệ chiến lược, sản phẩm công nghệ chiến lược - Ảnh: VGP/Nhật Bắc\nĐây là những nội dung quan trọng để tiếp tục triển khai Nghị quyết 57 của Bộ Chính trị về đột phá phát triển khoa học công nghệ, đổi mới sáng tạo và chuyển đổi số; triển khai các ý kiến chỉ đạo, kết luận của Tổng Bí thư, Chủ tịch nước Tô Lâm, Trưởng Ban Chỉ đạo Trung ương tại cuộc họp ngày 1/7 của Ban Chỉ đạo Trung ương.\nTham dự các cuộc làm việc có đồng chí Hồ Quốc Dũng, Ủy viên Trung ương Đảng, Phó Thủ tướng Chính phủ, Phó Trưởng Ban Chỉ đạo; Đại tướng Lương Tam Quang, Ủy viên Bộ Chính trị, Bộ trưởng Bộ Công an, Phó Trưởng Ban Chỉ đạo; đồng chí Vũ Hải Quân, Ủy viên Trung ương Đảng, Bộ trưởng Bộ Khoa học và Công nghệ, Phó Trưởng Ban Chỉ đạo; các đồng chí Ủy viên Trung ương Đảng, lãnh đạo các bộ ngành, cơ quan Trung ương.\nThủ tướng Lê Minh Hưng nêu rõ, còn có những cơ sở dữ liệu trọng yếu thuộc trách nhiệm của các bộ, cơ quan và cơ sở dữ liệu theo Nghị quyết số 11/NQ-CP chưa kết nối, đồng bộ về Trung tâm Dữ liệu Quốc gia - Ảnh: VGP/Nhật Bắc\nTheo các báo cáo, ý kiến tại cuộc họp, đến nay, 08/12 cơ sở dữ liệu trọng yếu bước đầu đã có nền tảng, kết nối, chia sẻ và đồng bộ dữ liệu theo thời gian thực về Trung tâm Dữ liệu Quốc gia; 67/104 cơ sở dữ liệu theo N
... [truncated, total 14415 chars]
================================================================================

================================================================================
Article ID: MOH_0e1c11be50c0f531 | Attempt: 2
Error: Cannot extract valid JSON from response: line 1 column 1 (char 0)
Raw response (14321 chars):
{
"id": "MOH_0e1c11be50c0f531",
"date_iso": "2026-07-03T00:00:00",
"full_text": "Chiều ngày 3/7, tại trụ sở Chính phủ, Thủ tướng Chính phủ Lê Minh Hưng, Trưởng Ban Chỉ đạo của Chính phủ về phát triển khoa học, công nghệ, đổi mới sáng tạo, chuyển đổi số và Đề án 06 chủ trì cuộc làm việc về tình hình triển khai xây dựng các cơ sở dữ liệu quốc gia, chuyên ngành; công nghệ chiến lược, sản phẩm công nghệ chiến lược; hệ thống hạ tầng trung tâm nghiên cứu, thử nghiệm, các phòng thí nghiệm trọng điểm quốc gia.\nThủ tướng Chính phủ Lê Minh Hưng, Trưởng Ban Chỉ đạo của Chính phủ về phát triển khoa học, công nghệ, đổi mới sáng tạo, chuyển đổi số và Đề án 06 chủ trì cuộc làm việc về tình hình triển khai xây dựng các cơ sở dữ liệu quốc gia, chuyên ngành; công nghệ chiến lược, sản phẩm công nghệ chiến lược - Ảnh: VGP/Nhật Bắc\nĐây là những nội dung quan trọng để tiếp tục triển khai Nghị quyết 57 của Bộ Chính trị về đột phá phát triển khoa học công nghệ, đổi mới sáng tạo và chuyển đổi số; triển khai các ý kiến chỉ đạo, kết luận của Tổng Bí thư, Chủ tịch nước Tô Lâm, Trưởng Ban Chỉ đạo Trung ương tại cuộc họp ngày 1/7 của Ban Chỉ đạo Trung ương.\nTham dự các cuộc làm việc có đồng chí Hồ Quốc Dũng, Ủy viên Trung ương Đảng, Phó Thủ tướng Chính phủ, Phó Trưởng Ban Chỉ đạo; Đại tướng Lương Tam Quang, Ủy viên Bộ Chính trị, Bộ trưởng Bộ Công an, Phó Trưởng Ban Chỉ đạo; đồng chí Vũ Hải Quân, Ủy viên Trung ương Đảng, Bộ trưởng Bộ Khoa học và Công nghệ, Phó Trưởng Ban Chỉ đạo; các đồng chí Ủy viên Trung ương Đảng, lãnh đạo các bộ ngành, cơ quan Trung ương.\nThủ tướng Lê Minh Hưng nêu rõ, còn có những cơ sở dữ liệu trọng yếu thuộc trách nhiệm của các bộ, cơ quan và cơ sở dữ liệu theo Nghị quyết số 11/NQ-CP chưa kết nối, đồng bộ về Trung tâm Dữ liệu Quốc gia - Ảnh: VGP/Nhật Bắc\nTheo các báo cáo, ý kiến tại cuộc họp, đến nay, 08/12 cơ sở dữ liệu trọng yếu bước đầu đã có nền tảng, kết nối, chia sẻ và đồng bộ dữ liệu theo thời gian thực về Trung tâm Dữ liệu Quốc gia; 67/104 cơ sở dữ liệu theo N
... [truncated, total 14321 chars]
================================================================================

================================================================================
Article ID: MOH_0e1c11be50c0f531 | Attempt: 3
Error: Cannot extract valid JSON from response: line 1 column 1 (char 0)
Raw response (14816 chars):
{
"id": "MOH_0e1c11be50c0f531",
"date_iso": "2026-07-03T00:00:00",
"full_text": "Chiều ngày 3/7, tại trụ sở Chính phủ, Thủ tướng Chính phủ Lê Minh Hưng, Trưởng Ban Chỉ đạo của Chính phủ về phát triển khoa học, công nghệ, đổi mới sáng tạo, chuyển đổi số và Đề án 06 chủ trì cuộc làm việc về tình hình triển khai xây dựng các cơ sở dữ liệu quốc gia, chuyên ngành; công nghệ chiến lược, sản phẩm công nghệ chiến lược; hệ thống hạ tầng trung tâm nghiên cứu, thử nghiệm, các phòng thí nghiệm trọng điểm quốc gia.\nThủ tướng Chính phủ Lê Minh Hưng, Trưởng Ban Chỉ đạo của Chính phủ về phát triển khoa học, công nghệ, đổi mới sáng tạo, chuyển đổi số và Đề án 06 chủ trì cuộc làm việc về tình hình triển khai xây dựng các cơ sở dữ liệu quốc gia, chuyên ngành; công nghệ chiến lược, sản phẩm công nghệ chiến lược - Ảnh: VGP/Nhật Bắc\nĐây là những nội dung quan trọng để tiếp tục triển khai Nghị quyết 57 của Bộ Chính trị về đột phá phát triển khoa học công nghệ, đổi mới sáng tạo và chuyển đổi số; triển khai các ý kiến chỉ đạo, kết luận của Tổng Bí thư, Chủ tịch nước Tô Lâm, Trưởng Ban Chỉ đạo Trung ương tại cuộc họp ngày 1/7 của Ban Chỉ đạo Trung ương.\nTham dự các cuộc làm việc có đồng chí Hồ Quốc Dũng, Ủy viên Trung ương Đảng, Phó Thủ tướng Chính phủ, Phó Trưởng Ban Chỉ đạo; Đại tướng Lương Tam Quang, Ủy viên Bộ Chính trị, Bộ trưởng Bộ Công an, Phó Trưởng Ban Chỉ đạo; đồng chí Vũ Hải Quân, Ủy viên Trung ương Đảng, Bộ trưởng Bộ Khoa học và Công nghệ, Phó Trưởng Ban Chỉ đạo; các đồng chí Ủy viên Trung ương Đảng, lãnh đạo các bộ ngành, cơ quan Trung ương.\nThủ tướng Lê Minh Hưng nêu rõ, còn có những cơ sở dữ liệu trọng yếu thuộc trách nhiệm của các bộ, cơ quan và cơ sở dữ liệu theo Nghị quyết số 11/NQ-CP chưa kết nối, đồng bộ về Trung tâm Dữ liệu Quốc gia - Ảnh: VGP/Nhật Bắc\nTheo các báo cáo, ý kiến tại cuộc họp, đến nay, 08/12 cơ sở dữ liệu trọng yếu bước đầu đã có nền tảng, kết nối, chia sẻ và đồng bộ dữ liệu theo thời gian thực về Trung tâm Dữ liệu Quốc gia; 67/104 cơ sở dữ liệu theo N
... [truncated, total 14816 chars]
================================================================================

================================================================================
Article ID: MOH_0e1c11be50c0f531 | Attempt: 4
Error: Cannot extract valid JSON from response: line 1 column 1 (char 0)
Raw response (14586 chars):
{
"id": "MOH_0e1c11be50c0f531",
"date_iso": "2026-07-03T00:00:00",
"full_text": "Chiều ngày 3/7, tại trụ sở Chính phủ, Thủ tướng Chính phủ Lê Minh Hưng, Trưởng Ban Chỉ đạo của Chính phủ về phát triển khoa học, công nghệ, đổi mới sáng tạo, chuyển đổi số và Đề án 06 chủ trì cuộc làm việc về tình hình triển khai xây dựng các cơ sở dữ liệu quốc gia, chuyên ngành; công nghệ chiến lược, sản phẩm công nghệ chiến lược; hệ thống hạ tầng trung tâm nghiên cứu, thử nghiệm, các phòng thí nghiệm trọng điểm quốc gia.\nThủ tướng Chính phủ Lê Minh Hưng, Trưởng Ban Chỉ đạo của Chính phủ về phát triển khoa học, công nghệ, đổi mới sáng tạo, chuyển đổi số và Đề án 06 chủ trì cuộc làm việc về tình hình triển khai xây dựng các cơ sở dữ liệu quốc gia, chuyên ngành; công nghệ chiến lược, sản phẩm công nghệ chiến lược - Ảnh: VGP/Nhật Bắc\nĐây là những nội dung quan trọng để tiếp tục triển khai Nghị quyết 57 của Bộ Chính trị về đột phá phát triển khoa học công nghệ, đổi mới sáng tạo và chuyển đổi số; triển khai các ý kiến chỉ đạo, kết luận của Tổng Bí thư, Chủ tịch nước Tô Lâm, Trưởng Ban Chỉ đạo Trung ương tại cuộc họp ngày 1/7 của Ban Chỉ đạo Trung ương.\nTham dự các cuộc làm việc có đồng chí Hồ Quốc Dũng, Ủy viên Trung ương Đảng, Phó Thủ tướng Chính phủ, Phó Trưởng Ban Chỉ đạo; Đại tướng Lương Tam Quang, Ủy viên Bộ Chính trị, Bộ trưởng Bộ Công an, Phó Trưởng Ban Chỉ đạo; đồng chí Vũ Hải Quân, Ủy viên Trung ương Đảng, Bộ trưởng Bộ Khoa học và Công nghệ, Phó Trưởng Ban Chỉ đạo; các đồng chí Ủy viên Trung ương Đảng, lãnh đạo các bộ ngành, cơ quan Trung ương.\nThủ tướng Lê Minh Hưng nêu rõ, còn có những cơ sở dữ liệu trọng yếu thuộc trách nhiệm của các bộ, cơ quan và cơ sở dữ liệu theo Nghị quyết số 11/NQ-CP chưa kết nối, đồng bộ về Trung tâm Dữ liệu Quốc gia - Ảnh: VGP/Nhật Bắc\nTheo các báo cáo, ý kiến tại cuộc họp, đến nay, 08/12 cơ sở dữ liệu trọng yếu bước đầu đã có nền tảng, kết nối, chia sẻ và đồng bộ dữ liệu theo thời gian thực về Trung tâm Dữ liệu Quốc gia; 67/104 cơ sở dữ liệu theo N
... [truncated, total 14586 chars]
================================================================================

================================================================================
Article ID: MOH_0e1c11be50c0f531 | Attempt: 5
Error: Cannot extract valid JSON from response: line 1 column 1 (char 0)
Raw response (14525 chars):
{
"id": "MOH_0e1c11be50c0f531",
"date_iso": "2026-07-03T00:00:00",
"full_text": "Chiều ngày 3/7, tại trụ sở Chính phủ, Thủ tướng Chính phủ Lê Minh Hưng, Trưởng Ban Chỉ đạo của Chính phủ về phát triển khoa học, công nghệ, đổi mới sáng tạo, chuyển đổi số và Đề án 06 chủ trì cuộc làm việc về tình hình triển khai xây dựng các cơ sở dữ liệu quốc gia, chuyên ngành; công nghệ chiến lược, sản phẩm công nghệ chiến lược; hệ thống hạ tầng trung tâm nghiên cứu, thử nghiệm, các phòng thí nghiệm trọng điểm quốc gia.\nThủ tướng Chính phủ Lê Minh Hưng, Trưởng Ban Chỉ đạo của Chính phủ về phát triển khoa học, công nghệ, đổi mới sáng tạo, chuyển đổi số và Đề án 06 chủ trì cuộc làm việc về tình hình triển khai xây dựng các cơ sở dữ liệu quốc gia, chuyên ngành; công nghệ chiến lược, sản phẩm công nghệ chiến lược - Ảnh: VGP/Nhật Bắc\nĐây là những nội dung quan trọng để tiếp tục triển khai Nghị quyết 57 của Bộ Chính trị về đột phá phát triển khoa học công nghệ, đổi mới sáng tạo và chuyển đổi số; triển khai các ý kiến chỉ đạo, kết luận của Tổng Bí thư, Chủ tịch nước Tô Lâm, Trưởng Ban Chỉ đạo Trung ương tại cuộc họp ngày 1/7 của Ban Chỉ đạo Trung ương.\nTham dự các cuộc làm việc có đồng chí Hồ Quốc Dũng, Ủy viên Trung ương Đảng, Phó Thủ tướng Chính phủ, Phó Trưởng Ban Chỉ đạo; Đại tướng Lương Tam Quang, Ủy viên Bộ Chính trị, Bộ trưởng Bộ Công an, Phó Trưởng Ban Chỉ đạo; đồng chí Vũ Hải Quân, Ủy viên Trung ương Đảng, Bộ trưởng Bộ Khoa học và Công nghệ, Phó Trưởng Ban Chỉ đạo; các đồng chí Ủy viên Trung ương Đảng, lãnh đạo các bộ ngành, cơ quan Trung ương.\nThủ tướng Lê Minh Hưng nêu rõ, còn có những cơ sở dữ liệu trọng yếu thuộc trách nhiệm của các bộ, cơ quan và cơ sở dữ liệu theo Nghị quyết số 11/NQ-CP chưa kết nối, đồng bộ về Trung tâm Dữ liệu Quốc gia - Ảnh: VGP/Nhật Bắc\nTheo các báo cáo, ý kiến tại cuộc họp, đến nay, 08/12 cơ sở dữ liệu trọng yếu bước đầu đã có nền tảng, kết nối, chia sẻ và đồng bộ dữ liệu theo thời gian thực về Trung tâm Dữ liệu Quốc gia; 67/104 cơ sở dữ liệu theo N
... [truncated, total 14525 chars]
================================================================================

================================================================================
Article ID: MOH_d9ae94df616a7031 | Attempt: 1
Error: Cannot extract valid JSON from response: line 1 column 1 (char 0)
Raw response (9395 chars):
{
"id": "MOH_d9ae94df616a7031",
"date_iso": "2026-07-02T00:00:00",
"full_text": "Chiều ngày 2/7/2026, tại trụ sở Bộ Y tế, Ủy viên Ban Chấp hành Trung ương Đảng, Bộ trưởng Bộ Y tế Đào Hồng Lan đã trao Quyết định tiếp nhận, bổ nhiệm chức vụ Phó Cục trưởng Cục Phòng bệnh, Bộ Y tế đối với bà Trần Khánh Thu, Trưởng Phòng Kế hoạch - Tài chính, Sở Y tế Hưng Yên.\nQuang cảnh chương trình\nCùng dự có Thứ trưởng Bộ Y tế Đỗ Xuân Tuyên, Thứ trưởng Bộ Y tế Lê Đức Luận; đồng chí Phạm Minh Khuê, Phó Bí thư chuyên trách Đảng ủy Bộ Y tế; đại diện lãnh đạo Công đoàn Y tế Việt Nam, các Cục, Vụ, Văn phòng Bộ, Viện, các Trung tâm và Báo Sức khỏe và Đời sống. Ban Lãnh đạo Sở Y tế Hưng Yên và một số phòng, ban thuộc Sở tham dự buổi lễ.\nBộ trưởng Bộ Y tế Đào Hồng Lan trao Quyết định bổ nhiệm Phó Cục trưởng Cục Phòng bệnh cho TS.BS Trần Khánh Thu\nTại Quyết định số 1968/QĐ-BYT ngày 01/7/2026, Bộ trưởng Bộ Y tế tiếp nhận, bổ nhiệm Tiến sĩ, Bác sĩ Trần Khánh Thu, Trưởng phòng Kế hoạch - Tài chính, Sở Y tế Hưng Yên giữ chức Phó Cục trưởng Cục Phòng bệnh thuộc Bộ Y tế.\nThời gian giữ chức vụ của bà Trần Khánh Thu là 05 năm, kể từ ngày Quyết định có hiệu lực. Quyết định này có hiệu lực kể từ ngày ký ban hành (01/7/2026).\nBộ trưởng Bộ Y tế Đào Hồng Lan phát biểu chúc mừng và giao nhiệm vụ\nPhát biểu tại buổi lễ, Bộ trưởng Bộ Y tế Đào Hồng Lan cho biết việc kiện toàn đội ngũ lãnh đạo Cục Phòng bệnh diễn ra trong bối cảnh ngành Y tế đang triển khai nhiều nhiệm vụ mới theo tinh thần đổi mới của Đảng, Quốc hội và Chính phủ, trong đó có việc thành lập Quỹ Phòng bệnh.\nTheo Bộ trưởng Đào Hồng Lan, Quỹ Phòng bệnh được xây dựng trên cơ sở kế thừa kinh nghiệm hoạt động của Quỹ Phòng, chống tác hại thuốc lá nhưng có phạm vi rộng hơn rất nhiều, bao quát nhiều lĩnh vực của công tác dự phòng.\n\"Đây là mô hình hoàn toàn mới, quy mô lớn hơn, phạm vi hoạt động rộng hơn nên khối lượng công việc chuẩn bị rất lớn, từ xây dựng quy chế hoạt động, chức năng nhiệm vụ, cơ chế tài chính, tổ chức bộ máy đến kế hoạch tr
... [truncated, total 9395 chars]
================================================================================

================================================================================
Article ID: MOH_96df78fd1bb301a3 | Attempt: 1
Error: Cannot extract valid JSON from response: line 1 column 1 (char 0)
Raw response (10101 chars):
{
"id": "MOH_96df78fd1bb301a3",
"date_iso": "2026-07-02T00:00:00",
"full_text": "Sáng 1/7, tại Trường trung học cơ sở Phong Hiền (phường Phong Thái), Ủy ban nhân dân thành phố Huế tổ chức Lễ phát động cao điểm khám sức khỏe định kỳ hoặc khám sàng lọc miễn phí cho người dân trên địa bàn thành phố giai đoạn 2026-2030.\nĐây là sự kiện có ý nghĩa chính trị, xã hội và nhân văn sâu sắc, nhằm thực hiện chủ trương của Đảng, Nhà nước về bảo vệ, chăm sóc và nâng cao sức khỏe nhân dân.\nTham dự lễ phát động có Phó Chủ tịch Ủy ban nhân dân thành phố Trần Hữu Thùy Giang cùng đại diện các ban, sở, ngành, địa phương và các cơ sở khám, chữa bệnh trên địa bàn.\nĐây là sự kiện có ý nghĩa chính trị, xã hội và nhân văn sâu sắc, thể hiện quyết tâm của Đảng bộ, chính quyền và nhân dân thành phố trong việc thực hiện chủ trương của Đảng, Nhà nước về bảo vệ, chăm sóc và nâng cao sức khỏe nhân dân.\nĐây là sự kiện quan trọng nhằm thực hiện chủ trương lớn của Đảng, Chính phủ như Nghị quyết số 72-NQ/TW ngày 9/9/2025 của Bộ Chính trị và Chỉ thị số 17/CT-TTg ngày 6/5/2026 của Thủ tướng Chính phủ về tổ chức khám sức khỏe định kỳ hoặc khám sàng lọc miễn phí cho người dân.\nTham dự lễ phát động có đại diện lãnh đạo các ban, sở, ngành, chính quyền địa phương và các cơ sở khám, chữa bệnh trên địa bàn.\nNhằm cụ thể hóa các chủ trương, nghị quyết quan trọng trên, Thành ủy Huế đã ban hành Chương trình hành động số 15-CTr/TU và Chỉ thị số 11-CT/TU; Ủy ban nhân dân thành phố ban hành Kế hoạch số 309/KH-UBND triển khai chương trình khám sức khỏe định kỳ hoặc khám sàng lọc miễn phí cho người dân giai đoạn 2026-2030 trên phạm vi toàn thành phố.\nChương trình không chỉ là hoạt động y tế mà còn là cam kết chính trị của thành phố trong việc chăm lo sức khỏe nhân dân; từng bước hiện thực hóa mục tiêu mọi người dân đều được quản lý, chăm sóc sức khỏe toàn diện, liên tục và công bằng; đồng thời chuyển mạnh từ tư duy \"khám bệnh, chữa bệnh\" sang \"chủ động phòng bệnh\", lấy người dân làm trung tâm của mọi chính sá
... [truncated, total 10101 chars]
================================================================================

================================================================================
Article ID: MOH_96df78fd1bb301a3 | Attempt: 2
Error: Cannot extract valid JSON from response: line 1 column 1 (char 0)
Raw response (9813 chars):
{
"id": "MOH_96df78fd1bb301a3",
"date_iso": "2026-07-02T00:00:00",
"full_text": "Sáng 1/7, tại Trường trung học cơ sở Phong Hiền (phường Phong Thái), Ủy ban nhân dân thành phố Huế tổ chức Lễ phát động cao điểm khám sức khỏe định kỳ hoặc khám sàng lọc miễn phí cho người dân trên địa bàn thành phố giai đoạn 2026-2030.\nĐây là sự kiện có ý nghĩa chính trị, xã hội và nhân văn sâu sắc, nhằm thực hiện chủ trương của Đảng, Nhà nước về bảo vệ, chăm sóc và nâng cao sức khỏe nhân dân.\nTham dự lễ phát động có Phó Chủ tịch Ủy ban nhân dân thành phố Trần Hữu Thùy Giang cùng đại diện các ban, sở, ngành, địa phương và các cơ sở khám, chữa bệnh trên địa bàn.\nĐây là sự kiện có ý nghĩa chính trị, xã hội và nhân văn sâu sắc, thể hiện quyết tâm của Đảng bộ, chính quyền và nhân dân thành phố trong việc thực hiện chủ trương của Đảng, Nhà nước về bảo vệ, chăm sóc và nâng cao sức khỏe nhân dân.\nĐây là sự kiện quan trọng nhằm thực hiện chủ trương lớn của Đảng, Chính phủ như Nghị quyết số 72-NQ/TW ngày 9/9/2025 của Bộ Chính trị và Chỉ thị số 17/CT-TTg ngày 6/5/2026 của Thủ tướng Chính phủ về tổ chức khám sức khỏe định kỳ hoặc khám sàng lọc miễn phí cho người dân.\nTham dự lễ phát động có đại diện lãnh đạo các ban, sở, ngành, chính quyền địa phương và các cơ sở khám, chữa bệnh trên địa bàn.\nNhằm cụ thể hóa các chủ trương, nghị quyết quan trọng trên, Thành ủy Huế đã ban hành Chương trình hành động số 15-CTr/TU và Chỉ thị số 11-CT/TU; Ủy ban nhân dân thành phố ban hành Kế hoạch số 309/KH-UBND triển khai chương trình khám sức khỏe định kỳ hoặc khám sàng lọc miễn phí cho người dân giai đoạn 2026-2030 trên phạm vi toàn thành phố.\nChương trình không chỉ là hoạt động y tế mà còn là cam kết chính trị của thành phố trong việc chăm lo sức khỏe nhân dân; từng bước hiện thực hóa mục tiêu mọi người dân đều được quản lý, chăm sóc sức khỏe toàn diện, liên tục và công bằng; đồng thời chuyển mạnh từ tư duy \"khám bệnh, chữa bệnh\" sang \"chủ động phòng bệnh\", lấy người dân làm trung tâm của mọi chính sá
... [truncated, total 9813 chars]
================================================================================

================================================================================
Article ID: MOH_96df78fd1bb301a3 | Attempt: 3
Error: Cannot extract valid JSON from response: line 1 column 1 (char 0)
Raw response (10185 chars):
{
"id": "MOH_96df78fd1bb301a3",
"date_iso": "2026-07-02T00:00:00",
"full_text": "Sáng 1/7, tại Trường trung học cơ sở Phong Hiền (phường Phong Thái), Ủy ban nhân dân thành phố Huế tổ chức Lễ phát động cao điểm khám sức khỏe định kỳ hoặc khám sàng lọc miễn phí cho người dân trên địa bàn thành phố giai đoạn 2026-2030.\nĐây là sự kiện có ý nghĩa chính trị, xã hội và nhân văn sâu sắc, nhằm thực hiện chủ trương của Đảng, Nhà nước về bảo vệ, chăm sóc và nâng cao sức khỏe nhân dân.\nTham dự lễ phát động có Phó Chủ tịch Ủy ban nhân dân thành phố Trần Hữu Thùy Giang cùng đại diện các ban, sở, ngành, địa phương và các cơ sở khám, chữa bệnh trên địa bàn.\nĐây là sự kiện có ý nghĩa chính trị, xã hội và nhân văn sâu sắc, thể hiện quyết tâm của Đảng bộ, chính quyền và nhân dân thành phố trong việc thực hiện chủ trương của Đảng, Nhà nước về bảo vệ, chăm sóc và nâng cao sức khỏe nhân dân.\nĐây là sự kiện quan trọng nhằm thực hiện chủ trương lớn của Đảng, Chính phủ như Nghị quyết số 72-NQ/TW ngày 9/9/2025 của Bộ Chính trị và Chỉ thị số 17/CT-TTg ngày 6/5/2026 của Thủ tướng Chính phủ về tổ chức khám sức khỏe định kỳ hoặc khám sàng lọc miễn phí cho người dân.\nTham dự lễ phát động có đại diện lãnh đạo các ban, sở, ngành, chính quyền địa phương và các cơ sở khám, chữa bệnh trên địa bàn.\nNhằm cụ thể hóa các chủ trương, nghị quyết quan trọng trên, Thành ủy Huế đã ban hành Chương trình hành động số 15-CTr/TU và Chỉ thị số 11-CT/TU; Ủy ban nhân dân thành phố ban hành Kế hoạch số 309/KH-UBND triển khai chương trình khám sức khỏe định kỳ hoặc khám sàng lọc miễn phí cho người dân giai đoạn 2026-2030 trên phạm vi toàn thành phố.\nChương trình không chỉ là hoạt động y tế mà còn là cam kết chính trị của thành phố trong việc chăm lo sức khỏe nhân dân; từng bước hiện thực hóa mục tiêu mọi người dân đều được quản lý, chăm sóc sức khỏe toàn diện, liên tục và công bằng; đồng thời chuyển mạnh từ tư duy \"khám bệnh, chữa bệnh\" sang \"chủ động phòng bệnh\", lấy người dân làm trung tâm của mọi chính sá
... [truncated, total 10185 chars]
================================================================================

================================================================================
Article ID: MOH_4ee941547a39e285 | Attempt: 1
Error: Cannot extract valid JSON from response: line 1 column 1 (char 0)
Raw response (9191 chars):
{
"id": "MOH_4ee941547a39e285",
"date_iso": "2026-07-02T00:00:00",
"full_text": "Liên tiếp thực hiện thành công nhiều ca phẫu thuật phức tạp chỉ sau ít ngày vận hành, Bệnh viện Bạch Mai cơ sở Ninh Bình cho thấy hiệu quả của mô hình đưa kỹ thuật y tế chuyên sâu đến gần người dân, góp phần giảm chuyển tuyến và nâng cao chất lượng điều trị.\nBệnh viện Bạch Mai cơ sở Ninh Bình đã liên tiếp thực hiện thành công nhiều ca phẫu thuật chấn thương chỉnh hình và cột sống phức tạp.\nĐiều trị thành công nhiều ca bệnh khó ngay tại địa phương\nChính thức đi vào hoạt động từ ngày 26/6, Bệnh viện Bạch Mai cơ sở Ninh Bình đã liên tiếp thực hiện thành công nhiều ca phẫu thuật. Nhiều người bệnh đã được điều trị ngay tại địa phương mà không phải chuyển lên Hà Nội như trước.\nKhối Ngoại khoa tại Bệnh viện Bạch Mai cơ sở Ninh Bình được đầu tư hệ thống phòng mổ hiện đại, thiết kế theo nguyên tắc vô khuẩn một chiều, đáp ứng yêu cầu của các ca phẫu thuật chuyên sâu.\nNhiều trang thiết bị tiên tiến được đưa vào sử dụng như hệ thống tăng sáng truyền hình (C-arm), máy gây mê kèm thở thế hệ mới, hệ thống phẫu thuật nội tủy, bơm xi-măng sinh học cùng nhiều thiết bị chuyên dụng khác.\nTheo các bác sĩ, điều quan trọng không chỉ nằm ở trang thiết bị hiện đại mà còn là việc áp dụng các kỹ thuật phẫu thuật ít xâm lấn, giúp giảm đau, hạn chế mất máu, bảo tồn tối đa mô lành và rút ngắn thời gian hồi phục cho người bệnh.\nMột trong những trường hợp điển hình là cụ bà N.T.T. (79 tuổi) nhập viện trong tình trạng đau dữ dội vùng cột sống ngực và lưng, gần như không thể vận động.\nQua thăm khám, các bác sĩ xác định người bệnh bị loãng xương nặng, suy thượng thận do sử dụng thuốc không rõ nguồn gốc trong thời gian dài và xẹp nhiều thân đốt sống ngực.\nTiến sĩ, bác sĩ Nguyễn Văn Trung, Quyền Trưởng khoa Phẫu thuật Chỉnh hình và Chấn thương cột sống cùng Thạc sĩ, bác sĩ nội trú Nguyễn Thế Hoành đã thực hiện kỹ thuật tạo hình thân đốt sống bằng bơm xi-măng sinh học. Ngay sau phẫu thuật, người bệnh giảm rõ rệt cơ
... [truncated, total 9191 chars]
================================================================================

================================================================================
Article ID: MOH_ac9bf64d7a1d3524 | Attempt: 1
Error: Cannot extract valid JSON from response: line 1 column 1 (char 0)
Raw response (6864 chars):
{
"id": "MOH_ac9bf64d7a1d3524",
"date_iso": "2026-07-02T00:00:00",
"full_text": "Bệnh viện Ung bướu Đà Nẵng đã điều trị thành công cho bệnh nhân ung thư gan 77 tuổi nhờ sử dụng thuốc huỳnh quang Indocyanine Green (ICG) trong phẫu thuật nội soi cắt gan.\nBệnh nhân là ông Đinh Bá Phúc (77 tuổi, quê Quảng Bình). Trước đó, ông đã được phát hiện có khối u gan tại bệnh viện địa phương. Gia đình ông đã đến Bệnh viện Ung bướu Đà Nẵng, để thăm khám và điều trị.\nTheo BS.CKII Trương Thanh Hiếu - Khoa Ngoại 1, Bệnh viện Ung bướu Đà Nẵng, ngay sau khi nhập viện, bệnh nhân được thực hiện đầy đủ các xét nghiệm, chẩn đoán hình ảnh và được đưa ra Hội đồng đa chuyên khoa (Hội đồng Ung bướu) để thống nhất phương án điều trị.\n\"Kết quả cho thấy bệnh nhân có khối u gan trái kích thước khoảng 6 cm, được chẩn đoán ung thư gan giai đoạn II. Với vị trí và kích thước khối u, hội đồng chuyên môn thống nhất chỉ định phẫu thuật nội soi cắt gan trái là phương pháp điều trị tối ưu\", BS Hiếu cho biết.\nSức khỏe của bệnh nhân Đinh Bá Phúc đã hồi phục tốt. Ảnh: BVCC.\nTheo BS.CKII Trương Thanh Hiếu, phẫu thuật nội soi cắt gan hiện đã được Bệnh viện Ung bướu Đà Nẵng triển khai thường quy. Tuy nhiên, thời gian gần đây, bệnh viện đã đầu tư hệ thống nội soi thế hệ mới tích hợp công nghệ quan sát huỳnh quang, tạo điều kiện để triển khai kỹ thuật sử dụng thuốc Indocyanine Green (ICG) trong điều trị ung thư gan.\nICG là loại thuốc nhuộm huỳnh quang được sử dụng rộng rãi tại nhiều trung tâm ngoại khoa lớn trên thế giới. Trong điều trị ung thư gan, thuốc có hai vai trò quan trọng.\n\"Ứng dụng ICG giống như tạo ra một 'bản đồ dẫn đường' trong quá trình phẫu thuật. Nhờ đó, chúng tôi có thể cắt bỏ tối đa phần gan chứa khối u nhưng vẫn bảo tồn được nhiều nhất phần gan lành, giúp đảm bảo chức năng gan cho bệnh nhân sau mổ\", BS Hiếu chia sẻ.\nĐặc biệt, nếu người bệnh được tiêm ICG trước phẫu thuật từ 2-3 ngày, hệ thống huỳnh quang còn có khả năng phát hiện thêm những tổn thương rất nhỏ mà các phương tiện chẩn 
... [truncated, total 6864 chars]
================================================================================

================================================================================
Article ID: MOH_9a00cfeaa1727ce9 | Attempt: 1
Error: Cannot extract valid JSON from response: line 1 column 1 (char 0)
Raw response (8291 chars):
{
"id": "MOH_9a00cfeaa1727ce9",
"date_iso": "2026-07-02T00:00:00",
"full_text": "Sáng ngày 02/7/2026, tại Trường Đại học Y Dược Hải Phòng, Bộ Y tế tổ chức Hội nghị công bố Quyết định bổ nhiệm lại chức vụ Hiệu trưởng Trường Đại học Y Dược Hải Phòng đối với PGS.TS.BS Nguyễn Văn Khải.\nỦy viên Ban Chấp hành Trung ương Đảng, Bộ trưởng Bộ Y tế Đào Hồng Lan trao Quyết định bổ nhiệm lại và phát biểu giao nhiệm vụ.\nBộ trưởng Bộ Y tế Đào Hồng Lan trao Quyết định bổ nhiệm lại cho PGS.TS.BS Nguyễn Văn Khải\nTham dự hội nghị có đồng chí Phạm Minh Khuê, Phó Bí thư chuyên trách Đảng ủy Bộ Y tế, lãnh đạo Cục Khoa học Công nghệ và Đào tạo, Vụ Tổ chức Cán bộ, Vụ Kế hoạch -Tài chính, Văn phòng Bộ Y tế; đại diện lãnh đạo thành phố Hải Phòng, trường Đại học Y Dược Hải Phòng.\nTheo Quyết định số 1688/QĐ-BYT, PGS.TS.BS Nguyễn Văn Khải được bổ nhiệm giữ chức Hiệu trưởng Trường Đại học Y Dược Hải Phòng. Thời gian giữ chức vụ kể từ ngày Quyết định có hiệu lực đến thời điểm ông Nguyễn Văn Khải đủ tuổi nghỉ hưu theo quy định.\nBộ trưởng Bộ Y tế Đào Hồng Lan phát biểu chúc mừng và giao nhiệm vụ\nPhát biểu tại Hội nghị, Bộ trưởng Bộ Y tế Đào Hồng Lan khẳng định đây là nỗ lực lớn của tập thể nhà khoa học, tập thể sư phạm nhà trường, trong đó có vai trò quan trọng trong định hướng lãnh đạo, chỉ đạo của tập thể cấp ủy, lãnh đạo và cá nhân đồng chí Hiệu trưởng Nhà trường. Bộ trưởng nhấn mạnh: \"PGS.TS.BS Nguyễn Văn Khải đã có thời gian gắn bó lâu dài với Trường Đại học Y Dược Hải Phòng. Kể từ năm 1996 đến nay, đồng chí đã trải qua nhiều cương vị lãnh đạo, quản lý từ Phó Trưởng phòng, Trưởng phòng Đào tạo Đại học đến Phó Hiệu trưởng và Hiệu trưởng Nhà trường.\nTrong nhiệm kỳ vừa qua, dù trong bối cảnh đối mặt với nhiều khó khăn, thách thức nhưng trên cương vị Hiệu trưởng, PGS.TS.BS Nguyễn Văn Khải đã thể hiện rõ vai trò, trách nhiệm của người đứng đầu với bản lĩnh chính trị vững vàng, năng lực lãnh đạo toàn diện và tư duy điều hành linh hoạt, quyết đoán; giữ vững nguyên tắc, kỷ cương, phát huy sức 
... [truncated, total 8291 chars]
================================================================================

================================================================================
Article ID: MOH_9a00cfeaa1727ce9 | Attempt: 2
Error: Cannot extract valid JSON from response: line 1 column 1 (char 0)
Raw response (7667 chars):
{
"id": "MOH_9a00cfeaa1727ce9",
"date_iso": "2026-07-02T00:00:00",
"full_text": "Sáng ngày 02/7/2026, tại Trường Đại học Y Dược Hải Phòng, Bộ Y tế tổ chức Hội nghị công bố Quyết định bổ nhiệm lại chức vụ Hiệu trưởng Trường Đại học Y Dược Hải Phòng đối với PGS.TS.BS Nguyễn Văn Khải.\nỦy viên Ban Chấp hành Trung ương Đảng, Bộ trưởng Bộ Y tế Đào Hồng Lan trao Quyết định bổ nhiệm lại và phát biểu giao nhiệm vụ.\nBộ trưởng Bộ Y tế Đào Hồng Lan trao Quyết định bổ nhiệm lại cho PGS.TS.BS Nguyễn Văn Khải\nTham dự hội nghị có đồng chí Phạm Minh Khuê, Phó Bí thư chuyên trách Đảng ủy Bộ Y tế, lãnh đạo Cục Khoa học Công nghệ và Đào tạo, Vụ Tổ chức Cán bộ, Vụ Kế hoạch -Tài chính, Văn phòng Bộ Y tế; đại diện lãnh đạo thành phố Hải Phòng, trường Đại học Y Dược Hải Phòng.\nTheo Quyết định số 1688/QĐ-BYT, PGS.TS.BS Nguyễn Văn Khải được bổ nhiệm giữ chức Hiệu trưởng Trường Đại học Y Dược Hải Phòng. Thời gian giữ chức vụ kể từ ngày Quyết định có hiệu lực đến thời điểm ông Nguyễn Văn Khải đủ tuổi nghỉ hưu theo quy định.\nBộ trưởng Bộ Y tế Đào Hồng Lan phát biểu chúc mừng và giao nhiệm vụ\nPhát biểu tại Hội nghị, Bộ trưởng Bộ Y tế Đào Hồng Lan khẳng định đây là nỗ lực lớn của tập thể nhà khoa học, tập thể sư phạm nhà trường, trong đó có vai trò quan trọng trong định hướng lãnh đạo, chỉ đạo của tập thể cấp ủy, lãnh đạo và cá nhân đồng chí Hiệu trưởng Nhà trường. Bộ trưởng nhấn mạnh: \"PGS.TS.BS Nguyễn Văn Khải đã có thời gian gắn bó lâu dài với Trường Đại học Y Dược Hải Phòng. Kể từ năm 1996 đến nay, đồng chí đã trải qua nhiều cương vị lãnh đạo, quản lý từ Phó Trưởng phòng, Trưởng phòng Đào tạo Đại học đến Phó Hiệu trưởng và Hiệu trưởng Nhà trường.\nTrong nhiệm kỳ vừa qua, dù trong bối cảnh đối mặt với nhiều khó khăn, thách thức nhưng trên cương vị Hiệu trưởng, PGS.TS.BS Nguyễn Văn Khải đã thể hiện rõ vai trò, trách nhiệm của người đứng đầu với bản lĩnh chính trị vững vàng, năng lực lãnh đạo toàn diện và tư duy điều hành linh hoạt, quyết đoán; giữ vững nguyên tắc, kỷ cương, phát huy sức 
... [truncated, total 7667 chars]
================================================================================

================================================================================
Article ID: MOH_b6bde8d92ac265e8 | Attempt: 1
Error: Cannot extract valid JSON from response: line 1 column 1 (char 0)
Raw response (8453 chars):
{
"id": "MOH_b6bde8d92ac265e8",
"date_iso": "2026-07-02T00:00:00",
"full_text": "Chiều ngày 1/7/2026, tại Bộ Y tế, PGS.TS Nguyễn Tri Thức, Thứ trưởng Bộ Y tế chủ trì cuộc họp Tổ soạn thảo, Nhóm biên tập xây dựng Thông tư hướng dẫn tổ chức thực hiện chương trình đào tạo chuyên sâu sau đại học thuộc lĩnh vực sức khỏe cấp văn bằng bác sĩ nội trú và bác sĩ chuyên khoa.\nToàn cảnh cuộc họp\nĐông đảo đại biểu tham dự tại điểm cầu Bộ Y tế và các điểm cầu trực tuyến.\nTS. Nguyễn Văn Quân, Phó Cục trưởng Cục Khoa học Công nghệ và Đào tạo báo cáo\nDự thảo Thông tư hướng dẫn tổ chức thực hiện chương trình đào tạo chuyên sâu sau đại học thuộc lĩnh vực sức khỏe cấp văn bằng bác sĩ nội trú, bác sĩ chuyên khoa có 5 Chương, 28 Điều. Theo quy định tại Điều 8, Luật Giáo dục đại học (sửa đổi), chương trình đào tạo chuyên sâu sau đại học thuộc lĩnh vực sức khỏe cấp văn bằng bác sĩ nội trú, bác sĩ chuyên khoa do Bộ Y tế hướng dẫn, tổ chức thực hiện và quản lý. Thông tư được xây dựng nhằm hướng dẫn tổ chức thực hiện và quản lý chương trình bác sĩ nội trú, trong đó tập trung vào hai trụ cột: Chuẩn chương trình đào tạo theo từng chuyên khoa và tiêu chuẩn bệnh viện thực hành theo năng lực tiếp nhận của từng cơ sở.\nĐại biểu tham dự cuộc họp đóng góp ý kiến vào dự thảo Thông tư\nCác chuyên gia, nhà khoa học, nhà quản lý và đơn vị đào tạo đã thảo luận về những nội dung được đề xuất tại dự thảo Thông tư. Tập trung vào: Tiếp tục chỉnh sửa, biên tập về chính tả, sắp xếp vị trí một số điểm cho phù hợp; cân nhắc từ việc tăng chỉ tiêu, đến cấu trúc lại chương trình đào tạo; hình thức, thời gian đào tạo; quy định về chỉ tiêu tuyển sinh đầu vào, thi tốt nghiệp đầu ra; tiêu chuẩn giảng viên; chặt chẽ, chi tiết về điều kiện cơ sở thực hành, cơ sở đào tạo.\nĐại biểu tham dự cuộc họp đóng góp ý kiến vào dự thảo Thông tư\nMột số đại biểu đề xuất Tổ soạn thảo nghiên cứu phương án thay đổi tiêu đề của Thông tư để phù hợp với quy định của pháp luật hiện hành. Đồng thời mong muốn, dự thảo đưa ra được những ki
... [truncated, total 8453 chars]
================================================================================

================================================================================
Article ID: MOH_476ef439c46483ff | Attempt: 1
Error: Cannot extract valid JSON from response: line 1 column 1 (char 0)
Raw response (10598 chars):
{
"id": "MOH_476ef439c46483ff",
"date_iso": "2026-07-01T00:00:00",
"full_text": "Sáng ngày 01/7/2026, tại Hội trường Diên Hồng Tòa nhà Quốc hội (Thành phố Hà Nội), dưới sự chủ trì của đồng chí Tô Lâm, Tổng Bí thư, Chủ tịch nước, Bộ Chính trị tổ chức Hội nghị toàn quốc sơ kết 1 năm vận hành mô hình tổ chức tổng thể của hệ thống chính trị và mô hình chính quyền 3 cấp. Cùng chủ trì Hội nghị có các đồng chí: Lê Minh Hưng, Ủy viên Bộ Chính trị, Thủ tướng Chính phủ; Trần Thanh Mẫn, Ủy viên Bộ Chính trị, Chủ tịch Quốc hội; Trần Cẩm Tú, Ủy viên Bộ Chính trị, Thường trực Ban Bí thư; Nguyễn Duy Ngọc, Ủy viên Bộ Chính trị, Bí thư Trung ương Đảng, Trưởng ban Tổ chức Trung ương, Trưởng ban Chỉ đạo Trung ương về sơ kết 1 năm vận hành mô hình tổ chức tổng thể của hệ thống chính trị và mô hình chính quyền 3 cấp (Ban Chỉ đạo Trung ương về sơ kết). Cùng dự có các đồng chí Ủy viên Bộ Chính trị, Bí thư Trung ương Đảng, Ủy viên Ban Chấp hành Trung ương Đảng, lãnh đạo các ban, bộ, ngành, đoàn thể Trung ương.\nTổng Bí thư, Chủ tịch nước Tô Lâm và các đồng chí lãnh đạo Đảng, Nhà nước chủ trì Hội nghị. Ảnh: qdnd.vn\nHội nghị được tổ chức bằng hình thức trực tiếp kết hợp trực tuyến, kết nối đến 3.651 điểm cầu tại các bộ, ban, ngành, đoàn thể Trung ương, trụ sở các tỉnh, thành phố, trụ sở xã, phường, đặc khu trên toàn quốc với tổng số 557.099 đại biểu tham dự.\nĐồng chí Ủy viên Trung ương Đảng, Bí thư Đảng ủy, Bộ trưởng Bộ Y tế Đào Hồng Lan cùng các đồng chí Lãnh đạo Bộ Y tế tham dự Hội nghị tại Hội trường Diên Hồng Tòa nhà Quốc hội\nĐồng chí Đào Hồng Lan, Ủy viên Trung ương Đảng, Bí thư Đảng ủy, Bộ trưởng Bộ Y tế tham dự Hội nghị tại Hội trường Diên Hồng (Ảnh Vietnamnet)\nTại điểm cầu Đảng ủy Bộ Y tế, đồng chí Phạm Minh Khuê, Phó Bí thư chuyên trách Đảng ủy Bộ chủ trì. Cùng tham dự có Cấp ủy, lãnh đạo các Vụ, Cục, Văn phòng Bộ; lãnh đạo, chuyên viên các cơ quan tham mưu, giúp việc Đảng ủy Bộ Y tế.\nĐồng chí Phạm Minh Khuê, Phó Bí thư chuyên trách Đảng ủy Bộ chủ trì tại điểm cầu Đảng ủy Bộ Y 
... [truncated, total 10598 chars]
================================================================================

================================================================================
Article ID: MOH_a01e32741422030d | Attempt: 1
Error: Cannot extract valid JSON from response: line 1 column 1 (char 0)
Raw response (5817 chars):
{
"id": "MOH_a01e32741422030d",
"date_iso": "2026-07-01T00:00:00",
"full_text": "Sau hai lần lặn xuống độ sâu 40m để đánh bắt hải sản, một ngư dân bị giảm áp mức độ nặng, tổn thương tủy sống, liệt ruột, bí tiểu... nhưng rất may đã được các y, bác sĩ cấp cứu kịp thời.\nNgày 30/6, Bệnh xá đảo Song Tử Tây (Lữ đoàn 146, Vùng 4 Hải quân) tiếp nhận và khẩn trương cấp cứu ngư dân Nguyễn Văn Lâu (45 tuổi), là thợ lặn trên tàu cá QNg-96389-TS.\nTheo thông tin từ thuyền trưởng và các thuyền viên, ngày 28/6, ngư dân Nguyễn Văn Lâu đã hai lần lặn xuống độ sâu 40m để đánh bắt hải sản. Sau đó, ông Lâu xuất hiện tình trạng mệt mỏi, tê bì tay chân, bí trung tiện, đại tiện và tiểu tiện.\nNgư dân Lâu được các thuyền viên trên tàu thực hiện một số biện pháp sơ cứu nhưng tình trạng không cải thiện. Đến gần trưa 30/6, ông được đưa vào Bệnh xá đảo Song Tử Tây để cấp cứu và điều trị. Khi vào bệnh xá, ngư dân Lâu trong tình trạng huyết áp 125/75 mmHg, SpO2 97% khi tự thở, đau đầu, mệt mỏi, bụng chướng, tê bì hai chi trên, sức cơ hai chi trên còn 5/5; tê bì ngang ngực trở xuống, giảm cảm giác hai chi dưới...\nSau khi hội chẩn, các y, bác sĩ Bệnh xá đảo Song Tử Tây chẩn đoán bệnh nhân bị giảm áp cấp tính mức độ nặng (tuýp II), tổn thương tủy sống, liệt ruột và bí tiểu do lặn sâu 40m.\nNgư dân Lâu được khẩn trương đưa vào Bệnh xá đảo Song Tử Tây để cấp cứu.\nQuân y trên đảo cấp cứu cho ngư dân Lâu.\nĐể kịp thời xử trí tình trạng của ngư dân Lâu, quân y trên đảo đã triển khai điều trị theo phác đồ tái tăng áp chế độ 6, truyền dịch, cho thở oxy, sử dụng thuốc chống kết tập tiểu cầu, thuốc tăng dẫn truyền thần kinh, vitamin nhóm B, thuốc giảm đau... và theo dõi chặt chẽ diễn biến.\nTheo Bệnh xá đảo Song Tử Tây, ngư dân Lâu là trường hợp bị giảm áp nặng, tổn thương tủy sống, có nguy cơ để lại di chứng thần kinh nếu không được điều trị kịp thời.\nHiện ngư dân đang tiếp tục được điều trị tích cực, theo dõi sát các dấu hiệu thần kinh, hô hấp, tuần hoàn và khả năng đáp ứng với liệu pháp tăng áp.\n(Ng
... [truncated, total 5817 chars]
================================================================================

================================================================================
Article ID: MOH_148475897072835d | Attempt: 1
Error: Cannot extract valid JSON from response: line 1 column 1 (char 0)
Raw response (10175 chars):
{
"id": "MOH_148475897072835d",
"date_iso": "2026-07-01T00:00:00",
"full_text": "Từ ngày 1/7/2026, nhiều quy định mới trong lĩnh vực y tế chính thức có hiệu lực, liên quan đến công tác dân số, bảo hiểm y tế, hoạt động tiêm chủng và chế độ đối với cộng tác viên dân số…\nTrong đó, Luật Dân số 2025 chuyển trọng tâm chính sách dân số từ kế hoạch hóa gia đình sang dân số và phát triển; mức đóng bảo hiểm y tế hộ gia đình được điều chỉnh theo mức lương cơ sở mới; cộng tác viên dân số được áp dụng mức thù lao mới; vaccine HPV được bổ sung vào Chương trình Tiêm chủng mở rộng.\nẢnh minh họa\nCó hiệu lực từ ngày 1/7/2026, Luật Dân số 2025 gồm 8 chương, 30 điều, chuyển trọng tâm chính sách dân số từ kế hoạch hóa gia đình sang dân số và phát triển. Những nội dung liên quan đến dân số và phát triển được thể hiện theo hướng giải quyết đồng bộ các vấn đề về quy mô, cơ cấu dân số, thích ứng với già hóa dân số, nâng cao chất lượng dân số và đặt trong mối quan hệ tác động qua lại với phát triển kinh tế - xã hội của cả nước và từng địa phương.\nSo với Pháp lệnh Dân số, Luật bổ sung nhiều quy định mới, trong đó có các biện pháp duy trì mức sinh thay thế. Theo đó, trường hợp sinh con thứ hai, thời gian nghỉ thai sản của lao động nữ là 7 tháng, lao động nam được nghỉ 10 ngày làm việc khi vợ sinh con.\nLuật cũng quy định hỗ trợ tài chính khi sinh con đối với phụ nữ dân tộc thiểu số rất ít người; phụ nữ tại các tỉnh, thành phố có mức sinh dưới mức sinh thay thế; phụ nữ sinh đủ hai con trước 35 tuổi. Bên cạnh đó, người có từ hai con đẻ trở lên được ưu tiên mua, thuê mua hoặc thuê nhà ở xã hội theo quy định của pháp luật về nhà ở.\nNgoài ra, Luật bổ sung các quy định về giảm thiểu mất cân bằng giới tính khi sinh. Cụ thể, cấm lựa chọn giới tính thai nhi dưới mọi hình thức; cấm thông báo, tiết lộ giới tính thai nhi, trừ trường hợp do Bộ trưởng Bộ Y tế quy định để phục vụ chẩn đoán và điều trị các bệnh liên quan đến giới tính. Luật cũng khuyến khích đưa nội dung không trọng nam hơn nữ, không lựa
... [truncated, total 10175 chars]
================================================================================

================================================================================
Article ID: MOH_e77c016e6e58cc02 | Attempt: 1
Error: Cannot extract valid JSON from response: line 1 column 1 (char 0)
Raw response (11350 chars):
{
"id": "MOH_e77c016e6e58cc02",
"date_iso": "2026-07-01T00:00:00",
"full_text": "Ngày 1/7, Thông tư 22/2026/TT-BYT hướng dẫn danh mục máy móc, thiết bị cơ bản phục vụ hoạt động chuyên môn của trạm y tế xã, phường, thị trấn có hiệu lực. Đây được xem là bước đi đột phá, tạo hành lang pháp lý vững chắc để hiện đại hóa y tế cơ sở, đáp ứng tốt hơn nhu cầu chăm sóc sức khoẻ ban đầu...\nNâng cao chất lượng y tế cơ sở, hướng tới sự công bằng và hiệu quả trong toàn bộ hệ thống y tế là một trong những chủ trương, chính sách nhất quán của Đảng và Nhà nước ta. Thông tư số 22/2026/TT-BYT của Bộ Y tế do Thứ trưởng Bộ Y tế Đỗ Xuân Tuyên ký ban hành là một trong những chính sách cụ thể hóa mục tiêu chiến lược này.\nThứ trưởng Bộ Y tế Đỗ Xuân Tuyên chủ trì cuộc họp Ban soạn thảo Thông tư hướng dẫn danh mục máy móc, thiết bị cơ bản phục vụ hoạt động chuyên môn của trạm y tế xã, phường, thị trấn của Bộ Y tế.\nTừ chủ trương lớn của Đảng đến hành động cụ thể\nNghị quyết số 20-NQ/TW của Ban Chấp hành Trung ương Đảng khóa XII về tăng cường công tác bảo vệ, chăm sóc và nâng cao sức khỏe nhân dân trong tình hình mới đã khẳng định rõ vai trò của y tế cơ sở là \"người gác cổng\" tin cậy. Trạm y tế xã, phường, thị trấn là nơi tiếp cận đầu tiên, gần dân nhất, giữ vai trò quyết định trong công tác phòng bệnh, sàng lọc và quản lý bệnh tật.\nTuy nhiên, trong những năm qua, thực tế tại nhiều địa phương cho thấy, năng lực hoạt động của hệ thống y tế tuyến xã còn gặp không ít rào cản, mà nguyên nhân chủ yếu xuất phát từ sự thiếu hụt, lạc hậu của cơ sở vật chất và thiết bị chuyên môn.\nĐể giải quyết triệt để \"nút thắt\" này, đồng thời hiện thực hóa các mục tiêu cốt lõi của Chương trình mục tiêu quốc gia về chăm sóc sức khỏe, dân số và phát triển giai đoạn 2026 - 2035, Bộ Y tế đã khẩn trương nghiên cứu, xây dựng và ban hành Thông tư số 22/2026/TT-BYT.\n\"Sự ra đời của Thông tư này chính là hành động cụ thể nhằm thay thế cho Thông tư số 28/2020/TT-BYT vốn đã không còn phù hợp trước sự phát triển mạnh m
... [truncated, total 11350 chars]
================================================================================

================================================================================
Article ID: MOH_e77c016e6e58cc02 | Attempt: 2
Error: Cannot extract valid JSON from response: line 1 column 1 (char 0)
Raw response (11084 chars):
{
"id": "MOH_e77c016e6e58cc02",
"date_iso": "2026-07-01T00:00:00",
"full_text": "Ngày 1/7, Thông tư 22/2026/TT-BYT hướng dẫn danh mục máy móc, thiết bị cơ bản phục vụ hoạt động chuyên môn của trạm y tế xã, phường, thị trấn có hiệu lực. Đây được xem là bước đi đột phá, tạo hành lang pháp lý vững chắc để hiện đại hóa y tế cơ sở, đáp ứng tốt hơn nhu cầu chăm sóc sức khoẻ ban đầu...\nNâng cao chất lượng y tế cơ sở, hướng tới sự công bằng và hiệu quả trong toàn bộ hệ thống y tế là một trong những chủ trương, chính sách nhất quán của Đảng và Nhà nước ta. Thông tư số 22/2026/TT-BYT của Bộ Y tế do Thứ trưởng Bộ Y tế Đỗ Xuân Tuyên ký ban hành là một trong những chính sách cụ thể hóa mục tiêu chiến lược này.\nThứ trưởng Bộ Y tế Đỗ Xuân Tuyên chủ trì cuộc họp Ban soạn thảo Thông tư hướng dẫn danh mục máy móc, thiết bị cơ bản phục vụ hoạt động chuyên môn của trạm y tế xã, phường, thị trấn của Bộ Y tế.\nTừ chủ trương lớn của Đảng đến hành động cụ thể\nNghị quyết số 20-NQ/TW của Ban Chấp hành Trung ương Đảng khóa XII về tăng cường công tác bảo vệ, chăm sóc và nâng cao sức khỏe nhân dân trong tình hình mới đã khẳng định rõ vai trò của y tế cơ sở là \"người gác cổng\" tin cậy. Trạm y tế xã, phường, thị trấn là nơi tiếp cận đầu tiên, gần dân nhất, giữ vai trò quyết định trong công tác phòng bệnh, sàng lọc và quản lý bệnh tật.\nTuy nhiên, trong những năm qua, thực tế tại nhiều địa phương cho thấy, năng lực hoạt động của hệ thống y tế tuyến xã còn gặp không ít rào cản, mà nguyên nhân chủ yếu xuất phát từ sự thiếu hụt, lạc hậu của cơ sở vật chất và thiết bị chuyên môn.\nĐể giải quyết triệt để \"nút thắt\" này, đồng thời hiện thực hóa các mục tiêu cốt lõi của Chương trình mục tiêu quốc gia về chăm sóc sức khỏe, dân số và phát triển giai đoạn 2026 - 2035, Bộ Y tế đã khẩn trương nghiên cứu, xây dựng và ban hành Thông tư số 22/2026/TT-BYT.\n\"Sự ra đời của Thông tư này chính là hành động cụ thể nhằm thay thế cho Thông tư số 28/2020/TT-BYT vốn đã không còn phù hợp trước sự phát triển mạnh m
... [truncated, total 11084 chars]
================================================================================

================================================================================
Article ID: MOH_e77c016e6e58cc02 | Attempt: 3
Error: Cannot extract valid JSON from response: line 1 column 1 (char 0)
Raw response (10923 chars):
{
"id": "MOH_e77c016e6e58cc02",
"date_iso": "2026-07-01T00:00:00",
"full_text": "Ngày 1/7, Thông tư 22/2026/TT-BYT hướng dẫn danh mục máy móc, thiết bị cơ bản phục vụ hoạt động chuyên môn của trạm y tế xã, phường, thị trấn có hiệu lực. Đây được xem là bước đi đột phá, tạo hành lang pháp lý vững chắc để hiện đại hóa y tế cơ sở, đáp ứng tốt hơn nhu cầu chăm sóc sức khoẻ ban đầu...\nNâng cao chất lượng y tế cơ sở, hướng tới sự công bằng và hiệu quả trong toàn bộ hệ thống y tế là một trong những chủ trương, chính sách nhất quán của Đảng và Nhà nước ta. Thông tư số 22/2026/TT-BYT của Bộ Y tế do Thứ trưởng Bộ Y tế Đỗ Xuân Tuyên ký ban hành là một trong những chính sách cụ thể hóa mục tiêu chiến lược này.\nThứ trưởng Bộ Y tế Đỗ Xuân Tuyên chủ trì cuộc họp Ban soạn thảo Thông tư hướng dẫn danh mục máy móc, thiết bị cơ bản phục vụ hoạt động chuyên môn của trạm y tế xã, phường, thị trấn của Bộ Y tế.\nTừ chủ trương lớn của Đảng đến hành động cụ thể\nNghị quyết số 20-NQ/TW của Ban Chấp hành Trung ương Đảng khóa XII về tăng cường công tác bảo vệ, chăm sóc và nâng cao sức khỏe nhân dân trong tình hình mới đã khẳng định rõ vai trò của y tế cơ sở là \"người gác cổng\" tin cậy. Trạm y tế xã, phường, thị trấn là nơi tiếp cận đầu tiên, gần dân nhất, giữ vai trò quyết định trong công tác phòng bệnh, sàng lọc và quản lý bệnh tật.\nTuy nhiên, trong những năm qua, thực tế tại nhiều địa phương cho thấy, năng lực hoạt động của hệ thống y tế tuyến xã còn gặp không ít rào cản, mà nguyên nhân chủ yếu xuất phát từ sự thiếu hụt, lạc hậu của cơ sở vật chất và thiết bị chuyên môn.\nĐể giải quyết triệt để \"nút thắt\" này, đồng thời hiện thực hóa các mục tiêu cốt lõi của Chương trình mục tiêu quốc gia về chăm sóc sức khỏe, dân số và phát triển giai đoạn 2026 - 2035, Bộ Y tế đã khẩn trương nghiên cứu, xây dựng và ban hành Thông tư số 22/2026/TT-BYT.\n\"Sự ra đời của Thông tư này chính là hành động cụ thể nhằm thay thế cho Thông tư số 28/2020/TT-BYT vốn đã không còn phù hợp trước sự phát triển mạnh m
... [truncated, total 10923 chars]
================================================================================

================================================================================
Article ID: MOH_e77c016e6e58cc02 | Attempt: 4
Error: Cannot extract valid JSON from response: line 1 column 1 (char 0)
Raw response (11388 chars):
{
"id": "MOH_e77c016e6e58cc02",
"date_iso": "2026-07-01T00:00:00",
"full_text": "Ngày 1/7, Thông tư 22/2026/TT-BYT hướng dẫn danh mục máy móc, thiết bị cơ bản phục vụ hoạt động chuyên môn của trạm y tế xã, phường, thị trấn có hiệu lực. Đây được xem là bước đi đột phá, tạo hành lang pháp lý vững chắc để hiện đại hóa y tế cơ sở, đáp ứng tốt hơn nhu cầu chăm sóc sức khoẻ ban đầu...\nNâng cao chất lượng y tế cơ sở, hướng tới sự công bằng và hiệu quả trong toàn bộ hệ thống y tế là một trong những chủ trương, chính sách nhất quán của Đảng và Nhà nước ta. Thông tư số 22/2026/TT-BYT của Bộ Y tế do Thứ trưởng Bộ Y tế Đỗ Xuân Tuyên ký ban hành là một trong những chính sách cụ thể hóa mục tiêu chiến lược này.\nThứ trưởng Bộ Y tế Đỗ Xuân Tuyên chủ trì cuộc họp Ban soạn thảo Thông tư hướng dẫn danh mục máy móc, thiết bị cơ bản phục vụ hoạt động chuyên môn của trạm y tế xã, phường, thị trấn của Bộ Y tế.\nTừ chủ trương lớn của Đảng đến hành động cụ thể\nNghị quyết số 20-NQ/TW của Ban Chấp hành Trung ương Đảng khóa XII về tăng cường công tác bảo vệ, chăm sóc và nâng cao sức khỏe nhân dân trong tình hình mới đã khẳng định rõ vai trò của y tế cơ sở là \"người gác cổng\" tin cậy. Trạm y tế xã, phường, thị trấn là nơi tiếp cận đầu tiên, gần dân nhất, giữ vai trò quyết định trong công tác phòng bệnh, sàng lọc và quản lý bệnh tật.\nTuy nhiên, trong những năm qua, thực tế tại nhiều địa phương cho thấy, năng lực hoạt động của hệ thống y tế tuyến xã còn gặp không ít rào cản, mà nguyên nhân chủ yếu xuất phát từ sự thiếu hụt, lạc hậu của cơ sở vật chất và thiết bị chuyên môn.\nĐể giải quyết triệt để \"nút thắt\" này, đồng thời hiện thực hóa các mục tiêu cốt lõi của Chương trình mục tiêu quốc gia về chăm sóc sức khỏe, dân số và phát triển giai đoạn 2026 - 2035, Bộ Y tế đã khẩn trương nghiên cứu, xây dựng và ban hành Thông tư số 22/2026/TT-BYT.\n\"Sự ra đời của Thông tư này chính là hành động cụ thể nhằm thay thế cho Thông tư số 28/2020/TT-BYT vốn đã không còn phù hợp trước sự phát triển mạnh m
... [truncated, total 11388 chars]
================================================================================

================================================================================
Article ID: MOH_e77c016e6e58cc02 | Attempt: 5
Error: Cannot extract valid JSON from response: line 1 column 1 (char 0)
Raw response (11394 chars):
{
"id": "MOH_e77c016e6e58cc02",
"date_iso": "2026-07-01T00:00:00",
"full_text": "Ngày 1/7, Thông tư 22/2026/TT-BYT hướng dẫn danh mục máy móc, thiết bị cơ bản phục vụ hoạt động chuyên môn của trạm y tế xã, phường, thị trấn có hiệu lực. Đây được xem là bước đi đột phá, tạo hành lang pháp lý vững chắc để hiện đại hóa y tế cơ sở, đáp ứng tốt hơn nhu cầu chăm sóc sức khoẻ ban đầu...\nNâng cao chất lượng y tế cơ sở, hướng tới sự công bằng và hiệu quả trong toàn bộ hệ thống y tế là một trong những chủ trương, chính sách nhất quán của Đảng và Nhà nước ta. Thông tư số 22/2026/TT-BYT của Bộ Y tế do Thứ trưởng Bộ Y tế Đỗ Xuân Tuyên ký ban hành là một trong những chính sách cụ thể hóa mục tiêu chiến lược này.\nThứ trưởng Bộ Y tế Đỗ Xuân Tuyên chủ trì cuộc họp Ban soạn thảo Thông tư hướng dẫn danh mục máy móc, thiết bị cơ bản phục vụ hoạt động chuyên môn của trạm y tế xã, phường, thị trấn của Bộ Y tế.\nTừ chủ trương lớn của Đảng đến hành động cụ thể\nNghị quyết số 20-NQ/TW của Ban Chấp hành Trung ương Đảng khóa XII về tăng cường công tác bảo vệ, chăm sóc và nâng cao sức khỏe nhân dân trong tình hình mới đã khẳng định rõ vai trò của y tế cơ sở là \"người gác cổng\" tin cậy. Trạm y tế xã, phường, thị trấn là nơi tiếp cận đầu tiên, gần dân nhất, giữ vai trò quyết định trong công tác phòng bệnh, sàng lọc và quản lý bệnh tật.\nTuy nhiên, trong những năm qua, thực tế tại nhiều địa phương cho thấy, năng lực hoạt động của hệ thống y tế tuyến xã còn gặp không ít rào cản, mà nguyên nhân chủ yếu xuất phát từ sự thiếu hụt, lạc hậu của cơ sở vật chất và thiết bị chuyên môn.\nĐể giải quyết triệt để \"nút thắt\" này, đồng thời hiện thực hóa các mục tiêu cốt lõi của Chương trình mục tiêu quốc gia về chăm sóc sức khỏe, dân số và phát triển giai đoạn 2026 - 2035, Bộ Y tế đã khẩn trương nghiên cứu, xây dựng và ban hành Thông tư số 22/2026/TT-BYT.\n\"Sự ra đời của Thông tư này chính là hành động cụ thể nhằm thay thế cho Thông tư số 28/2020/TT-BYT vốn đã không còn phù hợp trước sự phát triển mạnh m
... [truncated, total 11394 chars]
================================================================================

================================================================================
Article ID: MOH_2695094d4ac1c8c5 | Attempt: 1
Error: Cannot extract valid JSON from response: line 1 column 1 (char 0)
Raw response (10027 chars):
{
"id": "MOH_2695094d4ac1c8c5",
"date_iso": "2026-07-01T00:00:00",
"full_text": "Người có thẻ bảo hiểm y tế khám, chữa bệnh ngoại trú trái tuyến được Quỹ Bảo hiểm y tế chi trả 50%, song chỉ áp dụng tại cơ sở thuộc nhóm quy định, không phải toàn bộ bệnh viện trên cả nước.\n(Ảnh minh họa: ĐỖ THOA)\nTheo quy định hiện hành, người bệnh khám ngoại trú trái tuyến, vượt cấp lên tuyến trung ương (trừ một số trường hợp đặc biệt) phải tự chi trả toàn bộ chi phí khám, chữa bệnh dù có thẻ bảo hiểm y tế.\nTuy nhiên, theo Nghị định 188/2025 của Chính phủ quy định chi tiết và hướng dẫn thi hành một số điều của Luật Bảo hiểm y tế, từ ngày 1/7, người tham gia bảo hiểm y tế khi khám, chữa bệnh ngoại trú tại các cơ sở cấp cơ bản mà trước ngày 1/1/2025 được xác định là tuyến trung ương hoặc tương đương tuyến trung ương sẽ được Quỹ bảo hiểm y tế thanh toán 50% mức hưởng.\nHiện người tham gia bảo hiểm y tế có các mức hưởng 80%, 95% và 100% chi phí khám chữa bệnh tùy nhóm đối tượng. Số tiền được thanh toán khi khám ngoại trú trái tuyến được tính theo công thức: Chi phí khám chữa bệnh x mức hưởng bảo hiểm y tế x 50%.\nThí dụ, người có mức hưởng bảo hiểm y tế 80%, đi khám trái tuyến tại bệnh viện thuộc diện được áp dụng chính sách mới với tổng chi phí 1 triệu đồng sẽ được Quỹ bảo hiểm y tế chi trả 400.000 đồng, người bệnh tự trả 600.000 đồng.\nCác khoản chi ngoài phạm vi hưởng bảo hiểm y tế, dịch vụ theo yêu cầu hoặc chi phí không đủ điều kiện thanh toán vẫn do người bệnh tự chi trả.\nKhám trái tuyến ở nhiều bệnh viện tuyến trung ương được bảo hiểm y tế trả 50%\nTheo phân cấp chuyên môn kỹ thuật, phần lớn bệnh viện tuyến trung ương thuộc Bộ Y tế được xếp cấp chuyên sâu.\nMột số bệnh viện được xếp cấp cơ bản trực thuộc Bộ Y tế gồm: Bệnh viện Hữu Nghị, Viện Pháp y tâm thần Trung ương (Hà Nội); Bệnh viện Tâm thần Trung ương II, Viện Pháp y tâm thần Trung ương Biên Hòa (Dong Nai); Bệnh viện 71 Trung ương, Bệnh viện Điều dưỡng phục hồi chức năng Trung ương (Thanh Hóa).\nMột số cơ sở khác gồm: Bệ
... [truncated, total 10027 chars]
================================================================================

================================================================================
Article ID: MOH_2695094d4ac1c8c5 | Attempt: 2
Error: Cannot extract valid JSON from response: line 1 column 1 (char 0)
Raw response (10382 chars):
{
"id": "MOH_2695094d4ac1c8c5",
"date_iso": "2026-07-01T00:00:00",
"full_text": "Người có thẻ bảo hiểm y tế khám, chữa bệnh ngoại trú trái tuyến được Quỹ Bảo hiểm y tế chi trả 50%, song chỉ áp dụng tại cơ sở thuộc nhóm quy định, không phải toàn bộ bệnh viện trên cả nước.\n(Ảnh minh họa: ĐỖ THOA)\nTheo quy định hiện hành, người bệnh khám ngoại trú trái tuyến, vượt cấp lên tuyến trung ương (trừ một số trường hợp đặc biệt) phải tự chi trả toàn bộ chi phí khám, chữa bệnh dù có thẻ bảo hiểm y tế.\nTuy nhiên, theo Nghị định 188/2025 của Chính phủ quy định chi tiết và hướng dẫn thi hành một số điều của Luật Bảo hiểm y tế, từ ngày 1/7, người tham gia bảo hiểm y tế khi khám, chữa bệnh ngoại trú tại các cơ sở cấp cơ bản mà trước ngày 1/1/2025 được xác định là tuyến trung ương hoặc tương đương tuyến trung ương sẽ được Quỹ bảo hiểm y tế thanh toán 50% mức hưởng.\nHiện người tham gia bảo hiểm y tế có các mức hưởng 80%, 95% và 100% chi phí khám chữa bệnh tùy nhóm đối tượng. Số tiền được thanh toán khi khám ngoại trú trái tuyến được tính theo công thức: Chi phí khám chữa bệnh x mức hưởng bảo hiểm y tế x 50%.\nThí dụ, người có mức hưởng bảo hiểm y tế 80%, đi khám trái tuyến tại bệnh viện thuộc diện được áp dụng chính sách mới với tổng chi phí 1 triệu đồng sẽ được Quỹ bảo hiểm y tế chi trả 400.000 đồng, người bệnh tự trả 600.000 đồng.\nCác khoản chi ngoài phạm vi hưởng bảo hiểm y tế, dịch vụ theo yêu cầu hoặc chi phí không đủ điều kiện thanh toán vẫn do người bệnh tự chi trả.\nKhám trái tuyến ở nhiều bệnh viện tuyến trung ương được bảo hiểm y tế trả 50%\nTheo phân cấp chuyên môn kỹ thuật, phần lớn bệnh viện tuyến trung ương thuộc Bộ Y tế được xếp cấp chuyên sâu.\nMột số bệnh viện được xếp cấp cơ bản trực thuộc Bộ Y tế gồm: Bệnh viện Hữu Nghị, Viện Pháp y tâm thần Trung ương (Hà Nội); Bệnh viện Tâm thần Trung ương II, Viện Pháp y tâm thần Trung ương Biên Hòa (Dong Nai); Bệnh viện 71 Trung ương, Bệnh viện Điều dưỡng phục hồi chức năng Trung ương (Thanh Hóa).\nMột số cơ sở khác gồm: Bệ
... [truncated, total 10382 chars]
================================================================================

================================================================================
Article ID: MOH_2695094d4ac1c8c5 | Attempt: 3
Error: Cannot extract valid JSON from response: line 1 column 1 (char 0)
Raw response (10417 chars):
{
"id": "MOH_2695094d4ac1c8c5",
"date_iso": "2026-07-01T00:00:00",
"full_text": "Người có thẻ bảo hiểm y tế khám, chữa bệnh ngoại trú trái tuyến được Quỹ Bảo hiểm y tế chi trả 50%, song chỉ áp dụng tại cơ sở thuộc nhóm quy định, không phải toàn bộ bệnh viện trên cả nước.\n(Ảnh minh họa: ĐỖ THOA)\nTheo quy định hiện hành, người bệnh khám ngoại trú trái tuyến, vượt cấp lên tuyến trung ương (trừ một số trường hợp đặc biệt) phải tự chi trả toàn bộ chi phí khám, chữa bệnh dù có thẻ bảo hiểm y tế.\nTuy nhiên, theo Nghị định 188/2025 của Chính phủ quy định chi tiết và hướng dẫn thi hành một số điều của Luật Bảo hiểm y tế, từ ngày 1/7, người tham gia bảo hiểm y tế khi khám, chữa bệnh ngoại trú tại các cơ sở cấp cơ bản mà trước ngày 1/1/2025 được xác định là tuyến trung ương hoặc tương đương tuyến trung ương sẽ được Quỹ bảo hiểm y tế thanh toán 50% mức hưởng.\nHiện người tham gia bảo hiểm y tế có các mức hưởng 80%, 95% và 100% chi phí khám chữa bệnh tùy nhóm đối tượng. Số tiền được thanh toán khi khám ngoại trú trái tuyến được tính theo công thức: Chi phí khám chữa bệnh x mức hưởng bảo hiểm y tế x 50%.\nThí dụ, người có mức hưởng bảo hiểm y tế 80%, đi khám trái tuyến tại bệnh viện thuộc diện được áp dụng chính sách mới với tổng chi phí 1 triệu đồng sẽ được Quỹ bảo hiểm y tế chi trả 400.000 đồng, người bệnh tự trả 600.000 đồng.\nCác khoản chi ngoài phạm vi hưởng bảo hiểm y tế, dịch vụ theo yêu cầu hoặc chi phí không đủ điều kiện thanh toán vẫn do người bệnh tự chi trả.\nKhám trái tuyến ở nhiều bệnh viện tuyến trung ương được bảo hiểm y tế trả 50%\nTheo phân cấp chuyên môn kỹ thuật, phần lớn bệnh viện tuyến trung ương thuộc Bộ Y tế được xếp cấp chuyên sâu.\nMột số bệnh viện được xếp cấp cơ bản trực thuộc Bộ Y tế gồm: Bệnh viện Hữu Nghị, Viện Pháp y tâm thần Trung ương (Hà Nội); Bệnh viện Tâm thần Trung ương II, Viện Pháp y tâm thần Trung ương Biên Hòa (Dong Nai); Bệnh viện 71 Trung ương, Bệnh viện Điều dưỡng phục hồi chức năng Trung ương (Thanh Hóa).\nMột số cơ sở khác gồm: Bệ
... [truncated, total 10417 chars]
================================================================================

================================================================================
Article ID: MOH_2695094d4ac1c8c5 | Attempt: 4
Error: Cannot extract valid JSON from response: line 1 column 1 (char 0)
Raw response (10122 chars):
{
"id": "MOH_2695094d4ac1c8c5",
"date_iso": "2026-07-01T00:00:00",
"full_text": "Người có thẻ bảo hiểm y tế khám, chữa bệnh ngoại trú trái tuyến được Quỹ Bảo hiểm y tế chi trả 50%, song chỉ áp dụng tại cơ sở thuộc nhóm quy định, không phải toàn bộ bệnh viện trên cả nước.\n(Ảnh minh họa: ĐỖ THOA)\nTheo quy định hiện hành, người bệnh khám ngoại trú trái tuyến, vượt cấp lên tuyến trung ương (trừ một số trường hợp đặc biệt) phải tự chi trả toàn bộ chi phí khám, chữa bệnh dù có thẻ bảo hiểm y tế.\nTuy nhiên, theo Nghị định 188/2025 của Chính phủ quy định chi tiết và hướng dẫn thi hành một số điều của Luật Bảo hiểm y tế, từ ngày 1/7, người tham gia bảo hiểm y tế khi khám, chữa bệnh ngoại trú tại các cơ sở cấp cơ bản mà trước ngày 1/1/2025 được xác định là tuyến trung ương hoặc tương đương tuyến trung ương sẽ được Quỹ bảo hiểm y tế thanh toán 50% mức hưởng.\nHiện người tham gia bảo hiểm y tế có các mức hưởng 80%, 95% và 100% chi phí khám chữa bệnh tùy nhóm đối tượng. Số tiền được thanh toán khi khám ngoại trú trái tuyến được tính theo công thức: Chi phí khám chữa bệnh x mức hưởng bảo hiểm y tế x 50%.\nThí dụ, người có mức hưởng bảo hiểm y tế 80%, đi khám trái tuyến tại bệnh viện thuộc diện được áp dụng chính sách mới với tổng chi phí 1 triệu đồng sẽ được Quỹ bảo hiểm y tế chi trả 400.000 đồng, người bệnh tự trả 600.000 đồng.\nCác khoản chi ngoài phạm vi hưởng bảo hiểm y tế, dịch vụ theo yêu cầu hoặc chi phí không đủ điều kiện thanh toán vẫn do người bệnh tự chi trả.\nKhám trái tuyến ở nhiều bệnh viện tuyến trung ương được bảo hiểm y tế trả 50%\nTheo phân cấp chuyên môn kỹ thuật, phần lớn bệnh viện tuyến trung ương thuộc Bộ Y tế được xếp cấp chuyên sâu.\nMột số bệnh viện được xếp cấp cơ bản trực thuộc Bộ Y tế gồm: Bệnh viện Hữu Nghị, Viện Pháp y tâm thần Trung ương (Hà Nội); Bệnh viện Tâm thần Trung ương II, Viện Pháp y tâm thần Trung ương Biên Hòa (Dong Nai); Bệnh viện 71 Trung ương, Bệnh viện Điều dưỡng phục hồi chức năng Trung ương (Thanh Hóa).\nMột số cơ sở khác gồm: Bệ
... [truncated, total 10122 chars]
================================================================================

================================================================================
Article ID: MOH_2695094d4ac1c8c5 | Attempt: 5
Error: Cannot extract valid JSON from response: line 1 column 1 (char 0)
Raw response (10626 chars):
{
"id": "MOH_2695094d4ac1c8c5",
"date_iso": "2026-07-01T00:00:00",
"full_text": "Người có thẻ bảo hiểm y tế khám, chữa bệnh ngoại trú trái tuyến được Quỹ Bảo hiểm y tế chi trả 50%, song chỉ áp dụng tại cơ sở thuộc nhóm quy định, không phải toàn bộ bệnh viện trên cả nước.\n(Ảnh minh họa: ĐỖ THOA)\nTheo quy định hiện hành, người bệnh khám ngoại trú trái tuyến, vượt cấp lên tuyến trung ương (trừ một số trường hợp đặc biệt) phải tự chi trả toàn bộ chi phí khám, chữa bệnh dù có thẻ bảo hiểm y tế.\nTuy nhiên, theo Nghị định 188/2025 của Chính phủ quy định chi tiết và hướng dẫn thi hành một số điều của Luật Bảo hiểm y tế, từ ngày 1/7, người tham gia bảo hiểm y tế khi khám, chữa bệnh ngoại trú tại các cơ sở cấp cơ bản mà trước ngày 1/1/2025 được xác định là tuyến trung ương hoặc tương đương tuyến trung ương sẽ được Quỹ bảo hiểm y tế thanh toán 50% mức hưởng.\nHiện người tham gia bảo hiểm y tế có các mức hưởng 80%, 95% và 100% chi phí khám chữa bệnh tùy nhóm đối tượng. Số tiền được thanh toán khi khám ngoại trú trái tuyến được tính theo công thức: Chi phí khám chữa bệnh x mức hưởng bảo hiểm y tế x 50%.\nThí dụ, người có mức hưởng bảo hiểm y tế 80%, đi khám trái tuyến tại bệnh viện thuộc diện được áp dụng chính sách mới với tổng chi phí 1 triệu đồng sẽ được Quỹ bảo hiểm y tế chi trả 400.000 đồng, người bệnh tự trả 600.000 đồng.\nCác khoản chi ngoài phạm vi hưởng bảo hiểm y tế, dịch vụ theo yêu cầu hoặc chi phí không đủ điều kiện thanh toán vẫn do người bệnh tự chi trả.\nKhám trái tuyến ở nhiều bệnh viện tuyến trung ương được bảo hiểm y tế trả 50%\nTheo phân cấp chuyên môn kỹ thuật, phần lớn bệnh viện tuyến trung ương thuộc Bộ Y tế được xếp cấp chuyên sâu.\nMột số bệnh viện được xếp cấp cơ bản trực thuộc Bộ Y tế gồm: Bệnh viện Hữu Nghị, Viện Pháp y tâm thần Trung ương (Hà Nội); Bệnh viện Tâm thần Trung ương II, Viện Pháp y tâm thần Trung ương Biên Hòa (Dong Nai); Bệnh viện 71 Trung ương, Bệnh viện Điều dưỡng phục hồi chức năng Trung ương (Thanh Hóa).\nMột số cơ sở khác gồm: Bệ
... [truncated, total 10626 chars]
================================================================================

================================================================================
Article ID: MOH_f7d70c7d48acd628 | Attempt: 1
Error: Cannot extract valid JSON from response: line 1 column 1 (char 0)
Raw response (8233 chars):
{
"id": "MOH_f7d70c7d48acd628",
"date_iso": "2026-06-30T00:00:00",
"full_text": "Chiều 28/6, phòng can thiệp tim mạch (Cathlab) tại Bệnh viện Bạch Mai cơ sở Ninh Bình hoạt động liên tục. Trong vài giờ, các chuyên gia của Viện Tim mạch Việt Nam phối hợp cùng đội ngũ y, bác sĩ tại cơ sở Ninh Bình thực hiện thành công 5 ca can thiệp mạch vành phức tạp.\n5 ca can thiệp tim mạch phức tạp được thực hiện liên tiếp trong một buổi chiều tại Bệnh viện Bạch Mai cơ sở Ninh Bình không chỉ đánh dấu năng lực triển khai kỹ thuật cao của bệnh viện, mà còn mở ra cơ hội để người dân được tiếp cận dịch vụ y tế tuyến cuối ngay tại địa phương.\nĐiểm đặc biệt không chỉ nằm ở số lượng ca bệnh được xử trí trong một buổi chiều, mà ở chỗ người bệnh không còn phải chuyển lên Hà Nội như trước đây. Ngay tại Ninh Bình, họ được tiếp cận những kỹ thuật can thiệp hiện đại vốn chỉ triển khai thường quy ở bệnh viện tuyến trung ương.\nMỗi phút đều quyết định sự sống\nCác bác sĩ thực hiện ca can thiệp tim mạch tại Bệnh viện Bạch Mai cơ sở Ninh Bình.\nTrong tim mạch cấp cứu, thời gian luôn là yếu tố sống còn. Với hội chứng mạch vành cấp hay nhồi máu cơ tim, việc chậm tái thông mạch máu có thể khiến cơ tim tổn thương không hồi phục.\nTrong số 5 trường hợp được can thiệp chiều 28/6, có một bệnh nhân 82 tuổi nhập viện vì đau ngực dữ dội trong bối cảnh hội chứng mạch vành cấp.\nNgười bệnh mang nhiều bệnh lý nền như đái tháo đường, tăng huyết áp, phì đại tiền liệt tuyến và từng đặt stent động mạch vành. Kết quả chụp mạch cho thấy động mạch liên thất trước (LAD) hẹp khoảng 70%.\nTrước khi đưa người bệnh vào phòng can thiệp, các bác sĩ tim mạch, nội tiết, thận - tiết niệu và hồi sức cấp cứu đã tiến hành hội chẩn đa chuyên khoa nhằm đánh giá toàn diện nguy cơ, kiểm soát các chỉ số sinh tồn và lựa chọn phương án điều trị an toàn nhất.\nTại phòng Cathlab, ê-kíp sử dụng kỹ thuật siêu âm trong lòng mạch (IVUS) để đánh giá chính xác tổn thương. Kết quả cho thấy diện tích lòng mạch tối thiểu (MLA) chỉ còn 2,0 mm² và n
... [truncated, total 8233 chars]
================================================================================

================================================================================
Article ID: MOH_d6d49ae0c46dcc02 | Attempt: 1
Error: Cannot extract valid JSON from response: line 1 column 1 (char 0)
Raw response (8607 chars):
{
"id": "MOH_d6d49ae0c46dcc02",
"date_iso": "2026-06-29T00:00:00",
"full_text": "Tại trụ sở Bộ Y tế vào chiều ngày 29/6/2026, Ủy viên Ban Chấp hành Trung ương Đảng, Bộ trưởng Bộ Y tế Đào Hồng Lan chủ trì cuộc họp kiểm tra, rà soát, đôn đốc tiến độ thi công giai đoạn nước rút với công trình Bệnh viện Hữu nghị Việt Đức cơ sở Ninh Bình.\nToàn cảnh cuộc họp\nTham dự cuộc họp có Thứ trưởng Bộ Y tế Lê Đức Luận, đại diện lãnh đạo Vụ Kế hoạch Tài chính, Ban Quản lý Dự án công trình y tế; lãnh đạo Bệnh viện Việt Đức và các đơn vị nhà thầu.\nÔng Hoàng Cương, Phó Giám đốc Phụ trách Ban Quản lý Dự án Công trình Y tế báo cáo\nÔng Hoàng Cương, Phó Giám đốc phụ trách Ban Quản lý Dự án Công trình Y tế cho biết, đến thời điểm hiện tại, Ban Quản lý đang tập trung hoàn thiện những nhóm nhiệm vụ cuối cùng của dự án BV Hữu nghị Việt Đức cơ sở Ninh Bình. Các công việc trọng tâm gồm: Hoàn thiện hồ sơ lập, thẩm tra và phê duyệt dự toán, bản vẽ điều chỉnh; thanh toán khối lượng hoàn thành và đẩy nhanh tiến độ giải ngân; bàn giao hồ sơ cho BV Hữu nghị Việt Đức; đồng thời tổ chức đấu thầu, mua sắm, cung cấp và lắp đặt trang thiết bị y tế. Tại công trường, các nhà thầu đang tập trung hoàn thiện hệ thống phòng cháy, chữa cháy theo cả thiết kế ban đầu và phương án điều chỉnh, đồng thời thực hiện chạy thử liên động với các hệ thống kỹ thuật nhằm bảo đảm đủ điều kiện vận hành đồng bộ trước khi bàn giao.\nTheo ông Hoàng Cương, hàng loạt hạng mục đang được thi công nước rút và dự kiến hoàn thành trước ngày 05/7/2026. Đối với hạng mục công nghệ thông tin và trang thiết bị phục vụ vận hành, Ban Quản lý đang hoàn thiện các hệ thống thiết bị văn phòng, xếp hàng xác thực, biển báo điện tử, hội chẩn từ xa, hội nghị truyền hình, truyền hình cáp, kiểm soát ra vào, kiểm soát bãi đỗ xe, màn hình PACS cùng nhiều thiết bị kỹ thuật liên quan. Sau khi hoàn thành lắp đặt, các hệ thống sẽ được chạy thử đồng bộ và xây dựng phương án vận hành trước khi bàn giao đưa bệnh viện vào hoạt động.\nĐại biểu tham dự cuộc họp 
... [truncated, total 8607 chars]
================================================================================

================================================================================
Article ID: MOH_d6d49ae0c46dcc02 | Attempt: 2
Error: Cannot extract valid JSON from response: line 1 column 1 (char 0)
Raw response (9284 chars):
{
"id": "MOH_d6d49ae0c46dcc02",
"date_iso": "2026-06-29T00:00:00",
"full_text": "Tại trụ sở Bộ Y tế vào chiều ngày 29/6/2026, Ủy viên Ban Chấp hành Trung ương Đảng, Bộ trưởng Bộ Y tế Đào Hồng Lan chủ trì cuộc họp kiểm tra, rà soát, đôn đốc tiến độ thi công giai đoạn nước rút với công trình Bệnh viện Hữu nghị Việt Đức cơ sở Ninh Bình.\nToàn cảnh cuộc họp\nTham dự cuộc họp có Thứ trưởng Bộ Y tế Lê Đức Luận, đại diện lãnh đạo Vụ Kế hoạch Tài chính, Ban Quản lý Dự án công trình y tế; lãnh đạo Bệnh viện Việt Đức và các đơn vị nhà thầu.\nÔng Hoàng Cương, Phó Giám đốc Phụ trách Ban Quản lý Dự án Công trình Y tế báo cáo\nÔng Hoàng Cương, Phó Giám đốc phụ trách Ban Quản lý Dự án Công trình Y tế cho biết, đến thời điểm hiện tại, Ban Quản lý đang tập trung hoàn thiện những nhóm nhiệm vụ cuối cùng của dự án BV Hữu nghị Việt Đức cơ sở Ninh Bình. Các công việc trọng tâm gồm: Hoàn thiện hồ sơ lập, thẩm tra và phê duyệt dự toán, bản vẽ điều chỉnh; thanh toán khối lượng hoàn thành và đẩy nhanh tiến độ giải ngân; bàn giao hồ sơ cho BV Hữu nghị Việt Đức; đồng thời tổ chức đấu thầu, mua sắm, cung cấp và lắp đặt trang thiết bị y tế. Tại công trường, các nhà thầu đang tập trung hoàn thiện hệ thống phòng cháy, chữa cháy theo cả thiết kế ban đầu và phương án điều chỉnh, đồng thời thực hiện chạy thử liên động với các hệ thống kỹ thuật nhằm bảo đảm đủ điều kiện vận hành đồng bộ trước khi bàn giao.\nTheo ông Hoàng Cương, hàng loạt hạng mục đang được thi công nước rút và dự kiến hoàn thành trước ngày 05/7/2026. Đối với hạng mục công nghệ thông tin và trang thiết bị phục vụ vận hành, Ban Quản lý đang hoàn thiện các hệ thống thiết bị văn phòng, xếp hàng xác thực, biển báo điện tử, hội chẩn từ xa, hội nghị truyền hình, truyền hình cáp, kiểm soát ra vào, kiểm soát bãi đỗ xe, màn hình PACS cùng nhiều thiết bị kỹ thuật liên quan. Sau khi hoàn thành lắp đặt, các hệ thống sẽ được chạy thử đồng bộ và xây dựng phương án vận hành trước khi bàn giao đưa bệnh viện vào hoạt động.\nĐại biểu tham dự cuộc họp 
... [truncated, total 9284 chars]
================================================================================

================================================================================
Article ID: MOH_d99e9267d37c5e67 | Attempt: 1
Error: Cannot extract valid JSON from response: line 1 column 1 (char 0)
Raw response (7424 chars):
{
"id": "MOH_d99e9267d37c5e67",
"date_iso": "2026-06-29T00:00:00",
"full_text": "Hưởng ứng Ngày Vệ sinh yêu nước nâng cao sức khỏe nhân dân năm 2026, nhiều hoạt động khám bệnh, hỗ trợ y tế cơ sở và truyền thông về vệ sinh phòng bệnh đã được triển khai tại TP Cần Thơ.\nMới đây, tại TP. Cần Thơ, Cục Phòng bệnh (Bộ Y tế) phối hợp Hội Thầy thuốc trẻ Việt Nam, Sở Y tế TP. Cần Thơ và đơn vị đồng hành tổ chức lễ mít tinh hưởng ứng Ngày Vệ sinh yêu nước nâng cao sức khỏe nhân dân năm 2026 với chủ đề \"Vệ sinh phòng bệnh - Sức khỏe nâng cao\".\nPhong trào Vệ sinh yêu nước được phát động từ năm 2012, hướng đến nâng cao nhận thức của người dân về vệ sinh cá nhân, vệ sinh môi trường, sử dụng nước sạch, rửa tay với xà phòng và chủ động phòng, chống dịch bệnh. Đây được xem là một trong những giải pháp quan trọng góp phần bảo vệ, chăm sóc và nâng cao sức khỏe nhân dân trong tình hình mới.\nTS.BS Hà Anh Đức - Chủ tịch Hội Thầy thuốc trẻ Việt Nam phát biểu khai mạc. Ảnh: BTC.\nPhát biểu tại lễ mít tinh, PGS.TS.BS Hà Anh Đức - Chủ tịch Hội Thầy thuốc trẻ Việt Nam cho rằng, những tư tưởng của Chủ tịch Hồ Chí Minh về vệ sinh phòng bệnh vẫn còn nguyên giá trị đến hôm nay. Theo ông, khi ngành y tế ngày càng chú trọng công tác dự phòng thì vệ sinh cá nhân, vệ sinh môi trường và xây dựng lối sống lành mạnh chính là nền tảng để giảm bệnh tật, nâng cao sức khỏe và chất lượng cuộc sống của người dân.\nTrong khuôn khổ chương trình, ban tổ chức đã triển khai nhiều hoạt động thiết thực như khám bệnh, tư vấn sức khỏe và cấp phát thuốc miễn phí cho hơn 1.200 người dân tại hai xã Thạnh Xuân và Mỹ Tú; trao 10 suất học bổng cho học sinh có hoàn cảnh khó khăn, tặng quà cho các gia đình chính sách...\nBên cạnh đó, chương trình còn hỗ trợ nâng cấp cơ sở vật chất cho Trạm Y tế Thạnh Xuân và Trung tâm Y tế khu vực Mỹ Tú nhằm góp phần cải thiện điều kiện khám, chữa bệnh ban đầu, nâng cao chất lượng chăm sóc sức khỏe tại tuyến cơ sở.\nBác sĩ khám bệnh và phát thuốc miễn phí cho người dân xã Thạnh Xuân. Ảnh:
... [truncated, total 7424 chars]
================================================================================

================================================================================
Article ID: MOH_d99e9267d37c5e67 | Attempt: 2
Error: Cannot extract valid JSON from response: line 1 column 1 (char 0)
Raw response (7486 chars):
{
"id": "MOH_d99e9267d37c5e67",
"date_iso": "2026-06-29T00:00:00",
"full_text": "Hưởng ứng Ngày Vệ sinh yêu nước nâng cao sức khỏe nhân dân năm 2026, nhiều hoạt động khám bệnh, hỗ trợ y tế cơ sở và truyền thông về vệ sinh phòng bệnh đã được triển khai tại TP Cần Thơ.\nMới đây, tại TP. Cần Thơ, Cục Phòng bệnh (Bộ Y tế) phối hợp Hội Thầy thuốc trẻ Việt Nam, Sở Y tế TP. Cần Thơ và đơn vị đồng hành tổ chức lễ mít tinh hưởng ứng Ngày Vệ sinh yêu nước nâng cao sức khỏe nhân dân năm 2026 với chủ đề \"Vệ sinh phòng bệnh - Sức khỏe nâng cao\".\nPhong trào Vệ sinh yêu nước được phát động từ năm 2012, hướng đến nâng cao nhận thức của người dân về vệ sinh cá nhân, vệ sinh môi trường, sử dụng nước sạch, rửa tay với xà phòng và chủ động phòng, chống dịch bệnh. Đây được xem là một trong những giải pháp quan trọng góp phần bảo vệ, chăm sóc và nâng cao sức khỏe nhân dân trong tình hình mới.\nTS.BS Hà Anh Đức - Chủ tịch Hội Thầy thuốc trẻ Việt Nam phát biểu khai mạc. Ảnh: BTC.\nPhát biểu tại lễ mít tinh, PGS.TS.BS Hà Anh Đức - Chủ tịch Hội Thầy thuốc trẻ Việt Nam cho rằng, những tư tưởng của Chủ tịch Hồ Chí Minh về vệ sinh phòng bệnh vẫn còn nguyên giá trị đến hôm nay. Theo ông, khi ngành y tế ngày càng chú trọng công tác dự phòng thì vệ sinh cá nhân, vệ sinh môi trường và xây dựng lối sống lành mạnh chính là nền tảng để giảm bệnh tật, nâng cao sức khỏe và chất lượng cuộc sống của người dân.\nTrong khuôn khổ chương trình, ban tổ chức đã triển khai nhiều hoạt động thiết thực như khám bệnh, tư vấn sức khỏe và cấp phát thuốc miễn phí cho hơn 1.200 người dân tại hai xã Thạnh Xuân và Mỹ Tú; trao 10 suất học bổng cho học sinh có hoàn cảnh khó khăn, tặng quà cho các gia đình chính sách...\nBên cạnh đó, chương trình còn hỗ trợ nâng cấp cơ sở vật chất cho Trạm Y tế Thạnh Xuân và Trung tâm Y tế khu vực Mỹ Tú nhằm góp phần cải thiện điều kiện khám, chữa bệnh ban đầu, nâng cao chất lượng chăm sóc sức khỏe tại tuyến cơ sở.\nBác sĩ khám bệnh và phát thuốc miễn phí cho người dân xã Thạnh Xuân. Ảnh:
... [truncated, total 7486 chars]
================================================================================

================================================================================
Article ID: MOH_0fe56728fff504ef | Attempt: 1
Error: Cannot extract valid JSON from response: line 1 column 1 (char 0)
Raw response (9714 chars):
{
"id": "MOH_0fe56728fff504ef",
"date_iso": "2026-06-29T00:00:00",
"full_text": "Dù cơn đau kéo dài tới 1 tuần, nhưng nam thanh niên 23 tuổi vẫn gắng gượng chịu đựng, sinh hoạt bình thường. Nhưng đến khi sốt cao, cơn đau lan ra ổ bụng, bệnh nhân mới được đưa đi cấp cứu. Bác sĩ phát hiện viêm ruột thừa vỡ gây viêm phúc mạc.\nThông tin từ Bệnh viện E cho hay, bệnh nhân sống ở ngay Hà Nội, nhưng không chịu đi viện thăm khám khi xuất hiện cơn đau bụng kéo dài. Chỉ khi sốt cao, bụng đau dữ dội, người bệnh mới được đưa đến cấp cứu Bệnh viện E. Tại đây, các bác sĩ xác định người bệnh bị viêm ruột thừa vỡ gây viêm phúc mạc, biến chứng nặng của viêm ruột thừa có thể dẫn đến nhiễm trùng huyết và nhiều hậu quả nghiêm trọng nếu chậm trễ điều trị.\nThS.BSNT Phùng Văn Quyên – Khoa Phẫu thuật tiêu hóa, Bệnh viện E chia sẻ, người bệnh nhập viện trong tình trạng đau bụng dữ dội vùng hố chậu phải, cơn đau tăng dần và liên tục, lan xuống vùng hạ vị, kèm sốt cao. Theo khai thác bệnh sử, khoảng 7 ngày trước khi nhập viện, người bệnh xuất hiện đau bụng vùng hạ vị với tính chất đau âm ỉ, liên tục, tăng dần. Do triệu chứng ban đầu không điển hình, người bệnh cho rằng mình chỉ mắc bệnh lý tiêu hóa thông thường nên tự mua thuốc dạ dày và men vi sinh để điều trị tại nhà.\nNgười bệnh bị viêm ruột thừa vỡ gây viêm phúc mạc được điều trị tại Bệnh viện E.\nTuy nhiên, sau nhiều ngày dùng thuốc, tình trạng không cải thiện mà ngày càng nặng hơn. Cơn đau tăng dần về mức độ, khu trú nhiều ở vùng bụng dưới bên phải rồi lan rộng ra toàn ổ bụng, đồng thời người bệnh xuất hiện sốt cao, mệt mỏi, ăn uống kém nên được người nhà đưa đến Bệnh viện E thăm khám. Tại Khoa Cấp cứu, Bệnh viện E các bác sĩ ghi nhận người bệnh sốt, bụng chướng, ấn đau khắp ổ bụng, đặc biệt vùng hố chậu phải. Qua khám lâm sàng kết hợp các xét nghiệm và chẩn đoán hình ảnh, các bác sĩ xác định người bệnh bị viêm ruột thừa cấp đã biến chứng vỡ ruột thừa gây viêm phúc mạc toàn thể. Đây là một trong những biến chứng nặng của viêm ruột thừa
... [truncated, total 9714 chars]
================================================================================

================================================================================
Article ID: MOH_bc85599578e21a82 | Attempt: 1
Error: Cannot extract valid JSON from response: line 1 column 1 (char 0)
Raw response (9283 chars):
{
"id": "MOH_bc85599578e21a82",
"date_iso": "2026-06-28T00:00:00",
"full_text": "Thực hiện Nghị quyết số 72-NQ/TW của Bộ Chính trị về một số giải pháp đột phá nhằm tăng cường bảo vệ, chăm sóc và nâng cao sức khỏe nhân dân cùng Nghị quyết số 14/2026/NQ-HĐND của HĐND thành phố Hà Nội quy định chính sách hỗ trợ an sinh xã hội cho người dân Thủ đô, từ ngày 1-7-2026, Hà Nội sẽ chính thức triển khai chương trình khám sức khỏe định kỳ và sàng lọc bệnh tật miễn phí trên quy mô toàn thành phố.\nBác sĩ Bệnh viện Đa khoa Đức Giang khám sức khỏe cho người dân. Ảnh: BVCC\nBước đột phá từ tuyến y tế cơ sở\nĐể chuẩn bị cho chương trình có ý nghĩa đặc biệt này, thời gian qua, Hà Nội đã tập trung đầu tư cơ sở vật chất, trang thiết bị, đồng thời tăng cường nguồn nhân lực cho hệ thống y tế xã, phường nhằm nâng cao năng lực chăm sóc sức khỏe ban đầu cho người dân.\nCó mặt tại các địa phương thí điểm như phường Kiến Hưng, phường Việt Hưng, có thể nhận thấy không khí phấn khởi lan tỏa trong nhân dân. Điểm mới đáng chú ý là danh mục khám không chỉ dừng ở việc cân đo, nghe tim phổi thông thường mà người dân được tiếp cận trực tiếp với các kỹ thuật cận lâm sàng sâu như siêu âm, chụp X-quang và xét nghiệm máu do các bệnh viện hạng I của Hà Nội về tận nơi hỗ trợ.\nĐặc biệt là các nhóm đối tượng ưu tiên như người cao tuổi, gia đình chính sách được khám sức khỏe toàn diện. Bà Nguyễn Thị Bảy (75 tuổi, phường Kiến Hưng) chia sẻ: “Tôi được các bác sĩ Bệnh viện Đa khoa Hà Đông khám rất kỹ, chu đáo. Thay vì phải lên tuyến trên mất thời gian đi lại, giờ tôi chỉ cần ra trạm y tế là được khám chuyên sâu”. Tương tự, bà Nguyễn Lê Hằng (68 tuổi, phường Việt Hưng) khi đến kiểm tra sức khỏe đã được phát hiện tình trạng tăng huyết áp và nhịp tim nhanh, đồng thời được chỉ định thực hiện các xét nghiệm máu và điện tim chuyên sâu ngay tại cơ sở.\nTheo ghi nhận thực tế, mỗi ngày Phòng khám Đa khoa Trung tâm thuộc Trạm Y tế phường Việt Hưng tiếp nhận gần 200 lượt người dân đến khám và điều trị. Bác sĩ Nguyễn Thị 
... [truncated, total 9283 chars]
================================================================================

================================================================================
Article ID: MOH_9ef62dca115f9104 | Attempt: 1
Error: Cannot extract valid JSON from response: line 1 column 1 (char 0)
Raw response (8510 chars):
{
"id": "MOH_9ef62dca115f9104",
"date_iso": "2026-06-27T00:00:00",
"full_text": "Chiều 26/6/2026, tại Phú Thọ, Cục Khoa học Công nghệ và Đào tạo phối hợp với Hội đồng Y khoa Quốc gia tổ chức hội thảo \"Triển khai công nghệ chiến lược, sản phẩm công nghệ chiến lược ngành Y tế: từ nghiên cứu phát triển, xây dựng tiêu chuẩn, thử nghiệm và ứng dụng lâm sàng\". PGS.TS Nguyễn Tri Thức - Thứ trưởng Bộ Y tế dự, phát biểu chỉ đạo tại hội thảo.\nToàn cảnh hội thảo.\nTheo Thứ trưởng Bộ Y tế Nguyễn Tri Thức, Nghị quyết 57-NQ/TW đã xác định khoa học, công nghệ và đổi mới sáng tạo là một trong những đột phá chiến lược để đưa đất nước phát triển trong kỷ nguyên mới. Đối với ngành y tế, đây không còn là lựa chọn mà là yêu cầu sống còn để nâng cao chất lượng chăm sóc sức khỏe nhân dân, rút ngắn khoảng cách với các nền y học tiên tiến trên thế giới.\nPGS.TS. Nguyễn Tri Thức, Thứ trưởng Bộ Y tế phát biểu tại hội thảo.\nThứ trưởng Bộ Y tế Nguyễn Tri Thức cho rằng Việt Nam đang có nhiều lợi thế để tạo đột phá trong nghiên cứu, ứng dụng công nghệ cao vào y học. Điều quan trọng lúc này là mạnh dạn đổi mới cơ chế, tận dụng nguồn lực và đẩy nhanh việc đưa các sản phẩm khoa học công nghệ vào thực tiễn khám chữa bệnh.\nCụ thể hóa định hướng này, TS. Nguyễn Ngô Quang, Cục trưởng Cục Khoa học Công nghệ và Đào tạo cho biết, ngành y tế đang tập trung nguồn lực vào ba mũi nhọn công nghệ cốt lõi: liệu pháp tế bào (tế bào gốc, tế bào miễn dịch), vắc xin thế hệ mới (vắc xin mRNA, vắc xin phối hợp) và sản phẩm y tế cá thể hóa ứng dụng in 3D.\nTheo TS. Nguyễn Ngô Quang, mục tiêu của ngành là làm chủ các công nghệ này và hướng tới sở hữu các sản phẩm thương mại hoàn chỉnh vào năm 2030. Năm 2026, Bộ Y tế đã đề xuất 11 nhiệm vụ công nghệ chiến lược và 135 Tiêu chuẩn quốc gia để làm cơ sở cho sự phát triển bền vững.\nTS. Nguyễn Ngô Quang, Cục trưởng Cục Khoa học Công nghệ và Đào tạo báo cáo tổng kết hoạt động nghiên cứu phát triển sản phẩm mới lĩnh vực y tế.\nTại sự kiện các đại biểu được nắm bắt Thông tư 
... [truncated, total 8510 chars]
================================================================================

================================================================================
Article ID: MOH_9ef62dca115f9104 | Attempt: 2
Error: Cannot extract valid JSON from response: line 1 column 1 (char 0)
Raw response (8894 chars):
{
"id": "MOH_9ef62dca115f9104",
"date_iso": "2026-06-27T00:00:00",
"full_text": "Chiều 26/6/2026, tại Phú Thọ, Cục Khoa học Công nghệ và Đào tạo phối hợp với Hội đồng Y khoa Quốc gia tổ chức hội thảo \"Triển khai công nghệ chiến lược, sản phẩm công nghệ chiến lược ngành Y tế: từ nghiên cứu phát triển, xây dựng tiêu chuẩn, thử nghiệm và ứng dụng lâm sàng\". PGS.TS Nguyễn Tri Thức - Thứ trưởng Bộ Y tế dự, phát biểu chỉ đạo tại hội thảo.\nToàn cảnh hội thảo.\nTheo Thứ trưởng Bộ Y tế Nguyễn Tri Thức, Nghị quyết 57-NQ/TW đã xác định khoa học, công nghệ và đổi mới sáng tạo là một trong những đột phá chiến lược để đưa đất nước phát triển trong kỷ nguyên mới. Đối với ngành y tế, đây không còn là lựa chọn mà là yêu cầu sống còn để nâng cao chất lượng chăm sóc sức khỏe nhân dân, rút ngắn khoảng cách với các nền y học tiên tiến trên thế giới.\nPGS.TS. Nguyễn Tri Thức, Thứ trưởng Bộ Y tế phát biểu tại hội thảo.\nThứ trưởng Bộ Y tế Nguyễn Tri Thức cho rằng Việt Nam đang có nhiều lợi thế để tạo đột phá trong nghiên cứu, ứng dụng công nghệ cao vào y học. Điều quan trọng lúc này là mạnh dạn đổi mới cơ chế, tận dụng nguồn lực và đẩy nhanh việc đưa các sản phẩm khoa học công nghệ vào thực tiễn khám chữa bệnh.\nCụ thể hóa định hướng này, TS. Nguyễn Ngô Quang, Cục trưởng Cục Khoa học Công nghệ và Đào tạo cho biết, ngành y tế đang tập trung nguồn lực vào ba mũi nhọn công nghệ cốt lõi: liệu pháp tế bào (tế bào gốc, tế bào miễn dịch), vắc xin thế hệ mới (vắc xin mRNA, vắc xin phối hợp) và sản phẩm y tế cá thể hóa ứng dụng in 3D.\nTheo TS. Nguyễn Ngô Quang, mục tiêu của ngành là làm chủ các công nghệ này và hướng tới sở hữu các sản phẩm thương mại hoàn chỉnh vào năm 2030. Năm 2026, Bộ Y tế đã đề xuất 11 nhiệm vụ công nghệ chiến lược và 135 Tiêu chuẩn quốc gia để làm cơ sở cho sự phát triển bền vững.\nTS. Nguyễn Ngô Quang, Cục trưởng Cục Khoa học Công nghệ và Đào tạo báo cáo tổng kết hoạt động nghiên cứu phát triển sản phẩm mới lĩnh vực y tế.\nTại sự kiện các đại biểu được nắm bắt Thông tư 
... [truncated, total 8894 chars]
================================================================================

================================================================================
Article ID: MOH_9ef62dca115f9104 | Attempt: 3
Error: Cannot extract valid JSON from response: line 1 column 1 (char 0)
Raw response (8814 chars):
{
"id": "MOH_9ef62dca115f9104",
"date_iso": "2026-06-27T00:00:00",
"full_text": "Chiều 26/6/2026, tại Phú Thọ, Cục Khoa học Công nghệ và Đào tạo phối hợp với Hội đồng Y khoa Quốc gia tổ chức hội thảo \"Triển khai công nghệ chiến lược, sản phẩm công nghệ chiến lược ngành Y tế: từ nghiên cứu phát triển, xây dựng tiêu chuẩn, thử nghiệm và ứng dụng lâm sàng\". PGS.TS Nguyễn Tri Thức - Thứ trưởng Bộ Y tế dự, phát biểu chỉ đạo tại hội thảo.\nToàn cảnh hội thảo.\nTheo Thứ trưởng Bộ Y tế Nguyễn Tri Thức, Nghị quyết 57-NQ/TW đã xác định khoa học, công nghệ và đổi mới sáng tạo là một trong những đột phá chiến lược để đưa đất nước phát triển trong kỷ nguyên mới. Đối với ngành y tế, đây không còn là lựa chọn mà là yêu cầu sống còn để nâng cao chất lượng chăm sóc sức khỏe nhân dân, rút ngắn khoảng cách với các nền y học tiên tiến trên thế giới.\nPGS.TS. Nguyễn Tri Thức, Thứ trưởng Bộ Y tế phát biểu tại hội thảo.\nThứ trưởng Bộ Y tế Nguyễn Tri Thức cho rằng Việt Nam đang có nhiều lợi thế để tạo đột phá trong nghiên cứu, ứng dụng công nghệ cao vào y học. Điều quan trọng lúc này là mạnh dạn đổi mới cơ chế, tận dụng nguồn lực và đẩy nhanh việc đưa các sản phẩm khoa học công nghệ vào thực tiễn khám chữa bệnh.\nCụ thể hóa định hướng này, TS. Nguyễn Ngô Quang, Cục trưởng Cục Khoa học Công nghệ và Đào tạo cho biết, ngành y tế đang tập trung nguồn lực vào ba mũi nhọn công nghệ cốt lõi: liệu pháp tế bào (tế bào gốc, tế bào miễn dịch), vắc xin thế hệ mới (vắc xin mRNA, vắc xin phối hợp) và sản phẩm y tế cá thể hóa ứng dụng in 3D.\nTheo TS. Nguyễn Ngô Quang, mục tiêu của ngành là làm chủ các công nghệ này và hướng tới sở hữu các sản phẩm thương mại hoàn chỉnh vào năm 2030. Năm 2026, Bộ Y tế đã đề xuất 11 nhiệm vụ công nghệ chiến lược và 135 Tiêu chuẩn quốc gia để làm cơ sở cho sự phát triển bền vững.\nTS. Nguyễn Ngô Quang, Cục trưởng Cục Khoa học Công nghệ và Đào tạo báo cáo tổng kết hoạt động nghiên cứu phát triển sản phẩm mới lĩnh vực y tế.\nTại sự kiện các đại biểu được nắm bắt Thông tư 
... [truncated, total 8814 chars]
================================================================================

================================================================================
Article ID: MOH_a080493d9fba4c21 | Attempt: 1
Error: Cannot extract valid JSON from response: line 1 column 1 (char 0)
Raw response (12310 chars):
{
"id": "MOH_a080493d9fba4c21",
"date_iso": "2026-06-27T00:00:00",
"full_text": "Việc ứng dụng miễn dịch trị liệu kết hợp các kỹ thuật tiên tiến của y học hạt nhân, sinh học phân tử, trí tuệ nhân tạo đang mở ra những bước tiến mang tính cách mạng trong điều trị ung thư.\nTại Hội nghị Khoa học Quốc tế \"Cập nhật tiến bộ trong miễn dịch trị liệu - ung thư và y học hạt nhân năm 2026\" do Bệnh viện Bạch Mai tổ chức ngày 27/6, Thứ trưởng Bộ Y tế Đỗ Xuân Tuyên khẳng định đây là hướng đi tất yếu để nâng cao hiệu quả điều trị, đồng thời đánh giá cao việc Bệnh viện Bạch Mai thành lập Viện Y học hạt nhân và Ung bướu, tạo nền tảng phát triển một trung tâm chuyên sâu hàng đầu khu vực.\nThứ trưởng Bộ Y tế Đỗ Xuân Tuyên phát biểu.\nUng thư vẫn là thách thức lớn của y tế Việt Nam và thế giới\nThứ trưởng Đỗ Xuân Tuyên cho biết ung thư hiện vẫn là một trong những gánh nặng bệnh tật lớn nhất mang tính thời đại, cả ở Việt Nam và trên thế giới.\nDẫn số liệu GLOBOCAN 2022, ông cho biết Việt Nam ghi nhận hơn 182.000 ca mắc mới và trên 122.000 ca tử vong do ung thư mỗi năm. Đây không chỉ là gánh nặng đối với người bệnh và gia đình mà còn đặt ra thách thức lớn đối với năng lực quản trị bệnh viện, nghiên cứu khoa học, đào tạo nhân lực và tổ chức mạng lưới chăm sóc ung thư.\nSố ca mắc mới không ngừng gia tăng đặt ra yêu cầu cấp bách đối với ngành y tế phải liên tục đổi mới, nâng cao năng lực chẩn đoán và điều trị theo hướng chính xác, cá thể hóa cho từng người bệnh.\nTheo Thứ trưởng Bộ Y tế, y học thế giới đang chứng kiến những bước tiến mang tính cách mạng khi miễn dịch trị liệu được kết hợp với các kỹ thuật hiện đại của y học hạt nhân, sinh học phân tử, xạ trị và chẩn đoán hình ảnh. Những thành tựu này không chỉ kéo dài thời gian sống mà còn cải thiện đáng kể chất lượng cuộc sống của người bệnh ung thư.\nThứ trưởng Đỗ Xuân Tuyên đánh giá cao việc Bệnh viện Bạch Mai chủ động tổ chức diễn đàn khoa học quy mô quốc tế, tạo cơ hội để đội ngũ chuyên gia trong nước tiếp cận những thành tựu mới nh
... [truncated, total 12310 chars]
================================================================================

================================================================================
Article ID: MOH_a080493d9fba4c21 | Attempt: 2
Error: Cannot extract valid JSON from response: line 1 column 1 (char 0)
Raw response (12422 chars):
{
"id": "MOH_a080493d9fba4c21",
"date_iso": "2026-06-27T00:00:00",
"full_text": "Việc ứng dụng miễn dịch trị liệu kết hợp các kỹ thuật tiên tiến của y học hạt nhân, sinh học phân tử, trí tuệ nhân tạo đang mở ra những bước tiến mang tính cách mạng trong điều trị ung thư.\nTại Hội nghị Khoa học Quốc tế \"Cập nhật tiến bộ trong miễn dịch trị liệu - ung thư và y học hạt nhân năm 2026\" do Bệnh viện Bạch Mai tổ chức ngày 27/6, Thứ trưởng Bộ Y tế Đỗ Xuân Tuyên khẳng định đây là hướng đi tất yếu để nâng cao hiệu quả điều trị, đồng thời đánh giá cao việc Bệnh viện Bạch Mai thành lập Viện Y học hạt nhân và Ung bướu, tạo nền tảng phát triển một trung tâm chuyên sâu hàng đầu khu vực.\nThứ trưởng Bộ Y tế Đỗ Xuân Tuyên phát biểu.\nUng thư vẫn là thách thức lớn của y tế Việt Nam và thế giới\nThứ trưởng Đỗ Xuân Tuyên cho biết ung thư hiện vẫn là một trong những gánh nặng bệnh tật lớn nhất mang tính thời đại, cả ở Việt Nam và trên thế giới.\nDẫn số liệu GLOBOCAN 2022, ông cho biết Việt Nam ghi nhận hơn 182.000 ca mắc mới và trên 122.000 ca tử vong do ung thư mỗi năm. Đây không chỉ là gánh nặng đối với người bệnh và gia đình mà còn đặt ra thách thức lớn đối với năng lực quản trị bệnh viện, nghiên cứu khoa học, đào tạo nhân lực và tổ chức mạng lưới chăm sóc ung thư.\nSố ca mắc mới không ngừng gia tăng đặt ra yêu cầu cấp bách đối với ngành y tế phải liên tục đổi mới, nâng cao năng lực chẩn đoán và điều trị theo hướng chính xác, cá thể hóa cho từng người bệnh.\nTheo Thứ trưởng Bộ Y tế, y học thế giới đang chứng kiến những bước tiến mang tính cách mạng khi miễn dịch trị liệu được kết hợp với các kỹ thuật hiện đại của y học hạt nhân, sinh học phân tử, xạ trị và chẩn đoán hình ảnh. Những thành tựu này không chỉ kéo dài thời gian sống mà còn cải thiện đáng kể chất lượng cuộc sống của người bệnh ung thư.\nThứ trưởng Đỗ Xuân Tuyên đánh giá cao việc Bệnh viện Bạch Mai chủ động tổ chức diễn đàn khoa học quy mô quốc tế, tạo cơ hội để đội ngũ chuyên gia trong nước tiếp cận những thành tựu mới nh
... [truncated, total 12422 chars]
================================================================================

================================================================================
Article ID: MOH_461d62c57b810b47 | Attempt: 1
Error: Cannot extract valid JSON from response: line 1 column 1 (char 0)
Raw response (6869 chars):
{
"id": "MOH_461d62c57b810b47",
"date_iso": "2026-06-27T00:00:00",
"full_text": "Sáng 26/6/2026, Bộ Y tế tổ chức điểm cầu Hội nghị trực tuyến triển khai, hướng dẫn và thực hiện Nghị định số 164/2026/NĐ-CP của Chính phủ về kiểm soát tài sản, thu nhập.\nThực hiện Công văn số 1948/GM-TTCP ngày 23/6/2026 của Thanh tra Chính phủ, Hội nghị toàn quốc triển khai, hướng dẫn thực hiện Nghị định số 164/2026/NĐ-CP ngày 15/5/2026 của Chính phủ về kiểm soát tài sản, thu nhập được tổ chức theo hình thức trực tiếp kết hợp trực tuyến. Hội nghị kết nối từ điểm cầu trung tâm tại trụ sở Thanh tra Chính phủ tới các bộ, ngành, địa phương trên cả nước, nhằm quán triệt những nội dung mới, thống nhất nhận thức và hướng dẫn tổ chức thực hiện công tác kiểm soát tài sản, thu nhập của người có chức vụ, quyền hạn trong cơ quan, tổ chức, đơn vị.\nĐược sự đồng ý của Lãnh đạo Bộ Y tế, Văn phòng Bộ đã tổ chức điểm cầu trực tuyến tại Bộ Y tế với sự tham dự của khoảng 120 đại biểu, gồm đại diện lãnh đạo và cán bộ đầu mối phụ trách công tác phòng, chống tham nhũng, lãng phí, tiêu cực; kiểm soát tài sản, thu nhập của các Vụ, Cục thuộc Bộ và các đơn vị trực thuộc Bộ khu vực miền Bắc. Hội nghị được tổ chức tại phòng họp số 1 và phòng họp số 2, Nhà A, Bộ Y tế, thể hiện sự quan tâm, chủ động và nghiêm túc của Bộ Y tế trong việc triển khai các quy định mới về phòng ngừa tham nhũng, tăng cường công khai, minh bạch trong toàn ngành.\nCác đại biểu tham dự hội nghị tại điểm cầu Bộ Y tế\nViệc Bộ Y tế tổ chức điểm cầu tham dự Hội nghị với thành phần rộng, bao gồm các đơn vị tham mưu và các đơn vị trực thuộc, thể hiện sự quan tâm, chủ động và nghiêm túc trong triển khai các quy định mới của Chính phủ về kiểm soát tài sản, thu nhập. Đây là nội dung có ý nghĩa quan trọng nhằm tăng cường kỷ luật, kỷ cương hành chính, nâng cao trách nhiệm nêu gương của đội ngũ cán bộ, công chức, viên chức trong toàn ngành Y tế.\nThông qua Hội nghị, các đại biểu được cập nhật, quán triệt những nội dung mới, yêu cầu trọng tâm và các bước
... [truncated, total 6869 chars]
================================================================================

================================================================================
Article ID: MOH_0bd08a9db0819f44 | Attempt: 1
Error: Cannot extract valid JSON from response: line 1 column 1 (char 0)
Raw response (10526 chars):
{
"id": "MOH_0bd08a9db0819f44",
"date_iso": "2026-06-26T00:00:00",
"full_text": "Tại cuộc họp sơ kết công tác 6 tháng đầu năm của Viện Chiến lược và Chính sách y tế diễn ra sáng 26/6, Thứ trưởng Bộ Y tế Nguyễn Thị Liên Hương ghi nhận nhiều kết quả nổi bật của Viện trong công tác nghiên cứu, tham mưu chính sách, đồng thời yêu cầu rà soát toàn diện các nhiệm vụ còn chậm, đẩy nhanh tiến độ các nhiệm vụ trọng tâm và nâng cao chất lượng tham mưu chiến lược cho Bộ Y tế.\nToàn cảnh cuộc họp sơ kết công tác 6 tháng đầu năm của Viện Chiến lược và Chính sách y tế diễn ra sáng 26/6.\nNhiều kết quả nổi bật trong 6 tháng đầu năm\nBáo cáo tại cuộc họp, Viện trưởng Viện Chiến lược và Chính sách y tế Nguyễn Khánh Phương cho biết, ngay từ đầu năm 2026, Viện đã chủ động triển khai đồng bộ các nhiệm vụ chuyên môn, bám sát chương trình công tác của Bộ Y tế và các nhiệm vụ đột xuất được Lãnh đạo Bộ giao.\nTrong 6 tháng đầu năm 2026, Viện tiếp tục phát huy vai trò là cơ quan nghiên cứu, tham mưu chiến lược của Bộ Y tế thông qua việc cung cấp bằng chứng khoa học phục vụ xây dựng nhiều chính sách lớn của ngành như điều chỉnh Quy hoạch mạng lưới cơ sở y tế; Chương trình mục tiêu quốc gia về chăm sóc sức khỏe, dân số và phát triển; chính sách đối với y tế cơ sở trong bối cảnh chính quyền địa phương hai cấp; Luật Phòng, chống tác hại của thuốc lá (sửa đổi), Luật An toàn thực phẩm (sửa đổi)…\nViện trưởng Viện Chiến lược và Chính sách y tế Nguyễn Khánh Phương báo cáo tại hội nghị.\nNhiều chỉ tiêu chuyên môn ghi nhận kết quả tích cực ngay trong nửa đầu năm. Viện đã thông qua Hội đồng thẩm định 2 đề tài cấp Bộ, triển khai 16 nhiệm vụ khoa học cấp cơ sở và phát triển 6 đề tài hợp tác quốc tế, đều vượt chỉ tiêu cả năm. Bên cạnh đó, Viện tham mưu xây dựng 15 chính sách lớn của ngành trên cơ sở các nghiên cứu và bằng chứng khoa học; công bố 13 bài báo khoa học, trong đó có 4 bài quốc tế; đồng thời đẩy mạnh ứng dụng trí tuệ nhân tạo và chuyển đổi số trong nghiên cứu, quản lý.\nVề công tác tổ chức cán 
... [truncated, total 10526 chars]
================================================================================

================================================================================
Article ID: MOH_0bd08a9db0819f44 | Attempt: 2
Error: Cannot extract valid JSON from response: line 1 column 1 (char 0)
Raw response (11150 chars):
{
"id": "MOH_0bd08a9db0819f44",
"date_iso": "2026-06-26T00:00:00",
"full_text": "Tại cuộc họp sơ kết công tác 6 tháng đầu năm của Viện Chiến lược và Chính sách y tế diễn ra sáng 26/6, Thứ trưởng Bộ Y tế Nguyễn Thị Liên Hương ghi nhận nhiều kết quả nổi bật của Viện trong công tác nghiên cứu, tham mưu chính sách, đồng thời yêu cầu rà soát toàn diện các nhiệm vụ còn chậm, đẩy nhanh tiến độ các nhiệm vụ trọng tâm và nâng cao chất lượng tham mưu chiến lược cho Bộ Y tế.\nToàn cảnh cuộc họp sơ kết công tác 6 tháng đầu năm của Viện Chiến lược và Chính sách y tế diễn ra sáng 26/6.\nNhiều kết quả nổi bật trong 6 tháng đầu năm\nBáo cáo tại cuộc họp, Viện trưởng Viện Chiến lược và Chính sách y tế Nguyễn Khánh Phương cho biết, ngay từ đầu năm 2026, Viện đã chủ động triển khai đồng bộ các nhiệm vụ chuyên môn, bám sát chương trình công tác của Bộ Y tế và các nhiệm vụ đột xuất được Lãnh đạo Bộ giao.\nTrong 6 tháng đầu năm 2026, Viện tiếp tục phát huy vai trò là cơ quan nghiên cứu, tham mưu chiến lược của Bộ Y tế thông qua việc cung cấp bằng chứng khoa học phục vụ xây dựng nhiều chính sách lớn của ngành như điều chỉnh Quy hoạch mạng lưới cơ sở y tế; Chương trình mục tiêu quốc gia về chăm sóc sức khỏe, dân số và phát triển; chính sách đối với y tế cơ sở trong bối cảnh chính quyền địa phương hai cấp; Luật Phòng, chống tác hại của thuốc lá (sửa đổi), Luật An toàn thực phẩm (sửa đổi)…\nViện trưởng Viện Chiến lược và Chính sách y tế Nguyễn Khánh Phương báo cáo tại hội nghị.\nNhiều chỉ tiêu chuyên môn ghi nhận kết quả tích cực ngay trong nửa đầu năm. Viện đã thông qua Hội đồng thẩm định 2 đề tài cấp Bộ, triển khai 16 nhiệm vụ khoa học cấp cơ sở và phát triển 6 đề tài hợp tác quốc tế, đều vượt chỉ tiêu cả năm. Bên cạnh đó, Viện tham mưu xây dựng 15 chính sách lớn của ngành trên cơ sở các nghiên cứu và bằng chứng khoa học; công bố 13 bài báo khoa học, trong đó có 4 bài quốc tế; đồng thời đẩy mạnh ứng dụng trí tuệ nhân tạo và chuyển đổi số trong nghiên cứu, quản lý.\nVề công tác tổ chức cán 
... [truncated, total 11150 chars]
================================================================================

================================================================================
Article ID: MOH_196f55f9c99c7270 | Attempt: 1
Error: Cannot extract valid JSON from response: line 1 column 1 (char 0)
Raw response (11624 chars):
{
"id": "MOH_196f55f9c99c7270",
"date_iso": "2026-06-25T00:00:00",
"full_text": "Chiều 25/6, tại Trụ sở Trung ương Đảng, Ban Chỉ đạo Trung ương về phát triển khoa học, công nghệ, đổi mới sáng tạo và chuyển đổi số (Ban Chỉ đạo) đã tổ chức Phiên họp chuyên đề về công tác chuyển đổi số trong hệ thống chính trị.\nTổng Bí thư, Chủ tịch nước Tô Lâm phát biểu - Ảnh: TTXVN\nTổng Bí thư, Chủ tịch nước Tô Lâm, Trưởng ban Chỉ đạo chủ trì Phiên họp.\nCùng dự có các đồng chí Ủy viên Bộ Chính trị: Trần Thanh Mẫn, Chủ tịch Quốc hội; Trần Cẩm Tú, Thường trực Ban Bí thư; các đồng chí Ủy viên Bộ Chính trị, Ủy viên Ban Bí thư, Ủy viên Trung ương Đảng, thành viên Ban Chỉ đạo, lãnh đạo các ban, bộ, ngành, cơ quan Trung ương và Thành ủy Hà Nội, Tổ giúp việc Ban Chỉ đạo, Hội đồng Tư vấn quốc gia.\nSau khi nghe Báo cáo tóm tắt công tác chuyển đổi số trong hệ thống chính trị, nhiều ý kiến trao đổi chỉ rõ những mặt được, mặt hạn chế, tồn tại và những điểm nghẽn cản trở công tác chuyển đổi số của từng khối cơ quan cũng như của toàn hệ thống chính trị; xác định các nhiệm vụ, giải pháp trọng tâm nhằm thúc đẩy chuyển đổi số đồng bộ, nâng cao năng lực quản trị quốc gia, bảo đảm hệ thống chính trị vận hành tinh gọn, hoạt động hiệu năng, hiệu quả.\nPhát biểu kết luận Phiên họp, Tổng Bí thư, Chủ tịch nước Tô Lâm nhấn mạnh: Chuyển đổi số đã góp phần quan trọng và đảm bảo vận hành thông suốt mô hình tổ chức mới của hệ thống chính trị và chính quyền ba cấp. Nhiều mô hình hay, cách làm hiệu quả phát huy được tác dụng tích cực trong thực tiễn.\nGhi nhận và biểu dương các cơ quan Trung ương và các địa phương thuộc bốn khối cơ quan Đảng, Quốc hội, Chính phủ, Mặt trận Tổ quốc đã có nhiều nỗ lực trong triển khai thực hiện trong hơn một năm thực hiện Nghị quyết 57, Tổng Bí thư, Chủ tịch nước đánh giá, những kết quả đạt được là rất đáng ghi nhận, tuy nhiên cũng phải thẳng thắn nhìn vào những tồn tại, hạn chế để có những giải pháp khắc phục kịp thời.\nTổng Bí thư, Chủ tịch nước chỉ rõ, vấn đề lớn nhất hiện nay 
... [truncated, total 11624 chars]
================================================================================

================================================================================
Article ID: MOH_05a110d99e03f2c4 | Attempt: 1
Error: Cannot extract valid JSON from response: line 1 column 1 (char 0)
Raw response (6854 chars):
{
"id": "MOH_05a110d99e03f2c4",
"date_iso": "2026-06-25T00:00:00",
"full_text": "Mới đây, các bác sĩ Bệnh viện Thanh Nhàn đã tiếp nhận một trường hợp hiếm gặp nhưng rất nguy hiểm: một người đàn ông ngoài 40 tuổi suýt đối mặt với nguy cơ hoại tử ruột sau khi tập gập bụng. Bệnh nhân vốn khỏe mạnh, không hút thuốc, không sử dụng rượu bia và không có bệnh lý đáng chú ý.\nBác sĩ thăm khám cho bệnh nhân sau điều trị.\nSau một thời gian được người thân khuyên nên chăm vận động hơn, bệnh nhân bắt đầu tập luyện thể dục đều đặn. Trong một buổi tập, sau nhiều lần thực hiện động tác gập bụng, anh xuất hiện đau bụng dữ dội.\nBan đầu, anh nghĩ đây chỉ là cảm giác đau cơ thông thường do tập quá sức nên cố gắng chịu đựng. Tuy nhiên, cơn đau không những không giảm mà ngày càng dữ dội hơn, buộc anh phải đến Bệnh viện Thanh Nhàn thăm khám.\nKết quả chụp cắt lớp vi tính đa dãy khiến cả bệnh nhân và người nhà bất ngờ: động mạch mạc treo tràng trên - mạch máu chính nuôi phần lớn ruột non và một phần ruột già - đã bị tắc hoàn toàn ở đoạn giữa.\nTheo các bác sĩ, nhiều khả năng động tác gập bụng với cường độ mạnh đã gây sang chấn lên thành mạch, dẫn đến hiện tượng bóc tách động mạch mạc treo tràng trên. Hiểu đơn giản, thành mạch máu bị rách một lớp bên trong, tạo thành một “đường hầm giả”. Máu chảy vào đường hầm này hình thành huyết khối, chèn ép lòng mạch thật và làm giảm nghiêm trọng lượng máu đến nuôi ruột.\nKhi ruột không được cung cấp đủ oxy và dưỡng chất, tình trạng thiếu máu ruột cấp sẽ xảy ra. Đây là một cấp cứu ngoại khoa đặc biệt nguy hiểm bởi nếu kéo dài, ruột có thể bị hoại tử. Khi đó, người bệnh không chỉ phải phẫu thuật cắt bỏ đoạn ruột tổn thương mà còn có nguy cơ đối mặt với các biến chứng nặng nề, thậm chí nguy hiểm đến tính mạng.\nTrước tình huống khẩn cấp, ê-kíp can thiệp mạch của Bệnh viện Thanh Nhàn đã nhanh chóng tiến hành tái thông động mạch bị tắc. Các bác sĩ đưa dụng cụ can thiệp vào đúng lòng thật của động mạch và đặt stent để khôi phục dòng máu đến nuôi ruột. Ngay
... [truncated, total 6854 chars]
================================================================================

================================================================================
Article ID: MOH_56a337676e412a1a | Attempt: 1
Error: Cannot extract valid JSON from response: line 1 column 1 (char 0)
Raw response (8143 chars):
{
"id": "MOH_56a337676e412a1a",
"date_iso": "2026-06-25T00:00:00",
"full_text": "Chiều ngày 24/6/2026, tại Bộ Y tế, Thứ trưởng Bộ Y tế Đỗ Xuân Tuyên chủ trì cuộc họp Tổ soạn thảo xây dựng Thông tư quy định về xác định mức độ rủi ro, biện pháp quản lý đối với sản phẩm, hàng hóa là thiết bị y tế và tạm ngưng hiệu lực về danh mục thiết bị y tế phải kiểm định an toàn và tính năng kỹ thuật thiết bị y tế.\nThứ trưởng Bộ Y tế Đỗ Xuân Tuyên chủ trì cuộc họp\nNghị định số 37/2026-NĐ-CP ngày 23/1/2026 của Chính phủ quy định phân loại sản phẩm hàng hóa theo 3 mức độ rủi ro (Thấp, Trung bình, Cao) và yêu cầu các Bộ, ngành ban hành danh mục sản phẩm có mức độ rủi ro trung bình và cao kèm mã HS, biện pháp quản lý, có hiệu lực từ ngày 01/7/2026. Nếu không có văn bản hướng dẫn kịp thời, sự thiếu thống nhất sẽ gây lúng túng cho doanh nghiệp và cơ quan quản lý, nguy cơ chồng chéo kiểm tra, kéo dài thông quan, ảnh hưởng cung ứng thiết bị y tế cho các cơ sở y tế và công tác khám chữa bệnh.\nĐại biểu tham dự thảo luận về dự thảo Thông tư\nDự thảo Thông tư được xây dựng theo trình tự, thủ tục rút gọn, dự kiến có hiệu lực kể từ ngày 01/7/2026, gồm 7 Điều, nhằm đạt 3 mục tiêu chính:\nMục tiêu số 1 xác định cơ chế phân loại rủi ro và biện pháp quản lý thiết bị y tế: Quy định rõ việc xác định mức độ rủi ro và biện pháp quản lý chất lượng thiết bị y tế tiếp tục thực hiện theo Nghị định 98/2021/NĐ-CP (Phân loại A/B/C/D dựa trên mức độ rủi ro tiềm ẩn theo chuẩn quốc tế ASEAN AMDD) vừa đảm bảo phù hợp điều ước quốc tế, vừa duy trì tính liên tục trong quản lý, tránh khoảng trống pháp lý. Đây cũng là nội dung thống nhất giữa Bộ Y tế với Bộ Khoa học và Công nghệ.\nTạm ngưng hiệu lực danh mục kiểm định thiết bị y tế: Mục tiêu này nhằm tạm ngưng hiệu lực thi hành danh mục và lộ trình kiểm định đối với 6 loại thiết bị tế (máy thở, máy gây mệ kèm thở, dao mổ điện cao tần, máy phá rung tim, lồng ấp trẻ sơ sinh, máy thận nhân tạo) tại Thông tư 05/2022 và Thông tư 59/2025, trong thời gian chờ sửa đổi Nghị
... [truncated, total 8143 chars]
================================================================================

================================================================================
Article ID: MOH_9fe68ce901a7a0a8 | Attempt: 1
Error: Cannot extract valid JSON from response: line 1 column 1 (char 0)
Raw response (11087 chars):
{
"id": "MOH_9fe68ce901a7a0a8",
"date_iso": "2026-06-25T00:00:00",
"full_text": "Chiều ngày 24/6/2026, Thứ trưởng Bộ Y tế Lê Đức Luận kiểm tra tiến độ hoàn thiện công trình, công tác chuẩn bị nhân lực, thiết bị và các điều kiện vận hành tại Bệnh viện Bạch Mai cơ sở Ninh Bình trước thời điểm chính thức đi vào hoạt động từ ngày 26/6/2026.\nCùng tham gia đoàn có đại diện lãnh đạo Vụ Kế hoạch-Tài chính, Văn phòng Bộ Y tế.\nThứ trưởng Bộ Y tế Lê Đức Luận kiểm tra tiến độ hoàn thiện công trình Bệnh viện Bạch Mai cơ sở Ninh Bình\nTrước khi làm việc với Ban Quản lý dự án công trình Y tế, Bệnh viện Bạch Mai và các đơn vị liên quan, Thứ trưởng Lê Đức Luận đã đến thị sát, kiểm tra nhiều khoa, phòng, các hạng mục liên quan đến phòng cháy chữa cháy.\nBáo cáo tại buổi làm việc, ông Hoàng Cương, Phó Giám đốc Phụ trách Ban Quản lý dự án cho biết, đến nay công tác bàn giao cơ sở vật chất, trang thiết bị phục vụ hoạt động của Bệnh viện Bạch Mai cơ sở Ninh Bình cơ bản đã hoàn thành.\nĐối với tài sản, thiết bị văn phòng như máy tính, bàn ghế và các trang thiết bị nội thất, phần lớn đã được bàn giao cho bệnh viện tiếp nhận, quản lý và sử dụng.\nVề hạ tầng công trình, toàn bộ hệ thống khoa phòng đã được bàn giao để bệnh viện triển khai hoạt động chuyên môn. Tuy nhiên, do nhiều hạng mục được lắp đặt từ 5-10 năm trước, trong quá trình vận hành thực tế có thể phát sinh một số sự cố kỹ thuật như rò rỉ đường ống nước, hư hỏng vật tư phụ trợ hoặc các lỗi liên quan đến hệ thống cơ điện. Ban Quản lý dự án và các nhà thầu cam kết tiếp tục đồng hành, kịp thời sửa chữa, khắc phục trong thời gian bảo hành.\nThứ trưởng Bộ Y tế Lê Đức Luận kiểm tra tiến độ hoàn thiện công trình Bệnh viện Bạch Mai cơ sở Ninh Bình\nĐối với trang thiết bị y tế, toàn bộ thiết bị đã được vận chuyển về bệnh viện, hoàn thành công tác lắp đặt, kiểm định và chạy thử theo yêu cầu. Các thiết bị đã được chuyển tới các khoa, phòng chuyên môn để sẵn sàng phục vụ công tác khám, chữa bệnh.\nThứ trưởng Bộ Y tế Lê Đức Luận làm việc với
... [truncated, total 11087 chars]
================================================================================

================================================================================
Article ID: MOH_9fe68ce901a7a0a8 | Attempt: 2
Error: Cannot extract valid JSON from response: line 1 column 1 (char 0)
Raw response (11395 chars):
{
"id": "MOH_9fe68ce901a7a0a8",
"date_iso": "2026-06-25T00:00:00",
"full_text": "Chiều ngày 24/6/2026, Thứ trưởng Bộ Y tế Lê Đức Luận kiểm tra tiến độ hoàn thiện công trình, công tác chuẩn bị nhân lực, thiết bị và các điều kiện vận hành tại Bệnh viện Bạch Mai cơ sở Ninh Bình trước thời điểm chính thức đi vào hoạt động từ ngày 26/6/2026.\nCùng tham gia đoàn có đại diện lãnh đạo Vụ Kế hoạch-Tài chính, Văn phòng Bộ Y tế.\nThứ trưởng Bộ Y tế Lê Đức Luận kiểm tra tiến độ hoàn thiện công trình Bệnh viện Bạch Mai cơ sở Ninh Bình\nTrước khi làm việc với Ban Quản lý dự án công trình Y tế, Bệnh viện Bạch Mai và các đơn vị liên quan, Thứ trưởng Lê Đức Luận đã đến thị sát, kiểm tra nhiều khoa, phòng, các hạng mục liên quan đến phòng cháy chữa cháy.\nBáo cáo tại buổi làm việc, ông Hoàng Cương, Phó Giám đốc Phụ trách Ban Quản lý dự án cho biết, đến nay công tác bàn giao cơ sở vật chất, trang thiết bị phục vụ hoạt động của Bệnh viện Bạch Mai cơ sở Ninh Bình cơ bản đã hoàn thành.\nĐối với tài sản, thiết bị văn phòng như máy tính, bàn ghế và các trang thiết bị nội thất, phần lớn đã được bàn giao cho bệnh viện tiếp nhận, quản lý và sử dụng.\nVề hạ tầng công trình, toàn bộ hệ thống khoa phòng đã được bàn giao để bệnh viện triển khai hoạt động chuyên môn. Tuy nhiên, do nhiều hạng mục được lắp đặt từ 5-10 năm trước, trong quá trình vận hành thực tế có thể phát sinh một số sự cố kỹ thuật như rò rỉ đường ống nước, hư hỏng vật tư phụ trợ hoặc các lỗi liên quan đến hệ thống cơ điện. Ban Quản lý dự án và các nhà thầu cam kết tiếp tục đồng hành, kịp thời sửa chữa, khắc phục trong thời gian bảo hành.\nThứ trưởng Bộ Y tế Lê Đức Luận kiểm tra tiến độ hoàn thiện công trình Bệnh viện Bạch Mai cơ sở Ninh Bình\nĐối với trang thiết bị y tế, toàn bộ thiết bị đã được vận chuyển về bệnh viện, hoàn thành công tác lắp đặt, kiểm định và chạy thử theo yêu cầu. Các thiết bị đã được chuyển tới các khoa, phòng chuyên môn để sẵn sàng phục vụ công tác khám, chữa bệnh.\nThứ trưởng Bộ Y tế Lê Đức Luận làm việc với
... [truncated, total 11395 chars]
================================================================================

================================================================================
Article ID: MOH_9fe68ce901a7a0a8 | Attempt: 3
Error: Cannot extract valid JSON from response: line 1 column 1 (char 0)
Raw response (11055 chars):
{
"id": "MOH_9fe68ce901a7a0a8",
"date_iso": "2026-06-25T00:00:00",
"full_text": "Chiều ngày 24/6/2026, Thứ trưởng Bộ Y tế Lê Đức Luận kiểm tra tiến độ hoàn thiện công trình, công tác chuẩn bị nhân lực, thiết bị và các điều kiện vận hành tại Bệnh viện Bạch Mai cơ sở Ninh Bình trước thời điểm chính thức đi vào hoạt động từ ngày 26/6/2026.\nCùng tham gia đoàn có đại diện lãnh đạo Vụ Kế hoạch-Tài chính, Văn phòng Bộ Y tế.\nThứ trưởng Bộ Y tế Lê Đức Luận kiểm tra tiến độ hoàn thiện công trình Bệnh viện Bạch Mai cơ sở Ninh Bình\nTrước khi làm việc với Ban Quản lý dự án công trình Y tế, Bệnh viện Bạch Mai và các đơn vị liên quan, Thứ trưởng Lê Đức Luận đã đến thị sát, kiểm tra nhiều khoa, phòng, các hạng mục liên quan đến phòng cháy chữa cháy.\nBáo cáo tại buổi làm việc, ông Hoàng Cương, Phó Giám đốc Phụ trách Ban Quản lý dự án cho biết, đến nay công tác bàn giao cơ sở vật chất, trang thiết bị phục vụ hoạt động của Bệnh viện Bạch Mai cơ sở Ninh Bình cơ bản đã hoàn thành.\nĐối với tài sản, thiết bị văn phòng như máy tính, bàn ghế và các trang thiết bị nội thất, phần lớn đã được bàn giao cho bệnh viện tiếp nhận, quản lý và sử dụng.\nVề hạ tầng công trình, toàn bộ hệ thống khoa phòng đã được bàn giao để bệnh viện triển khai hoạt động chuyên môn. Tuy nhiên, do nhiều hạng mục được lắp đặt từ 5-10 năm trước, trong quá trình vận hành thực tế có thể phát sinh một số sự cố kỹ thuật như rò rỉ đường ống nước, hư hỏng vật tư phụ trợ hoặc các lỗi liên quan đến hệ thống cơ điện. Ban Quản lý dự án và các nhà thầu cam kết tiếp tục đồng hành, kịp thời sửa chữa, khắc phục trong thời gian bảo hành.\nThứ trưởng Bộ Y tế Lê Đức Luận kiểm tra tiến độ hoàn thiện công trình Bệnh viện Bạch Mai cơ sở Ninh Bình\nĐối với trang thiết bị y tế, toàn bộ thiết bị đã được vận chuyển về bệnh viện, hoàn thành công tác lắp đặt, kiểm định và chạy thử theo yêu cầu. Các thiết bị đã được chuyển tới các khoa, phòng chuyên môn để sẵn sàng phục vụ công tác khám, chữa bệnh.\nThứ trưởng Bộ Y tế Lê Đức Luận làm việc với
... [truncated, total 11055 chars]
================================================================================

================================================================================
Article ID: MOH_e0c52695bfe78be6 | Attempt: 1
Error: Cannot extract valid JSON from response: line 1 column 1 (char 0)
Raw response (10213 chars):
{
"id": "MOH_e0c52695bfe78be6",
"date_iso": "2026-06-25T00:00:00",
"full_text": "Tại trụ sở Bộ Y tế, chiều ngày 24/6/2026, PGS.TS Nguyễn Tri Thức, Thứ trưởng Bộ Y tế chủ trì cuộc làm việc tổng kết đợt kiểm tra của Tổ chức Y tế thế giới (WHO) đối với hệ thống quản lý quốc gia Việt Nam về thuốc, vắc xin (NRA).\nTham dự buổi làm việc có đại diện lãnh đạo các đơn vị trong hệ thống quản lý quốc gia Việt Nam về thuốc, vắc xin (NRA) thuộc Bộ Y tế.\nĐoàn công tác của WHO có bà Angela Pratt, Trưởng Văn phòng đại diện WHO tại Việt Nam; Bà Ostad Ali Dehaghi Razieh, Trưởng nhóm đánh giá NRA; các thành viên đoàn đánh giá NRA của Tổ chức Y tế thế giới; các thành viên đại diện Văn phòng WHO tại Việt Nam.\nCuộc họp được tổ chức theo hình thức trực tiếp kết hợp trực tuyến với các đơn vị ngoài Hà Nội.\nThứ trưởng Bộ Y tế Nguyễn Tri Thức phát biểu\nPhát biểu tại buổi tổng kết đợt đánh giá của Tổ chức Y tế thế giới đối với Hệ thống quản lý quốc gia về thuốc và vắc xin (NRA) của Việt Nam, Thứ trưởng Bộ Y tế Nguyễn Tri Thức gửi lời cảm ơn chân thành tới toàn thể các thành viên Đoàn đánh giá WHO, đồng thời trân trọng sự hỗ trợ, tinh thần làm việc trách nhiệm và những nhận xét, khuyến nghị quý báu của các chuyên gia. Đây là cơ sở quan trọng giúp Bộ Y tế Việt Nam tiếp tục hoàn thiện hệ thống quản lý, nâng cao năng lực bảo đảm chất lượng, an toàn và hiệu quả của thuốc, vắc xin, qua đó góp phần bảo vệ sức khỏe nhân dân và bảo đảm an sinh xã hội, Thứ trưởng Nguyễn Tri Thức khẳng định.\nTS Angela Pratt, Trưởng Văn phòng đại diện WHO tại Việt Nam phát biểu\nTiến sĩ Angela Pratt, Trưởng Văn phòng đại diện WHO tại Việt Nam cho biết: Trong 12 tháng qua, Việt Nam đã đạt được nhiều tiến độ đáng ghi nhận, đặc biệt trong chuyển đổi số, cải thiện hệ thống công bố thông tin và nâng cao tính minh bạch. WHO tại Việt Nam sẵn sàng tiếp tục hỗ trợ cung cấp bằng chứng khoa học, tư vấn chính sách và thúc đẩy hoàn thiện hệ thống pháp lý. Trưởng Văn phòng đại diện WHO tại Việt Nam bày tỏ tin tưởng Việt Nam sẽ tiế
... [truncated, total 10213 chars]
================================================================================

================================================================================
Article ID: MOH_e0c52695bfe78be6 | Attempt: 2
Error: Cannot extract valid JSON from response: line 1 column 1 (char 0)
Raw response (9932 chars):
{
"id": "MOH_e0c52695bfe78be6",
"date_iso": "2026-06-25T00:00:00",
"full_text": "Tại trụ sở Bộ Y tế, chiều ngày 24/6/2026, PGS.TS Nguyễn Tri Thức, Thứ trưởng Bộ Y tế chủ trì cuộc làm việc tổng kết đợt kiểm tra của Tổ chức Y tế thế giới (WHO) đối với hệ thống quản lý quốc gia Việt Nam về thuốc, vắc xin (NRA).\nTham dự buổi làm việc có đại diện lãnh đạo các đơn vị trong hệ thống quản lý quốc gia Việt Nam về thuốc, vắc xin (NRA) thuộc Bộ Y tế.\nĐoàn công tác của WHO có bà Angela Pratt, Trưởng Văn phòng đại diện WHO tại Việt Nam; Bà Ostad Ali Dehaghi Razieh, Trưởng nhóm đánh giá NRA; các thành viên đoàn đánh giá NRA của Tổ chức Y tế thế giới; các thành viên đại diện Văn phòng WHO tại Việt Nam.\nCuộc họp được tổ chức theo hình thức trực tiếp kết hợp trực tuyến với các đơn vị ngoài Hà Nội.\nThứ trưởng Bộ Y tế Nguyễn Tri Thức phát biểu\nPhát biểu tại buổi tổng kết đợt đánh giá của Tổ chức Y tế thế giới đối với Hệ thống quản lý quốc gia về thuốc và vắc xin (NRA) của Việt Nam, Thứ trưởng Bộ Y tế Nguyễn Tri Thức gửi lời cảm ơn chân thành tới toàn thể các thành viên Đoàn đánh giá WHO, đồng thời trân trọng sự hỗ trợ, tinh thần làm việc trách nhiệm và những nhận xét, khuyến nghị quý báu của các chuyên gia. Đây là cơ sở quan trọng giúp Bộ Y tế Việt Nam tiếp tục hoàn thiện hệ thống quản lý, nâng cao năng lực bảo đảm chất lượng, an toàn và hiệu quả của thuốc, vắc xin, qua đó góp phần bảo vệ sức khỏe nhân dân và bảo đảm an sinh xã hội, Thứ trưởng Nguyễn Tri Thức khẳng định.\nTS Angela Pratt, Trưởng Văn phòng đại diện WHO tại Việt Nam phát biểu\nTiến sĩ Angela Pratt, Trưởng Văn phòng đại diện WHO tại Việt Nam cho biết: Trong 12 tháng qua, Việt Nam đã đạt được nhiều tiến độ đáng ghi nhận, đặc biệt trong chuyển đổi số, cải thiện hệ thống công bố thông tin và nâng cao tính minh bạch. WHO tại Việt Nam sẵn sàng tiếp tục hỗ trợ cung cấp bằng chứng khoa học, tư vấn chính sách và thúc đẩy hoàn thiện hệ thống pháp lý. Trưởng Văn phòng đại diện WHO tại Việt Nam bày tỏ tin tưởng Việt Nam sẽ tiế
... [truncated, total 9932 chars]
================================================================================

================================================================================
Article ID: MOH_e844d8e9056ecafa | Attempt: 1
Error: Cannot extract valid JSON from response: line 1 column 1 (char 0)
Raw response (10057 chars):
{
"id": "MOH_e844d8e9056ecafa",
"date_iso": "2026-06-25T00:00:00",
"full_text": "Chiều ngày 24/6/2026, tại Bộ Y tế, TS.BS Vũ Mạnh Hà, Ủy viên Dự khuyết Ban chấp hành Trung ương Đảng, Thứ trưởng Thường trực Bộ Y tế, Chủ tịch Hội đồng chuyên môn bảo vệ, chăm sóc sức khỏe cán bộ Trung ương đã chủ trì cuộc họp Hội đồng chuyên môn bảo vệ, chăm sóc sức khỏe cán bộ Trung ương.\nQuang cảnh cuộc họp\nTại cuộc họp, thành viên của Hội đồng chuyên môn bảo vệ, chăm sóc sức khỏe cán bộ Trung ương và Giám đốc của 8 Bệnh viện cán bộ trong hệ thống, bao gồm: Bệnh viện Trung ương quân đội 108, Bệnh viện Hữu nghị, Bệnh viện C Đà Nẵng, Bệnh viện Thống Nhất, Bệnh viện Y học cổ truyền Quân đội, Bệnh viện 19-8 Bộ Công an, Bệnh viện Y học cổ truyền Bộ Công an, Bệnh viện Quân y 175 đã triển khai các nội dung thuộc nhiệm vụ chuyên môn của Hội đồng.\nCác đại biểu thảo luận tại cuộc họp\nĐại biểu tại cuộc họp đã quán triệt Quyết định số 235-QĐ/BTCTW, ngày 13/5/2026 của Ban Tổ chức Trung ương về danh sách thành viên các Hội đồng chuyên môn về bảo vệ, chăm sóc sức khỏe cán bộ Trung ương thuộc Ban Tổ chức Trung ương.\nTrong đó, Hội đồng chuyên môn bảo vệ sức khỏe cán bộ Trung ương do TS.BS Vũ Mạnh Hà, Ủy viên Dự khuyết Ban chấp hành Trung ương Đảng, Thứ trưởng Thường trực Bộ Y tế đảm nhiệm vai trò Chủ tịch;\nPhó Chủ tịch Thường trực là GS.TS Nguyễn Lân Việt, Chủ tịch Hội đồng chuyên môn bảo vệ sức khỏe cán bộ miền Bắc, Chủ tịch Hội đồng về dự phòng, nâng cao sức khỏe, điều dưỡng, dinh dưỡng và thuốc Trung ương, Phó Chủ tịch Thường trực Hội Tim mạch Việt Nam.\nCác Phó Chủ tịch gồm có:\nTS.BS Hà Anh Đức, Cục trưởng Cục Quản lý Khám, chữa bệnh, Bộ Y tế;\nTrung tướng, GS.TS Lê Hữu Song, Giám đốc Bệnh viện Trung ương Quân đội 108;\nGS.TS Phạm Như Hiệp, Chủ tịch Hội đồng chuyên môn bảo vệ sức khỏe cán bộ miền Trung, Giám đốc Bệnh viện Trung ương Huế;\nGS.TS Nguyễn Đức Công, Chủ tịch Hội đồng chuyên môn bảo vệ sức khỏe cán bộ miền Nam;\nỦy viên Thư ký: ThS.BS Lê Thanh Sơn, Phó Vụ trưởng Vụ Chính sách cá
... [truncated, total 10057 chars]
================================================================================

================================================================================
Article ID: MOH_e844d8e9056ecafa | Attempt: 2
Error: Cannot extract valid JSON from response: line 1 column 1 (char 0)
Raw response (9933 chars):
{
"id": "MOH_e844d8e9056ecafa",
"date_iso": "2026-06-25T00:00:00",
"full_text": "Chiều ngày 24/6/2026, tại Bộ Y tế, TS.BS Vũ Mạnh Hà, Ủy viên Dự khuyết Ban chấp hành Trung ương Đảng, Thứ trưởng Thường trực Bộ Y tế, Chủ tịch Hội đồng chuyên môn bảo vệ, chăm sóc sức khỏe cán bộ Trung ương đã chủ trì cuộc họp Hội đồng chuyên môn bảo vệ, chăm sóc sức khỏe cán bộ Trung ương.\nQuang cảnh cuộc họp\nTại cuộc họp, thành viên của Hội đồng chuyên môn bảo vệ, chăm sóc sức khỏe cán bộ Trung ương và Giám đốc của 8 Bệnh viện cán bộ trong hệ thống, bao gồm: Bệnh viện Trung ương quân đội 108, Bệnh viện Hữu nghị, Bệnh viện C Đà Nẵng, Bệnh viện Thống Nhất, Bệnh viện Y học cổ truyền Quân đội, Bệnh viện 19-8 Bộ Công an, Bệnh viện Y học cổ truyền Bộ Công an, Bệnh viện Quân y 175 đã triển khai các nội dung thuộc nhiệm vụ chuyên môn của Hội đồng.\nCác đại biểu thảo luận tại cuộc họp\nĐại biểu tại cuộc họp đã quán triệt Quyết định số 235-QĐ/BTCTW, ngày 13/5/2026 của Ban Tổ chức Trung ương về danh sách thành viên các Hội đồng chuyên môn về bảo vệ, chăm sóc sức khỏe cán bộ Trung ương thuộc Ban Tổ chức Trung ương.\nTrong đó, Hội đồng chuyên môn bảo vệ sức khỏe cán bộ Trung ương do TS.BS Vũ Mạnh Hà, Ủy viên Dự khuyết Ban chấp hành Trung ương Đảng, Thứ trưởng Thường trực Bộ Y tế đảm nhiệm vai trò Chủ tịch;\nPhó Chủ tịch Thường trực là GS.TS Nguyễn Lân Việt, Chủ tịch Hội đồng chuyên môn bảo vệ sức khỏe cán bộ miền Bắc, Chủ tịch Hội đồng về dự phòng, nâng cao sức khỏe, điều dưỡng, dinh dưỡng và thuốc Trung ương, Phó Chủ tịch Thường trực Hội Tim mạch Việt Nam.\nCác Phó Chủ tịch gồm có:\nTS.BS Hà Anh Đức, Cục trưởng Cục Quản lý Khám, chữa bệnh, Bộ Y tế;\nTrung tướng, GS.TS Lê Hữu Song, Giám đốc Bệnh viện Trung ương Quân đội 108;\nGS.TS Phạm Như Hiệp, Chủ tịch Hội đồng chuyên môn bảo vệ sức khỏe cán bộ miền Trung, Giám đốc Bệnh viện Trung ương Huế;\nGS.TS Nguyễn Đức Công, Chủ tịch Hội đồng chuyên môn bảo vệ sức khỏe cán bộ miền Nam;\nỦy viên Thư ký: ThS.BS Lê Thanh Sơn, Phó Vụ trưởng Vụ Chính sách cá
... [truncated, total 9933 chars]
================================================================================

================================================================================
Article ID: MOH_0052d0d0d780d2e6 | Attempt: 1
Error: Cannot extract valid JSON from response: line 1 column 1 (char 0)
Raw response (10501 chars):
{
"id": "MOH_0052d0d0d780d2e6",
"date_iso": "2026-06-25T00:00:00",
"full_text": "Chiều ngày 24/6/2026, tại trụ sở Bộ Y tế, GS.TS Trần Văn Thuấn, Thứ trưởng Bộ Y tế, Chủ tịch Hội đồng Y khoa Quốc gia chủ trì cuộc họp rà soát tiến độ xây dựng Đề án Phát triển du lịch y tế giai đoạn 2026 – 2030.\nThứ trưởng Bộ Y tế Trần Văn Thuấn chủ trì cuộc họp\nSau thời gian triển khai, đến nay, Cục Quản lý Khám, chữa bệnh đã phối hợp tổ chức các cuộc họp với nhóm chuyên gia để tiếp thu ý kiến của các đơn vị tại cuộc họp. Cục đã tổng hợp 21 ý kiến góp ý của các đơn vị, chuyên gia và nhóm kỹ thuật; tổ chức tiếp thu, giải trình đối với từng ý kiến. Phần lớn ý kiến đã được tiếp thu, chỉnh lý vào dự thảo; một số nội dung đang tiếp tục nghiên cứu để bổ sung, gồm tầm nhìn dài hạn đến năm 2040, yếu tố văn hóa và tâm lý của người bệnh quốc tế, biện pháp kiểm soát nguy cơ thương mại hóa dịch vụ và việc rà soát, thống nhất chỉ tiêu giữa dự thảo Quyết định phê duyệt và thuyết minh Đề án.\nTS Dương Huy Lương, Phó Cục trưởng Cục Quản lý Khám chữa bệnh báo cáo tiến độ xây dựng Đề án\nDự thảo Đề án Phát triển du lịch y tế giai đoạn 2026 – 2030 đã được tiếp thu, chỉnh sửa về tên gọi, bố cục, độ dài, lộ trình, mục tiêu, tổ chức thực hiện và quan điểm như sau:\nVề bố cục văn bản được biên tập lại theo bố cục Đề án trình Thủ tướng Chính phủ gồm 06 phần: Sự cần thiết và căn cứ; Quan điểm, mục tiêu, phạm vi, lộ trình; Nhiệm vụ, giải pháp; Kinh phí; Tổ chức thực hiện; Hiệu quả.\nĐộ dài, dung lượng của dự thảo từ chỗ khoảng 39.800 từ, nhiều bảng và nội dung phân tích, lý luận chi tiết đã được rút gọn còn một nửa, tập trung vào nhiệm vụ, giải pháp và tổ chức thực hiện.\nLộ trình, mốc tiến độ đã được cụ thể hóa thành 02 giai đoạn: Thí điểm năm 2027 - 2028, trình phê duyệt Quý I/2027; triển khai toàn quốc năm 2029 - 2030, sơ kết năm 2029 và tổng kết năm 2030.\nMục tiêu, chỉ tiêu đến năm 2030 được cụ thể hóa, định lượng chỉ tiêu: 30 gói dịch vụ chuẩn hóa; giảm 10% người ra nước ngoài khám, chữa bệnh; vận hành
... [truncated, total 10501 chars]
================================================================================

================================================================================
Article ID: MOH_938288c0cdf57825 | Attempt: 1
Error: Cannot extract valid JSON from response: line 1 column 1 (char 0)
Raw response (10306 chars):
{
"id": "MOH_938288c0cdf57825",
"date_iso": "2026-06-24T00:00:00",
"full_text": "Sáng 24/6, tại trụ sở Chính phủ, Bí thư Trung ương Đảng, Phó Thủ tướng Phạm Thị Thanh Trà, Chủ tịch Ủy ban Quốc gia về trẻ em Việt Nam đã tiếp bà Silvia Danailov, Trưởng Đại diện Quỹ Nhi đồng Liên Hợp Quốc (UNICEF) tại Việt Nam.\nPhó Thủ tướng Phạm Thị Thanh Trà tiếp bà Silvia Danailov, Trưởng Đại diện Quỹ Nhi đồng Liên Hợp Quốc (UNICEF) tại Việt Nam - Ảnh: VGP/Thu Giang\nBày tỏ vui mừng gặp lại bà Silvia Danailov, Phó Thủ tướng đánh giá cao những đóng góp, sự đồng hành của UNICEF đối với Việt Nam trong suốt thời gian qua, đặc biệt trong công tác bảo vệ, chăm sóc và giáo dục trẻ em.\nĐặc biệt, năm 2025 vừa qua đánh dấu 50 năm chương trình hợp tác giữa Chính phủ Việt Nam và UNICEF. Đây là chặng đường hợp tác bền bỉ, hiệu quả, góp phần quan trọng vào việc thúc đẩy thực hiện quyền trẻ em, nâng cao chất lượng chăm sóc, bảo vệ và tạo môi trường phát triển toàn diện cho trẻ em Việt Nam.\nTrong giai đoạn 2017-2025, hai bên đã phối hợp triển khai nhiều chương trình về chăm sóc sức khỏe, dinh dưỡng, bảo vệ trẻ em, hoàn thiện thể chế, chính sách và xây dựng các giải pháp hỗ trợ nhóm trẻ em yếu thế.\nPhó Thủ tướng khẳng định Đảng và Nhà nước Việt Nam luôn dành sự quan tâm đặc biệt đối với trẻ em, xác định \"Trẻ em hôm nay thế giới ngày mai\". Quan điểm này không chỉ là một thông điệp mang ý nghĩa nhân văn mà đã trở thành chủ trương xuyên suốt trong quá trình hoạch định và triển khai các chính sách phát triển.\nPhó Thủ tướng Phạm Thị Thanh Trà khẳng định Đảng và Nhà nước Việt Nam luôn dành sự quan tâm đặc biệt đối với trẻ em - Ảnh: VGP/Thu Giang\nƯu tiên bảo vệ, phát triển toàn diện trẻ em\nTheo Phó Thủ tướng Phạm Thị Thanh Trà, trong thời gian tới, chiến lược phát triển trẻ em và các nhiệm vụ bảo vệ, chăm sóc, giáo dục trẻ em đã được xác định rõ, với yêu cầu tiếp tục tăng cường các giải pháp để trẻ em thực sự trở thành nhóm đối tượng được ưu tiên hàng đầu, được phát triển toàn diện và trở thành ng
... [truncated, total 10306 chars]
================================================================================

================================================================================
Article ID: MOH_1c6ea73d86df402d | Attempt: 1
Error: Cannot extract valid JSON from response: line 1 column 1 (char 0)
Raw response (8377 chars):
{
"id": "MOH_1c6ea73d86df402d",
"date_iso": "2026-06-24T00:00:00",
"full_text": "Các bệnh viện đa khoa và chuyên khoa trực thuộc Sở Y tế TPHCM sẽ được phân thành các đội, nhóm để định kỳ tổ chức hoạt động khám, chữa bệnh lưu động cho các đối tượng yếu thế tại các trung tâm bảo trợ xã hội trên địa bàn.\nNgày 24/6, PGS.TS.BS Tăng Chí Thượng - Giám đốc Sở Y tế TPHCM cho biết, thành phố sẽ triển khai mô hình phối hợp giữa các bệnh viện đa khoa, chuyên khoa trực thuộc với 14 trung tâm bảo trợ xã hội nhằm tăng cường chăm sóc sức khỏe cho hơn 7.000 người đang được nuôi dưỡng, chăm sóc tại các cơ sở này.\nTheo PGS.TS.BS Tăng Chí Thượng, nhiều người cao tuổi nằm liệt giường, người khuyết tật nặng hoặc người mắc bệnh tâm thần đang sinh sống tại các trung tâm bảo trợ xã hội đều có thẻ bảo hiểm y tế và quyền được khám chữa bệnh như mọi công dân. Tuy nhiên, việc không thể tự di chuyển đến cơ sở y tế khiến họ gặp nhiều rào cản trong tiếp cận dịch vụ khám chữa bệnh và thụ hưởng đầy đủ quyền lợi bảo hiểm y tế.\n7.000 người đang được nuôi dưỡng, chăm sóc tại các trung tâm bảo trợ xã hội sẽ được khám sức khỏe định kỳ. Ảnh: Phạm Thương.\nĐây không chỉ là thực trạng tại TPHCM mà còn là khó khăn chung ở nhiều cơ sở bảo trợ xã hội, cơ sở nuôi dưỡng người cao tuổi, người khuyết tật và người mắc bệnh tâm thần trên cả nước.\n\"Khi khả năng vận động bị hạn chế, khoảng cách địa lý trở thành trở ngại và việc di chuyển tiềm ẩn nhiều rủi ro, quyền được chăm sóc sức khỏe của những người yếu thế rất dễ bị ảnh hưởng nếu hệ thống y tế không chủ động mang dịch vụ đến với họ\", Giám đốc Sở Y tế TPHCM nhận định.\nThực tế cho thấy, việc đưa người cao tuổi mất khả năng vận động, người khuyết tật nặng hoặc người mắc bệnh tâm thần từ các cơ sở bảo trợ xã hội đến bệnh viện không chỉ tốn nhiều nhân lực, thời gian, chi phí mà còn tiềm ẩn nguy cơ ảnh hưởng đến sức khỏe, thậm chí đe dọa an toàn của người bệnh. Vì vậy, dù có nhu cầu chăm sóc y tế thường xuyên, nhiều đối tượng yếu thế vẫn khó tiếp cận các dịch vụ
... [truncated, total 8377 chars]
================================================================================

================================================================================
Article ID: MOH_1c6ea73d86df402d | Attempt: 2
Error: Cannot extract valid JSON from response: line 1 column 1 (char 0)
Raw response (8297 chars):
{
"id": "MOH_1c6ea73d86df402d",
"date_iso": "2026-06-24T00:00:00",
"full_text": "Các bệnh viện đa khoa và chuyên khoa trực thuộc Sở Y tế TPHCM sẽ được phân thành các đội, nhóm để định kỳ tổ chức hoạt động khám, chữa bệnh lưu động cho các đối tượng yếu thế tại các trung tâm bảo trợ xã hội trên địa bàn.\nNgày 24/6, PGS.TS.BS Tăng Chí Thượng - Giám đốc Sở Y tế TPHCM cho biết, thành phố sẽ triển khai mô hình phối hợp giữa các bệnh viện đa khoa, chuyên khoa trực thuộc với 14 trung tâm bảo trợ xã hội nhằm tăng cường chăm sóc sức khỏe cho hơn 7.000 người đang được nuôi dưỡng, chăm sóc tại các cơ sở này.\nTheo PGS.TS.BS Tăng Chí Thượng, nhiều người cao tuổi nằm liệt giường, người khuyết tật nặng hoặc người mắc bệnh tâm thần đang sinh sống tại các trung tâm bảo trợ xã hội đều có thẻ bảo hiểm y tế và quyền được khám chữa bệnh như mọi công dân. Tuy nhiên, việc không thể tự di chuyển đến cơ sở y tế khiến họ gặp nhiều rào cản trong tiếp cận dịch vụ khám chữa bệnh và thụ hưởng đầy đủ quyền lợi bảo hiểm y tế.\n7.000 người đang được nuôi dưỡng, chăm sóc tại các trung tâm bảo trợ xã hội sẽ được khám sức khỏe định kỳ. Ảnh: Phạm Thương.\nĐây không chỉ là thực trạng tại TPHCM mà còn là khó khăn chung ở nhiều cơ sở bảo trợ xã hội, cơ sở nuôi dưỡng người cao tuổi, người khuyết tật và người mắc bệnh tâm thần trên cả nước.\n\"Khi khả năng vận động bị hạn chế, khoảng cách địa lý trở thành trở ngại và việc di chuyển tiềm ẩn nhiều rủi ro, quyền được chăm sóc sức khỏe của những người yếu thế rất dễ bị ảnh hưởng nếu hệ thống y tế không chủ động mang dịch vụ đến với họ\", Giám đốc Sở Y tế TPHCM nhận định.\nThực tế cho thấy, việc đưa người cao tuổi mất khả năng vận động, người khuyết tật nặng hoặc người mắc bệnh tâm thần từ các cơ sở bảo trợ xã hội đến bệnh viện không chỉ tốn nhiều nhân lực, thời gian, chi phí mà còn tiềm ẩn nguy cơ ảnh hưởng đến sức khỏe, thậm chí đe dọa an toàn của người bệnh. Vì vậy, dù có nhu cầu chăm sóc y tế thường xuyên, nhiều đối tượng yếu thế vẫn khó tiếp cận các dịch vụ
... [truncated, total 8297 chars]
================================================================================

================================================================================
Article ID: MOH_1c6ea73d86df402d | Attempt: 3
Error: Cannot extract valid JSON from response: line 1 column 1 (char 0)
Raw response (8272 chars):
{
"id": "MOH_1c6ea73d86df402d",
"date_iso": "2026-06-24T00:00:00",
"full_text": "Các bệnh viện đa khoa và chuyên khoa trực thuộc Sở Y tế TPHCM sẽ được phân thành các đội, nhóm để định kỳ tổ chức hoạt động khám, chữa bệnh lưu động cho các đối tượng yếu thế tại các trung tâm bảo trợ xã hội trên địa bàn.\nNgày 24/6, PGS.TS.BS Tăng Chí Thượng - Giám đốc Sở Y tế TPHCM cho biết, thành phố sẽ triển khai mô hình phối hợp giữa các bệnh viện đa khoa, chuyên khoa trực thuộc với 14 trung tâm bảo trợ xã hội nhằm tăng cường chăm sóc sức khỏe cho hơn 7.000 người đang được nuôi dưỡng, chăm sóc tại các cơ sở này.\nTheo PGS.TS.BS Tăng Chí Thượng, nhiều người cao tuổi nằm liệt giường, người khuyết tật nặng hoặc người mắc bệnh tâm thần đang sinh sống tại các trung tâm bảo trợ xã hội đều có thẻ bảo hiểm y tế và quyền được khám chữa bệnh như mọi công dân. Tuy nhiên, việc không thể tự di chuyển đến cơ sở y tế khiến họ gặp nhiều rào cản trong tiếp cận dịch vụ khám chữa bệnh và thụ hưởng đầy đủ quyền lợi bảo hiểm y tế.\n7.000 người đang được nuôi dưỡng, chăm sóc tại các trung tâm bảo trợ xã hội sẽ được khám sức khỏe định kỳ. Ảnh: Phạm Thương.\nĐây không chỉ là thực trạng tại TPHCM mà còn là khó khăn chung ở nhiều cơ sở bảo trợ xã hội, cơ sở nuôi dưỡng người cao tuổi, người khuyết tật và người mắc bệnh tâm thần trên cả nước.\n\"Khi khả năng vận động bị hạn chế, khoảng cách địa lý trở thành trở ngại và việc di chuyển tiềm ẩn nhiều rủi ro, quyền được chăm sóc sức khỏe của những người yếu thế rất dễ bị ảnh hưởng nếu hệ thống y tế không chủ động mang dịch vụ đến với họ\", Giám đốc Sở Y tế TPHCM nhận định.\nThực tế cho thấy, việc đưa người cao tuổi mất khả năng vận động, người khuyết tật nặng hoặc người mắc bệnh tâm thần từ các cơ sở bảo trợ xã hội đến bệnh viện không chỉ tốn nhiều nhân lực, thời gian, chi phí mà còn tiềm ẩn nguy cơ ảnh hưởng đến sức khỏe, thậm chí đe dọa an toàn của người bệnh. Vì vậy, dù có nhu cầu chăm sóc y tế thường xuyên, nhiều đối tượng yếu thế vẫn khó tiếp cận các dịch vụ
... [truncated, total 8272 chars]
================================================================================

================================================================================
Article ID: MOH_1c6ea73d86df402d | Attempt: 4
Error: Cannot extract valid JSON from response: line 1 column 1 (char 0)
Raw response (8421 chars):
{
"id": "MOH_1c6ea73d86df402d",
"date_iso": "2026-06-24T00:00:00",
"full_text": "Các bệnh viện đa khoa và chuyên khoa trực thuộc Sở Y tế TPHCM sẽ được phân thành các đội, nhóm để định kỳ tổ chức hoạt động khám, chữa bệnh lưu động cho các đối tượng yếu thế tại các trung tâm bảo trợ xã hội trên địa bàn.\nNgày 24/6, PGS.TS.BS Tăng Chí Thượng - Giám đốc Sở Y tế TPHCM cho biết, thành phố sẽ triển khai mô hình phối hợp giữa các bệnh viện đa khoa, chuyên khoa trực thuộc với 14 trung tâm bảo trợ xã hội nhằm tăng cường chăm sóc sức khỏe cho hơn 7.000 người đang được nuôi dưỡng, chăm sóc tại các cơ sở này.\nTheo PGS.TS.BS Tăng Chí Thượng, nhiều người cao tuổi nằm liệt giường, người khuyết tật nặng hoặc người mắc bệnh tâm thần đang sinh sống tại các trung tâm bảo trợ xã hội đều có thẻ bảo hiểm y tế và quyền được khám chữa bệnh như mọi công dân. Tuy nhiên, việc không thể tự di chuyển đến cơ sở y tế khiến họ gặp nhiều rào cản trong tiếp cận dịch vụ khám chữa bệnh và thụ hưởng đầy đủ quyền lợi bảo hiểm y tế.\n7.000 người đang được nuôi dưỡng, chăm sóc tại các trung tâm bảo trợ xã hội sẽ được khám sức khỏe định kỳ. Ảnh: Phạm Thương.\nĐây không chỉ là thực trạng tại TPHCM mà còn là khó khăn chung ở nhiều cơ sở bảo trợ xã hội, cơ sở nuôi dưỡng người cao tuổi, người khuyết tật và người mắc bệnh tâm thần trên cả nước.\n\"Khi khả năng vận động bị hạn chế, khoảng cách địa lý trở thành trở ngại và việc di chuyển tiềm ẩn nhiều rủi ro, quyền được chăm sóc sức khỏe của những người yếu thế rất dễ bị ảnh hưởng nếu hệ thống y tế không chủ động mang dịch vụ đến với họ\", Giám đốc Sở Y tế TPHCM nhận định.\nThực tế cho thấy, việc đưa người cao tuổi mất khả năng vận động, người khuyết tật nặng hoặc người mắc bệnh tâm thần từ các cơ sở bảo trợ xã hội đến bệnh viện không chỉ tốn nhiều nhân lực, thời gian, chi phí mà còn tiềm ẩn nguy cơ ảnh hưởng đến sức khỏe, thậm chí đe dọa an toàn của người bệnh. Vì vậy, dù có nhu cầu chăm sóc y tế thường xuyên, nhiều đối tượng yếu thế vẫn khó tiếp cận các dịch vụ
... [truncated, total 8421 chars]
================================================================================

================================================================================
Article ID: MOH_dd91739fb74fa142 | Attempt: 1
Error: Cannot extract valid JSON from response: line 1 column 1 (char 0)
Raw response (8546 chars):
{
"id": "MOH_dd91739fb74fa142",
"date_iso": "2026-06-24T00:00:00",
"full_text": "Chiều ngày 23/6/2026, tại Bộ Y tế, Thứ trưởng Bộ Y tế Đỗ Xuân Tuyên chủ trì cuộc họp Tổ soạn thảo, Nhóm biên tập xây dựng Đề án Kiểm soát mất cân bằng giới tính khi sinh, giai đoạn 2026-2035.\nToàn cảnh cuộc họp\nViệc xây dựng Đề án kiểm soát mất cân bằng giới tính khi sinh, giai đoạn 2026 -2035 xuất phát từ các chủ trương, đường lối của Đảng và chính sách pháp luật của Nhà nước về công tác dân số, bình đẳng giới và phát triển bền vững; tạo hành lang pháp lý bền vững để phấn đấu đưa tỷ số giới tính khi sinh về mức cân bằng tự nhiên.\nThành viên Tổ soạn thảo trao đổi, đóng góp ý kiến tại cuộc họp\nMục tiêu chung của Đề án: Giảm tỷ số giới tính khi sinh, tiến tới đưa tỷ số giới tính khi sinh trở lại mức cân bằng tự nhiên trên phạm vi toàn quốc, góp phần nâng cao chất lượng dân số và đảm bảo phát triển bền vững.\nMục tiêu cụ thể ở giai đoạn 2026-2030: Tỷ số giới tính khi sinh đến năm 2030 giảm xuống dưới 109 bé trai sinh ra sống so với 100 bé gái sinh ra sống; ở giai đoạn 2030-2035: Tỷ số giới tính khi sinh giảm xuống dưới 107 bé trai sinh ra sống so với 100 bé gái sinh ra sống và phấn đấu đưa tỷ số giới tính khi sinh về mức cân bằng từ 104-106 bé trai sinh ra sống so với 100 bé gái sinh ra sống.\nThành viên Tổ soạn thảo trao đổi, đóng góp ý kiến cuộc họp\nNội dung được đại biểu tham dự cuộc họp tập trung thảo luận về những nhiệm vụ, giải pháp chủ yếu của Đề án, như: Tăng cường sự lãnh đạo của các cấp ủy, chính quyền; đẩy mạnh truyền thông, vận động chuyển đổi hành vi; tiếp tục rà soát, hoàn thiện các chính sách hỗ trợ, khuyến khích; tăng cường kiểm tra, giám sát và xử lý nghiêm hành vi lựa chọn giới tính thai nhi, thông báo, tiết lộ giới tính thai nhi trái quy định; đào tạo, tập huấn, bồi dưỡng về chuyên môn, nghiệp vụ về kiểm soát mất cân bằng giới tính khi sinh; nghiên cứu khoa học và hệ thống thông tin quản lý; hợp tác quốc tế trao đổi kinh nghiệm trong công tác kiểm soát mất cân bằng 
... [truncated, total 8546 chars]
================================================================================

================================================================================
Article ID: MOH_4a287a0f5e739da0 | Attempt: 1
Error: Cannot extract valid JSON from response: line 1 column 1 (char 0)
Raw response (9266 chars):
{
"id": "MOH_4a287a0f5e739da0",
"date_iso": "2026-06-24T00:00:00",
"full_text": "Tại Bộ Y tế, sáng 23/6/2026, PGS.TS Nguyễn Tri Thức, Thứ trưởng Bộ Y tế chủ trì cuộc họp về việc rà soát tiến độ nghiên cứu, đề xuất sửa đổi, bổ sung Luật trẻ em trong dự thảo Luật sửa đổi, bổ sung một số Luật thuộc lĩnh vực y tế.\nTham dự có thành viên Tổ soạn thảo, nhóm giúp việc thuộc một số Bộ, ngành Trung ương và các Cục, Vụ, đơn vị thuộc và trực thuộc Bộ Y tế.\nThứ trưởng Bộ Y tế Nguyễn Tri Thức chủ trì cuộc họp\nDự thảo Luật sửa đổi, bổ sung một số Luật thuộc lĩnh vực y tế, bên cạnh một số Điều sửa đổi, bổ sung thì Điều 82. Bộ Y tế được đề xuất như sau:\nÔng Đinh Anh Tuấn, Cục trưởng Cục Bà mẹ và Trẻ em báo cáo\nChịu trách nhiệm trước Chính phủ thực hiện quản lý nhà nước về trẻ em; điều phối việc thực hiện quyền trẻ em; bảo đảm thực hiện quyền trẻ em theo phân công hoặc ủy quyền của Chính phủ;\nChủ trì xây dựng để ban hành theo thẩm quyền hoặc trình cấp có thẩm quyền ban hành văn bản quy phạm pháp luật về trẻ em thuộc chức năng, nhiệm vụ được giao;\nBảo đảm trẻ em được tiếp cận và sử dụng các dịch vụ chăm sóc sức khỏe có chất lượng và công bằng tại các cơ sở khám bệnh, chữa bệnh theo quy định của pháp luật;\nChủ trì, phối hợp với Bộ, cơ quan ngang bộ, cơ quan thuộc Chính phủ, địa phương và tổ chức đại diện tiếng nói, nguyện vọng của trẻ em để giúp Chính phủ chuẩn bị báo cáo Quốc hội khi có yêu cầu về kết quả thực hiện quyền trẻ em và việc thực hiện nhiệm vụ của bộ, cơ quan ngang bộ, cơ quan thuộc Chính phủ, địa phương liên quan đến trẻ em;\nChủ trì, phối hợp với Bộ, cơ quang ngang bộ, cơ quan thuộc Chính phủ, địa phương chuẩn bị báo cáo quốc gia việc thực hiện Công ước của Liên hợp quốc về quyền trẻ em;\nChủ trì, phối hợp với bộ, cơ quan ngang bộ, cơ quan thuộc Chính phủ, địa phương xây dựng, hướng dẫn và tổ chức thực hiện chính sách, pháp luật về bảo vệ trẻ em và sự tham gia của trẻ em vào các vấn đề về trẻ em;\nChủ trì, phối hợp với các cơ quan, tổ chức có liên quan hướng dẫn v
... [truncated, total 9266 chars]
================================================================================

================================================================================
Article ID: MOH_4a287a0f5e739da0 | Attempt: 2
Error: Cannot extract valid JSON from response: line 1 column 1 (char 0)
Raw response (9537 chars):
{
"id": "MOH_4a287a0f5e739da0",
"date_iso": "2026-06-24T00:00:00",
"full_text": "Tại Bộ Y tế, sáng 23/6/2026, PGS.TS Nguyễn Tri Thức, Thứ trưởng Bộ Y tế chủ trì cuộc họp về việc rà soát tiến độ nghiên cứu, đề xuất sửa đổi, bổ sung Luật trẻ em trong dự thảo Luật sửa đổi, bổ sung một số Luật thuộc lĩnh vực y tế.\nTham dự có thành viên Tổ soạn thảo, nhóm giúp việc thuộc một số Bộ, ngành Trung ương và các Cục, Vụ, đơn vị thuộc và trực thuộc Bộ Y tế.\nThứ trưởng Bộ Y tế Nguyễn Tri Thức chủ trì cuộc họp\nDự thảo Luật sửa đổi, bổ sung một số Luật thuộc lĩnh vực y tế, bên cạnh một số Điều sửa đổi, bổ sung thì Điều 82. Bộ Y tế được đề xuất như sau:\nÔng Đinh Anh Tuấn, Cục trưởng Cục Bà mẹ và Trẻ em báo cáo\nChịu trách nhiệm trước Chính phủ thực hiện quản lý nhà nước về trẻ em; điều phối việc thực hiện quyền trẻ em; bảo đảm thực hiện quyền trẻ em theo phân công hoặc ủy quyền của Chính phủ;\nChủ trì xây dựng để ban hành theo thẩm quyền hoặc trình cấp có thẩm quyền ban hành văn bản quy phạm pháp luật về trẻ em thuộc chức năng, nhiệm vụ được giao;\nBảo đảm trẻ em được tiếp cận và sử dụng các dịch vụ chăm sóc sức khỏe có chất lượng và công bằng tại các cơ sở khám bệnh, chữa bệnh theo quy định của pháp luật;\nChủ trì, phối hợp với Bộ, cơ quan ngang bộ, cơ quan thuộc Chính phủ, địa phương và tổ chức đại diện tiếng nói, nguyện vọng của trẻ em để giúp Chính phủ chuẩn bị báo cáo Quốc hội khi có yêu cầu về kết quả thực hiện quyền trẻ em và việc thực hiện nhiệm vụ của bộ, cơ quan ngang bộ, cơ quan thuộc Chính phủ, địa phương liên quan đến trẻ em;\nChủ trì, phối hợp với Bộ, cơ quang ngang bộ, cơ quan thuộc Chính phủ, địa phương chuẩn bị báo cáo quốc gia việc thực hiện Công ước của Liên hợp quốc về quyền trẻ em;\nChủ trì, phối hợp với bộ, cơ quan ngang bộ, cơ quan thuộc Chính phủ, địa phương xây dựng, hướng dẫn và tổ chức thực hiện chính sách, pháp luật về bảo vệ trẻ em và sự tham gia của trẻ em vào các vấn đề về trẻ em;\nChủ trì, phối hợp với các cơ quan, tổ chức có liên quan hướng dẫn v
... [truncated, total 9537 chars]
================================================================================

================================================================================
Article ID: MOH_c115b4c7f7b17169 | Attempt: 1
Error: Cannot extract valid JSON from response: line 1 column 1 (char 0)
Raw response (7275 chars):
{
"id": "MOH_c115b4c7f7b17169",
"date_iso": "2026-06-24T00:00:00",
"full_text": "Chính quyền TPHCM vừa chấp thuận chủ trương thí điểm khám chữa bệnh bảo hiểm y tế tại nhà gắn với mô hình \"Đội chăm sóc sức khỏe liên tục gắn với địa bàn dân cư\", hướng tới quản lý sức khỏe người dân ngay tại cộng đồng.\nUBND TPHCM vừa ban hành văn bản chấp thuận chủ trương thí điểm khám bệnh, chữa bệnh bảo hiểm y tế (BHYT) tại nhà gắn với mô hình \"Đội chăm sóc sức khỏe liên tục gắn với địa bàn dân cư\" theo đề xuất của Sở Y tế TPHCM.\nTheo UBND Thành phố, Sở Y tế được giao chủ trì, phối hợp với Bảo hiểm xã hội Thành phố và các đơn vị liên quan xây dựng kế hoạch chi tiết, lựa chọn địa bàn phù hợp để triển khai thí điểm; tổ chức sơ kết sau 6 tháng, tổng kết sau 12 tháng nhằm đánh giá hiệu quả mô hình và báo cáo UBND Thành phố.\nTrên cơ sở kết quả triển khai, Sở Y tế sẽ tham mưu UBND Thành phố kiến nghị Bộ Y tế và Bảo hiểm xã hội Việt Nam hoàn thiện cơ chế, chính sách, đồng thời xem xét khả năng nhân rộng mô hình trong thời gian tới.\nBảo hiểm xã hội Thành phố được giao phối hợp cùng Sở Y tế thống nhất quy trình giám định, hồ sơ, chứng từ phục vụ thanh toán, quyết toán các chi phí thuộc phạm vi quyền lợi BHYT; đồng thời kịp thời báo cáo, đề xuất cơ quan có thẩm quyền tháo gỡ những khó khăn, vướng mắc phát sinh trong quá trình thực hiện.\nNgười dân TPHCM sẽ được theo dõi sức khỏe thường xuyên, phát hiện sớm các yếu tố nguy cơ, được tư vấn và hỗ trợ chăm sóc ngay tại cộng đồng.\nTrong khi đó, Sở Tài chính sẽ chủ trì tham mưu bố trí nguồn kinh phí bảo đảm triển khai thí điểm, bao gồm các khoản chi ngoài phạm vi thanh toán của Quỹ BHYT như hoạt động vãng gia, hậu cần, vật tư, trang thiết bị cần thiết và các chi phí phục vụ hoạt động của đội chăm sóc sức khỏe tại cộng đồng.\nUBND các phường, xã, đặc khu tham gia thí điểm có trách nhiệm lập danh sách đối tượng, xác nhận thông tin, tăng cường truyền thông, huy động các tổ chức đoàn thể, tổ dân phố, khu phố, Hội Người cao tuổi và mạng lưới cộn
... [truncated, total 7275 chars]
================================================================================

================================================================================
Article ID: MOH_ae7248efb445ca7e | Attempt: 1
Error: Cannot extract valid JSON from response: line 1 column 1 (char 0)
Raw response (7720 chars):
{
"id": "MOH_ae7248efb445ca7e",
"date_iso": "2026-06-24T00:00:00",
"full_text": "Phó Thủ tướng Phạm Thị Thanh Trà vừa ký Quyết định số 1116/QĐ-TTg của Thủ tướng Chính phủ sửa đổi, bổ sung Quyết định số 1579/QĐ-TTg phê duyệt Chương trình Chăm sóc sức khỏe người cao tuổi đến năm 2030.\nĐến năm 2030, 100% địa phương phải có bệnh viện lão khoa hoặc chuyên khoa\nTheo đó, nhiều mục tiêu của Chương trình được điều chỉnh theo hướng mở rộng phạm vi địa bàn và tăng cường các hoạt động chăm sóc người cao tuổi. Đáng chú ý, Quyết định mới sử dụng khái niệm \"chăm sóc người cao tuổi\" thay cho \"chăm sóc sức khỏe người cao tuổi\", thể hiện cách tiếp cận toàn diện hơn đối với nhóm dân số này.\nMột trong những mục tiêu quan trọng là từ năm 2026, người cao tuổi được khám sức khỏe định kỳ hoặc khám sàng lọc miễn phí ít nhất một lần mỗi năm và được lập hồ sơ theo dõi, quản lý sức khỏe. Đến năm 2030, ít nhất 90% người cao tuổi được phát hiện, điều trị và quản lý các bệnh không lây nhiễm như ung thư, tim mạch, tăng huyết áp, đái tháo đường, bệnh phổi tắc nghẽn mạn tính, sa sút trí tuệ...\nChăm sóc sức khỏe người cao tuổi.\nChương trình cũng đặt mục tiêu đến năm 2030 có 90% xã, phường, đặc khu có ít nhất một câu lạc bộ chăm sóc người cao tuổi và một đội tình nguyện viên tham gia chăm sóc sức khỏe người cao tuổi.\nBên cạnh đó, ít nhất 20% số xã, phường, đặc khu sẽ thí điểm và phát triển mô hình cơ sở chăm sóc người cao tuổi ban ngày. Toàn bộ các tỉnh, thành phố trên cả nước sẽ có cơ sở chăm sóc người cao tuổi theo hình thức xã hội hóa.\nĐặc biệt, đến năm 2030, 100% tỉnh, thành phố phải có bệnh viện lão khoa hoặc bệnh viện đa khoa có chuyên khoa lão khoa nhằm đáp ứng nhu cầu chăm sóc sức khỏe ngày càng tăng của người cao tuổi.\nXây dựng mô hình chăm sóc dài hạn, phát triển cơ sở chăm sóc ban ngày\nCùng với việc điều chỉnh các mục tiêu, Quyết định số 1116/QĐ-TTg cũng bổ sung nhiều giải pháp nhằm củng cố và phát triển hệ thống chăm sóc người cao tuổi trên phạm vi toàn quốc.\nTheo đó, Chính p
... [truncated, total 7720 chars]
================================================================================

================================================================================
Article ID: MOH_a3b69579c066e58b | Attempt: 1
Error: Cannot extract valid JSON from response: line 1 column 1 (char 0)
Raw response (11400 chars):
{
"id": "MOH_a3b69579c066e58b",
"date_iso": "2026-06-23T00:00:00",
"full_text": "Sáng ngày 22/6/2026, tại Bộ Y tế, Thứ trưởng Bộ Y tế Đỗ Xuân Tuyên trên cương vị Chủ tịch Hội đồng Quản trị Trung tâm Tuổi già Năng động và Sáng tạo ASEAN (ACAI) đã tiếp và làm việc với ông Somsak Akksilp, Giám đốc Điều hành ACAI về điều hành ACAI trong nhiệm kỳ 2026-2028.\nThứ trưởng Bộ Y tế Đỗ Xuân Tuyên tiếp và làm việc với Giám đốc Điều hành Trung tâm Tuổi già Năng động và Sáng tạo ASEAN (ACAI)\nTham dự buổi làm việc của Thứ trưởng với đoàn công tác ACAI có đại diện lãnh đạo Cục Dân số, Cục Phòng bệnh, Vụ Hợp tác quốc tế.\nThứ trưởng Bộ Y tế Đỗ Xuân Tuyên phát biểu chào mừng\nThứ trưởng Bộ Y tế Đỗ Xuân Tuyên chào mừng Tiến sĩ Somsak Akksilp cùng Đoàn công tác của Trung tâm Tuổi già Năng động và Sáng tạo ASEAN (ACAI) đến thăm và làm việc với Bộ Y tế Việt Nam. Đồng thời, đánh giá cao chuyến công tác của Đoàn lần này trong bối cảnh các quốc gia ASEAN đang cùng nhau đối mặt với những biến đổi sâu sắc về cơ cấu dân số và tìm kiếm những giải pháp hiệu quả nhằm bảo đảm người dân không chỉ sống lâu hơn mà còn sống khỏe mạnh hơn, năng động hơn, hạnh phúc hơn.\nThứ trưởng Bộ Y tế ghi nhận những đóng góp quan trọng của ACAI trong thời gian qua đối với việc thúc đẩy nghiên cứu, đổi mới sáng tạo, chia sẻ tri thức và hỗ trợ xây dựng chính sách về già hóa dân số trong khu vực ASEAN. Những sáng kiến của ACAI đã và đang góp phần quan trọng vào việc xây dựng một cộng đồng ASEAN bao trùm, lấy người dân làm trung tâm và không để ai bị bỏ lại phía sau, Thứ trưởng Đỗ Xuân Tuyên nhấn mạnh và bày tỏ vui mừng khi cá nhân Thứ trưởng đại diện Bộ Y tế Việt Nam được tín nhiệm đảm nhiệm vai trò Chủ tịch Hội đồng quản trị ACAI nhiệm kỳ 2026-2028.\nThứ trưởng Bộ Y tế Đỗ Xuân Tuyên khẳng định, Quan điểm nhất quán của Đảng và Nhà nước Việt Nam trong thích ứng với già hóa dân số\nPhát biểu tại buổi làm việc, Thứ trưởng Đỗ Xuân Tuyên khẳng định, Quan điểm nhất quán của Đảng và Nhà nước Việt Nam là thích ứng với già hó
... [truncated, total 11400 chars]
================================================================================

================================================================================
Article ID: MOH_1c154d4dd8f5cd3c | Attempt: 1
Error: Cannot extract valid JSON from response: line 1 column 1 (char 0)
Raw response (11140 chars):
{
"id": "MOH_1c154d4dd8f5cd3c",
"date_iso": "2026-06-23T00:00:00",
"full_text": "Từ trí tuệ nhân tạo hỗ trợ chẩn đoán và can thiệp, thay van tim qua đường ống thông, điều trị bệnh tim cấu trúc đến y học cá thể hóa, chuyên ngành tim mạch đang chứng kiến những bước tiến mang tính cách mạng.\nHội nghị Khoa học Quốc tế thường niên Viện Tim mạch Việt Nam - Bệnh viện Bạch Mai năm 2026 chính thức khai mạc với chủ đề “Tiên phong Công nghệ - Đột phá lâm sàng - Khởi tạo kỉ nguyên Tim mạch mới”. Sự kiện quy tụ hàng trăm chuyên gia, bác sĩ trong nước và quốc tế, cập nhật những thành tựu tiên tiến nhất của tim mạch hiện đại, từ trí tuệ nhân tạo, can thiệp tim cấu trúc đến y học cá thể hóa.\nPhát biểu khai mạc hội nghị ngày 20/6, GS.TS Trần Văn Thuấn, Thứ trưởng Bộ Y tế, đánh giá chủ đề hội nghị năm nay “rất đúng, rất trúng và rất giàu cảm hứng” trong bối cảnh tim mạch thế giới đang chứng kiến những bước tiến mạnh mẽ về kĩ thuật.\nTheo Thứ trưởng Bộ Y tế, thực tiễn tại Việt Nam đang đòi hỏi ngành tim mạch phải chuyển mạnh từ điều trị từng biến cố sang quản lí toàn diện người bệnh; từ xử trí bệnh khi đã xuất hiện biến chứng sang dự báo và dự phòng nguy cơ; đồng thời xây dựng mạng lưới chăm sóc tim mạch liên thông, chuẩn hóa và công bằng hơn.\nGS.TS Trần Văn Thuấn, Thứ trưởng Bộ Y tế phát biểu khai mạc.\nPGS.TS. Đào Xuân Cơ – Giám đốc Bệnh viện Bạch Mai nhấn mạnh, Bệnh viện Bạch Mai xác định trách nhiệm không chỉ là điều trị những ca bệnh khó nhất mà còn phải dẫn dắt sự phát triển của các chuyên ngành mũi nhọn, trong đó tim mạch là một lĩnh vực chiến lược. Những thành tựu vượt bậc trong năm 2025 với hơn 14.000 ca can thiệp tim mạch và trên 1.400 ca phẫu thuật tim kĩ thuật cao như TAVI, MitraClip, triệt đốt rung nhĩ bằng năng lượng xung điện trường... đã phản ánh năng lực và khát vọng chinh phục các đỉnh cao khoa học của đội ngũ thầy thuốc Bạch Mai.\nĐặc biệt, Giám đốc Bệnh viện Bạch Mai cũng chia sẻ về bước đi chiến lược tiếp theo nhằm hiện thực hóa mục tiêu đưa dịch vụ y tế kĩ thu
... [truncated, total 11140 chars]
================================================================================

================================================================================
Article ID: MOH_1c154d4dd8f5cd3c | Attempt: 2
Error: Cannot extract valid JSON from response: line 1 column 1 (char 0)
Raw response (10474 chars):
{
"id": "MOH_1c154d4dd8f5cd3c",
"date_iso": "2026-06-23T00:00:00",
"full_text": "Từ trí tuệ nhân tạo hỗ trợ chẩn đoán và can thiệp, thay van tim qua đường ống thông, điều trị bệnh tim cấu trúc đến y học cá thể hóa, chuyên ngành tim mạch đang chứng kiến những bước tiến mang tính cách mạng.\nHội nghị Khoa học Quốc tế thường niên Viện Tim mạch Việt Nam - Bệnh viện Bạch Mai năm 2026 chính thức khai mạc với chủ đề “Tiên phong Công nghệ - Đột phá lâm sàng - Khởi tạo kỉ nguyên Tim mạch mới”. Sự kiện quy tụ hàng trăm chuyên gia, bác sĩ trong nước và quốc tế, cập nhật những thành tựu tiên tiến nhất của tim mạch hiện đại, từ trí tuệ nhân tạo, can thiệp tim cấu trúc đến y học cá thể hóa.\nPhát biểu khai mạc hội nghị ngày 20/6, GS.TS Trần Văn Thuấn, Thứ trưởng Bộ Y tế, đánh giá chủ đề hội nghị năm nay “rất đúng, rất trúng và rất giàu cảm hứng” trong bối cảnh tim mạch thế giới đang chứng kiến những bước tiến mạnh mẽ về kĩ thuật.\nTheo Thứ trưởng Bộ Y tế, thực tiễn tại Việt Nam đang đòi hỏi ngành tim mạch phải chuyển mạnh từ điều trị từng biến cố sang quản lí toàn diện người bệnh; từ xử trí bệnh khi đã xuất hiện biến chứng sang dự báo và dự phòng nguy cơ; đồng thời xây dựng mạng lưới chăm sóc tim mạch liên thông, chuẩn hóa và công bằng hơn.\nGS.TS Trần Văn Thuấn, Thứ trưởng Bộ Y tế phát biểu khai mạc.\nPGS.TS. Đào Xuân Cơ – Giám đốc Bệnh viện Bạch Mai nhấn mạnh, Bệnh viện Bạch Mai xác định trách nhiệm không chỉ là điều trị những ca bệnh khó nhất mà còn phải dẫn dắt sự phát triển của các chuyên ngành mũi nhọn, trong đó tim mạch là một lĩnh vực chiến lược. Những thành tựu vượt bậc trong năm 2025 với hơn 14.000 ca can thiệp tim mạch và trên 1.400 ca phẫu thuật tim kĩ thuật cao như TAVI, MitraClip, triệt đốt rung nhĩ bằng năng lượng xung điện trường... đã phản ánh năng lực và khát vọng chinh phục các đỉnh cao khoa học của đội ngũ thầy thuốc Bạch Mai.\nĐặc biệt, Giám đốc Bệnh viện Bạch Mai cũng chia sẻ về bước đi chiến lược tiếp theo nhằm hiện thực hóa mục tiêu đưa dịch vụ y tế kĩ thu
... [truncated, total 10474 chars]
================================================================================

================================================================================
Article ID: MOH_e63a835869670287 | Attempt: 1
Error: Cannot extract valid JSON from response: line 1 column 1 (char 0)
Raw response (12655 chars):
{
"id": "MOH_e63a835869670287",
"date_iso": "2026-06-23T00:00:00",
"full_text": "Công tác bảo vệ, chăm sóc sức khỏe cán bộ Trung ương ở phía Nam được triển khai ngày càng bài bản, chuyên nghiệp. Tuy nhiên, trước yêu cầu mới, hệ thống này cần tiếp tục được đầu tư nhiều lĩnh vực nhằm đáp ứng tốt hơn nhiệm vụ đặc biệt quan trọng được Đảng, Nhà nước giao phó.\nCông tác bảo vệ, chăm sóc sức khỏe cán bộ luôn được xác định là nhiệm vụ chính trị đặc biệt quan trọng của ngành y tế.\nTại khu vực phía Nam, hai đơn vị nòng cốt đảm nhiệm nhiệm vụ này là Bệnh viện Thống Nhất đối với khối cán bộ dân sự và Bệnh viện Quân y 175 đối với khối cán bộ quân đội.\nTrong chuyến làm việc mới đây với hai bệnh viện trên, Ủy viên Dự khuyết Ban Chấp hành Trung ương Đảng, Thứ trưởng Thường trực Bộ Y tế Vũ Mạnh Hà - Chủ tịch Hội đồng chuyên môn bảo vệ sức khỏe cán bộ Trung ương - đã ghi nhận những kết quả đạt được, đồng thời chỉ ra nhiều nhiệm vụ trọng tâm cần tiếp tục tập trung thực hiện nhằm nâng cao hơn nữa chất lượng công tác bảo vệ, chăm sóc sức khỏe cán bộ trong giai đoạn mới.\nXây dựng mạng lưới bảo vệ sức khỏe cán bộ ngày càng chuyên nghiệp\nBáo cáo tại buổi làm việc, lãnh đạo Bệnh viện Thống Nhất cho biết, đơn vị hiện là cơ sở đầu ngành về bảo vệ, chăm sóc sức khỏe cán bộ khu vực phía Nam, phụ trách chuyên môn đối với 12 tỉnh, thành phố thuộc khu vực Nam Bộ và Tây Nguyên.\nTheo PGS.TS.BS Lê Đình Thanh - Giám đốc Bệnh viện Thống Nhất, đồng thời là Phó Chủ tịch thường trực Hội đồng chuyên môn bảo vệ sức khỏe cán bộ miền Nam, công tác khám sức khỏe định kỳ, quản lý sức khỏe, phát hiện sớm bệnh lý và điều trị cho cán bộ được triển khai đồng bộ, chặt chẽ.\nThứ trưởng Vũ Mạnh Hà cùng lãnh đạo Bệnh viện Thống Nhất và các thành viên đoàn công tác thăm khu vực điều trị cán bộ miền Nam.\nKhông chỉ thực hiện nhiệm vụ tại bệnh viện, các chuyên gia còn thường xuyên hỗ trợ chuyên môn cho các địa phương trong công tác khám sức khỏe, kết luận sức khỏe và xử lý các trường hợp bệnh lý phức tạp. Nhiều trườ
... [truncated, total 12655 chars]
================================================================================

================================================================================
Article ID: MOH_e63a835869670287 | Attempt: 2
Error: Cannot extract valid JSON from response: line 1 column 1 (char 0)
Raw response (12303 chars):
{
"id": "MOH_e63a835869670287",
"date_iso": "2026-06-23T00:00:00",
"full_text": "Công tác bảo vệ, chăm sóc sức khỏe cán bộ Trung ương ở phía Nam được triển khai ngày càng bài bản, chuyên nghiệp. Tuy nhiên, trước yêu cầu mới, hệ thống này cần tiếp tục được đầu tư nhiều lĩnh vực nhằm đáp ứng tốt hơn nhiệm vụ đặc biệt quan trọng được Đảng, Nhà nước giao phó.\nCông tác bảo vệ, chăm sóc sức khỏe cán bộ luôn được xác định là nhiệm vụ chính trị đặc biệt quan trọng của ngành y tế.\nTại khu vực phía Nam, hai đơn vị nòng cốt đảm nhiệm nhiệm vụ này là Bệnh viện Thống Nhất đối với khối cán bộ dân sự và Bệnh viện Quân y 175 đối với khối cán bộ quân đội.\nTrong chuyến làm việc mới đây với hai bệnh viện trên, Ủy viên Dự khuyết Ban Chấp hành Trung ương Đảng, Thứ trưởng Thường trực Bộ Y tế Vũ Mạnh Hà - Chủ tịch Hội đồng chuyên môn bảo vệ sức khỏe cán bộ Trung ương - đã ghi nhận những kết quả đạt được, đồng thời chỉ ra nhiều nhiệm vụ trọng tâm cần tiếp tục tập trung thực hiện nhằm nâng cao hơn nữa chất lượng công tác bảo vệ, chăm sóc sức khỏe cán bộ trong giai đoạn mới.\nXây dựng mạng lưới bảo vệ sức khỏe cán bộ ngày càng chuyên nghiệp\nBáo cáo tại buổi làm việc, lãnh đạo Bệnh viện Thống Nhất cho biết, đơn vị hiện là cơ sở đầu ngành về bảo vệ, chăm sóc sức khỏe cán bộ khu vực phía Nam, phụ trách chuyên môn đối với 12 tỉnh, thành phố thuộc khu vực Nam Bộ và Tây Nguyên.\nTheo PGS.TS.BS Lê Đình Thanh - Giám đốc Bệnh viện Thống Nhất, đồng thời là Phó Chủ tịch thường trực Hội đồng chuyên môn bảo vệ sức khỏe cán bộ miền Nam, công tác khám sức khỏe định kỳ, quản lý sức khỏe, phát hiện sớm bệnh lý và điều trị cho cán bộ được triển khai đồng bộ, chặt chẽ.\nThứ trưởng Vũ Mạnh Hà cùng lãnh đạo Bệnh viện Thống Nhất và các thành viên đoàn công tác thăm khu vực điều trị cán bộ miền Nam.\nKhông chỉ thực hiện nhiệm vụ tại bệnh viện, các chuyên gia còn thường xuyên hỗ trợ chuyên môn cho các địa phương trong công tác khám sức khỏe, kết luận sức khỏe và xử lý các trường hợp bệnh lý phức tạp. Nhiều trườ
... [truncated, total 12303 chars]
================================================================================

================================================================================
Article ID: MOH_983428881fca5307 | Attempt: 1
Error: Cannot extract valid JSON from response: line 1 column 1 (char 0)
Raw response (12295 chars):
{
"id": "MOH_983428881fca5307",
"date_iso": "2026-06-23T00:00:00",
"full_text": "Bệnh viện Bạch Mai cơ sở Ninh Bình đã sẵn sàng đón tiếp người dân. 1.300 Giáo sư, Phó Giáo sư, Tiến sĩ, Bác sĩ, Điều dưỡng, Kỹ thuật viên, Dược sĩ và cán bộ quản lý đã được đào tạo, bố trí và phân công nhiệm vụ cụ thể. Giám đốc Bệnh viện Bạch Mai sẽ trực tiếp làm việc định kỳ tại cơ sở Ninh Bình hàng tuần.\nCơ sở vật chất, trang thiết bị hiện đại, đồng bộ tại Bệnh viện Bạch Mai cơ sở Ninh Bình đã sẵn sàng\nPGS.TS Đào Xuân Cơ, Giám đốc Bệnh viện Bạch Mai khẳng định, hai cơ sở của Bệnh viện Bạch Mai hoạt động cùng chất lượng chuyên môn, cùng văn hóa phục vụ và cùng tiêu chuẩn quản trị - Ảnh: VGP\nPGS.TS Đào Xuân Cơ, Giám đốc Bệnh viện Bạch Mai chia sẻ, đến thời điểm hiện nay, công tác chuẩn bị để đưa Bệnh viện Bạch Mai cơ sở Ninh Bình đi vào hoạt động chính thức từ ngày 26/6 tới, đã được triển khai toàn diện, bài bản, khoa học và với tinh thần trách nhiệm rất cao.\nTrong hơn một năm qua, tập thể lãnh đạo, cán bộ, viên chức và người lao động Bệnh viện Bạch Mai đã tập trung mọi nguồn lực để chuẩn bị. 1.300 Giáo sư, Phó Giáo sư, Tiến sĩ, Bác sĩ, Điều dưỡng, Kỹ thuật viên, Dược sĩ và cán bộ quản lý đã được đào tạo, bố trí và phân công nhiệm vụ cụ thể tại cơ sở Ninh Bình.\nVề cơ sở vật chất, cơ sở ở Ninh Bình là một trong những bệnh viện hiện đại nhất hiện nay với hệ thống hạ tầng đồng bộ, khang trang, hiện đại; các hệ thống phòng mổ, hồi sức tích cực, chẩn đoán hình ảnh, xét nghiệm, cấp cứu và điều trị được đầu tư theo tiêu chuẩn tiên tiến.\nVề trang thiết bị, cơ sở Ninh Bình được trang bị hệ thống máy móc hiện đại, đồng bộ với cơ sở Hà Nội, cho phép triển khai các kỹ thuật chuyên sâu ngang tầm các trung tâm y khoa lớn trong khu vực.\nCơ sở vật chất, trang thiết bị hiện đại, đồng bộ tại Bệnh viện Bạch Mai cơ sở Ninh Bình đã sẵn sàng phục vụ người dân - Ảnh: VGP/Thế Anh\nHai cơ sở của Bệnh viện Bạch Mai chung một hệ thống chuyên môn, quy trình chất lượng\nGiám đốc Bệnh viện Bạch Mai nhấn mạnh,
... [truncated, total 12295 chars]
================================================================================

================================================================================
Article ID: MOH_8e027b8ce9a5fc4f | Attempt: 1
Error: Cannot extract valid JSON from response: line 1 column 1 (char 0)
Raw response (9144 chars):
{
"id": "MOH_8e027b8ce9a5fc4f",
"date_iso": "2026-06-22T00:00:00",
"full_text": "Từ các giải pháp chăm sóc da dựa trên bằng chứng khoa học đến những tiến bộ trong điều trị nám và da nhạy cảm, các chuyên gia trong nước và quốc tế đã cùng chia sẻ nhiều xu hướng mới tại hội thảo khoa học chuyên đề về đột phá mới trong da liễu thẩm mỹ, từ chăm sóc da đến điều trị chuyên sâu...\nĐiểm nhấn của hội thảo là cách tiếp cận toàn diện, cá thể hóa và lấy sức khỏe làn da lâu dài làm mục tiêu trung tâm trong kỷ nguyên mới của da liễu thẩm mỹ.\nĐây là diễn đàn học thuật uy tín nhằm cập nhật các tiến bộ mới trong chăm sóc sức khỏe làn da, chia sẻ kinh nghiệm thực hành lâm sàng và trao đổi về các xu hướng điều trị hiện đại dựa trên nền tảng khoa học.\nSự kiện do Bệnh viện Da liễu Trung ương phối hợp với Obagi Medical tổ chức hôm nay - 21/6, thu hút hơn 200 đại biểu tham dự, trong đó nhiều chuyên gia, bác sĩ da liễu hàng đầu trong nước và quốc tế.\nHội thảo có phần trình bày của các chuyên gia hàng đầu. Nhu cầu chăm sóc da ngày càng tăng, đòi hỏi cách tiếp cận toàn diện\nThay đổi lối sống, yếu tố quan trọng để kiểm soát sắc tố da, phục hồi hàng rào bảo vệ da\nTại hội thảo, TS.BS Vũ Nguyệt Minh, Giám đốc Trung tâm Thử nghiệm lâm sàng, Bệnh viện Da liễu Trung ương, đã trình bày tham luận với chủ đề \"Kỷ nguyên Longevity trong Da liễu thẩm mỹ\".\nTheo TS Minh, một trong những xu hướng nổi bật hiện nay là ứng dụng các giải pháp dược mỹ phẩm được phát triển trên cơ sở nghiên cứu khoa học và bằng chứng lâm sàng nhằm duy trì sức khỏe làn da lâu dài, đồng thời bảo đảm tính an toàn cho người sử dụng.\nKhái niệm \"Longevity\" không chỉ hướng tới việc cải thiện vẻ ngoài mà còn tập trung bảo tồn chức năng sinh lý của làn da, làm chậm quá trình lão hóa và nâng cao chất lượng sống cho người dân.\nTừ góc nhìn quốc tế, BS Brian P. Hibler đã chia sẻ về tương lai chăm sóc sức khỏe làn da ở người châu Á. Theo ông, việc kiểm soát sắc tố da, phục hồi hàng rào bảo vệ da và tối ưu hiệu quả điều trị cần được
... [truncated, total 9144 chars]
================================================================================

================================================================================
Article ID: MOH_8e027b8ce9a5fc4f | Attempt: 2
Error: Cannot extract valid JSON from response: line 1 column 1 (char 0)
Raw response (9267 chars):
{
"id": "MOH_8e027b8ce9a5fc4f",
"date_iso": "2026-06-22T00:00:00",
"full_text": "Từ các giải pháp chăm sóc da dựa trên bằng chứng khoa học đến những tiến bộ trong điều trị nám và da nhạy cảm, các chuyên gia trong nước và quốc tế đã cùng chia sẻ nhiều xu hướng mới tại hội thảo khoa học chuyên đề về đột phá mới trong da liễu thẩm mỹ, từ chăm sóc da đến điều trị chuyên sâu...\nĐiểm nhấn của hội thảo là cách tiếp cận toàn diện, cá thể hóa và lấy sức khỏe làn da lâu dài làm mục tiêu trung tâm trong kỷ nguyên mới của da liễu thẩm mỹ.\nĐây là diễn đàn học thuật uy tín nhằm cập nhật các tiến bộ mới trong chăm sóc sức khỏe làn da, chia sẻ kinh nghiệm thực hành lâm sàng và trao đổi về các xu hướng điều trị hiện đại dựa trên nền tảng khoa học.\nSự kiện do Bệnh viện Da liễu Trung ương phối hợp với Obagi Medical tổ chức hôm nay - 21/6, thu hút hơn 200 đại biểu tham dự, trong đó nhiều chuyên gia, bác sĩ da liễu hàng đầu trong nước và quốc tế.\nHội thảo có phần trình bày của các chuyên gia hàng đầu. Nhu cầu chăm sóc da ngày càng tăng, đòi hỏi cách tiếp cận toàn diện\nThay đổi lối sống, yếu tố quan trọng để kiểm soát sắc tố da, phục hồi hàng rào bảo vệ da\nTại hội thảo, TS.BS Vũ Nguyệt Minh, Giám đốc Trung tâm Thử nghiệm lâm sàng, Bệnh viện Da liễu Trung ương, đã trình bày tham luận với chủ đề \"Kỷ nguyên Longevity trong Da liễu thẩm mỹ\".\nTheo TS Minh, một trong những xu hướng nổi bật hiện nay là ứng dụng các giải pháp dược mỹ phẩm được phát triển trên cơ sở nghiên cứu khoa học và bằng chứng lâm sàng nhằm duy trì sức khỏe làn da lâu dài, đồng thời bảo đảm tính an toàn cho người sử dụng.\nKhái niệm \"Longevity\" không chỉ hướng tới việc cải thiện vẻ ngoài mà còn tập trung bảo tồn chức năng sinh lý của làn da, làm chậm quá trình lão hóa và nâng cao chất lượng sống cho người dân.\nTừ góc nhìn quốc tế, BS Brian P. Hibler đã chia sẻ về tương lai chăm sóc sức khỏe làn da ở người châu Á. Theo ông, việc kiểm soát sắc tố da, phục hồi hàng rào bảo vệ da và tối ưu hiệu quả điều trị cần được
... [truncated, total 9267 chars]
================================================================================

================================================================================
Article ID: MOH_889d77fb01448435 | Attempt: 1
Error: Cannot extract valid JSON from response: line 1 column 1 (char 0)
Raw response (6934 chars):
{
"id": "MOH_889d77fb01448435",
"date_iso": "2026-06-21T00:00:00",
"full_text": "Các bác sĩ Bệnh viện Đa khoa thành phố Cần Thơ thông tin, thời gian gần đây ghi nhận xu hướng gia tăng các trường hợp thủy đậu ở người trưởng thành, diễn tiến nặng.\nBệnh thường có nguy cơ cao ở người suy giảm miễn dịch, phụ nữ mang thai và trẻ sơ sinh, song cũng có thể gây biến chứng nghiêm trọng ở những người trước đó hoàn toàn khỏe mạnh. Đây là bệnh truyền nhiễm cấp tính do virus Varicella-Zoster gây ra. Phần lớn các trường hợp diễn biến lành tính, nhưng nếu không được phát hiện và điều trị kịp thời, bệnh có thể gây nhiều biến chứng nguy hiểm như viêm phổi, viêm cơ tim, viêm não - màng não, viêm tủy sống hoặc suy đa cơ quan, thậm chí dẫn đến tử vong.\nSức khỏe bệnh nhân nguy kịch khi nhập viện. Ảnh: TTXVN phát\nBác sĩ khuyến cáo người dân không nên chủ quan khi mắc thủy đậu, đặc biệt ở người trưởng thành. Khi xuất hiện các triệu chứng bất thường như sốt cao kéo dài, khó thở, mệt nhiều, rối loạn ý thức hoặc tổn thương da lan rộng, cần đến cơ sở y tế để được thăm khám và điều trị kịp thời. Tiêm vaccine phòng thủy đậu vẫn là biện pháp hiệu quả nhất giúp giảm nguy cơ mắc bệnh và hạn chế các biến chứng nặng.\nBệnh viện Đa khoa thành phố Cần Thơ vừa điều trị thành công một trường hợp mắc thủy đậu diễn tiến nặng với nhiều biến chứng nguy hiểm như viêm phổi cấp, hội chứng suy hô hấp cấp tiến triển (ARDS) mức độ nặng, viêm gan và rối loạn đông máu.\nBệnh nhân là anh Phạm Hữu Ph. (32 tuổi, ngụ tỉnh Vĩnh Long). Bệnh nhân mắc thủy đậu khoảng một tuần sau khi vợ và các con trong gia đình nhiễm bệnh. Trước đó, anh chưa từng mắc thủy đậu và cũng chưa được tiêm vaccine phòng bệnh.\nTrong 3 ngày đầu khởi phát bệnh, bệnh nhân xuất hiện nhiều bóng nước trên toàn thân, cơ thể mệt mỏi nhưng không sốt. Dù đã điều trị tại cơ sở y tế tư nhân nhưng tình trạng bệnh nhân không cải thiện. Đến ngày thứ 4, bệnh nhân nhập viện trong tình trạng nổi bóng nước dày đặc toàn thân, nhiều tổn thương đã hóa mủ, kèm loét n
... [truncated, total 6934 chars]
================================================================================

================================================================================
Article ID: MOH_ab7a3e74f8e7cbda | Attempt: 1
Error: Cannot extract valid JSON from response: line 1 column 1 (char 0)
Raw response (9837 chars):
{
"id": "MOH_ab7a3e74f8e7cbda",
"date_iso": "2026-06-20T00:00:00",
"full_text": "Phó Thủ tướng Lê Tiến Châu ký Quyết định số 1096/QĐ-TTg ngày 19/6/2026 phê duyệt Đề án phát triển Bệnh viện Trường Đại học Y - Dược Huế thuộc Trường Đại học Y - Dược Huế, Đại học Huế đạt chuẩn các bệnh viện tiên tiến khu vực Đông Nam Á, tiến tới đạt chuẩn quốc tế (Đề án).\nPhát triển Bệnh viện Trường Đại học Y - Dược Huế thuộc Trường Đại học Y - Dược Huế, Đại học Huế đạt chuẩn các bệnh viện tiên tiến khu vực Đông Nam Á, tiến tới đạt chuẩn quốc tế\nMục tiêu của Đề án là xây dựng Bệnh viện Trường Đạihọc Y - Dược Huế theo mô hình \"Trường - Viện\" thành bệnh viện chuyên sâu, kỹ thuật cao, tiên tiến, hiện đại, đạt chuẩn bệnh viện tiên tiến khu vực Đông Nam Á năm 2030 và tiến tới đạt chuẩn quốc tế năm 2045.\nMục tiêu cụ thể giai đoạn 2026 - 2030, quy mô bệnh viện đạt trên 800 giường bệnh, hoạt động theo mô hình \"Trường - Viện\"; phấn đấu đạt mức cao nhất theo Bộ tiêu chí chất lượng bệnh viện của Bộ Y tế, đạt chất lượng bệnh viện cấp quốc gia và được kiểm định đạt tiêu chuẩn cấp khu vực.\n100% đơn vị chuyên môn của Bệnh viện được trang bị đầy đủ thiết bị tiên tiến, chuyên ngành và chuyên sâu theo tiêu chuẩn, định mức được phê duyệt. Phấn đấu tỷ lệ đồng biên chế đạt 30%, bảo đảm hài hòa giữa đào tạo, nghiên cứu khoa học và khám bệnh, chữa bệnh.\nÍt nhất 75% tổng số các danh mục kỹ thuật trong khám bệnh, chữa bệnh được phê duyệt; đạt tiêu chí bệnh viện thông minh; 100% hoạt động quản lý vận hành và chuyên môn nghiệp vụ được thực hiện trên nền tảng công nghệ số.\nTầm nhìn đến năm 2045, quy mô bệnh viện đạt trên 1.000 giường bệnh, đầy đủ các chuyên khoa hiện đại ngang tầm với các nước tiên tiến và đạt tiêu chuẩn quốc tế; phấn đấu bảo đảm chi thường xuyên và chi đầu tư sau năm 2035.\nĐầu tư đồng bộ các khối công trình của bệnh viện theo hướng xanh, sạch, thuận tiện\nĐể đạt được các mục tiêu trên, một trong những nhiệm vụ và giải pháp Đề án đặt ra là mở rộng quy mô, đầu tư cơ sở vật chất, trang th
... [truncated, total 9837 chars]
================================================================================

================================================================================
Article ID: MOH_8a1254615f8394e3 | Attempt: 1
Error: Cannot extract valid JSON from response: line 1 column 1 (char 0)
Raw response (9815 chars):
{
"id": "MOH_8a1254615f8394e3",
"date_iso": "2026-06-20T00:00:00",
"full_text": "Ghi nhận những kết quả nổi bật của Bệnh viện Thống Nhất, Thứ trưởng Thường trực Bộ Y tế Vũ Mạnh Hà cho biết Bộ Y tế sẽ tiếp tục tham mưu hoàn thiện cơ chế, chính sách nhằm nâng cao năng lực của hệ thống bảo vệ và chăm sóc sức khỏe cán bộ trong thời gian tới.\nChiều 18/6, đoàn công tác Bộ Y tế do Ủy viên dự khuyết Trung ương Đảng, Thứ trưởng thường trực Vũ Mạnh Hà dẫn đầu đã có buổi thăm và làm việc với Bệnh viện Thống Nhất (TPHCM) về công tác bảo vệ, chăm sóc sức khỏe cán bộ Trung ương.\nTham dự buổi làm việc có lãnh đạo Văn phòng và một số Vụ, Cục thuộc Bộ Y tế cùng đại diện Ban Giám đốc, các đơn vị chuyên môn của Bệnh viện Thống Nhất.\nTại buổi làm việc, lãnh đạo Bệnh viện Thống Nhất đã báo cáo kết quả hoạt động chuyên môn, công tác bảo vệ, chăm sóc sức khỏe cán bộ và những định hướng phát triển của bệnh viện trong thời gian tới.\nỦy viên Dự khuyết Ban Chấp hành Trung ương Đảng, Thứ trưởng Thường trực Bộ Y tế Vũ Mạnh Hà thăm bệnh nhân và kiểm tra cơ sở vật chất tại Khu Điều trị cán bộ cấp cao của Bệnh viện Thống Nhất.\nĐẩy mạnh phát triển kỹ thuật cao\nTheo báo cáo, Bệnh viện Thống Nhất hiện có hơn 1.400 cán bộ, nhân viên y tế với hệ thống hơn 50 khoa, phòng và nhiều trung tâm chuyên sâu. Những năm gần đây, bệnh viện tập trung đầu tư phát triển theo định hướng trở thành bệnh viện lão khoa toàn diện, chuyên sâu, kỹ thuật cao của khu vực phía Nam.\nNhiều kỹ thuật hiện đại đã được triển khai thường quy trong các lĩnh vực tim mạch, thần kinh, hồi sức cấp cứu, ghép tạng và can thiệp chuyên sâu. Một số kỹ thuật mới như triệt đốt rung nhĩ bằng xung điện, cấy máy tạo nhịp không dây, thay van động mạch chủ qua da, can thiệp mạch vành phức tạp, can thiệp mạch não… đã được ứng dụng hiệu quả trong điều trị người bệnh.\nBệnh viện cũng xây dựng và phát triển nhiều trung tâm chuyên sâu như Trung tâm Tim mạch người cao tuổi, Trung tâm Đột quỵ, Trung tâm Y học tái tạo và phục hồi...\nPGS.TS.BS Lê Đình
... [truncated, total 9815 chars]
================================================================================

================================================================================
Article ID: MOH_4fcf07f8c1a9ee7c | Attempt: 1
Error: Cannot extract valid JSON from response: line 1 column 1 (char 0)
Raw response (12352 chars):
{
"id": "MOH_4fcf07f8c1a9ee7c",
"date_iso": "2026-06-19T00:00:00",
"full_text": "Ngày 18/6/2026, tại Hà Nội, PGS.TS Nguyễn Tri Thức, Thứ trưởng Bộ Y tế dự và phát biểu tại hội thảo quốc tế với chủ đề: “Chuyển đổi số y tế và xây dựng bệnh viện thông minh: Kinh nghiệm quốc tế và triển khai tại Việt Nam”.\nToàn cảnh hội thảo\nSự kiện do Hội Tin học Y tế Việt Nam phối hợp cùng Báo Sức khỏe và Đời sống và Công ty TPP (Vương quốc Anh) tổ chức, là diễn đàn chuyên sâu thảo luận về lộ trình phát triển hệ thống y tế hiện đại, thông minh và lấy người bệnh làm trung tâm.\nHội thảo có sự tham dự của Phó Đại sứ quán Anh tại Việt Nam Alex Strugnell, đông đảo các nhà hoạch định chính sách, lãnh đạo Bộ Y tế, đại diện các Sở Y tế, bệnh viện, cùng các chuyên gia công nghệ và y tế hàng đầu trong nước và quốc tế\nChuyển đổi số: Yêu cầu tất yếu của y tế hiện đại\nPGS.TS Nguyễn Tri Thức, Thứ trưởng Bộ Y tế phát biểu khai mạc\nPhát biểu khai mạc hội thảo, PGS.TS Nguyễn Tri Thức, Thứ trưởng Bộ Y tế thông tin, những năm qua, ngành Y tế đã đạt được nhiều kết quả tích cực trong công cuộc chuyển đổi số. Đến nay, cơ bản xây dựng được nền tảng thể chế, cơ sở pháp lý và các điều kiện cần thiết để thúc đẩy quá trình chuyển đổi số trên toàn ngành. “Có thể nói, đường băng cho chuyển đổi số đã được hình thành khá đầy đủ; việc tăng tốc nhanh đến đâu phụ thuộc vào quyết tâm và nỗ lực của mỗi đơn vị, mỗi địa phương và toàn ngành”, Thứ trưởng nhấn mạnh và chia sẻ thêm: Tuy nhiên, bên cạnh những thành tựu đã đạt được, ngành Y tế vẫn đang đối mặt với không ít khó khăn, thách thức. Trước hết là sự thiếu đồng bộ trong đầu tư và triển khai chuyển đổi số giữa các cơ sở y tế. Thứ hai, hạ tầng công nghệ thông tin của ngành vẫn còn nhiều hạn chế, chưa đáp ứng đầy đủ yêu cầu phát triển trong giai đoạn mới. Đặc biệt, vấn đề an toàn thông tin và bảo mật dữ liệu y tế vẫn là một thách thức lớn, nhất là trong bối cảnh các mô hình y tế số, bệnh viện thông minh và hồ sơ sức khỏe điện tử ngày càng được triển khai rộng rãi.
... [truncated, total 12352 chars]
================================================================================

================================================================================
Article ID: MOH_9edbabe9d2c7da67 | Attempt: 1
Error: Cannot extract valid JSON from response: line 1 column 1 (char 0)
Raw response (8818 chars):
{
"id": "MOH_9edbabe9d2c7da67",
"date_iso": "2026-06-19T00:00:00",
"full_text": "Chiều ngày 18/6/2026, tại trụ sở Bộ Y tế, Thứ trưởng Bộ Y tế Đỗ Xuân Tuyên chủ trì cuộc họp Tổ soạn thảo rà soát, kiểm đếm tiến độ xây dựng dự thảo Thông tư thay thế Thông tư số 34/2019/TT-BYT ngày 30/12/2019 quy định về tổ chức hoạt động Ban quân dân y các cấp và cơ sở khám bệnh, chữa bệnh kết hợp quân dân y.\nThứ trưởng Bộ Y tế Đỗ Xuân Tuyên chủ trì cuộc họp\nThực hiện Kế hoạch số 234/KH-BYT ngày 4/2/2026 và Quyết định số 924/QĐ-BYT ngày 08/4/2026 của Bộ Y tế, Tổ soạn thảo và nhóm biên tập đã triển khai các nội dung theo trình tự luật định. Bộ Y tế đã ban hành Công văn số 3943/BYT-KHTC về việc xin góp ý dự thảo Thông tư quy định về tổ chức hoạt động Ban quân dân y các cấp và cơ sở khám bệnh, chữa bệnh kết hợp quân dân y. Đến ngày 15/6/2026, đơn vị đầu mối đã nhận được 17 ý kiến góp ý từ các đơn vị, Bộ, ngành và địa phương xung quanh những điểm cốt lõi của dự thảo, như: Thẩm quyền thành lập Ban quân dân y các cấp; tổ chức và hoạt động của Ban quân dân y các cấp; chức năng của Ban quân dân y các cấp; nhiệm vụ của Ban quân dân y các cấp.\nÔng Dương Đức Thiện, Phó Vụ trưởng Vụ Kế hoạch – Tài chính báo cáo tiến độ xây dựng Thông tư\nTại cuộc họp, dưới sự chủ trì của Thứ trưởng Đỗ Xuân Tuyên, thành viên Tổ soạn thảo đã thảo luận về các ý kiến đóng góp từ Bộ, ngành, địa phương; đồng thời làm rõ hơn những nội dung cần biên tập tại dự thảo Thông tư. Tập trung vào các nội dung: Rà soát lại thuật ngữ, khái niệm, kỹ thuật tạo lập văn bản quy phạm pháp luật; nhất quát trong thẩm quyền thành lập Cục Quân dân y thuộc Bộ Quốc phòng; về Ban Quân dân y cấp xã đề xuất thẩm quyền thành lập thuộc về phòng Văn hóa xã hội cấp xã; bám sát quy định tại Luật khám bệnh, chữa bệnh; phân định mối quan hệ giữa Ban Quân dân y Quân khu với cấp tỉnh; cập nhật thêm căn cứ pháp lý, cơ sở tham chiếu; sự phối hợp giữa các đơn vị ngành Y tế với Bộ Quốc phòng….\nThành viên Tổ soạn thảo thảo luận, đề xuất hoàn thiện Thông t
... [truncated, total 8818 chars]
================================================================================

================================================================================
Article ID: MOH_6e1d9ec1d8986961 | Attempt: 1
Error: Cannot extract valid JSON from response: line 1 column 1 (char 0)
Raw response (11025 chars):
{
"id": "MOH_6e1d9ec1d8986961",
"date_iso": "2026-06-18T00:00:00",
"full_text": "Chiều ngày 17/6/2026, tại Bộ Y tế, Ủy viên dự khuyết Ban Chấp hành Trung ương Đảng, Thứ trưởng Thường trực Bộ Y tế Vũ Mạnh Hà đã chủ trì cuộc họp góp ý dự thảo Thông tư ban hành danh mục dược liệu, vị thuốc cổ truyền, thuốc cổ truyền có mực độ rủi ro trung bình, mức độ rủi ro cao.\nToàn cảnh cuộc họp\nCuộc họp nối điểm cầu Bộ Y tế với nhiều điểm cầu trực tuyến có các thành viên, chuyên gia tham dự tổ soạn thảo; các Sở Y tế, bệnh viện chuyên khoa y học cổ truyền, công ty, doanh nghiệp chuyên về sản xuất, kinh doanh y dược cổ truyền...\nĐại diện lãnh đạo Cục Quản lý Y dược cổ truyền báo cáo tiến độ xây dựng Thông tư\nDự thảo Thông tư đến ngày 15/6/2026 có 7 Điều, trong đó nêu rõ, Thông tư này quy định Danh mục dược phẩm, vị thuốc cổ truyền, thuốc cổ truyền có mức độ rủi ro trung bình, mức độ rủi ro cao kèm theo mã số HS phù hợp với Danh mục dược phẩm, vị thuốc cổ truyền, thuốc cổ truyền xuất khẩu, nhập khẩu Việt Nam và yêu cầu quản lý chất lượng tương ứng.\nVề đối tượng áp dụng, dự thảo Thông tư này áp dụng đối với tổ chức, cá nhân sản xuất, kinh doanh dược phẩm, vị thuốc cổ truyền, thuốc cổ truyền thuộc Danh mục dược phẩm, vị thuốc cổ truyền, thuốc cổ truyền có mức độ rủi ro trung bình, mức độ rủi ro cao trên lãnh thổ Việt Nam;\nTổ chức, cá nhân có hoạt động liên quan đến quản lý chất lượng dược liệu, vị thuốc cổ truyền, thuốc cổ truyền thuộc Danh mục dược liệu, vị thuốc cổ truyền, thuốc cổ truyền có mức độ bảo vệ trung bình, mức độ bảo vệ cao trên lãnh thổ Việt Nam.\nĐiều 5 của dự thảo Thông tư quy định nguyên tắc quản lý dược liệu, vị thuốc cổ truyền, thuốc cổ truyền có mức độ rủi ro trung bình, mức độ rủi ro cao.\nCác đại biểu tham luận tại cuộc họp\nTheo đó, việc quản lý chất lượng dược liệu, vị thuốc cổ truyền, thuốc cổ truyền thuộc Danh mục thuốc, nguyên liệu làm thuốc có mức độ rủi ro trung bình, mức độ rủi ro cao được thực hiện theo quy định của pháp luật về dược, hệ thống tiêu c
... [truncated, total 11025 chars]
================================================================================

================================================================================
Article ID: MOH_6e1d9ec1d8986961 | Attempt: 2
Error: Cannot extract valid JSON from response: line 1 column 1 (char 0)
Raw response (11548 chars):
{
"id": "MOH_6e1d9ec1d8986961",
"date_iso": "2026-06-18T00:00:00",
"full_text": "Chiều ngày 17/6/2026, tại Bộ Y tế, Ủy viên dự khuyết Ban Chấp hành Trung ương Đảng, Thứ trưởng Thường trực Bộ Y tế Vũ Mạnh Hà đã chủ trì cuộc họp góp ý dự thảo Thông tư ban hành danh mục dược liệu, vị thuốc cổ truyền, thuốc cổ truyền có mực độ rủi ro trung bình, mức độ rủi ro cao.\nToàn cảnh cuộc họp\nCuộc họp nối điểm cầu Bộ Y tế với nhiều điểm cầu trực tuyến có các thành viên, chuyên gia tham dự tổ soạn thảo; các Sở Y tế, bệnh viện chuyên khoa y học cổ truyền, công ty, doanh nghiệp chuyên về sản xuất, kinh doanh y dược cổ truyền...\nĐại diện lãnh đạo Cục Quản lý Y dược cổ truyền báo cáo tiến độ xây dựng Thông tư\nDự thảo Thông tư đến ngày 15/6/2026 có 7 Điều, trong đó nêu rõ, Thông tư này quy định Danh mục dược phẩm, vị thuốc cổ truyền, thuốc cổ truyền có mức độ rủi ro trung bình, mức độ rủi ro cao kèm theo mã số HS phù hợp với Danh mục dược phẩm, vị thuốc cổ truyền, thuốc cổ truyền xuất khẩu, nhập khẩu Việt Nam và yêu cầu quản lý chất lượng tương ứng.\nVề đối tượng áp dụng, dự thảo Thông tư này áp dụng đối với tổ chức, cá nhân sản xuất, kinh doanh dược phẩm, vị thuốc cổ truyền, thuốc cổ truyền thuộc Danh mục dược phẩm, vị thuốc cổ truyền, thuốc cổ truyền có mức độ rủi ro trung bình, mức độ rủi ro cao trên lãnh thổ Việt Nam;\nTổ chức, cá nhân có hoạt động liên quan đến quản lý chất lượng dược liệu, vị thuốc cổ truyền, thuốc cổ truyền thuộc Danh mục dược liệu, vị thuốc cổ truyền, thuốc cổ truyền có mức độ bảo vệ trung bình, mức độ bảo vệ cao trên lãnh thổ Việt Nam.\nĐiều 5 của dự thảo Thông tư quy định nguyên tắc quản lý dược liệu, vị thuốc cổ truyền, thuốc cổ truyền có mức độ rủi ro trung bình, mức độ rủi ro cao.\nCác đại biểu tham luận tại cuộc họp\nTheo đó, việc quản lý chất lượng dược liệu, vị thuốc cổ truyền, thuốc cổ truyền thuộc Danh mục thuốc, nguyên liệu làm thuốc có mức độ rủi ro trung bình, mức độ rủi ro cao được thực hiện theo quy định của pháp luật về dược, hệ thống tiêu c
... [truncated, total 11548 chars]
================================================================================

================================================================================
Article ID: MOH_6e1d9ec1d8986961 | Attempt: 3
Error: Cannot extract valid JSON from response: line 1 column 1 (char 0)
Raw response (10910 chars):
{
"id": "MOH_6e1d9ec1d8986961",
"date_iso": "2026-06-18T00:00:00",
"full_text": "Chiều ngày 17/6/2026, tại Bộ Y tế, Ủy viên dự khuyết Ban Chấp hành Trung ương Đảng, Thứ trưởng Thường trực Bộ Y tế Vũ Mạnh Hà đã chủ trì cuộc họp góp ý dự thảo Thông tư ban hành danh mục dược liệu, vị thuốc cổ truyền, thuốc cổ truyền có mực độ rủi ro trung bình, mức độ rủi ro cao.\nToàn cảnh cuộc họp\nCuộc họp nối điểm cầu Bộ Y tế với nhiều điểm cầu trực tuyến có các thành viên, chuyên gia tham dự tổ soạn thảo; các Sở Y tế, bệnh viện chuyên khoa y học cổ truyền, công ty, doanh nghiệp chuyên về sản xuất, kinh doanh y dược cổ truyền...\nĐại diện lãnh đạo Cục Quản lý Y dược cổ truyền báo cáo tiến độ xây dựng Thông tư\nDự thảo Thông tư đến ngày 15/6/2026 có 7 Điều, trong đó nêu rõ, Thông tư này quy định Danh mục dược phẩm, vị thuốc cổ truyền, thuốc cổ truyền có mức độ rủi ro trung bình, mức độ rủi ro cao kèm theo mã số HS phù hợp với Danh mục dược phẩm, vị thuốc cổ truyền, thuốc cổ truyền xuất khẩu, nhập khẩu Việt Nam và yêu cầu quản lý chất lượng tương ứng.\nVề đối tượng áp dụng, dự thảo Thông tư này áp dụng đối với tổ chức, cá nhân sản xuất, kinh doanh dược phẩm, vị thuốc cổ truyền, thuốc cổ truyền thuộc Danh mục dược phẩm, vị thuốc cổ truyền, thuốc cổ truyền có mức độ rủi ro trung bình, mức độ rủi ro cao trên lãnh thổ Việt Nam;\nTổ chức, cá nhân có hoạt động liên quan đến quản lý chất lượng dược liệu, vị thuốc cổ truyền, thuốc cổ truyền thuộc Danh mục dược liệu, vị thuốc cổ truyền, thuốc cổ truyền có mức độ bảo vệ trung bình, mức độ bảo vệ cao trên lãnh thổ Việt Nam.\nĐiều 5 của dự thảo Thông tư quy định nguyên tắc quản lý dược liệu, vị thuốc cổ truyền, thuốc cổ truyền có mức độ rủi ro trung bình, mức độ rủi ro cao.\nCác đại biểu tham luận tại cuộc họp\nTheo đó, việc quản lý chất lượng dược liệu, vị thuốc cổ truyền, thuốc cổ truyền thuộc Danh mục thuốc, nguyên liệu làm thuốc có mức độ rủi ro trung bình, mức độ rủi ro cao được thực hiện theo quy định của pháp luật về dược, hệ thống tiêu c
... [truncated, total 10910 chars]
================================================================================

================================================================================
Article ID: MOH_56a10e7621920962 | Attempt: 1
Error: Cannot extract valid JSON from response: line 1 column 1 (char 0)
Raw response (10887 chars):
{
"id": "MOH_56a10e7621920962",
"date_iso": "2026-06-18T00:00:00",
"full_text": "Chiều ngày 17/6/2026, tại Bộ Y tế, Thứ trưởng Bộ Y tế Đỗ Xuân Tuyên chủ trì cuộc họp với Tổ soạn thảo tiếp thu, giải trình ý kiến thẩm định của Bộ Tư pháp về Hồ sơ chính sách Luật An toàn thực phẩm (Sửa đổi).\nThứ trưởng Bộ Y tế Đỗ Xuân Tuyên chủ trì cuộc họp\nCác đại biểu là thành viên Tổ soạn thảo đã tập trung thảo luận, phân tích, giải trình về những nội dung thuộc ý kiến thẩm định sơ bộ của Bộ Tư pháp. Trước hết đối với dự thảo khung 5 chính sách ở chính sách 1 cần làm rõ lộ trình quy định các cơ sở sản xuất thực phẩm đáp ứng GHP, HACCP, ISO, BRC; báo cáo đánh giá tác động chưa làm rõ phạm vi, mức độ tác động tiêu cực cũng như chưa làm rõ khả năng thích nghi của các cơ sở này (nhất là đối với doanh nghiệp nhỏ và vừa).\nTS.DS Chu Quốc Thịnh, Cục trưởng Cục An toàn thực phẩm báo cáo về tiến độ hoàn thiện chính sách Luật\nVới chính sách 2 về cải cách phương thức quản lý và cơ chế kiểm tra thực phẩm trên thị trường, chưa rõ định hướng, giải pháp hoàn thiện các quy định về hệ thống kiểm nghiệm phục vụ quản lý nhà nước tại chính sách sẽ được thực hiện như thế nào tại Luật ATTP (sửa đổi). Mặt khác, việc đánh giá tác động của Chính sách này cũng còn tương đối chung chung, chưa cụ thể, thiếu tính định lượng rõ ràng; chưa rõ trách nhiệm xây dựng cơ chế kiểm duyệt tại chính sách này áp dụng với đối tượng nào? Đồng thời, chưa rõ trách nhiệm “xây dựng cơ chế kiểm duyệt” tại Luật ATTP có gì khác so với quy định tại Luật Thương mại điện tử. Trường hợp đây là cơ chế riêng, đặc thù của Luật ATTP so với Luật Thương mại điện tử thì đề nghị cơ quan chủ trì soạn thảo thuyết minh đầy đủ và có đánh giá tác động kỹ lưỡng về nội dung này.\nÝ kiến của Bộ Tư pháp về chính sách 3- Số hóa và xây dựng hệ thống thông tin dữ liệu an toàn thực phẩm quốc gia liên thông: Nội dung Chính sách chưa làm rõ hệ thống thông tin này có tích hợp các chức năng của hệ thống cảnh báo nhanh, hệ thống cảnh báo sự cố quốc gia như n
... [truncated, total 10887 chars]
================================================================================

================================================================================
Article ID: MOH_56a10e7621920962 | Attempt: 2
Error: Cannot extract valid JSON from response: line 1 column 1 (char 0)
Raw response (10824 chars):
{
"id": "MOH_56a10e7621920962",
"date_iso": "2026-06-18T00:00:00",
"full_text": "Chiều ngày 17/6/2026, tại Bộ Y tế, Thứ trưởng Bộ Y tế Đỗ Xuân Tuyên chủ trì cuộc họp với Tổ soạn thảo tiếp thu, giải trình ý kiến thẩm định của Bộ Tư pháp về Hồ sơ chính sách Luật An toàn thực phẩm (Sửa đổi).\nThứ trưởng Bộ Y tế Đỗ Xuân Tuyên chủ trì cuộc họp\nCác đại biểu là thành viên Tổ soạn thảo đã tập trung thảo luận, phân tích, giải trình về những nội dung thuộc ý kiến thẩm định sơ bộ của Bộ Tư pháp. Trước hết đối với dự thảo khung 5 chính sách ở chính sách 1 cần làm rõ lộ trình quy định các cơ sở sản xuất thực phẩm đáp ứng GHP, HACCP, ISO, BRC; báo cáo đánh giá tác động chưa làm rõ phạm vi, mức độ tác động tiêu cực cũng như chưa làm rõ khả năng thích nghi của các cơ sở này (nhất là đối với doanh nghiệp nhỏ và vừa).\nTS.DS Chu Quốc Thịnh, Cục trưởng Cục An toàn thực phẩm báo cáo về tiến độ hoàn thiện chính sách Luật\nVới chính sách 2 về cải cách phương thức quản lý và cơ chế kiểm tra thực phẩm trên thị trường, chưa rõ định hướng, giải pháp hoàn thiện các quy định về hệ thống kiểm nghiệm phục vụ quản lý nhà nước tại chính sách sẽ được thực hiện như thế nào tại Luật ATTP (sửa đổi). Mặt khác, việc đánh giá tác động của Chính sách này cũng còn tương đối chung chung, chưa cụ thể, thiếu tính định lượng rõ ràng; chưa rõ trách nhiệm xây dựng cơ chế kiểm duyệt tại chính sách này áp dụng với đối tượng nào? Đồng thời, chưa rõ trách nhiệm “xây dựng cơ chế kiểm duyệt” tại Luật ATTP có gì khác so với quy định tại Luật Thương mại điện tử. Trường hợp đây là cơ chế riêng, đặc thù của Luật ATTP so với Luật Thương mại điện tử thì đề nghị cơ quan chủ trì soạn thảo thuyết minh đầy đủ và có đánh giá tác động kỹ lưỡng về nội dung này.\nÝ kiến của Bộ Tư pháp về chính sách 3- Số hóa và xây dựng hệ thống thông tin dữ liệu an toàn thực phẩm quốc gia liên thông: Nội dung Chính sách chưa làm rõ hệ thống thông tin này có tích hợp các chức năng của hệ thống cảnh báo nhanh, hệ thống cảnh báo sự cố quốc gia như n
... [truncated, total 10824 chars]
================================================================================

================================================================================
Article ID: MOH_56a10e7621920962 | Attempt: 3
Error: Cannot extract valid JSON from response: line 1 column 1 (char 0)
Raw response (10710 chars):
{
"id": "MOH_56a10e7621920962",
"date_iso": "2026-06-18T00:00:00",
"full_text": "Chiều ngày 17/6/2026, tại Bộ Y tế, Thứ trưởng Bộ Y tế Đỗ Xuân Tuyên chủ trì cuộc họp với Tổ soạn thảo tiếp thu, giải trình ý kiến thẩm định của Bộ Tư pháp về Hồ sơ chính sách Luật An toàn thực phẩm (Sửa đổi).\nThứ trưởng Bộ Y tế Đỗ Xuân Tuyên chủ trì cuộc họp\nCác đại biểu là thành viên Tổ soạn thảo đã tập trung thảo luận, phân tích, giải trình về những nội dung thuộc ý kiến thẩm định sơ bộ của Bộ Tư pháp. Trước hết đối với dự thảo khung 5 chính sách ở chính sách 1 cần làm rõ lộ trình quy định các cơ sở sản xuất thực phẩm đáp ứng GHP, HACCP, ISO, BRC; báo cáo đánh giá tác động chưa làm rõ phạm vi, mức độ tác động tiêu cực cũng như chưa làm rõ khả năng thích nghi của các cơ sở này (nhất là đối với doanh nghiệp nhỏ và vừa).\nTS.DS Chu Quốc Thịnh, Cục trưởng Cục An toàn thực phẩm báo cáo về tiến độ hoàn thiện chính sách Luật\nVới chính sách 2 về cải cách phương thức quản lý và cơ chế kiểm tra thực phẩm trên thị trường, chưa rõ định hướng, giải pháp hoàn thiện các quy định về hệ thống kiểm nghiệm phục vụ quản lý nhà nước tại chính sách sẽ được thực hiện như thế nào tại Luật ATTP (sửa đổi). Mặt khác, việc đánh giá tác động của Chính sách này cũng còn tương đối chung chung, chưa cụ thể, thiếu tính định lượng rõ ràng; chưa rõ trách nhiệm xây dựng cơ chế kiểm duyệt tại chính sách này áp dụng với đối tượng nào? Đồng thời, chưa rõ trách nhiệm “xây dựng cơ chế kiểm duyệt” tại Luật ATTP có gì khác so với quy định tại Luật Thương mại điện tử. Trường hợp đây là cơ chế riêng, đặc thù của Luật ATTP so với Luật Thương mại điện tử thì đề nghị cơ quan chủ trì soạn thảo thuyết minh đầy đủ và có đánh giá tác động kỹ lưỡng về nội dung này.\nÝ kiến của Bộ Tư pháp về chính sách 3- Số hóa và xây dựng hệ thống thông tin dữ liệu an toàn thực phẩm quốc gia liên thông: Nội dung Chính sách chưa làm rõ hệ thống thông tin này có tích hợp các chức năng của hệ thống cảnh báo nhanh, hệ thống cảnh báo sự cố quốc gia như n
... [truncated, total 10710 chars]
================================================================================

================================================================================
Article ID: MOH_56a10e7621920962 | Attempt: 4
Error: Cannot extract valid JSON from response: line 1 column 1 (char 0)
Raw response (10754 chars):
{
"id": "MOH_56a10e7621920962",
"date_iso": "2026-06-18T00:00:00",
"full_text": "Chiều ngày 17/6/2026, tại Bộ Y tế, Thứ trưởng Bộ Y tế Đỗ Xuân Tuyên chủ trì cuộc họp với Tổ soạn thảo tiếp thu, giải trình ý kiến thẩm định của Bộ Tư pháp về Hồ sơ chính sách Luật An toàn thực phẩm (Sửa đổi).\nThứ trưởng Bộ Y tế Đỗ Xuân Tuyên chủ trì cuộc họp\nCác đại biểu là thành viên Tổ soạn thảo đã tập trung thảo luận, phân tích, giải trình về những nội dung thuộc ý kiến thẩm định sơ bộ của Bộ Tư pháp. Trước hết đối với dự thảo khung 5 chính sách ở chính sách 1 cần làm rõ lộ trình quy định các cơ sở sản xuất thực phẩm đáp ứng GHP, HACCP, ISO, BRC; báo cáo đánh giá tác động chưa làm rõ phạm vi, mức độ tác động tiêu cực cũng như chưa làm rõ khả năng thích nghi của các cơ sở này (nhất là đối với doanh nghiệp nhỏ và vừa).\nTS.DS Chu Quốc Thịnh, Cục trưởng Cục An toàn thực phẩm báo cáo về tiến độ hoàn thiện chính sách Luật\nVới chính sách 2 về cải cách phương thức quản lý và cơ chế kiểm tra thực phẩm trên thị trường, chưa rõ định hướng, giải pháp hoàn thiện các quy định về hệ thống kiểm nghiệm phục vụ quản lý nhà nước tại chính sách sẽ được thực hiện như thế nào tại Luật ATTP (sửa đổi). Mặt khác, việc đánh giá tác động của Chính sách này cũng còn tương đối chung chung, chưa cụ thể, thiếu tính định lượng rõ ràng; chưa rõ trách nhiệm xây dựng cơ chế kiểm duyệt tại chính sách này áp dụng với đối tượng nào? Đồng thời, chưa rõ trách nhiệm “xây dựng cơ chế kiểm duyệt” tại Luật ATTP có gì khác so với quy định tại Luật Thương mại điện tử. Trường hợp đây là cơ chế riêng, đặc thù của Luật ATTP so với Luật Thương mại điện tử thì đề nghị cơ quan chủ trì soạn thảo thuyết minh đầy đủ và có đánh giá tác động kỹ lưỡng về nội dung này.\nÝ kiến của Bộ Tư pháp về chính sách 3- Số hóa và xây dựng hệ thống thông tin dữ liệu an toàn thực phẩm quốc gia liên thông: Nội dung Chính sách chưa làm rõ hệ thống thông tin này có tích hợp các chức năng của hệ thống cảnh báo nhanh, hệ thống cảnh báo sự cố quốc gia như n
... [truncated, total 10754 chars]
================================================================================

================================================================================
Article ID: MOH_817ddf7f419c03c8 | Attempt: 1
Error: Cannot extract valid JSON from response: line 1 column 1 (char 0)
Raw response (12089 chars):
{
"id": "MOH_817ddf7f419c03c8",
"date_iso": "2026-06-18T00:00:00",
"full_text": "Chuyến thăm và làm việc của ngài Bodo Ramelow, Phó Chủ tịch Quốc hội Cộng hòa Liên bang Đức tại Bệnh viện Bạch Mai sáng 17/6 mở ra nhiều triển vọng hợp tác trong đào tạo điều dưỡng, chăm sóc người cao tuổi, nghiên cứu khoa học và chuyển giao công nghệ y tế.\nHai bên kỳ vọng xây dựng các chương trình đào tạo theo tiêu chuẩn Đức ngay tại Việt Nam, góp phần chuẩn bị nguồn nhân lực chất lượng cao trước thách thức già hóa dân số.\nĐoàn công tác phía Cộng hoà Liên bang Đức còn có ông Michael Kratz, Tham tán Kinh tế và Ngoại giao Khí hậu, Đại sứ quán Đức; Bà Alexandra Westwood, Tuỳ viên Kinh tế và Hợp tác phát triển, Đại sứ quán Đức và các thành viên liên quan.\nVề phía Bộ Y tế có Thứ trưởng Bộ Y tế Lê Đức Luận; đại diện lãnh đạo một số Vụ, Cục. Về phía Bệnh viện Bạch Mai có đại diện Ban Giám đốc và lãnh đạo chủ chốt một số khoa, phòng, trung tâm.\nNgài Bodo Ramelow, Phó Chủ tịch Quốc hội Cộng hòa Liên bang Đức phát biểu.\nMở rộng cơ hội hợp tác trong lĩnh vực điều dưỡng và chăm sóc người cao tuổi\nTại buổi làm việc với Ban lãnh đạo Bệnh viện Bạch Mai, ngài Bodo Ramelow, Phó Chủ tịch Quốc hội Cộng hòa Liên bang Đức cho biết đây là lần thứ hai ông gặp gỡ đại diện Bệnh viện Bạch Mai chỉ sau một tuần kể từ cuộc trao đổi tại Berlin.\nTheo ngài Bodo Ramelow, điều khiến phía Đức đặc biệt ấn tượng là năng lực đào tạo nhân lực y tế của Việt Nam nói chung và Bệnh viện Bạch Mai nói riêng.\nÔng đánh giá cao chất lượng đào tạo điều dưỡng, nhân lực chăm sóc sức khỏe tại Việt Nam và cho rằng đây là nền tảng quan trọng để hai bên thúc đẩy hợp tác sâu rộng hơn trong thời gian tới.\n\"Mục tiêu của chúng tôi là làm sao kết hợp được chương trình đào tạo rất tốt của Việt Nam với hệ thống văn bằng, chứng chỉ nghề nghiệp của Đức để những người được đào tạo tại Việt Nam có thể được công nhận trình độ khi sang làm việc tại Đức\", ngài Bodo Ramelow nhấn mạnh.\nTheo Phó Chủ tịch Quốc hội Đức, một trong những hướng hợp 
... [truncated, total 12089 chars]
================================================================================

================================================================================
Article ID: MOH_817ddf7f419c03c8 | Attempt: 2
Error: Cannot extract valid JSON from response: line 1 column 1 (char 0)
Raw response (11919 chars):
{
"id": "MOH_817ddf7f419c03c8",
"date_iso": "2026-06-18T00:00:00",
"full_text": "Chuyến thăm và làm việc của ngài Bodo Ramelow, Phó Chủ tịch Quốc hội Cộng hòa Liên bang Đức tại Bệnh viện Bạch Mai sáng 17/6 mở ra nhiều triển vọng hợp tác trong đào tạo điều dưỡng, chăm sóc người cao tuổi, nghiên cứu khoa học và chuyển giao công nghệ y tế.\nHai bên kỳ vọng xây dựng các chương trình đào tạo theo tiêu chuẩn Đức ngay tại Việt Nam, góp phần chuẩn bị nguồn nhân lực chất lượng cao trước thách thức già hóa dân số.\nĐoàn công tác phía Cộng hoà Liên bang Đức còn có ông Michael Kratz, Tham tán Kinh tế và Ngoại giao Khí hậu, Đại sứ quán Đức; Bà Alexandra Westwood, Tuỳ viên Kinh tế và Hợp tác phát triển, Đại sứ quán Đức và các thành viên liên quan.\nVề phía Bộ Y tế có Thứ trưởng Bộ Y tế Lê Đức Luận; đại diện lãnh đạo một số Vụ, Cục. Về phía Bệnh viện Bạch Mai có đại diện Ban Giám đốc và lãnh đạo chủ chốt một số khoa, phòng, trung tâm.\nNgài Bodo Ramelow, Phó Chủ tịch Quốc hội Cộng hòa Liên bang Đức phát biểu.\nMở rộng cơ hội hợp tác trong lĩnh vực điều dưỡng và chăm sóc người cao tuổi\nTại buổi làm việc với Ban lãnh đạo Bệnh viện Bạch Mai, ngài Bodo Ramelow, Phó Chủ tịch Quốc hội Cộng hòa Liên bang Đức cho biết đây là lần thứ hai ông gặp gỡ đại diện Bệnh viện Bạch Mai chỉ sau một tuần kể từ cuộc trao đổi tại Berlin.\nTheo ngài Bodo Ramelow, điều khiến phía Đức đặc biệt ấn tượng là năng lực đào tạo nhân lực y tế của Việt Nam nói chung và Bệnh viện Bạch Mai nói riêng.\nÔng đánh giá cao chất lượng đào tạo điều dưỡng, nhân lực chăm sóc sức khỏe tại Việt Nam và cho rằng đây là nền tảng quan trọng để hai bên thúc đẩy hợp tác sâu rộng hơn trong thời gian tới.\n\"Mục tiêu của chúng tôi là làm sao kết hợp được chương trình đào tạo rất tốt của Việt Nam với hệ thống văn bằng, chứng chỉ nghề nghiệp của Đức để những người được đào tạo tại Việt Nam có thể được công nhận trình độ khi sang làm việc tại Đức\", ngài Bodo Ramelow nhấn mạnh.\nTheo Phó Chủ tịch Quốc hội Đức, một trong những hướng hợp 
... [truncated, total 11919 chars]
================================================================================

================================================================================
Article ID: MOH_817ddf7f419c03c8 | Attempt: 3
Error: Cannot extract valid JSON from response: line 1 column 1 (char 0)
Raw response (11846 chars):
{
"id": "MOH_817ddf7f419c03c8",
"date_iso": "2026-06-18T00:00:00",
"full_text": "Chuyến thăm và làm việc của ngài Bodo Ramelow, Phó Chủ tịch Quốc hội Cộng hòa Liên bang Đức tại Bệnh viện Bạch Mai sáng 17/6 mở ra nhiều triển vọng hợp tác trong đào tạo điều dưỡng, chăm sóc người cao tuổi, nghiên cứu khoa học và chuyển giao công nghệ y tế.\nHai bên kỳ vọng xây dựng các chương trình đào tạo theo tiêu chuẩn Đức ngay tại Việt Nam, góp phần chuẩn bị nguồn nhân lực chất lượng cao trước thách thức già hóa dân số.\nĐoàn công tác phía Cộng hoà Liên bang Đức còn có ông Michael Kratz, Tham tán Kinh tế và Ngoại giao Khí hậu, Đại sứ quán Đức; Bà Alexandra Westwood, Tuỳ viên Kinh tế và Hợp tác phát triển, Đại sứ quán Đức và các thành viên liên quan.\nVề phía Bộ Y tế có Thứ trưởng Bộ Y tế Lê Đức Luận; đại diện lãnh đạo một số Vụ, Cục. Về phía Bệnh viện Bạch Mai có đại diện Ban Giám đốc và lãnh đạo chủ chốt một số khoa, phòng, trung tâm.\nNgài Bodo Ramelow, Phó Chủ tịch Quốc hội Cộng hòa Liên bang Đức phát biểu.\nMở rộng cơ hội hợp tác trong lĩnh vực điều dưỡng và chăm sóc người cao tuổi\nTại buổi làm việc với Ban lãnh đạo Bệnh viện Bạch Mai, ngài Bodo Ramelow, Phó Chủ tịch Quốc hội Cộng hòa Liên bang Đức cho biết đây là lần thứ hai ông gặp gỡ đại diện Bệnh viện Bạch Mai chỉ sau một tuần kể từ cuộc trao đổi tại Berlin.\nTheo ngài Bodo Ramelow, điều khiến phía Đức đặc biệt ấn tượng là năng lực đào tạo nhân lực y tế của Việt Nam nói chung và Bệnh viện Bạch Mai nói riêng.\nÔng đánh giá cao chất lượng đào tạo điều dưỡng, nhân lực chăm sóc sức khỏe tại Việt Nam và cho rằng đây là nền tảng quan trọng để hai bên thúc đẩy hợp tác sâu rộng hơn trong thời gian tới.\n\"Mục tiêu của chúng tôi là làm sao kết hợp được chương trình đào tạo rất tốt của Việt Nam với hệ thống văn bằng, chứng chỉ nghề nghiệp của Đức để những người được đào tạo tại Việt Nam có thể được công nhận trình độ khi sang làm việc tại Đức\", ngài Bodo Ramelow nhấn mạnh.\nTheo Phó Chủ tịch Quốc hội Đức, một trong những hướng hợp 
... [truncated, total 11846 chars]
================================================================================

================================================================================
Article ID: MOH_817ddf7f419c03c8 | Attempt: 4
Error: Cannot extract valid JSON from response: line 1 column 1 (char 0)
Raw response (11944 chars):
{
"id": "MOH_817ddf7f419c03c8",
"date_iso": "2026-06-18T00:00:00",
"full_text": "Chuyến thăm và làm việc của ngài Bodo Ramelow, Phó Chủ tịch Quốc hội Cộng hòa Liên bang Đức tại Bệnh viện Bạch Mai sáng 17/6 mở ra nhiều triển vọng hợp tác trong đào tạo điều dưỡng, chăm sóc người cao tuổi, nghiên cứu khoa học và chuyển giao công nghệ y tế.\nHai bên kỳ vọng xây dựng các chương trình đào tạo theo tiêu chuẩn Đức ngay tại Việt Nam, góp phần chuẩn bị nguồn nhân lực chất lượng cao trước thách thức già hóa dân số.\nĐoàn công tác phía Cộng hoà Liên bang Đức còn có ông Michael Kratz, Tham tán Kinh tế và Ngoại giao Khí hậu, Đại sứ quán Đức; Bà Alexandra Westwood, Tuỳ viên Kinh tế và Hợp tác phát triển, Đại sứ quán Đức và các thành viên liên quan.\nVề phía Bộ Y tế có Thứ trưởng Bộ Y tế Lê Đức Luận; đại diện lãnh đạo một số Vụ, Cục. Về phía Bệnh viện Bạch Mai có đại diện Ban Giám đốc và lãnh đạo chủ chốt một số khoa, phòng, trung tâm.\nNgài Bodo Ramelow, Phó Chủ tịch Quốc hội Cộng hòa Liên bang Đức phát biểu.\nMở rộng cơ hội hợp tác trong lĩnh vực điều dưỡng và chăm sóc người cao tuổi\nTại buổi làm việc với Ban lãnh đạo Bệnh viện Bạch Mai, ngài Bodo Ramelow, Phó Chủ tịch Quốc hội Cộng hòa Liên bang Đức cho biết đây là lần thứ hai ông gặp gỡ đại diện Bệnh viện Bạch Mai chỉ sau một tuần kể từ cuộc trao đổi tại Berlin.\nTheo ngài Bodo Ramelow, điều khiến phía Đức đặc biệt ấn tượng là năng lực đào tạo nhân lực y tế của Việt Nam nói chung và Bệnh viện Bạch Mai nói riêng.\nÔng đánh giá cao chất lượng đào tạo điều dưỡng, nhân lực chăm sóc sức khỏe tại Việt Nam và cho rằng đây là nền tảng quan trọng để hai bên thúc đẩy hợp tác sâu rộng hơn trong thời gian tới.\n\"Mục tiêu của chúng tôi là làm sao kết hợp được chương trình đào tạo rất tốt của Việt Nam với hệ thống văn bằng, chứng chỉ nghề nghiệp của Đức để những người được đào tạo tại Việt Nam có thể được công nhận trình độ khi sang làm việc tại Đức\", ngài Bodo Ramelow nhấn mạnh.\nTheo Phó Chủ tịch Quốc hội Đức, một trong những hướng hợp 
... [truncated, total 11944 chars]
================================================================================

================================================================================
Article ID: MOH_817ddf7f419c03c8 | Attempt: 5
Error: Cannot extract valid JSON from response: line 1 column 1 (char 0)
Raw response (11844 chars):
{
"id": "MOH_817ddf7f419c03c8",
"date_iso": "2026-06-18T00:00:00",
"full_text": "Chuyến thăm và làm việc của ngài Bodo Ramelow, Phó Chủ tịch Quốc hội Cộng hòa Liên bang Đức tại Bệnh viện Bạch Mai sáng 17/6 mở ra nhiều triển vọng hợp tác trong đào tạo điều dưỡng, chăm sóc người cao tuổi, nghiên cứu khoa học và chuyển giao công nghệ y tế.\nHai bên kỳ vọng xây dựng các chương trình đào tạo theo tiêu chuẩn Đức ngay tại Việt Nam, góp phần chuẩn bị nguồn nhân lực chất lượng cao trước thách thức già hóa dân số.\nĐoàn công tác phía Cộng hoà Liên bang Đức còn có ông Michael Kratz, Tham tán Kinh tế và Ngoại giao Khí hậu, Đại sứ quán Đức; Bà Alexandra Westwood, Tuỳ viên Kinh tế và Hợp tác phát triển, Đại sứ quán Đức và các thành viên liên quan.\nVề phía Bộ Y tế có Thứ trưởng Bộ Y tế Lê Đức Luận; đại diện lãnh đạo một số Vụ, Cục. Về phía Bệnh viện Bạch Mai có đại diện Ban Giám đốc và lãnh đạo chủ chốt một số khoa, phòng, trung tâm.\nNgài Bodo Ramelow, Phó Chủ tịch Quốc hội Cộng hòa Liên bang Đức phát biểu.\nMở rộng cơ hội hợp tác trong lĩnh vực điều dưỡng và chăm sóc người cao tuổi\nTại buổi làm việc với Ban lãnh đạo Bệnh viện Bạch Mai, ngài Bodo Ramelow, Phó Chủ tịch Quốc hội Cộng hòa Liên bang Đức cho biết đây là lần thứ hai ông gặp gỡ đại diện Bệnh viện Bạch Mai chỉ sau một tuần kể từ cuộc trao đổi tại Berlin.\nTheo ngài Bodo Ramelow, điều khiến phía Đức đặc biệt ấn tượng là năng lực đào tạo nhân lực y tế của Việt Nam nói chung và Bệnh viện Bạch Mai nói riêng.\nÔng đánh giá cao chất lượng đào tạo điều dưỡng, nhân lực chăm sóc sức khỏe tại Việt Nam và cho rằng đây là nền tảng quan trọng để hai bên thúc đẩy hợp tác sâu rộng hơn trong thời gian tới.\n\"Mục tiêu của chúng tôi là làm sao kết hợp được chương trình đào tạo rất tốt của Việt Nam với hệ thống văn bằng, chứng chỉ nghề nghiệp của Đức để những người được đào tạo tại Việt Nam có thể được công nhận trình độ khi sang làm việc tại Đức\", ngài Bodo Ramelow nhấn mạnh.\nTheo Phó Chủ tịch Quốc hội Đức, một trong những hướng hợp 
... [truncated, total 11844 chars]
================================================================================

================================================================================
Article ID: MOH_2d2be54f7a316d4b | Attempt: 1
Error: Cannot extract valid JSON from response: line 1 column 1 (char 0)
Raw response (6432 chars):
{
"id": "MOH_2d2be54f7a316d4b",
"date_iso": "2026-06-17T00:00:00",
"full_text": "Bệnh viện Đa khoa Minh An vừa tiếp nhận và điều trị thành công một bệnh nhân nam 40 tuổi (trú tại xã Quỳnh Lưu, Nghệ An) bị chấn thương bụng kín nặng sau tai nạn giao thông, với nhiều tổn thương nội tạng phức tạp, đe dọa tính mạng.\nCác bác sĩ tiến hành phẫu thuật cấp cứu bệnh nhân bị tai nạn giao thông.\nCác bác sĩ Bệnh viện Đa khoa Minh An (Nghệ An) cho biết, khoảng 30 phút sau tai nạn, người bệnh được đưa đến bệnh viện trong tình trạng đau bụng liên tục, tăng dần, mạch nhanh, huyết áp tụt và có dấu hiệu sốc mất máu.\nNgay khi tiếp nhận, các bác sĩ đã kích hoạt quy trình cấp cứu khẩn cấp. Kết quả chụp CT Scanner 128 lát cắt cho thấy người bệnh bị tràn máu ổ bụng lượng lớn, phù nề quai ruột và mạc treo, có hình ảnh khí tự do trong ổ bụng, nghi ngờ tổn thương động mạch mạc treo ruột.\nNhận định đây là trường hợp chấn thương bụng kín nặng, nguy cơ mất máu cấp và tổn thương tạng nghiêm trọng, ê-kíp Ngoại khoa - Gây mê hồi sức - Cấp cứu đã nhanh chóng phối hợp phẫu thuật khẩn cấp ngay trong đêm.\nTrong quá trình phẫu thuật, các bác sĩ xác định người bệnh bị vỡ mạc treo ruột non nhiều vị trí gây sốc mất máu, vỡ ruột non và rách thanh cơ đại tràng do chấn thương bụng kín sau tai nạn giao thông.\nCa mổ được tiến hành khẩn trương nhằm kiểm soát chảy máu, cắt nối đoạn ruột có tổn thương mạch máu, khâu lỗ thủng ruột non, khâu phục hồi tổn thương thanh cơ đại tràng, đồng thời hồi sức tích cực cho người bệnh.\nCác bác sĩ tiến hành cắt nối đoạn ruột có tổn thương mạch máu, khâu lỗ thủng ruột non, khâu phục hồi tổn thương thanh cơ đại tràng.\nSau điều trị, người bệnh đã qua cơn nguy kịch, sức khỏe ổn định, có thể sinh hoạt và vận động bình thường.\nTheo các bác sĩ, sau tai nạn giao thông, ngay cả khi không có vết thương ngoài da rõ ràng, người bệnh vẫn có thể gặp các tổn thương nội tạng nguy hiểm như vỡ tạng rỗng, tràn máu ổ bụng hoặc tổn thương mạch máu mạc treo.\nViệc thăm khám và thực hiện cận lâ
... [truncated, total 6432 chars]
================================================================================

================================================================================
Article ID: MOH_8ef03135e9fa8bd8 | Attempt: 1
Error: Cannot extract valid JSON from response: line 1 column 1 (char 0)
Raw response (13659 chars):
{
"id": "MOH_8ef03135e9fa8bd8",
"date_iso": "2026-06-17T00:00:00",
"full_text": "Chiều ngày 16/6/2026, tại trụ sở Bộ Y tế, TS.BS Vũ Mạnh Hà, Ủy viên Dự khuyết Ban chấp hành Trung ương Đảng, Thứ trưởng Thường trực Bộ Y tế chủ trì buổi gặp mặt, chúc mừng các đơn vị làm công tác truyền thông, báo chí của Bộ Y tế nhân kỷ niệm 101 năm Ngày Báo chí Cách mạng Việt Nam (21/6/1925-21/6/2026).\nLãnh đạo Bộ Y tế gặp mặt, chúc mừng các đơn vị làm công tác truyền thông, báo chí của Bộ Y tế nhân Ngày Báo chí Cách mạng Việt Nam\nTham dự có TS.BS Đoàn Hữu Thiển, Chánh Văn phòng Bộ Y tế, nhà báo Trần Tuấn Linh, Tổng Biên tập Báo Sức khỏe và Đời sống; các đồng chí Phó Chánh Văn phòng Bộ Y tế, Phó Giám đốc Trung tâm Truyền thông, Giáo dục sức khỏe Trung ương, Phó Tổng Biên tập Báo Sức khỏe và Đời sống; đại diện lãnh đạo một số Cục, Vụ thuộc Bộ Y tế; đông đảo nhà báo, phóng viên, biên tập viên, cộng tác viên, các cán bộ, công chức, viên chức, người lao động làm công tác truyền thông, báo chí của Bộ Y tế.\nThứ trưởng Thường trực Bộ Y tế Vũ Mạnh Hà phát biểu tại sự kiện\nTrong không khí phấn khởi hướng tới kỷ niệm 101 năm Ngày Báo chí Cách mạng Việt Nam (21/6/1925 – 21/6/2026), Thứ trưởng Thường trực Bộ Y tế Vũ Mạnh Hà và cán bộ quản lý, nhân viên các đơn vị làm công tác truyền thông, báo chí của Bộ Y tế cùng ôn lại truyền thống vẻ vang của nền báo chí cách mạng Việt Nam, đồng thời ghi nhận, biểu dương những đóng góp của đội ngũ làm công tác truyền thông, báo chí của Văn phòng Bộ Y tế, Báo Sức khỏe và Đời sống, Trung tâm Truyền thông, Giáo dục sức khỏe Trung ương, các đơn vị làm công tác truyền thông, báo chí của Bộ Y tế đối với sự nghiệp bảo vệ, chăm sóc và nâng cao sức khỏe Nhân dân.\nThứ trưởng Thường trực Vũ Mạnh Hà khẳng định, công tác truyền thông, báo chí ngành Y tế không chỉ là hoạt động hỗ trợ mà đã trở thành một bộ phận quan trọng trong công tác quản lý, điều hành và thực hiện chính sách. Mỗi chủ trương, chính sách của ngành muốn đi vào cuộc sống đều cần có sự đồng hành của côn
... [truncated, total 13659 chars]
================================================================================

================================================================================
Article ID: MOH_8ef03135e9fa8bd8 | Attempt: 2
Error: Cannot extract valid JSON from response: line 1 column 1 (char 0)
Raw response (13228 chars):
{
"id": "MOH_8ef03135e9fa8bd8",
"date_iso": "2026-06-17T00:00:00",
"full_text": "Chiều ngày 16/6/2026, tại trụ sở Bộ Y tế, TS.BS Vũ Mạnh Hà, Ủy viên Dự khuyết Ban chấp hành Trung ương Đảng, Thứ trưởng Thường trực Bộ Y tế chủ trì buổi gặp mặt, chúc mừng các đơn vị làm công tác truyền thông, báo chí của Bộ Y tế nhân kỷ niệm 101 năm Ngày Báo chí Cách mạng Việt Nam (21/6/1925-21/6/2026).\nLãnh đạo Bộ Y tế gặp mặt, chúc mừng các đơn vị làm công tác truyền thông, báo chí của Bộ Y tế nhân Ngày Báo chí Cách mạng Việt Nam\nTham dự có TS.BS Đoàn Hữu Thiển, Chánh Văn phòng Bộ Y tế, nhà báo Trần Tuấn Linh, Tổng Biên tập Báo Sức khỏe và Đời sống; các đồng chí Phó Chánh Văn phòng Bộ Y tế, Phó Giám đốc Trung tâm Truyền thông, Giáo dục sức khỏe Trung ương, Phó Tổng Biên tập Báo Sức khỏe và Đời sống; đại diện lãnh đạo một số Cục, Vụ thuộc Bộ Y tế; đông đảo nhà báo, phóng viên, biên tập viên, cộng tác viên, các cán bộ, công chức, viên chức, người lao động làm công tác truyền thông, báo chí của Bộ Y tế.\nThứ trưởng Thường trực Bộ Y tế Vũ Mạnh Hà phát biểu tại sự kiện\nTrong không khí phấn khởi hướng tới kỷ niệm 101 năm Ngày Báo chí Cách mạng Việt Nam (21/6/1925 – 21/6/2026), Thứ trưởng Thường trực Bộ Y tế Vũ Mạnh Hà và cán bộ quản lý, nhân viên các đơn vị làm công tác truyền thông, báo chí của Bộ Y tế cùng ôn lại truyền thống vẻ vang của nền báo chí cách mạng Việt Nam, đồng thời ghi nhận, biểu dương những đóng góp của đội ngũ làm công tác truyền thông, báo chí của Văn phòng Bộ Y tế, Báo Sức khỏe và Đời sống, Trung tâm Truyền thông, Giáo dục sức khỏe Trung ương, các đơn vị làm công tác truyền thông, báo chí của Bộ Y tế đối với sự nghiệp bảo vệ, chăm sóc và nâng cao sức khỏe Nhân dân.\nThứ trưởng Thường trực Vũ Mạnh Hà khẳng định, công tác truyền thông, báo chí ngành Y tế không chỉ là hoạt động hỗ trợ mà đã trở thành một bộ phận quan trọng trong công tác quản lý, điều hành và thực hiện chính sách. Mỗi chủ trương, chính sách của ngành muốn đi vào cuộc sống đều cần có sự đồng hành của côn
... [truncated, total 13228 chars]
================================================================================

================================================================================
Article ID: MOH_077dd70fb4c768a3 | Attempt: 1
Error: Cannot extract valid JSON from response: line 1 column 1 (char 0)
Raw response (10362 chars):
{
"id": "MOH_077dd70fb4c768a3",
"date_iso": "2026-06-17T00:00:00",
"full_text": "Chiều ngày 16/6/2026, tại Bộ Y tế, PGS.TS Nguyễn Tri Thức, Thứ trưởng Bộ Y tế chủ trì cuộc họp rà soát, kiểm tra, đôn đốc tiến độ xây dựng hệ thống thông tin quản lý khám bệnh, chữa bệnh theo quy định tại Điều 112 của Luật khám bệnh, chữa bệnh.\nTham dự có đại diện lãnh đạo Cục Khoa học Công nghệ và Đào tạo, Cục Quản lý Khám, chữa bệnh, Vụ Kế hoạch –Tài chính và Trung tâm Thông tin Y tế quốc gia.\nThứ trưởng Bộ Y tế Nguyễn Tri Thức chủ trì cuộc họp\nTại Điều 112 của Luật Khám bệnh, chữa bệnh quy định về Hệ thống thông tin quản lý hoạt động khám bệnh, chữa bệnh. Trong đó hệ thống thông tin bao hàm các nội dung về: Người bệnh và thông tin sức khỏe của từng cá nhân; người hành nghề; cơ sở khám bệnh, chữa bệnh; chuyên môn kỹ thuật; giá dịch vụ khám bệnh, chữa bệnh, giá dịch vụ chăm sóc, hỗ trợ theo yêu cầu; chi phí khám bệnh, chữa bệnh bao gồm cả chi phí khám bệnh, chữa bệnh do quỹ bảo hiểm y tế thanh toán.\nTheo Điều 112, hệ thống thông tin về quản lý hoạt động khám bệnh, chữa bệnh do Bộ Y tế thống nhất, tập trung quản lý, phải đáp ứng các điều kiện bảo đảm an toàn, bảo mật thông tin theo quy định của pháp luật và bảo đảm liên thông với cơ sở dữ liệu quốc gia; cơ sở khám bệnh, chữa bệnh có trách nhiệm cung cấp đầy đủ, chính xác, kịp thời các thông tin lên Hệ thống thông tin về quản lý hoạt động khám bệnh, chữa bệnh; cơ quan bảo hiểm xã hội có trách nhiệm cung cấp đầy đủ, chính xác, kịp thời thông tin về thanh toán chi phí khám bệnh, chữa bệnh bảo hiểm y tế lên Hệ thống thông tin về quản lý hoạt động khám bệnh, chữa bệnh.\nĐại biểu tham dự cuộc họp báo cáo, đề xuất giải pháp thực hiện nhiệm vụ\nCục Quản lý Khám, chữa bệnh đã xây dựng chi tiết những nội dung, nhiệm vụ yêu cầu được hoạch định tại Nghị định, Thông tư hướng dẫn và yêu cầu cung cấp module, cơ sở dữ liệu cũng như thủ tục hành chính. Các đại biểu tham dự cuộc họp đã phân tích, thảo luận về giải pháp triển khai, phương án đề xuất n
... [truncated, total 10362 chars]
================================================================================

================================================================================
Article ID: MOH_077dd70fb4c768a3 | Attempt: 2
Error: Cannot extract valid JSON from response: line 1 column 1 (char 0)
Raw response (10252 chars):
{
"id": "MOH_077dd70fb4c768a3",
"date_iso": "2026-06-17T00:00:00",
"full_text": "Chiều ngày 16/6/2026, tại Bộ Y tế, PGS.TS Nguyễn Tri Thức, Thứ trưởng Bộ Y tế chủ trì cuộc họp rà soát, kiểm tra, đôn đốc tiến độ xây dựng hệ thống thông tin quản lý khám bệnh, chữa bệnh theo quy định tại Điều 112 của Luật khám bệnh, chữa bệnh.\nTham dự có đại diện lãnh đạo Cục Khoa học Công nghệ và Đào tạo, Cục Quản lý Khám, chữa bệnh, Vụ Kế hoạch –Tài chính và Trung tâm Thông tin Y tế quốc gia.\nThứ trưởng Bộ Y tế Nguyễn Tri Thức chủ trì cuộc họp\nTại Điều 112 của Luật Khám bệnh, chữa bệnh quy định về Hệ thống thông tin quản lý hoạt động khám bệnh, chữa bệnh. Trong đó hệ thống thông tin bao hàm các nội dung về: Người bệnh và thông tin sức khỏe của từng cá nhân; người hành nghề; cơ sở khám bệnh, chữa bệnh; chuyên môn kỹ thuật; giá dịch vụ khám bệnh, chữa bệnh, giá dịch vụ chăm sóc, hỗ trợ theo yêu cầu; chi phí khám bệnh, chữa bệnh bao gồm cả chi phí khám bệnh, chữa bệnh do quỹ bảo hiểm y tế thanh toán.\nTheo Điều 112, hệ thống thông tin về quản lý hoạt động khám bệnh, chữa bệnh do Bộ Y tế thống nhất, tập trung quản lý, phải đáp ứng các điều kiện bảo đảm an toàn, bảo mật thông tin theo quy định của pháp luật và bảo đảm liên thông với cơ sở dữ liệu quốc gia; cơ sở khám bệnh, chữa bệnh có trách nhiệm cung cấp đầy đủ, chính xác, kịp thời các thông tin lên Hệ thống thông tin về quản lý hoạt động khám bệnh, chữa bệnh; cơ quan bảo hiểm xã hội có trách nhiệm cung cấp đầy đủ, chính xác, kịp thời thông tin về thanh toán chi phí khám bệnh, chữa bệnh bảo hiểm y tế lên Hệ thống thông tin về quản lý hoạt động khám bệnh, chữa bệnh.\nĐại biểu tham dự cuộc họp báo cáo, đề xuất giải pháp thực hiện nhiệm vụ\nCục Quản lý Khám, chữa bệnh đã xây dựng chi tiết những nội dung, nhiệm vụ yêu cầu được hoạch định tại Nghị định, Thông tư hướng dẫn và yêu cầu cung cấp module, cơ sở dữ liệu cũng như thủ tục hành chính. Các đại biểu tham dự cuộc họp đã phân tích, thảo luận về giải pháp triển khai, phương án đề xuất n
... [truncated, total 10252 chars]
================================================================================

================================================================================
Article ID: MOH_5193599421152085 | Attempt: 1
Error: Cannot extract valid JSON from response: line 1 column 1 (char 0)
Raw response (7402 chars):
{
"id": "MOH_5193599421152085",
"date_iso": "2026-06-16T00:00:00",
"full_text": "Thực hiện Nghị quyết của Chính phủ về việc tăng số lượng vaccine trong Chương trình Tiêm chủng mở rộng giai đoạn 2021-2030, từ 1/7/2026, vaccine HPV đã chính thức được đưa vào sử dụng trong Chương trình.\nVaccine HPV đã chính thức được đưa vào sử dụng trong Chương trình Tiêm chủng mở rộng\nTheo lộ trình được phê duyệt, Chương trình sẽ triển khai trước tại bốn tỉnh gồm Tuyên Quang, Quảng Ngãi, Đắk Lắk và Vĩnh Long đối với trẻ em gái 12 tuổi, với khoảng 18.000 trẻ được tiếp cận mỗi năm trong giai đoạn 2026-2028.\nĐộng thái này được nhiều chuyên gia đánh giá là dấu mốc quan trọng của y tế dự phòng, đồng thời cho thấy việc nâng cao nhận thức cộng đồng về HPV và các biện pháp dự phòng phù hợp vẫn là mắt xích không thể thiếu trong hành trình giảm gánh nặng bệnh tật lâu dài.\nLà một đơn vị đồng hành cùng Chương trình Tiêm chủng mở rộng, MSD Việt Nam (thuộc tập đoàn MSD, được biết đến là Merck & Co., Inc., Rahway, NJ, USA, có trụ sở chính tại Mỹ và Canada) triển khai chiến dịch truyền thông \"Chủ động không chủ quan - An tâm giữ trọn khoảnh khắc yêu thương\" nhằm nâng cao nhận thức cộng đồng về HPV - loại virus gây u nhú ở người - và khuyến khích cộng đồng chủ động dự phòng từ sớm. Việc tăng cường truyền thông nâng cao nhận thức cộng đồng về HPV được các chuyên gia đánh giá là hết sức cần thiết trong bối cảnh còn sự thờ ơ và nhận biết chưa đúng về HPV trong cộng đồng.\nHiện nay, còn nhiều gia đình vẫn trì hoãn những cuộc trò chuyện về sức khỏe và bệnh tật, đặc biệt với các vấn đề liên quan đến sức khỏe sinh sản. Không ít người còn cho rằng, các loại bệnh do virus HPV chỉ liên quan tới người nữ. \"Chủ động phòng ngừa HPV là bước quan trọng để bảo vệ sức khỏe, bởi đây là một trong những tác nhân lây truyền qua đường tình dục phổ biến nhất trên thế giới. Phần lớn người có hoạt động tình dục có thể từng nhiễm HPV ít nhất một lần trong đời, ở cả nam và nữ\" – chuyên gia của MSD Việt Nam chia sẻ.\nCũ
... [truncated, total 7402 chars]
================================================================================

================================================================================
Article ID: MOH_5193599421152085 | Attempt: 2
Error: Cannot extract valid JSON from response: line 1 column 1 (char 0)
Raw response (7734 chars):
{
"id": "MOH_5193599421152085",
"date_iso": "2026-06-16T00:00:00",
"full_text": "Thực hiện Nghị quyết của Chính phủ về việc tăng số lượng vaccine trong Chương trình Tiêm chủng mở rộng giai đoạn 2021-2030, từ 1/7/2026, vaccine HPV đã chính thức được đưa vào sử dụng trong Chương trình.\nVaccine HPV đã chính thức được đưa vào sử dụng trong Chương trình Tiêm chủng mở rộng\nTheo lộ trình được phê duyệt, Chương trình sẽ triển khai trước tại bốn tỉnh gồm Tuyên Quang, Quảng Ngãi, Đắk Lắk và Vĩnh Long đối với trẻ em gái 12 tuổi, với khoảng 18.000 trẻ được tiếp cận mỗi năm trong giai đoạn 2026-2028.\nĐộng thái này được nhiều chuyên gia đánh giá là dấu mốc quan trọng của y tế dự phòng, đồng thời cho thấy việc nâng cao nhận thức cộng đồng về HPV và các biện pháp dự phòng phù hợp vẫn là mắt xích không thể thiếu trong hành trình giảm gánh nặng bệnh tật lâu dài.\nLà một đơn vị đồng hành cùng Chương trình Tiêm chủng mở rộng, MSD Việt Nam (thuộc tập đoàn MSD, được biết đến là Merck & Co., Inc., Rahway, NJ, USA, có trụ sở chính tại Mỹ và Canada) triển khai chiến dịch truyền thông \"Chủ động không chủ quan - An tâm giữ trọn khoảnh khắc yêu thương\" nhằm nâng cao nhận thức cộng đồng về HPV - loại virus gây u nhú ở người - và khuyến khích cộng đồng chủ động dự phòng từ sớm. Việc tăng cường truyền thông nâng cao nhận thức cộng đồng về HPV được các chuyên gia đánh giá là hết sức cần thiết trong bối cảnh còn sự thờ ơ và nhận biết chưa đúng về HPV trong cộng đồng.\nHiện nay, còn nhiều gia đình vẫn trì hoãn những cuộc trò chuyện về sức khỏe và bệnh tật, đặc biệt với các vấn đề liên quan đến sức khỏe sinh sản. Không ít người còn cho rằng, các loại bệnh do virus HPV chỉ liên quan tới người nữ. \"Chủ động phòng ngừa HPV là bước quan trọng để bảo vệ sức khỏe, bởi đây là một trong những tác nhân lây truyền qua đường tình dục phổ biến nhất trên thế giới. Phần lớn người có hoạt động tình dục có thể từng nhiễm HPV ít nhất một lần trong đời, ở cả nam và nữ\" – chuyên gia của MSD Việt Nam chia sẻ.\nCũ
... [truncated, total 7734 chars]
================================================================================

================================================================================
Article ID: MOH_5193599421152085 | Attempt: 3
Error: Cannot extract valid JSON from response: line 1 column 1 (char 0)
Raw response (7437 chars):
{
"id": "MOH_5193599421152085",
"date_iso": "2026-06-16T00:00:00",
"full_text": "Thực hiện Nghị quyết của Chính phủ về việc tăng số lượng vaccine trong Chương trình Tiêm chủng mở rộng giai đoạn 2021-2030, từ 1/7/2026, vaccine HPV đã chính thức được đưa vào sử dụng trong Chương trình.\nVaccine HPV đã chính thức được đưa vào sử dụng trong Chương trình Tiêm chủng mở rộng\nTheo lộ trình được phê duyệt, Chương trình sẽ triển khai trước tại bốn tỉnh gồm Tuyên Quang, Quảng Ngãi, Đắk Lắk và Vĩnh Long đối với trẻ em gái 12 tuổi, với khoảng 18.000 trẻ được tiếp cận mỗi năm trong giai đoạn 2026-2028.\nĐộng thái này được nhiều chuyên gia đánh giá là dấu mốc quan trọng của y tế dự phòng, đồng thời cho thấy việc nâng cao nhận thức cộng đồng về HPV và các biện pháp dự phòng phù hợp vẫn là mắt xích không thể thiếu trong hành trình giảm gánh nặng bệnh tật lâu dài.\nLà một đơn vị đồng hành cùng Chương trình Tiêm chủng mở rộng, MSD Việt Nam (thuộc tập đoàn MSD, được biết đến là Merck & Co., Inc., Rahway, NJ, USA, có trụ sở chính tại Mỹ và Canada) triển khai chiến dịch truyền thông \"Chủ động không chủ quan - An tâm giữ trọn khoảnh khắc yêu thương\" nhằm nâng cao nhận thức cộng đồng về HPV - loại virus gây u nhú ở người - và khuyến khích cộng đồng chủ động dự phòng từ sớm. Việc tăng cường truyền thông nâng cao nhận thức cộng đồng về HPV được các chuyên gia đánh giá là hết sức cần thiết trong bối cảnh còn sự thờ ơ và nhận biết chưa đúng về HPV trong cộng đồng.\nHiện nay, còn nhiều gia đình vẫn trì hoãn những cuộc trò chuyện về sức khỏe và bệnh tật, đặc biệt với các vấn đề liên quan đến sức khỏe sinh sản. Không ít người còn cho rằng, các loại bệnh do virus HPV chỉ liên quan tới người nữ. \"Chủ động phòng ngừa HPV là bước quan trọng để bảo vệ sức khỏe, bởi đây là một trong những tác nhân lây truyền qua đường tình dục phổ biến nhất trên thế giới. Phần lớn người có hoạt động tình dục có thể từng nhiễm HPV ít nhất một lần trong đời, ở cả nam và nữ\" – chuyên gia của MSD Việt Nam chia sẻ.\nCũ
... [truncated, total 7437 chars]
================================================================================

================================================================================
Article ID: MOH_5193599421152085 | Attempt: 4
Error: Cannot extract valid JSON from response: line 1 column 1 (char 0)
Raw response (7692 chars):
{
"id": "MOH_5193599421152085",
"date_iso": "2026-06-16T00:00:00",
"full_text": "Thực hiện Nghị quyết của Chính phủ về việc tăng số lượng vaccine trong Chương trình Tiêm chủng mở rộng giai đoạn 2021-2030, từ 1/7/2026, vaccine HPV đã chính thức được đưa vào sử dụng trong Chương trình.\nVaccine HPV đã chính thức được đưa vào sử dụng trong Chương trình Tiêm chủng mở rộng\nTheo lộ trình được phê duyệt, Chương trình sẽ triển khai trước tại bốn tỉnh gồm Tuyên Quang, Quảng Ngãi, Đắk Lắk và Vĩnh Long đối với trẻ em gái 12 tuổi, với khoảng 18.000 trẻ được tiếp cận mỗi năm trong giai đoạn 2026-2028.\nĐộng thái này được nhiều chuyên gia đánh giá là dấu mốc quan trọng của y tế dự phòng, đồng thời cho thấy việc nâng cao nhận thức cộng đồng về HPV và các biện pháp dự phòng phù hợp vẫn là mắt xích không thể thiếu trong hành trình giảm gánh nặng bệnh tật lâu dài.\nLà một đơn vị đồng hành cùng Chương trình Tiêm chủng mở rộng, MSD Việt Nam (thuộc tập đoàn MSD, được biết đến là Merck & Co., Inc., Rahway, NJ, USA, có trụ sở chính tại Mỹ và Canada) triển khai chiến dịch truyền thông \"Chủ động không chủ quan - An tâm giữ trọn khoảnh khắc yêu thương\" nhằm nâng cao nhận thức cộng đồng về HPV - loại virus gây u nhú ở người - và khuyến khích cộng đồng chủ động dự phòng từ sớm. Việc tăng cường truyền thông nâng cao nhận thức cộng đồng về HPV được các chuyên gia đánh giá là hết sức cần thiết trong bối cảnh còn sự thờ ơ và nhận biết chưa đúng về HPV trong cộng đồng.\nHiện nay, còn nhiều gia đình vẫn trì hoãn những cuộc trò chuyện về sức khỏe và bệnh tật, đặc biệt với các vấn đề liên quan đến sức khỏe sinh sản. Không ít người còn cho rằng, các loại bệnh do virus HPV chỉ liên quan tới người nữ. \"Chủ động phòng ngừa HPV là bước quan trọng để bảo vệ sức khỏe, bởi đây là một trong những tác nhân lây truyền qua đường tình dục phổ biến nhất trên thế giới. Phần lớn người có hoạt động tình dục có thể từng nhiễm HPV ít nhất một lần trong đời, ở cả nam và nữ\" – chuyên gia của MSD Việt Nam chia sẻ.\nCũ
... [truncated, total 7692 chars]
================================================================================

================================================================================
Article ID: MOH_3f6d3b5e7992e24b | Attempt: 1
Error: Cannot extract valid JSON from response: line 1 column 1 (char 0)
Raw response (10911 chars):
{
"id": "MOH_3f6d3b5e7992e24b",
"date_iso": "2026-06-16T00:00:00",
"full_text": "BV Đại học Y Hà Nội sáng 15/6 đã đưa vào vận hành hệ thống phẫu thuật robot Da Vinci Xi- thế hệ robot phẫu thuật hiện đại nhất hiện nay với những ưu điểm vượt trội giúp rút ngắn thời gian điều trị cho người bệnh và nâng cao hiệu quả phẫu thuật đối với những ca bệnh phức tạp.\nBước tiến mới trong ứng dụng công nghệ y tế hiện đại\nPhát biểu tại lễ khai trương, TS Nguyễn Minh Lợi - Cục trưởng Hạ tầng và Thiết bị y tế (Bộ Y tế) đánh giá cao quyết tâm của Trường Đại học Y Hà Nội và BV Đại học Y Hà Nội trong việc đầu tư hệ thống robot phẫu thuật Da Vinci Xi - công nghệ tiên tiến hàng đầu thế giới hiện nay.\nTheo TS Nguyễn Minh Lợi, những năm gần đây, cùng với sự phát triển mạnh mẽ của khoa học công nghệ, dưới sự lãnh đạo của Đảng, Nhà nước và Chính phủ, ngành Y tế đã đẩy mạnh nhiều giải pháp nhằm đưa các công nghệ hiện đại, tiên tiến trên thế giới tiếp cận thị trường Việt Nam và được triển khai tại các cơ sở y tế, góp phần nâng cao chất lượng bảo vệ, chăm sóc và nâng cao sức khỏe nhân dân.\nTS Nguyễn Minh Lợi - Cục trưởng Hạ tầng và Thiết bị y tế (Bộ Y tế) phát biểu.\n\"Việc Bệnh viện Đại học Y Hà Nội đưa hệ thống robot Da Vinci Xi vào hoạt động không chỉ giúp nâng cao chất lượng phẫu thuật, giảm tai biến, rút ngắn thời gian điều trị mà còn tiếp tục khẳng định vị thế của một bệnh viện đại học trọng điểm, gắn liền với bề dày hơn 120 năm phát triển của Trường Đại học Y Hà Nội\"- TS Lợi nói và khẳng định thêm đây cũng là minh chứng sinh động cho việc nhà trường và bệnh viện cụ thể hóa các chủ trương lớn của Đảng, Nhà nước về phát triển khoa học công nghệ, đổi mới sáng tạo và chuyển đổi số trong lĩnh vực y tế.\nĐể phát huy hiệu quả đầu tư, TS Nguyễn Minh Lợi đề nghị BV Đại học Y Hà Nội tiếp tục nghiên cứu, ứng dụng và khai thác hiệu quả hệ thống robot trong hoạt động chuyên môn nhằm nâng cao chất lượng điều trị cho người bệnh.\nĐặc biệt, với vai trò là bệnh viện của trường đại học y khoa hàng đầu
... [truncated, total 10911 chars]
================================================================================

================================================================================
Article ID: MOH_5b7e4bf92258f61f | Attempt: 1
Error: Cannot extract valid JSON from response: line 1 column 1 (char 0)
Raw response (10784 chars):
{
"id": "MOH_5b7e4bf92258f61f",
"date_iso": "2026-06-16T00:00:00",
"full_text": "Chiều ngày 15/6/2026, tại Bộ Y tế, Ủy viên Ban Chấp hành Trung ương Đảng, Bộ trưởng Bộ Y tế Đào Hồng Lan đã chủ trì buổi làm việc với các đơn vị về kết quả bước đầu Tổng rà soát văn bản quy phạm pháp luật thuộc lĩnh vực quản lý Nhà nước của Bộ Y tế.\nBộ trưởng Bộ Y tế Đào Hồng Lan chủ trì cuộc họp\nCùng tham dự cuộc họp có Ủy viên dự khuyết Ban Chấp hành Trung ương Đảng, Thứ trưởng Thường trực Bộ Y tế Vũ Mạnh Hà.\nThứ trưởng Thường trực Bộ Y tế Vũ Mạnh Hà tham dự\nBáo cáo tại buổi làm việc, đại diện lãnh đạo Vụ Pháp chế cho biết, thực hiện Quyết định số 1103/QĐ-BYT của Bộ trưởng Bộ Y tế về Kế hoạch triển khai tổng rà soát hệ thống văn bản quy phạm pháp luật về y tế, đến nay Bộ Y tế đã triển khai đồng bộ nhiều nhiệm vụ nhằm bảo đảm tiến độ và chất lượng công tác rà soát văn bản quy phạm pháp luật ngành Y tế.\nBà Đinh Thị Thu Thủy, Phó Vụ trưởng Vụ Pháp chế báo cáo tiến độ\nTheo Vụ Pháp chế, Bộ Y tế đã ban hành Quyết định số 1285/QĐ-BYT ngày 08/5/2026 thành lập Tổ công tác và Tổ giúp việc thực hiện tổng rà soát hệ thống văn bản quy phạm pháp luật thuộc phạm vi quản lý nhà nước của Bộ Y tế.\nĐể hỗ trợ các đơn vị thực hiện nhiệm vụ, Vụ Pháp chế đã thường xuyên ban hành các văn bản hướng dẫn, đôn đốc; cung cấp tài khoản , đường dẫn truy cập phần mềm tổng rà soát; hướng dẫn ứng dụng trí tuệ nhân tạo (AI) trong hỗ trợ rà soát văn bản quy phạm pháp luật; đồng thời hướng dẫn các Vụ, Cục thành lập nhóm, tổ rà soát chuyên trách.\nĐại diện lãnh đạo các Cục, Vụ, Văn phòng Bộ báo cáo kết quả rà soát của đơn vị\nBộ Y tế cũng đã ban hành Công văn số 3180/BYT-PC ngày 05/5/2026 hướng dẫn rà soát và đề xuất xử lý các văn bản quy phạm pháp luật liên quan đến việc thực hiện các giải pháp đột phá nhằm tăng cường công tác bảo vệ, chăm sóc và nâng cao sức khỏe Nhân dân.\nNgày 21/5/2026, Vụ Pháp chế phối hợp với Cục Kiểm tra văn bản và Tổ chức thi hành pháp luật (Bộ Tư pháp) tổ chức tập huấn cho cán bộ, công ch
... [truncated, total 10784 chars]
================================================================================

================================================================================
Article ID: MOH_5b7e4bf92258f61f | Attempt: 2
Error: Cannot extract valid JSON from response: line 1 column 1 (char 0)
Raw response (10436 chars):
{
"id": "MOH_5b7e4bf92258f61f",
"date_iso": "2026-06-16T00:00:00",
"full_text": "Chiều ngày 15/6/2026, tại Bộ Y tế, Ủy viên Ban Chấp hành Trung ương Đảng, Bộ trưởng Bộ Y tế Đào Hồng Lan đã chủ trì buổi làm việc với các đơn vị về kết quả bước đầu Tổng rà soát văn bản quy phạm pháp luật thuộc lĩnh vực quản lý Nhà nước của Bộ Y tế.\nBộ trưởng Bộ Y tế Đào Hồng Lan chủ trì cuộc họp\nCùng tham dự cuộc họp có Ủy viên dự khuyết Ban Chấp hành Trung ương Đảng, Thứ trưởng Thường trực Bộ Y tế Vũ Mạnh Hà.\nThứ trưởng Thường trực Bộ Y tế Vũ Mạnh Hà tham dự\nBáo cáo tại buổi làm việc, đại diện lãnh đạo Vụ Pháp chế cho biết, thực hiện Quyết định số 1103/QĐ-BYT của Bộ trưởng Bộ Y tế về Kế hoạch triển khai tổng rà soát hệ thống văn bản quy phạm pháp luật về y tế, đến nay Bộ Y tế đã triển khai đồng bộ nhiều nhiệm vụ nhằm bảo đảm tiến độ và chất lượng công tác rà soát văn bản quy phạm pháp luật ngành Y tế.\nBà Đinh Thị Thu Thủy, Phó Vụ trưởng Vụ Pháp chế báo cáo tiến độ\nTheo Vụ Pháp chế, Bộ Y tế đã ban hành Quyết định số 1285/QĐ-BYT ngày 08/5/2026 thành lập Tổ công tác và Tổ giúp việc thực hiện tổng rà soát hệ thống văn bản quy phạm pháp luật thuộc phạm vi quản lý nhà nước của Bộ Y tế.\nĐể hỗ trợ các đơn vị thực hiện nhiệm vụ, Vụ Pháp chế đã thường xuyên ban hành các văn bản hướng dẫn, đôn đốc; cung cấp tài khoản , đường dẫn truy cập phần mềm tổng rà soát; hướng dẫn ứng dụng trí tuệ nhân tạo (AI) trong hỗ trợ rà soát văn bản quy phạm pháp luật; đồng thời hướng dẫn các Vụ, Cục thành lập nhóm, tổ rà soát chuyên trách.\nĐại diện lãnh đạo các Cục, Vụ, Văn phòng Bộ báo cáo kết quả rà soát của đơn vị\nBộ Y tế cũng đã ban hành Công văn số 3180/BYT-PC ngày 05/5/2026 hướng dẫn rà soát và đề xuất xử lý các văn bản quy phạm pháp luật liên quan đến việc thực hiện các giải pháp đột phá nhằm tăng cường công tác bảo vệ, chăm sóc và nâng cao sức khỏe Nhân dân.\nNgày 21/5/2026, Vụ Pháp chế phối hợp với Cục Kiểm tra văn bản và Tổ chức thi hành pháp luật (Bộ Tư pháp) tổ chức tập huấn cho cán bộ, công ch
... [truncated, total 10436 chars]
================================================================================

================================================================================
Article ID: MOH_231f02f717f868ad | Attempt: 1
Error: Cannot extract valid JSON from response: line 1 column 1 (char 0)
Raw response (7500 chars):
{
"id": "MOH_231f02f717f868ad",
"date_iso": "2026-06-16T00:00:00",
"full_text": "Ngày 15/6,TS.Dược sĩ Chu Quốc Thịnh, Cục trưởng Cục an toàn thực phẩm (Bộ Y tế) có văn bản gửi Sở Y tế các tỉnh, thành phố trực thuộc Trung ương, Sở An toàn thực phẩm thành phố Hồ Chí Minh, Chi cục An toàn vệ sinh thực phẩm các tỉnh, thành phố cảnh báo thu hồi sản phẩm sữa Nara Organics Whole Milk Organic Powdered Infant Formula.\nTheo đó, ngày 13/6, Cục Quản lý Thực phẩm và Dược phẩm Hoa Kỳ (FDA) đã ra thông báo về việc tự nguyện thu hồi toàn bộ các sản phẩm sữa bột dành cho trẻ sơ sinh Nara Organics Whole Milk Organic Powdered Infant Formula do Nara Organics sản xuất, được phân phối qua hệ thống cửa hàng bán lẻ Target, trang thương mại điện tử Target.com và Nara.com trong khoảng thời gian từ tháng 7/2025 đến tháng 6/2026 và không được phân phối ngoài lãnh thổ Hoa Kỳ.\nThông báo được đưa ra sau khi ghi nhận 3 trường hợp trẻ sơ sinh bị ngộ độc Botulinum tại 3 tiểu bang gồm California, Pennsylvania và Washington. Theo báo cáo, các trường hợp này đều có sử dụng sản phẩm nêu trên trước khi khởi phát bệnh.\nSản phẩm sữa dành cho trẻ sơ sinh của Nara Organics bị thu hồi do nghi nhiễm khuẩn độc tố Botulinum.\nĐể bảo đảm sức khỏe cho người tiêu dùng, Cục An toàn thực phẩm đề nghị Sở Y tế, Sở An toàn thực phẩm, Chi cục An toàn thực phẩm các tỉnh, thành phố khẩn trương triển khai rà soát việc đăng ký bản công bố, tự công bố đối với sản phẩm sữa bột trẻ em Nara Organics Whole Milk Organic Powdered Infant Formula do Nara Organics sản xuất.\nLàm việc với công ty công bố sản phẩm sữa bột trẻ em Nara Organics Whole Milk Organic Powdered Infant Formula (nếu có), yêu cầu công ty thông báo cho các đơn vị phân phối, người tiêu dùng ngừng việc sử dụng sản phẩm và tiến hành thu hồi theo khuyến cáo của nhà sản xuất, báo cáo (số lượng đã nhập khẩu, số lượng đã bán, số lượng còn tồn) và đề xuất biện pháp xử lý các lô sản phẩm theo thông tin thu hồi nêu trên.\nĐồng thời, tuyên truyền thông tin cho người tiêu d
... [truncated, total 7500 chars]
================================================================================

================================================================================
Article ID: MOH_4af8c6ff197a10a6 | Attempt: 1
Error: Cannot extract valid JSON from response: line 1 column 1 (char 0)
Raw response (8940 chars):
{
"id": "MOH_4af8c6ff197a10a6",
"date_iso": "2026-06-15T00:00:00",
"full_text": "Từ việc bố trí lọc máu chu kỳ an toàn cho 12 du khách Đài Loan trong thời gian du lịch tại địa phương, Bệnh viện C Đà Nẵng cho thấy vai trò của hệ thống y tế không chỉ dừng ở điều trị, mà còn góp phần tạo dựng điểm đến an toàn, thân thiện với du khách có bệnh lý mạn tính.\nBSCKII. Nguyễn Anh Tuấn, Trưởng khoa Thận nhân tạo - Lọc máu, Bệnh viện C Đà Nẵng thăm hỏi, động viên du khách trong quá trình lọc máu. Ảnh: XUÂN TRÌNH\nAn toàn trong mỗi hành trình\nBãi biển, khách sạn hay lịch trình tham quan không phải mối quan tâm duy nhất của 12 du khách Đài Loan trước khi đến Đà Nẵng. Là những bệnh nhân suy thận mạn phải chạy thận định kỳ, họ cần một điểm tựa y tế đủ tin cậy để chuyến đi không bị gián đoạn.\nDo đó, đoàn đã chủ động gửi hồ sơ bệnh án đến Bệnh viện C Đà Nẵng thông qua đơn vị lữ hành, đề nghị hỗ trợ bố trí lọc máu trong thời gian du lịch tại địa phương.\nBSCKII. Nguyễn Anh Tuấn, Trưởng khoa Thận nhân tạo - Lọc máu, cho biết, sau khi tiếp nhận thông tin, đơn vị phối hợp với Ban Giám đốc xây dựng phương án tiếp đón, sắp xếp lịch lọc máu và chuẩn bị các điều kiện chuyên môn cần thiết.\nTheo đó, bệnh viện thiết lập quy trình tiếp đón và thực hiện lọc máu theo đúng phác đồ, bảo đảm bệnh nhân được điều trị an toàn trong thời gian lưu trú tại Đà Nẵng. Bệnh nhân được thăm khám, đánh giá tình trạng sức khỏe trước khi chỉ định lọc máu.\nBSCKII. Nguyễn Anh Tuấn cho hay, Khoa Thận nhân tạo - Lọc máu từng tiếp nhận nhiều bệnh nhân nước ngoài đến điều trị trong thời gian ở Đà Nẵng, nhưng chủ yếu là các trường hợp đi lẻ.\nLần này, việc tiếp nhận cùng lúc 12 bệnh nhân nước ngoài đòi hỏi bệnh viện tổ chức chặt chẽ hơn, từ rà soát hồ sơ bệnh án, chuẩn bị nhân lực, máy móc, thuốc và vật tư y tế đến bố trí lịch điều trị phù hợp.\nVới bệnh nhân suy thận mạn, chạy thận là một phần không thể tách rời khỏi đời sống. Chỉ cần chậm trễ hoặc gián đoạn, bệnh nhân có thể đối mặt với nguy cơ quá tải dịch, rối lo
... [truncated, total 8940 chars]
================================================================================

================================================================================
Article ID: MOH_4af8c6ff197a10a6 | Attempt: 2
Error: API error: AttributeError: 'list' object has no attribute 'get'
Raw response (0 chars):

================================================================================

================================================================================
Article ID: MOH_4af8c6ff197a10a6 | Attempt: 3
Error: API error: AttributeError: 'list' object has no attribute 'get'
Raw response (0 chars):

================================================================================

================================================================================
Article ID: MOH_4af8c6ff197a10a6 | Attempt: 4
Error: API error: AttributeError: 'list' object has no attribute 'get'
Raw response (0 chars):

================================================================================

================================================================================
Article ID: MOH_4af8c6ff197a10a6 | Attempt: 5
Error: API error: AttributeError: 'list' object has no attribute 'get'
Raw response (0 chars):

================================================================================

================================================================================
Article ID: MOH_f7581de63e979c4a | Attempt: 1
Error: API error: AttributeError: 'list' object has no attribute 'get'
Raw response (0 chars):

================================================================================

================================================================================
Article ID: MOH_f7581de63e979c4a | Attempt: 2
Error: API error: AttributeError: 'list' object has no attribute 'get'
Raw response (0 chars):

================================================================================

================================================================================
Article ID: MOH_f7581de63e979c4a | Attempt: 3
Error: API error: AttributeError: 'list' object has no attribute 'get'
Raw response (0 chars):

================================================================================

================================================================================
Article ID: MOH_f7581de63e979c4a | Attempt: 4
Error: API error: AttributeError: 'list' object has no attribute 'get'
Raw response (0 chars):

================================================================================

================================================================================
Article ID: MOH_f7581de63e979c4a | Attempt: 5
Error: API error: AttributeError: 'list' object has no attribute 'get'
Raw response (0 chars):

================================================================================

================================================================================
Article ID: MOH_c6a7e0d1a7c21b78 | Attempt: 1
Error: API error: AttributeError: 'list' object has no attribute 'get'
Raw response (0 chars):

================================================================================

================================================================================
Article ID: MOH_c6a7e0d1a7c21b78 | Attempt: 2
Error: API error: AttributeError: 'list' object has no attribute 'get'
Raw response (0 chars):

================================================================================

================================================================================
Article ID: MOH_c6a7e0d1a7c21b78 | Attempt: 3
Error: API error: AttributeError: 'list' object has no attribute 'get'
Raw response (0 chars):

================================================================================

================================================================================
Article ID: MOH_c6a7e0d1a7c21b78 | Attempt: 4
Error: API error: AttributeError: 'list' object has no attribute 'get'
Raw response (0 chars):

================================================================================

================================================================================
Article ID: MOH_c6a7e0d1a7c21b78 | Attempt: 5
Error: API error: AttributeError: 'list' object has no attribute 'get'
Raw response (0 chars):

================================================================================

================================================================================
Article ID: MOH_8fe99b64b965cfc0 | Attempt: 1
Error: API error: AttributeError: 'list' object has no attribute 'get'
Raw response (0 chars):

================================================================================

================================================================================
Article ID: MOH_8fe99b64b965cfc0 | Attempt: 2
Error: API error: AttributeError: 'list' object has no attribute 'get'
Raw response (0 chars):

================================================================================

================================================================================
Article ID: MOH_8fe99b64b965cfc0 | Attempt: 3
Error: API error: AttributeError: 'list' object has no attribute 'get'
Raw response (0 chars):

================================================================================

================================================================================
Article ID: MOH_8fe99b64b965cfc0 | Attempt: 4
Error: API error: AttributeError: 'list' object has no attribute 'get'
Raw response (0 chars):

================================================================================

================================================================================
Article ID: MOH_8fe99b64b965cfc0 | Attempt: 5
Error: API error: AttributeError: 'list' object has no attribute 'get'
Raw response (0 chars):

================================================================================

================================================================================
Article ID: MOH_a037419060c3cc48 | Attempt: 1
Error: API error: AttributeError: 'list' object has no attribute 'get'
Raw response (0 chars):

================================================================================

================================================================================
Article ID: MOH_a037419060c3cc48 | Attempt: 2
Error: API error: AttributeError: 'list' object has no attribute 'get'
Raw response (0 chars):

================================================================================

================================================================================
Article ID: MOH_a037419060c3cc48 | Attempt: 3
Error: API error: AttributeError: 'list' object has no attribute 'get'
Raw response (0 chars):

================================================================================

================================================================================
Article ID: MOH_a037419060c3cc48 | Attempt: 4
Error: API error: AttributeError: 'list' object has no attribute 'get'
Raw response (0 chars):

================================================================================

================================================================================
Article ID: MOH_a037419060c3cc48 | Attempt: 5
Error: API error: AttributeError: 'list' object has no attribute 'get'
Raw response (0 chars):

================================================================================

================================================================================
Article ID: MOH_35c677aec7365fed | Attempt: 1
Error: API error: AttributeError: 'list' object has no attribute 'get'
Raw response (0 chars):

================================================================================

================================================================================
Article ID: MOH_35c677aec7365fed | Attempt: 2
Error: API error: AttributeError: 'list' object has no attribute 'get'
Raw response (0 chars):

================================================================================

================================================================================
Article ID: MOH_35c677aec7365fed | Attempt: 3
Error: API error: AttributeError: 'list' object has no attribute 'get'
Raw response (0 chars):

================================================================================

================================================================================
Article ID: MOH_35c677aec7365fed | Attempt: 4
Error: API error: AttributeError: 'list' object has no attribute 'get'
Raw response (0 chars):

================================================================================

================================================================================
Article ID: MOH_35c677aec7365fed | Attempt: 5
Error: API error: AttributeError: 'list' object has no attribute 'get'
Raw response (0 chars):

================================================================================

================================================================================
Article ID: MOH_c681ffc2ef1f2f82 | Attempt: 1
Error: API error: AttributeError: 'list' object has no attribute 'get'
Raw response (0 chars):

================================================================================

================================================================================
Article ID: MOH_c681ffc2ef1f2f82 | Attempt: 2
Error: API error: AttributeError: 'list' object has no attribute 'get'
Raw response (0 chars):

================================================================================

================================================================================
Article ID: MOH_c681ffc2ef1f2f82 | Attempt: 3
Error: API error: AttributeError: 'list' object has no attribute 'get'
Raw response (0 chars):

================================================================================

================================================================================
Article ID: MOH_c681ffc2ef1f2f82 | Attempt: 4
Error: API error: AttributeError: 'list' object has no attribute 'get'
Raw response (0 chars):

================================================================================

================================================================================
Article ID: MOH_c681ffc2ef1f2f82 | Attempt: 5
Error: API error: AttributeError: 'list' object has no attribute 'get'
Raw response (0 chars):

================================================================================

================================================================================
Article ID: MOH_5fef514d8c9ad19c | Attempt: 1
Error: API error: AttributeError: 'list' object has no attribute 'get'
Raw response (0 chars):

================================================================================

================================================================================
Article ID: MOH_5fef514d8c9ad19c | Attempt: 2
Error: API error: AttributeError: 'list' object has no attribute 'get'
Raw response (0 chars):

================================================================================

================================================================================
Article ID: MOH_5fef514d8c9ad19c | Attempt: 3
Error: API error: AttributeError: 'list' object has no attribute 'get'
Raw response (0 chars):

================================================================================

================================================================================
Article ID: MOH_5fef514d8c9ad19c | Attempt: 4
Error: API error: AttributeError: 'list' object has no attribute 'get'
Raw response (0 chars):

================================================================================

================================================================================
Article ID: MOH_5fef514d8c9ad19c | Attempt: 5
Error: API error: AttributeError: 'list' object has no attribute 'get'
Raw response (0 chars):

================================================================================

================================================================================
Article ID: MOH_ca4c3d7d4ce8ed7d | Attempt: 1
Error: API error: AttributeError: 'list' object has no attribute 'get'
Raw response (0 chars):

================================================================================

================================================================================
Article ID: MOH_ca4c3d7d4ce8ed7d | Attempt: 2
Error: API error: AttributeError: 'list' object has no attribute 'get'
Raw response (0 chars):

================================================================================

================================================================================
Article ID: MOH_ca4c3d7d4ce8ed7d | Attempt: 3
Error: API error: AttributeError: 'list' object has no attribute 'get'
Raw response (0 chars):

================================================================================

================================================================================
Article ID: MOH_ca4c3d7d4ce8ed7d | Attempt: 4
Error: API error: AttributeError: 'list' object has no attribute 'get'
Raw response (0 chars):

================================================================================

================================================================================
Article ID: MOH_ca4c3d7d4ce8ed7d | Attempt: 5
Error: API error: AttributeError: 'list' object has no attribute 'get'
Raw response (0 chars):

================================================================================

================================================================================
Article ID: MOH_ea10043a8a0d1ed4 | Attempt: 1
Error: API error: AttributeError: 'list' object has no attribute 'get'
Raw response (0 chars):

================================================================================

================================================================================
Article ID: MOH_ea10043a8a0d1ed4 | Attempt: 2
Error: API error: AttributeError: 'list' object has no attribute 'get'
Raw response (0 chars):

================================================================================

================================================================================
Article ID: MOH_ea10043a8a0d1ed4 | Attempt: 3
Error: API error: AttributeError: 'list' object has no attribute 'get'
Raw response (0 chars):

================================================================================

================================================================================
Article ID: MOH_ea10043a8a0d1ed4 | Attempt: 4
Error: API error: AttributeError: 'list' object has no attribute 'get'
Raw response (0 chars):

================================================================================

================================================================================
Article ID: MOH_ea10043a8a0d1ed4 | Attempt: 5
Error: API error: AttributeError: 'list' object has no attribute 'get'
Raw response (0 chars):

================================================================================

================================================================================
Article ID: MOH_531f472f3bc03685 | Attempt: 1
Error: API error: AttributeError: 'list' object has no attribute 'get'
Raw response (0 chars):

================================================================================

================================================================================
Article ID: MOH_531f472f3bc03685 | Attempt: 2
Error: API error: AttributeError: 'list' object has no attribute 'get'
Raw response (0 chars):

================================================================================

================================================================================
Article ID: MOH_531f472f3bc03685 | Attempt: 3
Error: API error: AttributeError: 'list' object has no attribute 'get'
Raw response (0 chars):

================================================================================

================================================================================
Article ID: MOH_531f472f3bc03685 | Attempt: 4
Error: API error: AttributeError: 'list' object has no attribute 'get'
Raw response (0 chars):

================================================================================

================================================================================
Article ID: MOH_531f472f3bc03685 | Attempt: 5
Error: API error: AttributeError: 'list' object has no attribute 'get'
Raw response (0 chars):

================================================================================

================================================================================
Article ID: MOH_76ec2845b77a2e11 | Attempt: 1
Error: API error: AttributeError: 'list' object has no attribute 'get'
Raw response (0 chars):

================================================================================

================================================================================
Article ID: MOH_76ec2845b77a2e11 | Attempt: 2
Error: API error: AttributeError: 'list' object has no attribute 'get'
Raw response (0 chars):

================================================================================

================================================================================
Article ID: MOH_76ec2845b77a2e11 | Attempt: 3
Error: API error: AttributeError: 'list' object has no attribute 'get'
Raw response (0 chars):

================================================================================

================================================================================
Article ID: MOH_76ec2845b77a2e11 | Attempt: 4
Error: API error: AttributeError: 'list' object has no attribute 'get'
Raw response (0 chars):

================================================================================

================================================================================
Article ID: MOH_76ec2845b77a2e11 | Attempt: 5
Error: API error: AttributeError: 'list' object has no attribute 'get'
Raw response (0 chars):

================================================================================

================================================================================
Article ID: MOH_4fddf65c72512379 | Attempt: 1
Error: API error: AttributeError: 'list' object has no attribute 'get'
Raw response (0 chars):

================================================================================

================================================================================
Article ID: MOH_4fddf65c72512379 | Attempt: 2
Error: API error: AttributeError: 'list' object has no attribute 'get'
Raw response (0 chars):

================================================================================

================================================================================
Article ID: MOH_4fddf65c72512379 | Attempt: 3
Error: API error: AttributeError: 'list' object has no attribute 'get'
Raw response (0 chars):

================================================================================

================================================================================
Article ID: MOH_4fddf65c72512379 | Attempt: 4
Error: API error: AttributeError: 'list' object has no attribute 'get'
Raw response (0 chars):

================================================================================

================================================================================
Article ID: MOH_4fddf65c72512379 | Attempt: 5
Error: API error: AttributeError: 'list' object has no attribute 'get'
Raw response (0 chars):

================================================================================

================================================================================
Article ID: MOH_29166dd233d9af6a | Attempt: 1
Error: API error: AttributeError: 'list' object has no attribute 'get'
Raw response (0 chars):

================================================================================

================================================================================
Article ID: MOH_29166dd233d9af6a | Attempt: 2
Error: API error: AttributeError: 'list' object has no attribute 'get'
Raw response (0 chars):

================================================================================

================================================================================
Article ID: MOH_29166dd233d9af6a | Attempt: 3
Error: API error: AttributeError: 'list' object has no attribute 'get'
Raw response (0 chars):

================================================================================

================================================================================
Article ID: MOH_29166dd233d9af6a | Attempt: 4
Error: API error: AttributeError: 'list' object has no attribute 'get'
Raw response (0 chars):

================================================================================

================================================================================
Article ID: MOH_29166dd233d9af6a | Attempt: 5
Error: API error: AttributeError: 'list' object has no attribute 'get'
Raw response (0 chars):

================================================================================

================================================================================
Article ID: MOH_549f04a1ca3adf1a | Attempt: 1
Error: API error: AttributeError: 'list' object has no attribute 'get'
Raw response (0 chars):

================================================================================

================================================================================
Article ID: MOH_549f04a1ca3adf1a | Attempt: 2
Error: API error: AttributeError: 'list' object has no attribute 'get'
Raw response (0 chars):

================================================================================

================================================================================
Article ID: MOH_549f04a1ca3adf1a | Attempt: 3
Error: API error: AttributeError: 'list' object has no attribute 'get'
Raw response (0 chars):

================================================================================

================================================================================
Article ID: MOH_549f04a1ca3adf1a | Attempt: 4
Error: API error: AttributeError: 'list' object has no attribute 'get'
Raw response (0 chars):

================================================================================

================================================================================
Article ID: MOH_549f04a1ca3adf1a | Attempt: 5
Error: API error: AttributeError: 'list' object has no attribute 'get'
Raw response (0 chars):

================================================================================

================================================================================
Article ID: MOH_520ec51ab9443aa0 | Attempt: 1
Error: API error: AttributeError: 'list' object has no attribute 'get'
Raw response (0 chars):

================================================================================

================================================================================
Article ID: MOH_520ec51ab9443aa0 | Attempt: 2
Error: API error: AttributeError: 'list' object has no attribute 'get'
Raw response (0 chars):

================================================================================

================================================================================
Article ID: MOH_520ec51ab9443aa0 | Attempt: 3
Error: API error: AttributeError: 'list' object has no attribute 'get'
Raw response (0 chars):

================================================================================

================================================================================
Article ID: MOH_520ec51ab9443aa0 | Attempt: 4
Error: API error: AttributeError: 'list' object has no attribute 'get'
Raw response (0 chars):

================================================================================

================================================================================
Article ID: MOH_520ec51ab9443aa0 | Attempt: 5
Error: API error: AttributeError: 'list' object has no attribute 'get'
Raw response (0 chars):

================================================================================

================================================================================
Article ID: MOH_6d969e52de4d003f | Attempt: 1
Error: API error: AttributeError: 'list' object has no attribute 'get'
Raw response (0 chars):

================================================================================

================================================================================
Article ID: MOH_6d969e52de4d003f | Attempt: 2
Error: API error: AttributeError: 'list' object has no attribute 'get'
Raw response (0 chars):

================================================================================

================================================================================
Article ID: MOH_6d969e52de4d003f | Attempt: 3
Error: API error: AttributeError: 'list' object has no attribute 'get'
Raw response (0 chars):

================================================================================

================================================================================
Article ID: MOH_6d969e52de4d003f | Attempt: 4
Error: API error: AttributeError: 'list' object has no attribute 'get'
Raw response (0 chars):

================================================================================

================================================================================
Article ID: MOH_6d969e52de4d003f | Attempt: 5
Error: API error: AttributeError: 'list' object has no attribute 'get'
Raw response (0 chars):

================================================================================

================================================================================
Article ID: MOH_deaff8680f549f6c | Attempt: 1
Error: API error: AttributeError: 'list' object has no attribute 'get'
Raw response (0 chars):

================================================================================

================================================================================
Article ID: MOH_deaff8680f549f6c | Attempt: 2
Error: API error: AttributeError: 'list' object has no attribute 'get'
Raw response (0 chars):

================================================================================

================================================================================
Article ID: MOH_deaff8680f549f6c | Attempt: 3
Error: API error: AttributeError: 'list' object has no attribute 'get'
Raw response (0 chars):

================================================================================

================================================================================
Article ID: MOH_deaff8680f549f6c | Attempt: 4
Error: API error: AttributeError: 'list' object has no attribute 'get'
Raw response (0 chars):

================================================================================

================================================================================
Article ID: MOH_deaff8680f549f6c | Attempt: 5
Error: API error: AttributeError: 'list' object has no attribute 'get'
Raw response (0 chars):

================================================================================

================================================================================
Article ID: MOH_eec1ffadc6924682 | Attempt: 1
Error: API error: AttributeError: 'list' object has no attribute 'get'
Raw response (0 chars):

================================================================================

================================================================================
Article ID: MOH_eec1ffadc6924682 | Attempt: 2
Error: API error: AttributeError: 'list' object has no attribute 'get'
Raw response (0 chars):

================================================================================

================================================================================
Article ID: MOH_eec1ffadc6924682 | Attempt: 3
Error: API error: AttributeError: 'list' object has no attribute 'get'
Raw response (0 chars):

================================================================================

================================================================================
Article ID: MOH_eec1ffadc6924682 | Attempt: 4
Error: API error: AttributeError: 'list' object has no attribute 'get'
Raw response (0 chars):

================================================================================

================================================================================
Article ID: MOH_eec1ffadc6924682 | Attempt: 5
Error: API error: AttributeError: 'list' object has no attribute 'get'
Raw response (0 chars):

================================================================================

================================================================================
Article ID: MOH_68aa1c548f43b4dd | Attempt: 1
Error: API error: AttributeError: 'list' object has no attribute 'get'
Raw response (0 chars):

================================================================================

================================================================================
Article ID: MOH_68aa1c548f43b4dd | Attempt: 2
Error: API error: AttributeError: 'list' object has no attribute 'get'
Raw response (0 chars):

================================================================================

================================================================================
Article ID: MOH_68aa1c548f43b4dd | Attempt: 3
Error: API error: AttributeError: 'list' object has no attribute 'get'
Raw response (0 chars):

================================================================================

================================================================================
Article ID: MOH_68aa1c548f43b4dd | Attempt: 4
Error: API error: AttributeError: 'list' object has no attribute 'get'
Raw response (0 chars):

================================================================================

================================================================================
Article ID: MOH_68aa1c548f43b4dd | Attempt: 5
Error: API error: AttributeError: 'list' object has no attribute 'get'
Raw response (0 chars):

================================================================================

================================================================================
Article ID: MOH_0238182e30385893 | Attempt: 1
Error: API error: AttributeError: 'list' object has no attribute 'get'
Raw response (0 chars):

================================================================================

================================================================================
Article ID: MOH_0238182e30385893 | Attempt: 2
Error: API error: AttributeError: 'list' object has no attribute 'get'
Raw response (0 chars):

================================================================================

================================================================================
Article ID: MOH_0238182e30385893 | Attempt: 3
Error: API error: AttributeError: 'list' object has no attribute 'get'
Raw response (0 chars):

================================================================================

================================================================================
Article ID: MOH_0238182e30385893 | Attempt: 4
Error: API error: AttributeError: 'list' object has no attribute 'get'
Raw response (0 chars):

================================================================================

================================================================================
Article ID: MOH_0238182e30385893 | Attempt: 5
Error: API error: AttributeError: 'list' object has no attribute 'get'
Raw response (0 chars):

================================================================================

================================================================================
Article ID: MOH_fc3d2548da2c6c01 | Attempt: 1
Error: API error: AttributeError: 'list' object has no attribute 'get'
Raw response (0 chars):

================================================================================

================================================================================
Article ID: MOH_fc3d2548da2c6c01 | Attempt: 2
Error: API error: AttributeError: 'list' object has no attribute 'get'
Raw response (0 chars):

================================================================================

================================================================================
Article ID: MOH_fc3d2548da2c6c01 | Attempt: 3
Error: API error: AttributeError: 'list' object has no attribute 'get'
Raw response (0 chars):

================================================================================

================================================================================
Article ID: MOH_fc3d2548da2c6c01 | Attempt: 4
Error: API error: AttributeError: 'list' object has no attribute 'get'
Raw response (0 chars):

================================================================================

================================================================================
Article ID: MOH_fc3d2548da2c6c01 | Attempt: 5
Error: API error: AttributeError: 'list' object has no attribute 'get'
Raw response (0 chars):

================================================================================

================================================================================
Article ID: MOH_57d73ea286ab9bf2 | Attempt: 1
Error: API error: AttributeError: 'list' object has no attribute 'get'
Raw response (0 chars):

================================================================================

================================================================================
Article ID: MOH_57d73ea286ab9bf2 | Attempt: 2
Error: API error: AttributeError: 'list' object has no attribute 'get'
Raw response (0 chars):

================================================================================

================================================================================
Article ID: MOH_57d73ea286ab9bf2 | Attempt: 3
Error: API error: AttributeError: 'list' object has no attribute 'get'
Raw response (0 chars):

================================================================================

================================================================================
Article ID: MOH_57d73ea286ab9bf2 | Attempt: 4
Error: API error: AttributeError: 'list' object has no attribute 'get'
Raw response (0 chars):

================================================================================

================================================================================
Article ID: MOH_57d73ea286ab9bf2 | Attempt: 5
Error: API error: AttributeError: 'list' object has no attribute 'get'
Raw response (0 chars):

================================================================================

================================================================================
Article ID: MOH_0d8753f2889fc8cd | Attempt: 1
Error: API error: AttributeError: 'list' object has no attribute 'get'
Raw response (0 chars):

================================================================================

================================================================================
Article ID: MOH_0d8753f2889fc8cd | Attempt: 2
Error: API error: AttributeError: 'list' object has no attribute 'get'
Raw response (0 chars):

================================================================================

================================================================================
Article ID: MOH_0d8753f2889fc8cd | Attempt: 3
Error: API error: AttributeError: 'list' object has no attribute 'get'
Raw response (0 chars):

================================================================================

================================================================================
Article ID: MOH_0d8753f2889fc8cd | Attempt: 4
Error: API error: AttributeError: 'list' object has no attribute 'get'
Raw response (0 chars):

================================================================================

================================================================================
Article ID: MOH_0d8753f2889fc8cd | Attempt: 5
Error: API error: AttributeError: 'list' object has no attribute 'get'
Raw response (0 chars):

================================================================================

================================================================================
Article ID: MOH_ea324e12314c4140 | Attempt: 1
Error: API error: AttributeError: 'list' object has no attribute 'get'
Raw response (0 chars):

================================================================================

================================================================================
Article ID: MOH_ea324e12314c4140 | Attempt: 2
Error: API error: AttributeError: 'list' object has no attribute 'get'
Raw response (0 chars):

================================================================================

================================================================================
Article ID: MOH_ea324e12314c4140 | Attempt: 3
Error: API error: AttributeError: 'list' object has no attribute 'get'
Raw response (0 chars):

================================================================================

================================================================================
Article ID: MOH_ea324e12314c4140 | Attempt: 4
Error: API error: AttributeError: 'list' object has no attribute 'get'
Raw response (0 chars):

================================================================================

================================================================================
Article ID: MOH_ea324e12314c4140 | Attempt: 5
Error: API error: AttributeError: 'list' object has no attribute 'get'
Raw response (0 chars):

================================================================================

================================================================================
Article ID: MOH_368e7ef1219377c7 | Attempt: 1
Error: API error: AttributeError: 'list' object has no attribute 'get'
Raw response (0 chars):

================================================================================

================================================================================
Article ID: MOH_368e7ef1219377c7 | Attempt: 2
Error: API error: AttributeError: 'list' object has no attribute 'get'
Raw response (0 chars):

================================================================================

================================================================================
Article ID: MOH_368e7ef1219377c7 | Attempt: 3
Error: API error: AttributeError: 'list' object has no attribute 'get'
Raw response (0 chars):

================================================================================

================================================================================
Article ID: MOH_368e7ef1219377c7 | Attempt: 4
Error: API error: AttributeError: 'list' object has no attribute 'get'
Raw response (0 chars):

================================================================================

================================================================================
Article ID: MOH_368e7ef1219377c7 | Attempt: 5
Error: API error: AttributeError: 'list' object has no attribute 'get'
Raw response (0 chars):

================================================================================

================================================================================
Article ID: MOH_7836b1241f2425c6 | Attempt: 1
Error: API error: AttributeError: 'list' object has no attribute 'get'
Raw response (0 chars):

================================================================================

================================================================================
Article ID: MOH_7836b1241f2425c6 | Attempt: 2
Error: API error: AttributeError: 'list' object has no attribute 'get'
Raw response (0 chars):

================================================================================

================================================================================
Article ID: MOH_7836b1241f2425c6 | Attempt: 3
Error: API error: AttributeError: 'list' object has no attribute 'get'
Raw response (0 chars):

================================================================================

================================================================================
Article ID: MOH_7836b1241f2425c6 | Attempt: 4
Error: API error: AttributeError: 'list' object has no attribute 'get'
Raw response (0 chars):

================================================================================

================================================================================
Article ID: MOH_7836b1241f2425c6 | Attempt: 5
Error: API error: AttributeError: 'list' object has no attribute 'get'
Raw response (0 chars):

================================================================================

================================================================================
Article ID: MOH_6c337d404d7da053 | Attempt: 1
Error: API error: AttributeError: 'list' object has no attribute 'get'
Raw response (0 chars):

================================================================================

================================================================================
Article ID: MOH_6c337d404d7da053 | Attempt: 2
Error: API error: AttributeError: 'list' object has no attribute 'get'
Raw response (0 chars):

================================================================================

================================================================================
Article ID: MOH_6c337d404d7da053 | Attempt: 3
Error: API error: AttributeError: 'list' object has no attribute 'get'
Raw response (0 chars):

================================================================================

================================================================================
Article ID: MOH_6c337d404d7da053 | Attempt: 4
Error: API error: AttributeError: 'list' object has no attribute 'get'
Raw response (0 chars):

================================================================================

================================================================================
Article ID: MOH_6c337d404d7da053 | Attempt: 5
Error: API error: AttributeError: 'list' object has no attribute 'get'
Raw response (0 chars):

================================================================================

================================================================================
Article ID: MOH_2a2ef697fcccb374 | Attempt: 1
Error: API error: AttributeError: 'list' object has no attribute 'get'
Raw response (0 chars):

================================================================================

================================================================================
Article ID: MOH_2a2ef697fcccb374 | Attempt: 2
Error: API error: AttributeError: 'list' object has no attribute 'get'
Raw response (0 chars):

================================================================================

================================================================================
Article ID: MOH_2a2ef697fcccb374 | Attempt: 3
Error: API error: AttributeError: 'list' object has no attribute 'get'
Raw response (0 chars):

================================================================================

================================================================================
Article ID: MOH_2a2ef697fcccb374 | Attempt: 4
Error: API error: AttributeError: 'list' object has no attribute 'get'
Raw response (0 chars):

================================================================================

================================================================================
Article ID: MOH_2a2ef697fcccb374 | Attempt: 5
Error: API error: AttributeError: 'list' object has no attribute 'get'
Raw response (0 chars):

================================================================================

================================================================================
Article ID: MOH_1d40d0572b05a5c3 | Attempt: 1
Error: API error: AttributeError: 'list' object has no attribute 'get'
Raw response (0 chars):

================================================================================

================================================================================
Article ID: MOH_1d40d0572b05a5c3 | Attempt: 2
Error: API error: AttributeError: 'list' object has no attribute 'get'
Raw response (0 chars):

================================================================================

================================================================================
Article ID: MOH_1d40d0572b05a5c3 | Attempt: 3
Error: API error: AttributeError: 'list' object has no attribute 'get'
Raw response (0 chars):

================================================================================

================================================================================
Article ID: MOH_1d40d0572b05a5c3 | Attempt: 4
Error: API error: AttributeError: 'list' object has no attribute 'get'
Raw response (0 chars):

================================================================================

================================================================================
Article ID: MOH_1d40d0572b05a5c3 | Attempt: 5
Error: API error: AttributeError: 'list' object has no attribute 'get'
Raw response (0 chars):

================================================================================

================================================================================
Article ID: MOH_e97f9aa4f5f998b2 | Attempt: 1
Error: API error: AttributeError: 'list' object has no attribute 'get'
Raw response (0 chars):

================================================================================

================================================================================
Article ID: MOH_e97f9aa4f5f998b2 | Attempt: 2
Error: API error: AttributeError: 'list' object has no attribute 'get'
Raw response (0 chars):

================================================================================

================================================================================
Article ID: MOH_e97f9aa4f5f998b2 | Attempt: 3
Error: API error: AttributeError: 'list' object has no attribute 'get'
Raw response (0 chars):

================================================================================

================================================================================
Article ID: MOH_e97f9aa4f5f998b2 | Attempt: 4
Error: API error: AttributeError: 'list' object has no attribute 'get'
Raw response (0 chars):

================================================================================

================================================================================
Article ID: MOH_e97f9aa4f5f998b2 | Attempt: 5
Error: API error: AttributeError: 'list' object has no attribute 'get'
Raw response (0 chars):

================================================================================

================================================================================
Article ID: MOH_d27b6f381cf5b4e6 | Attempt: 1
Error: API error: AttributeError: 'list' object has no attribute 'get'
Raw response (0 chars):

================================================================================

================================================================================
Article ID: MOH_d27b6f381cf5b4e6 | Attempt: 2
Error: API error: AttributeError: 'list' object has no attribute 'get'
Raw response (0 chars):

================================================================================

================================================================================
Article ID: MOH_d27b6f381cf5b4e6 | Attempt: 3
Error: API error: AttributeError: 'list' object has no attribute 'get'
Raw response (0 chars):

================================================================================

================================================================================
Article ID: MOH_d27b6f381cf5b4e6 | Attempt: 4
Error: API error: AttributeError: 'list' object has no attribute 'get'
Raw response (0 chars):

================================================================================

================================================================================
Article ID: MOH_d27b6f381cf5b4e6 | Attempt: 5
Error: API error: AttributeError: 'list' object has no attribute 'get'
Raw response (0 chars):

================================================================================

================================================================================
Article ID: MOH_3d87dd5af2e7d17d | Attempt: 1
Error: API error: AttributeError: 'list' object has no attribute 'get'
Raw response (0 chars):

================================================================================

================================================================================
Article ID: MOH_3d87dd5af2e7d17d | Attempt: 2
Error: API error: AttributeError: 'list' object has no attribute 'get'
Raw response (0 chars):

================================================================================

================================================================================
Article ID: MOH_3d87dd5af2e7d17d | Attempt: 3
Error: API error: AttributeError: 'list' object has no attribute 'get'
Raw response (0 chars):

================================================================================

================================================================================
Article ID: MOH_3d87dd5af2e7d17d | Attempt: 4
Error: API error: AttributeError: 'list' object has no attribute 'get'
Raw response (0 chars):

================================================================================

================================================================================
Article ID: MOH_3d87dd5af2e7d17d | Attempt: 5
Error: API error: AttributeError: 'list' object has no attribute 'get'
Raw response (0 chars):

================================================================================

================================================================================
Article ID: MOH_402fd2415ee4dced | Attempt: 1
Error: API error: AttributeError: 'list' object has no attribute 'get'
Raw response (0 chars):

================================================================================

================================================================================
Article ID: MOH_402fd2415ee4dced | Attempt: 2
Error: API error: AttributeError: 'list' object has no attribute 'get'
Raw response (0 chars):

================================================================================

================================================================================
Article ID: MOH_402fd2415ee4dced | Attempt: 3
Error: API error: AttributeError: 'list' object has no attribute 'get'
Raw response (0 chars):

================================================================================

================================================================================
Article ID: MOH_402fd2415ee4dced | Attempt: 4
Error: API error: AttributeError: 'list' object has no attribute 'get'
Raw response (0 chars):

================================================================================

================================================================================
Article ID: MOH_402fd2415ee4dced | Attempt: 5
Error: API error: AttributeError: 'list' object has no attribute 'get'
Raw response (0 chars):

================================================================================

================================================================================
Article ID: MOH_3efef83a5fa9cfa2 | Attempt: 1
Error: API error: AttributeError: 'list' object has no attribute 'get'
Raw response (0 chars):

================================================================================

================================================================================
Article ID: MOH_3efef83a5fa9cfa2 | Attempt: 2
Error: API error: AttributeError: 'list' object has no attribute 'get'
Raw response (0 chars):

================================================================================

================================================================================
Article ID: MOH_3efef83a5fa9cfa2 | Attempt: 3
Error: API error: AttributeError: 'list' object has no attribute 'get'
Raw response (0 chars):

================================================================================

================================================================================
Article ID: MOH_3efef83a5fa9cfa2 | Attempt: 4
Error: API error: AttributeError: 'list' object has no attribute 'get'
Raw response (0 chars):

================================================================================

================================================================================
Article ID: MOH_3efef83a5fa9cfa2 | Attempt: 5
Error: API error: AttributeError: 'list' object has no attribute 'get'
Raw response (0 chars):

================================================================================

================================================================================
Article ID: MOH_a4819707fb86a25b | Attempt: 1
Error: API error: AttributeError: 'list' object has no attribute 'get'
Raw response (0 chars):

================================================================================

================================================================================
Article ID: MOH_a4819707fb86a25b | Attempt: 2
Error: API error: AttributeError: 'list' object has no attribute 'get'
Raw response (0 chars):

================================================================================

================================================================================
Article ID: MOH_a4819707fb86a25b | Attempt: 3
Error: API error: AttributeError: 'list' object has no attribute 'get'
Raw response (0 chars):

================================================================================

================================================================================
Article ID: MOH_a4819707fb86a25b | Attempt: 4
Error: API error: AttributeError: 'list' object has no attribute 'get'
Raw response (0 chars):

================================================================================

================================================================================
Article ID: MOH_a4819707fb86a25b | Attempt: 5
Error: API error: AttributeError: 'list' object has no attribute 'get'
Raw response (0 chars):

================================================================================

================================================================================
Article ID: MOH_641bb06a11b3ec3e | Attempt: 1
Error: API error: AttributeError: 'list' object has no attribute 'get'
Raw response (0 chars):

================================================================================

================================================================================
Article ID: MOH_641bb06a11b3ec3e | Attempt: 2
Error: API error: AttributeError: 'list' object has no attribute 'get'
Raw response (0 chars):

================================================================================

================================================================================
Article ID: MOH_641bb06a11b3ec3e | Attempt: 3
Error: API error: AttributeError: 'list' object has no attribute 'get'
Raw response (0 chars):

================================================================================

================================================================================
Article ID: MOH_641bb06a11b3ec3e | Attempt: 4
Error: API error: AttributeError: 'list' object has no attribute 'get'
Raw response (0 chars):

================================================================================

================================================================================
Article ID: MOH_641bb06a11b3ec3e | Attempt: 5
Error: API error: AttributeError: 'list' object has no attribute 'get'
Raw response (0 chars):

================================================================================

================================================================================
Article ID: MOH_58125c65c387d899 | Attempt: 1
Error: API error: AttributeError: 'list' object has no attribute 'get'
Raw response (0 chars):

================================================================================

================================================================================
Article ID: MOH_58125c65c387d899 | Attempt: 2
Error: API error: AttributeError: 'list' object has no attribute 'get'
Raw response (0 chars):

================================================================================

================================================================================
Article ID: MOH_58125c65c387d899 | Attempt: 3
Error: API error: AttributeError: 'list' object has no attribute 'get'
Raw response (0 chars):

================================================================================

================================================================================
Article ID: MOH_58125c65c387d899 | Attempt: 4
Error: API error: AttributeError: 'list' object has no attribute 'get'
Raw response (0 chars):

================================================================================

================================================================================
Article ID: MOH_58125c65c387d899 | Attempt: 5
Error: API error: AttributeError: 'list' object has no attribute 'get'
Raw response (0 chars):

================================================================================

================================================================================
Article ID: MOH_152738df48bab59e | Attempt: 1
Error: API error: AttributeError: 'list' object has no attribute 'get'
Raw response (0 chars):

================================================================================

================================================================================
Article ID: MOH_152738df48bab59e | Attempt: 2
Error: API error: AttributeError: 'list' object has no attribute 'get'
Raw response (0 chars):

================================================================================

================================================================================
Article ID: MOH_152738df48bab59e | Attempt: 3
Error: API error: AttributeError: 'list' object has no attribute 'get'
Raw response (0 chars):

================================================================================

================================================================================
Article ID: MOH_152738df48bab59e | Attempt: 4
Error: API error: AttributeError: 'list' object has no attribute 'get'
Raw response (0 chars):

================================================================================

================================================================================
Article ID: MOH_152738df48bab59e | Attempt: 5
Error: API error: AttributeError: 'list' object has no attribute 'get'
Raw response (0 chars):

================================================================================

================================================================================
Article ID: MOH_2d42724dd88a0a78 | Attempt: 1
Error: API error: AttributeError: 'list' object has no attribute 'get'
Raw response (0 chars):

================================================================================

================================================================================
Article ID: MOH_2d42724dd88a0a78 | Attempt: 2
Error: API error: AttributeError: 'list' object has no attribute 'get'
Raw response (0 chars):

================================================================================

================================================================================
Article ID: MOH_2d42724dd88a0a78 | Attempt: 3
Error: API error: AttributeError: 'list' object has no attribute 'get'
Raw response (0 chars):

================================================================================

================================================================================
Article ID: MOH_2d42724dd88a0a78 | Attempt: 4
Error: API error: AttributeError: 'list' object has no attribute 'get'
Raw response (0 chars):

================================================================================

================================================================================
Article ID: MOH_2d42724dd88a0a78 | Attempt: 5
Error: API error: AttributeError: 'list' object has no attribute 'get'
Raw response (0 chars):

================================================================================

================================================================================
Article ID: MOH_8f1416dc390af744 | Attempt: 1
Error: API error: AttributeError: 'list' object has no attribute 'get'
Raw response (0 chars):

================================================================================

================================================================================
Article ID: MOH_8f1416dc390af744 | Attempt: 2
Error: API error: AttributeError: 'list' object has no attribute 'get'
Raw response (0 chars):

================================================================================

================================================================================
Article ID: MOH_8f1416dc390af744 | Attempt: 3
Error: API error: AttributeError: 'list' object has no attribute 'get'
Raw response (0 chars):

================================================================================

================================================================================
Article ID: MOH_8f1416dc390af744 | Attempt: 4
Error: API error: AttributeError: 'list' object has no attribute 'get'
Raw response (0 chars):

================================================================================

================================================================================
Article ID: MOH_8f1416dc390af744 | Attempt: 5
Error: API error: AttributeError: 'list' object has no attribute 'get'
Raw response (0 chars):

================================================================================

================================================================================
Article ID: MOH_818150f0390f53b0 | Attempt: 1
Error: API error: AttributeError: 'list' object has no attribute 'get'
Raw response (0 chars):

================================================================================

================================================================================
Article ID: MOH_818150f0390f53b0 | Attempt: 2
Error: API error: AttributeError: 'list' object has no attribute 'get'
Raw response (0 chars):

================================================================================

================================================================================
Article ID: MOH_818150f0390f53b0 | Attempt: 3
Error: API error: AttributeError: 'list' object has no attribute 'get'
Raw response (0 chars):

================================================================================

================================================================================
Article ID: MOH_818150f0390f53b0 | Attempt: 4
Error: API error: AttributeError: 'list' object has no attribute 'get'
Raw response (0 chars):

================================================================================

================================================================================
Article ID: MOH_818150f0390f53b0 | Attempt: 5
Error: API error: AttributeError: 'list' object has no attribute 'get'
Raw response (0 chars):

================================================================================

================================================================================
Article ID: MOH_29d86230f67eeb2b | Attempt: 1
Error: API error: AttributeError: 'list' object has no attribute 'get'
Raw response (0 chars):

================================================================================

================================================================================
Article ID: MOH_29d86230f67eeb2b | Attempt: 2
Error: API error: AttributeError: 'list' object has no attribute 'get'
Raw response (0 chars):

================================================================================

================================================================================
Article ID: MOH_29d86230f67eeb2b | Attempt: 3
Error: API error: AttributeError: 'list' object has no attribute 'get'
Raw response (0 chars):

================================================================================

================================================================================
Article ID: MOH_29d86230f67eeb2b | Attempt: 4
Error: API error: AttributeError: 'list' object has no attribute 'get'
Raw response (0 chars):

================================================================================

================================================================================
Article ID: MOH_2796a8b86c149ff2 | Attempt: 1
Error: API error: AttributeError: 'list' object has no attribute 'get'
Raw response (0 chars):

================================================================================

================================================================================
Article ID: MOH_2796a8b86c149ff2 | Attempt: 2
Error: API error: AttributeError: 'list' object has no attribute 'get'
Raw response (0 chars):

================================================================================

================================================================================
Article ID: MOH_2796a8b86c149ff2 | Attempt: 3
Error: API error: AttributeError: 'list' object has no attribute 'get'
Raw response (0 chars):

================================================================================

================================================================================
Article ID: MOH_2796a8b86c149ff2 | Attempt: 1
Error: API error: AttributeError: 'list' object has no attribute 'get'
Raw response (0 chars):

================================================================================

================================================================================
Article ID: MOH_2796a8b86c149ff2 | Attempt: 2
Error: API error: AttributeError: 'list' object has no attribute 'get'
Raw response (0 chars):

================================================================================

================================================================================
Article ID: MOH_2796a8b86c149ff2 | Attempt: 1
Error: Cannot extract valid JSON from response: line 1 column 1 (char 0)
Raw response (9831 chars):
{
"id": "MOH_2796a8b86c149ff2",
"date_iso": "2026-07-09T00:00:00",
"full_text": "Dự thảo Luật An toàn thực phẩm (sửa đổi) được Bộ Y tế cập nhật, hoàn thiện theo hướng đổi mới toàn diện phương thức quản lý, kiểm soát nguy cơ theo chuỗi cung ứng, đẩy mạnh chuyển đổi số và siết chặt quản lý thức ăn đường phố, suất ăn tập thể nhằm bảo vệ sức khỏe người dân.\nBộ Y tế vừa cập nhật, bổ sung và hoàn thiện dự thảo Luật An toàn thực phẩm (ATTP) (sửa đổi), trong đó xây dựng 4 nhóm chính sách trọng tâm nhằm đổi mới toàn diện công tác quản lý an toàn thực phẩm theo hướng hiện đại, tiệm cận thông lệ quốc tế.\nTheo Bộ Y tế, việc sửa đổi Luật hướng tới mục tiêu phòng ngừa bệnh tật, nâng cao thể chất và tuổi thọ người dân, giảm gánh nặng cho hệ thống y tế, hạn chế thiệt hại do mất sức lao động, đồng thời củng cố niềm tin của người tiêu dùng và thúc đẩy doanh nghiệp, người sản xuất chuyển đổi sang mô hình sản xuất sạch, bền vững, thân thiện với môi trường.\nChính sách 1: Quản lý ATTP dựa trên kiểm soát nguy cơ theo chuỗi cung ứng\nĐây là chính sách nền tảng của dự thảo Luật, với mục tiêu quản lý ATTP trong toàn bộ chuỗi cung ứng, từ sản xuất ban đầu đến khi sản phẩm đến tay người tiêu dùng, tiệm cận phương thức quản lý của các nước phát triển.\nTheo đó, công tác quản lý sẽ bao quát các khâu từ trồng trọt, chăn nuôi, nuôi trồng thủy sản, thu hái, đánh bắt, khai thác, giết mổ, sơ chế, chế biến, phân phối, lưu thông trên thị trường đến tiêu dùng.\nCơ quan chức năng kiểm tra về an toàn thực phẩm.\nDự thảo bổ sung quy định về giới hạn tồn dư thuốc thú y, thuốc bảo vệ thực vật và các tác nhân gây ô nhiễm trong thực phẩm; quy định điều kiện đối với một số nhóm cơ sở sản xuất thực phẩm; đồng thời xây dựng phương thức quản lý phù hợp theo từng nhóm thực phẩm.\nĐáng chú ý, cơ quan quản lý nhà nước và các cơ sở kiểm nghiệm sẽ được tăng cường vai trò trong hoạt động kiểm tra, giám sát, chủ động lấy mẫu đối với thực phẩm lưu thông trên thị trường nhằm phát hiện sớm nguy cơ mất ATTP.\nChính sách 2
... [truncated, total 9831 chars]
================================================================================

================================================================================
Article ID: MOH_2796a8b86c149ff2 | Attempt: 2
Error: Cannot extract valid JSON from response: line 1 column 1 (char 0)
Raw response (9633 chars):
{
"id": "MOH_2796a8b86c149ff2",
"date_iso": "2026-07-09T00:00:00",
"full_text": "Dự thảo Luật An toàn thực phẩm (sửa đổi) được Bộ Y tế cập nhật, hoàn thiện theo hướng đổi mới toàn diện phương thức quản lý, kiểm soát nguy cơ theo chuỗi cung ứng, đẩy mạnh chuyển đổi số và siết chặt quản lý thức ăn đường phố, suất ăn tập thể nhằm bảo vệ sức khỏe người dân.\nBộ Y tế vừa cập nhật, bổ sung và hoàn thiện dự thảo Luật An toàn thực phẩm (ATTP) (sửa đổi), trong đó xây dựng 4 nhóm chính sách trọng tâm nhằm đổi mới toàn diện công tác quản lý an toàn thực phẩm theo hướng hiện đại, tiệm cận thông lệ quốc tế.\nTheo Bộ Y tế, việc sửa đổi Luật hướng tới mục tiêu phòng ngừa bệnh tật, nâng cao thể chất và tuổi thọ người dân, giảm gánh nặng cho hệ thống y tế, hạn chế thiệt hại do mất sức lao động, đồng thời củng cố niềm tin của người tiêu dùng và thúc đẩy doanh nghiệp, người sản xuất chuyển đổi sang mô hình sản xuất sạch, bền vững, thân thiện với môi trường.\nChính sách 1: Quản lý ATTP dựa trên kiểm soát nguy cơ theo chuỗi cung ứng\nĐây là chính sách nền tảng của dự thảo Luật, với mục tiêu quản lý ATTP trong toàn bộ chuỗi cung ứng, từ sản xuất ban đầu đến khi sản phẩm đến tay người tiêu dùng, tiệm cận phương thức quản lý của các nước phát triển.\nTheo đó, công tác quản lý sẽ bao quát các khâu từ trồng trọt, chăn nuôi, nuôi trồng thủy sản, thu hái, đánh bắt, khai thác, giết mổ, sơ chế, chế biến, phân phối, lưu thông trên thị trường đến tiêu dùng.\nCơ quan chức năng kiểm tra về an toàn thực phẩm.\nDự thảo bổ sung quy định về giới hạn tồn dư thuốc thú y, thuốc bảo vệ thực vật và các tác nhân gây ô nhiễm trong thực phẩm; quy định điều kiện đối với một số nhóm cơ sở sản xuất thực phẩm; đồng thời xây dựng phương thức quản lý phù hợp theo từng nhóm thực phẩm.\nĐáng chú ý, cơ quan quản lý nhà nước và các cơ sở kiểm nghiệm sẽ được tăng cường vai trò trong hoạt động kiểm tra, giám sát, chủ động lấy mẫu đối với thực phẩm lưu thông trên thị trường nhằm phát hiện sớm nguy cơ mất ATTP.\nChính sách 2
... [truncated, total 9633 chars]
================================================================================

================================================================================
Article ID: MOH_2796a8b86c149ff2 | Attempt: 3
Error: Cannot extract valid JSON from response: line 1 column 1 (char 0)
Raw response (9581 chars):
{
"id": "MOH_2796a8b86c149ff2",
"date_iso": "2026-07-09T00:00:00",
"full_text": "Dự thảo Luật An toàn thực phẩm (sửa đổi) được Bộ Y tế cập nhật, hoàn thiện theo hướng đổi mới toàn diện phương thức quản lý, kiểm soát nguy cơ theo chuỗi cung ứng, đẩy mạnh chuyển đổi số và siết chặt quản lý thức ăn đường phố, suất ăn tập thể nhằm bảo vệ sức khỏe người dân.\nBộ Y tế vừa cập nhật, bổ sung và hoàn thiện dự thảo Luật An toàn thực phẩm (ATTP) (sửa đổi), trong đó xây dựng 4 nhóm chính sách trọng tâm nhằm đổi mới toàn diện công tác quản lý an toàn thực phẩm theo hướng hiện đại, tiệm cận thông lệ quốc tế.\nTheo Bộ Y tế, việc sửa đổi Luật hướng tới mục tiêu phòng ngừa bệnh tật, nâng cao thể chất và tuổi thọ người dân, giảm gánh nặng cho hệ thống y tế, hạn chế thiệt hại do mất sức lao động, đồng thời củng cố niềm tin của người tiêu dùng và thúc đẩy doanh nghiệp, người sản xuất chuyển đổi sang mô hình sản xuất sạch, bền vững, thân thiện với môi trường.\nChính sách 1: Quản lý ATTP dựa trên kiểm soát nguy cơ theo chuỗi cung ứng\nĐây là chính sách nền tảng của dự thảo Luật, với mục tiêu quản lý ATTP trong toàn bộ chuỗi cung ứng, từ sản xuất ban đầu đến khi sản phẩm đến tay người tiêu dùng, tiệm cận phương thức quản lý của các nước phát triển.\nTheo đó, công tác quản lý sẽ bao quát các khâu từ trồng trọt, chăn nuôi, nuôi trồng thủy sản, thu hái, đánh bắt, khai thác, giết mổ, sơ chế, chế biến, phân phối, lưu thông trên thị trường đến tiêu dùng.\nCơ quan chức năng kiểm tra về an toàn thực phẩm.\nDự thảo bổ sung quy định về giới hạn tồn dư thuốc thú y, thuốc bảo vệ thực vật và các tác nhân gây ô nhiễm trong thực phẩm; quy định điều kiện đối với một số nhóm cơ sở sản xuất thực phẩm; đồng thời xây dựng phương thức quản lý phù hợp theo từng nhóm thực phẩm.\nĐáng chú ý, cơ quan quản lý nhà nước và các cơ sở kiểm nghiệm sẽ được tăng cường vai trò trong hoạt động kiểm tra, giám sát, chủ động lấy mẫu đối với thực phẩm lưu thông trên thị trường nhằm phát hiện sớm nguy cơ mất ATTP.\nChính sách 2
... [truncated, total 9581 chars]
================================================================================

================================================================================
Article ID: MOH_2796a8b86c149ff2 | Attempt: 4
Error: Cannot extract valid JSON from response: line 1 column 1 (char 0)
Raw response (9417 chars):
{
"id": "MOH_2796a8b86c149ff2",
"date_iso": "2026-07-09T00:00:00",
"full_text": "Dự thảo Luật An toàn thực phẩm (sửa đổi) được Bộ Y tế cập nhật, hoàn thiện theo hướng đổi mới toàn diện phương thức quản lý, kiểm soát nguy cơ theo chuỗi cung ứng, đẩy mạnh chuyển đổi số và siết chặt quản lý thức ăn đường phố, suất ăn tập thể nhằm bảo vệ sức khỏe người dân.\nBộ Y tế vừa cập nhật, bổ sung và hoàn thiện dự thảo Luật An toàn thực phẩm (ATTP) (sửa đổi), trong đó xây dựng 4 nhóm chính sách trọng tâm nhằm đổi mới toàn diện công tác quản lý an toàn thực phẩm theo hướng hiện đại, tiệm cận thông lệ quốc tế.\nTheo Bộ Y tế, việc sửa đổi Luật hướng tới mục tiêu phòng ngừa bệnh tật, nâng cao thể chất và tuổi thọ người dân, giảm gánh nặng cho hệ thống y tế, hạn chế thiệt hại do mất sức lao động, đồng thời củng cố niềm tin của người tiêu dùng và thúc đẩy doanh nghiệp, người sản xuất chuyển đổi sang mô hình sản xuất sạch, bền vững, thân thiện với môi trường.\nChính sách 1: Quản lý ATTP dựa trên kiểm soát nguy cơ theo chuỗi cung ứng\nĐây là chính sách nền tảng của dự thảo Luật, với mục tiêu quản lý ATTP trong toàn bộ chuỗi cung ứng, từ sản xuất ban đầu đến khi sản phẩm đến tay người tiêu dùng, tiệm cận phương thức quản lý của các nước phát triển.\nTheo đó, công tác quản lý sẽ bao quát các khâu từ trồng trọt, chăn nuôi, nuôi trồng thủy sản, thu hái, đánh bắt, khai thác, giết mổ, sơ chế, chế biến, phân phối, lưu thông trên thị trường đến tiêu dùng.\nCơ quan chức năng kiểm tra về an toàn thực phẩm.\nDự thảo bổ sung quy định về giới hạn tồn dư thuốc thú y, thuốc bảo vệ thực vật và các tác nhân gây ô nhiễm trong thực phẩm; quy định điều kiện đối với một số nhóm cơ sở sản xuất thực phẩm; đồng thời xây dựng phương thức quản lý phù hợp theo từng nhóm thực phẩm.\nĐáng chú ý, cơ quan quản lý nhà nước và các cơ sở kiểm nghiệm sẽ được tăng cường vai trò trong hoạt động kiểm tra, giám sát, chủ động lấy mẫu đối với thực phẩm lưu thông trên thị trường nhằm phát hiện sớm nguy cơ mất ATTP.\nChính sách 2
... [truncated, total 9417 chars]
================================================================================

================================================================================
Article ID: MOH_2796a8b86c149ff2 | Attempt: 5
Error: Cannot extract valid JSON from response: line 1 column 1 (char 0)
Raw response (9591 chars):
{
"id": "MOH_2796a8b86c149ff2",
"date_iso": "2026-07-09T00:00:00",
"full_text": "Dự thảo Luật An toàn thực phẩm (sửa đổi) được Bộ Y tế cập nhật, hoàn thiện theo hướng đổi mới toàn diện phương thức quản lý, kiểm soát nguy cơ theo chuỗi cung ứng, đẩy mạnh chuyển đổi số và siết chặt quản lý thức ăn đường phố, suất ăn tập thể nhằm bảo vệ sức khỏe người dân.\nBộ Y tế vừa cập nhật, bổ sung và hoàn thiện dự thảo Luật An toàn thực phẩm (ATTP) (sửa đổi), trong đó xây dựng 4 nhóm chính sách trọng tâm nhằm đổi mới toàn diện công tác quản lý an toàn thực phẩm theo hướng hiện đại, tiệm cận thông lệ quốc tế.\nTheo Bộ Y tế, việc sửa đổi Luật hướng tới mục tiêu phòng ngừa bệnh tật, nâng cao thể chất và tuổi thọ người dân, giảm gánh nặng cho hệ thống y tế, hạn chế thiệt hại do mất sức lao động, đồng thời củng cố niềm tin của người tiêu dùng và thúc đẩy doanh nghiệp, người sản xuất chuyển đổi sang mô hình sản xuất sạch, bền vững, thân thiện với môi trường.\nChính sách 1: Quản lý ATTP dựa trên kiểm soát nguy cơ theo chuỗi cung ứng\nĐây là chính sách nền tảng của dự thảo Luật, với mục tiêu quản lý ATTP trong toàn bộ chuỗi cung ứng, từ sản xuất ban đầu đến khi sản phẩm đến tay người tiêu dùng, tiệm cận phương thức quản lý của các nước phát triển.\nTheo đó, công tác quản lý sẽ bao quát các khâu từ trồng trọt, chăn nuôi, nuôi trồng thủy sản, thu hái, đánh bắt, khai thác, giết mổ, sơ chế, chế biến, phân phối, lưu thông trên thị trường đến tiêu dùng.\nCơ quan chức năng kiểm tra về an toàn thực phẩm.\nDự thảo bổ sung quy định về giới hạn tồn dư thuốc thú y, thuốc bảo vệ thực vật và các tác nhân gây ô nhiễm trong thực phẩm; quy định điều kiện đối với một số nhóm cơ sở sản xuất thực phẩm; đồng thời xây dựng phương thức quản lý phù hợp theo từng nhóm thực phẩm.\nĐáng chú ý, cơ quan quản lý nhà nước và các cơ sở kiểm nghiệm sẽ được tăng cường vai trò trong hoạt động kiểm tra, giám sát, chủ động lấy mẫu đối với thực phẩm lưu thông trên thị trường nhằm phát hiện sớm nguy cơ mất ATTP.\nChính sách 2
... [truncated, total 9591 chars]
================================================================================

================================================================================
Article ID: MOH_0e1c11be50c0f531 | Attempt: 1
Error: Cannot extract valid JSON from response: line 1 column 1 (char 0)
Raw response (14705 chars):
{
"id": "MOH_0e1c11be50c0f531",
"date_iso": "2026-07-03T00:00:00",
"full_text": "Chiều ngày 3/7, tại trụ sở Chính phủ, Thủ tướng Chính phủ Lê Minh Hưng, Trưởng Ban Chỉ đạo của Chính phủ về phát triển khoa học, công nghệ, đổi mới sáng tạo, chuyển đổi số và Đề án 06 chủ trì cuộc làm việc về tình hình triển khai xây dựng các cơ sở dữ liệu quốc gia, chuyên ngành; công nghệ chiến lược, sản phẩm công nghệ chiến lược; hệ thống hạ tầng trung tâm nghiên cứu, thử nghiệm, các phòng thí nghiệm trọng điểm quốc gia.\nThủ tướng Chính phủ Lê Minh Hưng, Trưởng Ban Chỉ đạo của Chính phủ về phát triển khoa học, công nghệ, đổi mới sáng tạo, chuyển đổi số và Đề án 06 chủ trì cuộc làm việc về tình hình triển khai xây dựng các cơ sở dữ liệu quốc gia, chuyên ngành; công nghệ chiến lược, sản phẩm công nghệ chiến lược - Ảnh: VGP/Nhật Bắc\nĐây là những nội dung quan trọng để tiếp tục triển khai Nghị quyết 57 của Bộ Chính trị về đột phá phát triển khoa học công nghệ, đổi mới sáng tạo và chuyển đổi số; triển khai các ý kiến chỉ đạo, kết luận của Tổng Bí thư, Chủ tịch nước Tô Lâm, Trưởng Ban Chỉ đạo Trung ương tại cuộc họp ngày 1/7 của Ban Chỉ đạo Trung ương.\nTham dự các cuộc làm việc có đồng chí Hồ Quốc Dũng, Ủy viên Trung ương Đảng, Phó Thủ tướng Chính phủ, Phó Trưởng Ban Chỉ đạo; Đại tướng Lương Tam Quang, Ủy viên Bộ Chính trị, Bộ trưởng Bộ Công an, Phó Trưởng Ban Chỉ đạo; đồng chí Vũ Hải Quân, Ủy viên Trung ương Đảng, Bộ trưởng Bộ Khoa học và Công nghệ, Phó Trưởng Ban Chỉ đạo; các đồng chí Ủy viên Trung ương Đảng, lãnh đạo các bộ ngành, cơ quan Trung ương.\nThủ tướng Lê Minh Hưng nêu rõ, còn có những cơ sở dữ liệu trọng yếu thuộc trách nhiệm của các bộ, cơ quan và cơ sở dữ liệu theo Nghị quyết số 11/NQ-CP chưa kết nối, đồng bộ về Trung tâm Dữ liệu Quốc gia - Ảnh: VGP/Nhật Bắc\nTheo các báo cáo, ý kiến tại cuộc họp, đến nay, 08/12 cơ sở dữ liệu trọng yếu bước đầu đã có nền tảng, kết nối, chia sẻ và đồng bộ dữ liệu theo thời gian thực về Trung tâm Dữ liệu Quốc gia; 67/104 cơ sở dữ liệu theo N
... [truncated, total 14705 chars]
================================================================================

================================================================================
Article ID: MOH_0e1c11be50c0f531 | Attempt: 2
Error: Cannot extract valid JSON from response: line 1 column 1 (char 0)
Raw response (14356 chars):
{
"id": "MOH_0e1c11be50c0f531",
"date_iso": "2026-07-03T00:00:00",
"full_text": "Chiều ngày 3/7, tại trụ sở Chính phủ, Thủ tướng Chính phủ Lê Minh Hưng, Trưởng Ban Chỉ đạo của Chính phủ về phát triển khoa học, công nghệ, đổi mới sáng tạo, chuyển đổi số và Đề án 06 chủ trì cuộc làm việc về tình hình triển khai xây dựng các cơ sở dữ liệu quốc gia, chuyên ngành; công nghệ chiến lược, sản phẩm công nghệ chiến lược; hệ thống hạ tầng trung tâm nghiên cứu, thử nghiệm, các phòng thí nghiệm trọng điểm quốc gia.\nThủ tướng Chính phủ Lê Minh Hưng, Trưởng Ban Chỉ đạo của Chính phủ về phát triển khoa học, công nghệ, đổi mới sáng tạo, chuyển đổi số và Đề án 06 chủ trì cuộc làm việc về tình hình triển khai xây dựng các cơ sở dữ liệu quốc gia, chuyên ngành; công nghệ chiến lược, sản phẩm công nghệ chiến lược - Ảnh: VGP/Nhật Bắc\nĐây là những nội dung quan trọng để tiếp tục triển khai Nghị quyết 57 của Bộ Chính trị về đột phá phát triển khoa học công nghệ, đổi mới sáng tạo và chuyển đổi số; triển khai các ý kiến chỉ đạo, kết luận của Tổng Bí thư, Chủ tịch nước Tô Lâm, Trưởng Ban Chỉ đạo Trung ương tại cuộc họp ngày 1/7 của Ban Chỉ đạo Trung ương.\nTham dự các cuộc làm việc có đồng chí Hồ Quốc Dũng, Ủy viên Trung ương Đảng, Phó Thủ tướng Chính phủ, Phó Trưởng Ban Chỉ đạo; Đại tướng Lương Tam Quang, Ủy viên Bộ Chính trị, Bộ trưởng Bộ Công an, Phó Trưởng Ban Chỉ đạo; đồng chí Vũ Hải Quân, Ủy viên Trung ương Đảng, Bộ trưởng Bộ Khoa học và Công nghệ, Phó Trưởng Ban Chỉ đạo; các đồng chí Ủy viên Trung ương Đảng, lãnh đạo các bộ ngành, cơ quan Trung ương.\nThủ tướng Lê Minh Hưng nêu rõ, còn có những cơ sở dữ liệu trọng yếu thuộc trách nhiệm của các bộ, cơ quan và cơ sở dữ liệu theo Nghị quyết số 11/NQ-CP chưa kết nối, đồng bộ về Trung tâm Dữ liệu Quốc gia - Ảnh: VGP/Nhật Bắc\nTheo các báo cáo, ý kiến tại cuộc họp, đến nay, 08/12 cơ sở dữ liệu trọng yếu bước đầu đã có nền tảng, kết nối, chia sẻ và đồng bộ dữ liệu theo thời gian thực về Trung tâm Dữ liệu Quốc gia; 67/104 cơ sở dữ liệu theo N
... [truncated, total 14356 chars]
================================================================================

================================================================================
Article ID: MOH_0e1c11be50c0f531 | Attempt: 3
Error: Cannot extract valid JSON from response: line 1 column 1 (char 0)
Raw response (14095 chars):
{
"id": "MOH_0e1c11be50c0f531",
"date_iso": "2026-07-03T00:00:00",
"full_text": "Chiều ngày 3/7, tại trụ sở Chính phủ, Thủ tướng Chính phủ Lê Minh Hưng, Trưởng Ban Chỉ đạo của Chính phủ về phát triển khoa học, công nghệ, đổi mới sáng tạo, chuyển đổi số và Đề án 06 chủ trì cuộc làm việc về tình hình triển khai xây dựng các cơ sở dữ liệu quốc gia, chuyên ngành; công nghệ chiến lược, sản phẩm công nghệ chiến lược; hệ thống hạ tầng trung tâm nghiên cứu, thử nghiệm, các phòng thí nghiệm trọng điểm quốc gia.\nThủ tướng Chính phủ Lê Minh Hưng, Trưởng Ban Chỉ đạo của Chính phủ về phát triển khoa học, công nghệ, đổi mới sáng tạo, chuyển đổi số và Đề án 06 chủ trì cuộc làm việc về tình hình triển khai xây dựng các cơ sở dữ liệu quốc gia, chuyên ngành; công nghệ chiến lược, sản phẩm công nghệ chiến lược - Ảnh: VGP/Nhật Bắc\nĐây là những nội dung quan trọng để tiếp tục triển khai Nghị quyết 57 của Bộ Chính trị về đột phá phát triển khoa học công nghệ, đổi mới sáng tạo và chuyển đổi số; triển khai các ý kiến chỉ đạo, kết luận của Tổng Bí thư, Chủ tịch nước Tô Lâm, Trưởng Ban Chỉ đạo Trung ương tại cuộc họp ngày 1/7 của Ban Chỉ đạo Trung ương.\nTham dự các cuộc làm việc có đồng chí Hồ Quốc Dũng, Ủy viên Trung ương Đảng, Phó Thủ tướng Chính phủ, Phó Trưởng Ban Chỉ đạo; Đại tướng Lương Tam Quang, Ủy viên Bộ Chính trị, Bộ trưởng Bộ Công an, Phó Trưởng Ban Chỉ đạo; đồng chí Vũ Hải Quân, Ủy viên Trung ương Đảng, Bộ trưởng Bộ Khoa học và Công nghệ, Phó Trưởng Ban Chỉ đạo; các đồng chí Ủy viên Trung ương Đảng, lãnh đạo các bộ ngành, cơ quan Trung ương.\nThủ tướng Lê Minh Hưng nêu rõ, còn có những cơ sở dữ liệu trọng yếu thuộc trách nhiệm của các bộ, cơ quan và cơ sở dữ liệu theo Nghị quyết số 11/NQ-CP chưa kết nối, đồng bộ về Trung tâm Dữ liệu Quốc gia - Ảnh: VGP/Nhật Bắc\nTheo các báo cáo, ý kiến tại cuộc họp, đến nay, 08/12 cơ sở dữ liệu trọng yếu bước đầu đã có nền tảng, kết nối, chia sẻ và đồng bộ dữ liệu theo thời gian thực về Trung tâm Dữ liệu Quốc gia; 67/104 cơ sở dữ liệu theo N
... [truncated, total 14095 chars]
================================================================================

================================================================================
Article ID: MOH_0e1c11be50c0f531 | Attempt: 4
Error: API error: ProviderAPIError: OpenRouter HTTP 403: Key limit exceeded (total limit). Manage it using https://openrouter.ai/workspaces/default/keys/89095c9dd560518a9b3c0459a0a6c05b2d9a04690a30600f86920d99fa56db82
Raw response (0 chars):

================================================================================

================================================================================
Article ID: MOH_0e1c11be50c0f531 | Attempt: 5
Error: API error: ProviderAPIError: OpenRouter HTTP 403: Key limit exceeded (total limit). Manage it using https://openrouter.ai/workspaces/default/keys/89095c9dd560518a9b3c0459a0a6c05b2d9a04690a30600f86920d99fa56db82
Raw response (0 chars):

================================================================================

================================================================================
Article ID: MOH_e77c016e6e58cc02 | Attempt: 1
Error: API error: ProviderAPIError: OpenRouter HTTP 403: Key limit exceeded (total limit). Manage it using https://openrouter.ai/workspaces/default/keys/89095c9dd560518a9b3c0459a0a6c05b2d9a04690a30600f86920d99fa56db82
Raw response (0 chars):

================================================================================

================================================================================
Article ID: MOH_e77c016e6e58cc02 | Attempt: 2
Error: API error: ProviderAPIError: OpenRouter HTTP 403: Key limit exceeded (total limit). Manage it using https://openrouter.ai/workspaces/default/keys/89095c9dd560518a9b3c0459a0a6c05b2d9a04690a30600f86920d99fa56db82
Raw response (0 chars):

================================================================================

================================================================================
Article ID: MOH_e77c016e6e58cc02 | Attempt: 3
Error: API error: ProviderAPIError: OpenRouter HTTP 403: Key limit exceeded (total limit). Manage it using https://openrouter.ai/workspaces/default/keys/89095c9dd560518a9b3c0459a0a6c05b2d9a04690a30600f86920d99fa56db82
Raw response (0 chars):

================================================================================

================================================================================
Article ID: MOH_e77c016e6e58cc02 | Attempt: 4
Error: API error: ProviderAPIError: OpenRouter HTTP 403: Key limit exceeded (total limit). Manage it using https://openrouter.ai/workspaces/default/keys/89095c9dd560518a9b3c0459a0a6c05b2d9a04690a30600f86920d99fa56db82
Raw response (0 chars):

================================================================================

================================================================================
Article ID: MOH_e77c016e6e58cc02 | Attempt: 5
Error: API error: ProviderAPIError: OpenRouter HTTP 403: Key limit exceeded (total limit). Manage it using https://openrouter.ai/workspaces/default/keys/89095c9dd560518a9b3c0459a0a6c05b2d9a04690a30600f86920d99fa56db82
Raw response (0 chars):

================================================================================

================================================================================
Article ID: MOH_2695094d4ac1c8c5 | Attempt: 1
Error: API error: ProviderAPIError: OpenRouter HTTP 403: Key limit exceeded (total limit). Manage it using https://openrouter.ai/workspaces/default/keys/89095c9dd560518a9b3c0459a0a6c05b2d9a04690a30600f86920d99fa56db82
Raw response (0 chars):

================================================================================

================================================================================
Article ID: MOH_2695094d4ac1c8c5 | Attempt: 2
Error: API error: ProviderAPIError: OpenRouter HTTP 403: Key limit exceeded (total limit). Manage it using https://openrouter.ai/workspaces/default/keys/89095c9dd560518a9b3c0459a0a6c05b2d9a04690a30600f86920d99fa56db82
Raw response (0 chars):

================================================================================

================================================================================
Article ID: MOH_2695094d4ac1c8c5 | Attempt: 3
Error: API error: ProviderAPIError: OpenRouter HTTP 403: Key limit exceeded (total limit). Manage it using https://openrouter.ai/workspaces/default/keys/89095c9dd560518a9b3c0459a0a6c05b2d9a04690a30600f86920d99fa56db82
Raw response (0 chars):

================================================================================

================================================================================
Article ID: MOH_2695094d4ac1c8c5 | Attempt: 4
Error: API error: ProviderAPIError: OpenRouter HTTP 403: Key limit exceeded (total limit). Manage it using https://openrouter.ai/workspaces/default/keys/89095c9dd560518a9b3c0459a0a6c05b2d9a04690a30600f86920d99fa56db82
Raw response (0 chars):

================================================================================

================================================================================
Article ID: MOH_2796a8b86c149ff2 | Attempt: 1
Error: API error: AttributeError: 'list' object has no attribute 'get'
Raw response (0 chars):

================================================================================

================================================================================
Article ID: MOH_2796a8b86c149ff2 | Attempt: 2
Error: API error: AttributeError: 'list' object has no attribute 'get'
Raw response (0 chars):

================================================================================
