
================================================================================
Article ID: WHO_33a326124c8bb144 | Attempt: 1
Error: Cannot extract valid JSON from response: line 1 column 1 (char 0)
Raw response (9713 chars):
{
"id": "WHO_33a326124c8bb144",
"date_iso": "2025-05-15T00:00:00",
"full_text": "WHO published its World health statistics report 2025, revealing the deeper health impacts caused by the COVID-19 pandemic on loss of lives, longevity and overall health and well-being. In just two years, between 2019 and 2021, global life expectancy fell by 1.8 years—the largest drop in recent history— reversing a decade of health gains. Increased levels of anxiety and depression linked to COVID-19 reduced global healthy life expectancy by 6 weeks—erasing most of the gains made from lower mortality due to noncommunicable diseases (NCDs) during the same period.\nThe report also summarizes global data on progress towards WHO’s triple billion targets, revealing impacts of not just the pandemic shock but also a longer trend of slowing progress starting before the pandemic, followed by a slower recovery since. WHO warns that overall progress is under threat and urgent global action is needed to get back on track.\n“Behind every data point is a person—a child who didn’t reach their fifth birthday, a mother lost in childbirth, a life cut short by a preventable disease,” said Dr Tedros Adhanom Ghebreyesus, WHO Director-General. “These are avoidable tragedies. They point to critical gaps in access, protection, and investment—especially for women and girls. Health progress is slowing. Every government has a responsibility to act, with urgency, commitment, and accountability to the people they serve.”\nHealth progress and setbacks\nThe World health statistics 2025 report presents mixed progress towards WHO’s Triple Billion targets. An estimated 1.4 billion more people were living healthier by the end of 2024, surpassing the 1 billion target. The progress in healthier lives was driven by reduction in tobacco use, improved air quality and better access to water, hygiene, and sanitation. But progress towards increased coverage of essential health services and protection from emergencies lagged; only
... [truncated, total 9713 chars]
================================================================================

================================================================================
Article ID: WHO_3dc4aa397b4dabe9 | Attempt: 1
Error: Cannot extract valid JSON from response: line 1 column 1 (char 0)
Raw response (11136 chars):
{
"id": "WHO_3dc4aa397b4dabe9",
"date_iso": "2025-05-13T00:00:00",
"full_text": "Honourable Minister Dr Jane Aceng,\nDr Carlos Correa,\nExcellencies, honourable ministers, dear colleagues and friends,\nGood afternoon, and I thank Uganda and Minister Aceng for the invitation to join you today.\nMy thanks also to Azerbaijan for their leadership as previous chair of the Non-Aligned Movement and for all their support during their tenure. I look forward to working with Uganda as the new chair.\nThank you all for your continuing commitment to WHO, global health, and multilateralism.\nEvery World Health Assembly is significant, but this year’s Assembly feels especially so.\nNext week, Member States will consider three major agenda items that are of huge importance both now and for the future of WHO and its work.\nFirst, the Pandemic Agreement. If adopted, the Pandemic Agreement will be a landmark instrument of international law, and just the second such instrument to be negotiated under the WHO Constitution – the first being the Framework Convention on Tobacco Control, as you know.\nThe Agreement addresses the gaps in global health security exposed by the COVID-19 pandemic, and is based on the fundamental principle that shared threats demand a shared response.\nThank you all for your commitment to negotiating the Agreement over the past three-and-a-half years, and thank you for the spirit of collaboration in which you worked.\nI know that many of you compromised on things you did not want to – and so did all Member States.\nBut I admire and applaud you for being willing to compromise, to converge, and to reach consensus.\nYou have sent a powerful message that multilateralism is alive and kicking, and that in these divided times, countries can still find a way to find common ground.\n===\nThe second major agenda item to be considered at next week’s Health Assembly is the Programme Budget for the 2026-2027 biennium.\nThe loss of U.S. funding, combined with reductions in offi
... [truncated, total 11136 chars]
================================================================================

================================================================================
Article ID: WHO_3dc4aa397b4dabe9 | Attempt: 2
Error: Cannot extract valid JSON from response: line 1 column 1 (char 0)
Raw response (10809 chars):
{
"id": "WHO_3dc4aa397b4dabe9",
"date_iso": "2025-05-13T00:00:00",
"full_text": "Honourable Minister Dr Jane Aceng,\nDr Carlos Correa,\nExcellencies, honourable ministers, dear colleagues and friends,\nGood afternoon, and I thank Uganda and Minister Aceng for the invitation to join you today.\nMy thanks also to Azerbaijan for their leadership as previous chair of the Non-Aligned Movement and for all their support during their tenure. I look forward to working with Uganda as the new chair.\nThank you all for your continuing commitment to WHO, global health, and multilateralism.\nEvery World Health Assembly is significant, but this year’s Assembly feels especially so.\nNext week, Member States will consider three major agenda items that are of huge importance both now and for the future of WHO and its work.\nFirst, the Pandemic Agreement. If adopted, the Pandemic Agreement will be a landmark instrument of international law, and just the second such instrument to be negotiated under the WHO Constitution – the first being the Framework Convention on Tobacco Control, as you know.\nThe Agreement addresses the gaps in global health security exposed by the COVID-19 pandemic, and is based on the fundamental principle that shared threats demand a shared response.\nThank you all for your commitment to negotiating the Agreement over the past three-and-a-half years, and thank you for the spirit of collaboration in which you worked.\nI know that many of you compromised on things you did not want to – and so did all Member States.\nBut I admire and applaud you for being willing to compromise, to converge, and to reach consensus.\nYou have sent a powerful message that multilateralism is alive and kicking, and that in these divided times, countries can still find a way to find common ground.\n===\nThe second major agenda item to be considered at next week’s Health Assembly is the Programme Budget for the 2026-2027 biennium.\nThe loss of U.S. funding, combined with reductions in offi
... [truncated, total 10809 chars]
================================================================================

================================================================================
Article ID: WHO_3dc4aa397b4dabe9 | Attempt: 3
Error: Cannot extract valid JSON from response: line 1 column 1 (char 0)
Raw response (10665 chars):
{
"id": "WHO_3dc4aa397b4dabe9",
"date_iso": "2025-05-13T00:00:00",
"full_text": "Honourable Minister Dr Jane Aceng,\nDr Carlos Correa,\nExcellencies, honourable ministers, dear colleagues and friends,\nGood afternoon, and I thank Uganda and Minister Aceng for the invitation to join you today.\nMy thanks also to Azerbaijan for their leadership as previous chair of the Non-Aligned Movement and for all their support during their tenure. I look forward to working with Uganda as the new chair.\nThank you all for your continuing commitment to WHO, global health, and multilateralism.\nEvery World Health Assembly is significant, but this year’s Assembly feels especially so.\nNext week, Member States will consider three major agenda items that are of huge importance both now and for the future of WHO and its work.\nFirst, the Pandemic Agreement. If adopted, the Pandemic Agreement will be a landmark instrument of international law, and just the second such instrument to be negotiated under the WHO Constitution – the first being the Framework Convention on Tobacco Control, as you know.\nThe Agreement addresses the gaps in global health security exposed by the COVID-19 pandemic, and is based on the fundamental principle that shared threats demand a shared response.\nThank you all for your commitment to negotiating the Agreement over the past three-and-a-half years, and thank you for the spirit of collaboration in which you worked.\nI know that many of you compromised on things you did not want to – and so did all Member States.\nBut I admire and applaud you for being willing to compromise, to converge, and to reach consensus.\nYou have sent a powerful message that multilateralism is alive and kicking, and that in these divided times, countries can still find a way to find common ground.\n===\nThe second major agenda item to be considered at next week’s Health Assembly is the Programme Budget for the 2026-2027 biennium.\nThe loss of U.S. funding, combined with reductions in offi
... [truncated, total 10665 chars]
================================================================================

================================================================================
Article ID: WHO_3dc4aa397b4dabe9 | Attempt: 4
Error: Cannot extract valid JSON from response: line 1 column 1 (char 0)
Raw response (10752 chars):
{
"id": "WHO_3dc4aa397b4dabe9",
"date_iso": "2025-05-13T00:00:00",
"full_text": "Honourable Minister Dr Jane Aceng,\nDr Carlos Correa,\nExcellencies, honourable ministers, dear colleagues and friends,\nGood afternoon, and I thank Uganda and Minister Aceng for the invitation to join you today.\nMy thanks also to Azerbaijan for their leadership as previous chair of the Non-Aligned Movement and for all their support during their tenure. I look forward to working with Uganda as the new chair.\nThank you all for your continuing commitment to WHO, global health, and multilateralism.\nEvery World Health Assembly is significant, but this year’s Assembly feels especially so.\nNext week, Member States will consider three major agenda items that are of huge importance both now and for the future of WHO and its work.\nFirst, the Pandemic Agreement. If adopted, the Pandemic Agreement will be a landmark instrument of international law, and just the second such instrument to be negotiated under the WHO Constitution – the first being the Framework Convention on Tobacco Control, as you know.\nThe Agreement addresses the gaps in global health security exposed by the COVID-19 pandemic, and is based on the fundamental principle that shared threats demand a shared response.\nThank you all for your commitment to negotiating the Agreement over the past three-and-a-half years, and thank you for the spirit of collaboration in which you worked.\nI know that many of you compromised on things you did not want to – and so did all Member States.\nBut I admire and applaud you for being willing to compromise, to converge, and to reach consensus.\nYou have sent a powerful message that multilateralism is alive and kicking, and that in these divided times, countries can still find a way to find common ground.\n===\nThe second major agenda item to be considered at next week’s Health Assembly is the Programme Budget for the 2026-2027 biennium.\nThe loss of U.S. funding, combined with reductions in offi
... [truncated, total 10752 chars]
================================================================================

================================================================================
Article ID: WHO_3dc4aa397b4dabe9 | Attempt: 5
Error: Cannot extract valid JSON from response: line 1 column 1 (char 0)
Raw response (10861 chars):
{
"id": "WHO_3dc4aa397b4dabe9",
"date_iso": "2025-05-13T00:00:00",
"full_text": "Honourable Minister Dr Jane Aceng,\nDr Carlos Correa,\nExcellencies, honourable ministers, dear colleagues and friends,\nGood afternoon, and I thank Uganda and Minister Aceng for the invitation to join you today.\nMy thanks also to Azerbaijan for their leadership as previous chair of the Non-Aligned Movement and for all their support during their tenure. I look forward to working with Uganda as the new chair.\nThank you all for your continuing commitment to WHO, global health, and multilateralism.\nEvery World Health Assembly is significant, but this year’s Assembly feels especially so.\nNext week, Member States will consider three major agenda items that are of huge importance both now and for the future of WHO and its work.\nFirst, the Pandemic Agreement. If adopted, the Pandemic Agreement will be a landmark instrument of international law, and just the second such instrument to be negotiated under the WHO Constitution – the first being the Framework Convention on Tobacco Control, as you know.\nThe Agreement addresses the gaps in global health security exposed by the COVID-19 pandemic, and is based on the fundamental principle that shared threats demand a shared response.\nThank you all for your commitment to negotiating the Agreement over the past three-and-a-half years, and thank you for the spirit of collaboration in which you worked.\nI know that many of you compromised on things you did not want to – and so did all Member States.\nBut I admire and applaud you for being willing to compromise, to converge, and to reach consensus.\nYou have sent a powerful message that multilateralism is alive and kicking, and that in these divided times, countries can still find a way to find common ground.\n===\nThe second major agenda item to be considered at next week’s Health Assembly is the Programme Budget for the 2026-2027 biennium.\nThe loss of U.S. funding, combined with reductions in offi
... [truncated, total 10861 chars]
================================================================================

================================================================================
Article ID: WHO_0e2fd2eee5226c4a | Attempt: 1
Error: Cannot extract valid JSON from response: line 1 column 1 (char 0)
Raw response (11384 chars):
{
"id": "WHO_0e2fd2eee5226c4a",
"date_iso": "2025-05-09T00:00:00",
"full_text": "The World Health Organization (WHO) and Medicines Patent Pool (MPP) have today announced a sublicensing agreement between MPP and a Nigerian health technology company – Codix Bio – to start development and manufacturing of rapid diagnostic tests (RDTs) using technology transferred from global in-vitro diagnostics company – SD Biosensor (SDB). This agreement will contribute to advancing equitable access to vital diagnostic tools through local production, expanding manufacturing capacity in the African Region.\nThe new RDT technology is especially useful for low- and middle-income countries (LMICs), as it is easy to use in health facilities without requiring additional equipment. Tests are highly sensitive and can generate results within 20 minutes. Codix Bio will initially focus on producing RDTs for HIV, but the technology can also be used for manufacturing tests for malaria and syphilis, among others. It can also be quickly adapted to other diseases, which will prove valuable during health emergencies and pandemics, contributing to improvements in health security and equity.\n\"Sublicensing SDB’s RDT technology marks a major milestone in strengthening manufacturing capabilities in regions where they are needed most,” said Dr Yukiko Nakatani, WHO Assistant Director-General, Access to Medicines and Health Products. “It can help advance global commitments made at the 2023 World Health Assembly to promote equitable access to diagnostics as a cornerstone of universal health coverage and pandemic preparedness.”\n“We are delighted to have signed this first sublicense agreement for RDTs with Codix Bio. Today marks a major step forward in diversifying diagnostic production and ensuring access where it is needed most,” said Charles Gore, Executive Director of the Medicines Patent Pool. “It shows how voluntary licensing and coordinated technology transfer can empower manufacturers in LMICs, ultim
... [truncated, total 11384 chars]
================================================================================

================================================================================
Article ID: WHO_0e2fd2eee5226c4a | Attempt: 2
Error: Cannot extract valid JSON from response: line 1 column 1 (char 0)
Raw response (11480 chars):
{
"id": "WHO_0e2fd2eee5226c4a",
"date_iso": "2025-05-09T00:00:00",
"full_text": "The World Health Organization (WHO) and Medicines Patent Pool (MPP) have today announced a sublicensing agreement between MPP and a Nigerian health technology company – Codix Bio – to start development and manufacturing of rapid diagnostic tests (RDTs) using technology transferred from global in-vitro diagnostics company – SD Biosensor (SDB). This agreement will contribute to advancing equitable access to vital diagnostic tools through local production, expanding manufacturing capacity in the African Region.\nThe new RDT technology is especially useful for low- and middle-income countries (LMICs), as it is easy to use in health facilities without requiring additional equipment. Tests are highly sensitive and can generate results within 20 minutes. Codix Bio will initially focus on producing RDTs for HIV, but the technology can also be used for manufacturing tests for malaria and syphilis, among others. It can also be quickly adapted to other diseases, which will prove valuable during health emergencies and pandemics, contributing to improvements in health security and equity.\n\"Sublicensing SDB’s RDT technology marks a major milestone in strengthening manufacturing capabilities in regions where they are needed most,” said Dr Yukiko Nakatani, WHO Assistant Director-General, Access to Medicines and Health Products. “It can help advance global commitments made at the 2023 World Health Assembly to promote equitable access to diagnostics as a cornerstone of universal health coverage and pandemic preparedness.”\n“We are delighted to have signed this first sublicense agreement for RDTs with Codix Bio. Today marks a major step forward in diversifying diagnostic production and ensuring access where it is needed most,” said Charles Gore, Executive Director of the Medicines Patent Pool. “It shows how voluntary licensing and coordinated technology transfer can empower manufacturers in LMICs, ultim
... [truncated, total 11480 chars]
================================================================================

================================================================================
Article ID: WHO_130b31681080d736 | Attempt: 1
Error: Cannot extract valid JSON from response: line 1 column 1 (char 0)
Raw response (13913 chars):
{
"id": "WHO_130b31681080d736",
"date_iso": "2025-05-06T00:00:00",
"full_text": "African countries convene at SAFER workshop on alcohol-related harm in Ghana\nThe African Region has one of the highest burdens of alcohol-related deaths globally - averaging 70 deaths per 100,000 people - second only to Europe. In some countries, this rises to 84 deaths per 100,000. With rapid population growth, even more people are expected to be affected unless stronger policies are implemented. Yet across much of the continent, comprehensive alcohol policies remain scarce, outdated or poorly enforced, leaving countries ill-equipped to tackle the rising harm from alcohol consumption.\nIn April, 60 representatives from 15 countries across the World Health Organization’s (WHO) African Region gathered in Accra, Ghana for a landmark SAFER inter-country learning workshop aimed at strengthening collaboration and accelerating implementation of alcohol control and road safety policies. The workshop was jointly hosted and supported by WHO, the WHO-led SAFER Initiative, and the Bloomberg Philanthropies Initiative for Global Road Safety (BIGRS), with financial support from Bloomberg Philanthropies and the Government of Norway.\nThe synergy between the SAFER Initiative and Bloomberg Initiative for Global Road Safety (BIGRS) is critical, as both initiatives share a common goal of reducing alcohol-related harm and improving road safety. Let us seize this opportunity to work together for a safer, healthier Ghana and Africa.\nHon. Kwabena Mintah Akandoh, Minister for Health, Ghana\nThe 15 country teams included representatives from the ministries of health, transport, finance, and justice, as well as from the offices of the attorneys general, to accelerate the implementation of high-impact alcohol control and road safety policies.\nMultisectoral collaboration is essential - not optional - for achieving lasting public health outcomes. Today’s complex health challenges demand coordinated action across
... [truncated, total 13913 chars]
================================================================================

================================================================================
Article ID: WHO_130b31681080d736 | Attempt: 2
Error: Cannot extract valid JSON from response: line 1 column 1 (char 0)
Raw response (14301 chars):
{
"id": "WHO_130b31681080d736",
"date_iso": "2025-05-06T00:00:00",
"full_text": "African countries convene at SAFER workshop on alcohol-related harm in Ghana\nThe African Region has one of the highest burdens of alcohol-related deaths globally - averaging 70 deaths per 100,000 people - second only to Europe. In some countries, this rises to 84 deaths per 100,000. With rapid population growth, even more people are expected to be affected unless stronger policies are implemented. Yet across much of the continent, comprehensive alcohol policies remain scarce, outdated or poorly enforced, leaving countries ill-equipped to tackle the rising harm from alcohol consumption.\nIn April, 60 representatives from 15 countries across the World Health Organization’s (WHO) African Region gathered in Accra, Ghana for a landmark SAFER inter-country learning workshop aimed at strengthening collaboration and accelerating implementation of alcohol control and road safety policies. The workshop was jointly hosted and supported by WHO, the WHO-led SAFER Initiative, and the Bloomberg Philanthropies Initiative for Global Road Safety (BIGRS), with financial support from Bloomberg Philanthropies and the Government of Norway.\nThe synergy between the SAFER Initiative and Bloomberg Initiative for Global Road Safety (BIGRS) is critical, as both initiatives share a common goal of reducing alcohol-related harm and improving road safety. Let us seize this opportunity to work together for a safer, healthier Ghana and Africa.\nHon. Kwabena Mintah Akandoh, Minister for Health, Ghana\nThe 15 country teams included representatives from the ministries of health, transport, finance, and justice, as well as from the offices of the attorneys general, to accelerate the implementation of high-impact alcohol control and road safety policies.\nMultisectoral collaboration is essential - not optional - for achieving lasting public health outcomes. Today’s complex health challenges demand coordinated action across
... [truncated, total 14301 chars]
================================================================================

================================================================================
Article ID: WHO_cb9f7d4565c978f2 | Attempt: 1
Error: Cannot extract valid JSON from response: line 1 column 1 (char 0)
Raw response (7259 chars):
{
"id": "WHO_cb9f7d4565c978f2",
"date_iso": "2025-05-05T00:00:00",
"full_text": "Hand hygiene is one of the most effective, affordable and universal tools we have to prevent the transmission of infections and provide high-quality, clean and safe medical care.\nWhile medical gloves serve a vital role in preventing transmission of infection, for example when there is risk of exposure to blood and body fluids, they are not a substitute for cleaning hands at the right time. On this World Hand Hygiene Day, the World Health Organization (WHO) urges governments, health-care facilities, and frontline workers around the world to reinforce hand hygiene practices – a proven, cost-effective intervention to protect both patients and health-care workers.\n“Medical gloves can reduce the risk of infection, but they are never a replacement for hand hygiene,” said Dr Bruce Aylward, WHO Assistant Director-General, Universal Health Coverage, Life Course. “On this World Hand Hygiene Day, let us double down on our commitment and action to improve hand hygiene in health care settings to ensure the safety of patients and health-care workers.”\nSave lives, save money and reduce waste\nEvery US$ 1 invested in hand hygiene can yield up to US$ 24.6 in economic returns .\nYet, 2 in 5 health care facilities still lack basic hand hygiene services where care is provided – putting 3.4 billion people at risk.\nImproper glove use not only undermines infection prevention and control practices but also adds significantly to health-care waste. Much of this waste can be avoided by maintaining hand hygiene and using gloves only when necessary.\nGloves are protective but not foolproof or without problems\nGloves can become contaminated just like hands and are often misused, such as being worn indefinitely while health workers switch between patients or when they are performing multiple procedures for the same patient. Additionally, overuse of gloves contributes to environmental degradation.\nAn average uni
... [truncated, total 7259 chars]
================================================================================

================================================================================
Article ID: WHO_7ad9770ba019acec | Attempt: 1
Error: Cannot extract valid JSON from response: line 1 column 1 (char 0)
Raw response (14069 chars):
{
"id": "WHO_7ad9770ba019acec",
"date_iso": "2025-04-30T00:00:00",
"full_text": "The next World Health Organization (WHO) Traditional Medicine Global Summit, 17–19 December 2025, was unveiled during a keynote plenary session at the World Health Summit Regional Meeting 2025 in New Delhi, India, on 25 April. The session, organized by the WHO Global Traditional Medicine Centre, brought together government ministers, private sector directors, scientists and United Nations leaders to explore how combining ancient wisdom and modern science can expand access to safe, effective and people-centred Traditional Medicine (TM) and strengthen global health equity.\nStewards of a collective future\nDelhi-based broadcaster Rini Simon Khanna opened the session, entitled: “ Restoring balance: Scaling up access to evidence-based traditional medicine for health and well-being ”. She emphasized that the audience had gathered as “stewards of a collective future in health”, with TM serving as “a bridge connecting ancestral knowledge and modern science”. Prataprao Jadhav, India’s Minister of State for the Ministry of Ayush, addressed the gathering via pre-recorded video, stressing the need to integrate traditional knowledge with modern health systems in response to global challenges. The Minister took the opportunity to introduce the second WHO Traditional Medicine Global Summit , to be held in December 2025, and encouraged people to continue the dialogue at the Summit and “be a part of this shared journey towards global health harmony”.\nAn evolving global health system\nDr Rajesh Kotecha, Secretary and Vice-Minister, Ministry of Ayush, opened the panel discussion, telling participants, “TM is not just a thing of the past, it is a living, evolving component of many health systems around the globe”, offering relevance and promise in delivering affordable, accessible, people-centred care.\nThe first panellist, Drungtsho Dorji Gyeltshen, Traditional Medicine Physician at National Traditional
... [truncated, total 14069 chars]
================================================================================

================================================================================
Article ID: WHO_7ad9770ba019acec | Attempt: 2
Error: Cannot extract valid JSON from response: line 1 column 1 (char 0)
Raw response (14108 chars):
{
"id": "WHO_7ad9770ba019acec",
"date_iso": "2025-04-30T00:00:00",
"full_text": "The next World Health Organization (WHO) Traditional Medicine Global Summit, 17–19 December 2025, was unveiled during a keynote plenary session at the World Health Summit Regional Meeting 2025 in New Delhi, India, on 25 April. The session, organized by the WHO Global Traditional Medicine Centre, brought together government ministers, private sector directors, scientists and United Nations leaders to explore how combining ancient wisdom and modern science can expand access to safe, effective and people-centred Traditional Medicine (TM) and strengthen global health equity.\nStewards of a collective future\nDelhi-based broadcaster Rini Simon Khanna opened the session, entitled: “ Restoring balance: Scaling up access to evidence-based traditional medicine for health and well-being ”. She emphasized that the audience had gathered as “stewards of a collective future in health”, with TM serving as “a bridge connecting ancestral knowledge and modern science”. Prataprao Jadhav, India’s Minister of State for the Ministry of Ayush, addressed the gathering via pre-recorded video, stressing the need to integrate traditional knowledge with modern health systems in response to global challenges. The Minister took the opportunity to introduce the second WHO Traditional Medicine Global Summit , to be held in December 2025, and encouraged people to continue the dialogue at the Summit and “be a part of this shared journey towards global health harmony”.\nAn evolving global health system\nDr Rajesh Kotecha, Secretary and Vice-Minister, Ministry of Ayush, opened the panel discussion, telling participants, “TM is not just a thing of the past, it is a living, evolving component of many health systems around the globe”, offering relevance and promise in delivering affordable, accessible, people-centred care.\nThe first panellist, Drungtsho Dorji Gyeltshen, Traditional Medicine Physician at National Traditional
... [truncated, total 14108 chars]
================================================================================

================================================================================
Article ID: WHO_7ad9770ba019acec | Attempt: 3
Error: Cannot extract valid JSON from response: line 1 column 1 (char 0)
Raw response (14068 chars):
{
"id": "WHO_7ad9770ba019acec",
"date_iso": "2025-04-30T00:00:00",
"full_text": "The next World Health Organization (WHO) Traditional Medicine Global Summit, 17–19 December 2025, was unveiled during a keynote plenary session at the World Health Summit Regional Meeting 2025 in New Delhi, India, on 25 April. The session, organized by the WHO Global Traditional Medicine Centre, brought together government ministers, private sector directors, scientists and United Nations leaders to explore how combining ancient wisdom and modern science can expand access to safe, effective and people-centred Traditional Medicine (TM) and strengthen global health equity.\nStewards of a collective future\nDelhi-based broadcaster Rini Simon Khanna opened the session, entitled: “ Restoring balance: Scaling up access to evidence-based traditional medicine for health and well-being ”. She emphasized that the audience had gathered as “stewards of a collective future in health”, with TM serving as “a bridge connecting ancestral knowledge and modern science”. Prataprao Jadhav, India’s Minister of State for the Ministry of Ayush, addressed the gathering via pre-recorded video, stressing the need to integrate traditional knowledge with modern health systems in response to global challenges. The Minister took the opportunity to introduce the second WHO Traditional Medicine Global Summit , to be held in December 2025, and encouraged people to continue the dialogue at the Summit and “be a part of this shared journey towards global health harmony”.\nAn evolving global health system\nDr Rajesh Kotecha, Secretary and Vice-Minister, Ministry of Ayush, opened the panel discussion, telling participants, “TM is not just a thing of the past, it is a living, evolving component of many health systems around the globe”, offering relevance and promise in delivering affordable, accessible, people-centred care.\nThe first panellist, Drungtsho Dorji Gyeltshen, Traditional Medicine Physician at National Traditional
... [truncated, total 14068 chars]
================================================================================

================================================================================
Article ID: WHO_7ad9770ba019acec | Attempt: 4
Error: Cannot extract valid JSON from response: line 1 column 1 (char 0)
Raw response (14058 chars):
{
"id": "WHO_7ad9770ba019acec",
"date_iso": "2025-04-30T00:00:00",
"full_text": "The next World Health Organization (WHO) Traditional Medicine Global Summit, 17–19 December 2025, was unveiled during a keynote plenary session at the World Health Summit Regional Meeting 2025 in New Delhi, India, on 25 April. The session, organized by the WHO Global Traditional Medicine Centre, brought together government ministers, private sector directors, scientists and United Nations leaders to explore how combining ancient wisdom and modern science can expand access to safe, effective and people-centred Traditional Medicine (TM) and strengthen global health equity.\nStewards of a collective future\nDelhi-based broadcaster Rini Simon Khanna opened the session, entitled: “ Restoring balance: Scaling up access to evidence-based traditional medicine for health and well-being ”. She emphasized that the audience had gathered as “stewards of a collective future in health”, with TM serving as “a bridge connecting ancestral knowledge and modern science”. Prataprao Jadhav, India’s Minister of State for the Ministry of Ayush, addressed the gathering via pre-recorded video, stressing the need to integrate traditional knowledge with modern health systems in response to global challenges. The Minister took the opportunity to introduce the second WHO Traditional Medicine Global Summit , to be held in December 2025, and encouraged people to continue the dialogue at the Summit and “be a part of this shared journey towards global health harmony”.\nAn evolving global health system\nDr Rajesh Kotecha, Secretary and Vice-Minister, Ministry of Ayush, opened the panel discussion, telling participants, “TM is not just a thing of the past, it is a living, evolving component of many health systems around the globe”, offering relevance and promise in delivering affordable, accessible, people-centred care.\nThe first panellist, Drungtsho Dorji Gyeltshen, Traditional Medicine Physician at National Traditional
... [truncated, total 14058 chars]
================================================================================

================================================================================
Article ID: WHO_565c8d71c3fa7b3c | Attempt: 1
Error: Cannot extract valid JSON from response: line 1 column 1 (char 0)
Raw response (10424 chars):
{
"id": "WHO_565c8d71c3fa7b3c",
"date_iso": "2025-04-23T00:00:00",
"full_text": "Progress and insights from Colombia\nEvery year, an estimated 21 million girls aged 15–19 years in low- and middle-income countries become pregnant. Adolescent pregnancy leads to higher risks of maternal and infant mortality, a greater chance of mental health problems, and constraints for educational and economic prospects, which contributes to cycles of poverty and inequality that can span across generations\nIn many parts of the world, adolescents lack access to the information and resources necessary to make informed decisions about their sexual and reproductive health (SRH). This leaves them vulnerable to unintended pregnancies; child marriage further fuels the risk.\nThe World Health Organization (WHO) recently released an updated guideline for preventing early pregnancy and poor reproductive outcomes among adolescents in low- and middle-income countries, providing evidence-based normative guidance in two key areas: preventing child marriage and improving adolescents’ access to contraception. The recommendations highlight the importance of enabling laws and policies and education to achieve these goals.\nThe power of policy\nMany countries around the world have recently stepped up to make child marriage illegal. Colombia is one of these, with members of congress abolishing a law in November 2024 that allowed marriages from the age of 14. Importantly, the new bill they introduced also includes measures to restore the rights of children and adolescents affected by underage marriages and unions, with a special emphasis on supporting indigenous people and other vulnerable communities.\nA joint effort by authorities and society is required to eradicate this practice and guarantee the protection of girls' rights.\n“The effective implementation of this law shows a change in the social norms that perpetuate child marriage. A joint effort by authorities and society is required to eradicate 
... [truncated, total 10424 chars]
================================================================================

================================================================================
Article ID: WHO_565c8d71c3fa7b3c | Attempt: 2
Error: Cannot extract valid JSON from response: line 1 column 1 (char 0)
Raw response (10760 chars):
{
"id": "WHO_565c8d71c3fa7b3c",
"date_iso": "2025-04-23T00:00:00",
"full_text": "Progress and insights from Colombia\nEvery year, an estimated 21 million girls aged 15–19 years in low- and middle-income countries become pregnant. Adolescent pregnancy leads to higher risks of maternal and infant mortality, a greater chance of mental health problems, and constraints for educational and economic prospects, which contributes to cycles of poverty and inequality that can span across generations\nIn many parts of the world, adolescents lack access to the information and resources necessary to make informed decisions about their sexual and reproductive health (SRH). This leaves them vulnerable to unintended pregnancies; child marriage further fuels the risk.\nThe World Health Organization (WHO) recently released an updated guideline for preventing early pregnancy and poor reproductive outcomes among adolescents in low- and middle-income countries, providing evidence-based normative guidance in two key areas: preventing child marriage and improving adolescents’ access to contraception. The recommendations highlight the importance of enabling laws and policies and education to achieve these goals.\nThe power of policy\nMany countries around the world have recently stepped up to make child marriage illegal. Colombia is one of these, with members of congress abolishing a law in November 2024 that allowed marriages from the age of 14. Importantly, the new bill they introduced also includes measures to restore the rights of children and adolescents affected by underage marriages and unions, with a special emphasis on supporting indigenous people and other vulnerable communities.\nA joint effort by authorities and society is required to eradicate this practice and guarantee the protection of girls' rights.\n“The effective implementation of this law shows a change in the social norms that perpetuate child marriage. A joint effort by authorities and society is required to eradicate 
... [truncated, total 10760 chars]
================================================================================

================================================================================
Article ID: WHO_565c8d71c3fa7b3c | Attempt: 3
Error: Cannot extract valid JSON from response: line 1 column 1 (char 0)
Raw response (11004 chars):
{
"id": "WHO_565c8d71c3fa7b3c",
"date_iso": "2025-04-23T00:00:00",
"full_text": "Progress and insights from Colombia\nEvery year, an estimated 21 million girls aged 15–19 years in low- and middle-income countries become pregnant. Adolescent pregnancy leads to higher risks of maternal and infant mortality, a greater chance of mental health problems, and constraints for educational and economic prospects, which contributes to cycles of poverty and inequality that can span across generations\nIn many parts of the world, adolescents lack access to the information and resources necessary to make informed decisions about their sexual and reproductive health (SRH). This leaves them vulnerable to unintended pregnancies; child marriage further fuels the risk.\nThe World Health Organization (WHO) recently released an updated guideline for preventing early pregnancy and poor reproductive outcomes among adolescents in low- and middle-income countries, providing evidence-based normative guidance in two key areas: preventing child marriage and improving adolescents’ access to contraception. The recommendations highlight the importance of enabling laws and policies and education to achieve these goals.\nThe power of policy\nMany countries around the world have recently stepped up to make child marriage illegal. Colombia is one of these, with members of congress abolishing a law in November 2024 that allowed marriages from the age of 14. Importantly, the new bill they introduced also includes measures to restore the rights of children and adolescents affected by underage marriages and unions, with a special emphasis on supporting indigenous people and other vulnerable communities.\nA joint effort by authorities and society is required to eradicate this practice and guarantee the protection of girls' rights.\n“The effective implementation of this law shows a change in the social norms that perpetuate child marriage. A joint effort by authorities and society is required to eradicate 
... [truncated, total 11004 chars]
================================================================================

================================================================================
Article ID: WHO_565c8d71c3fa7b3c | Attempt: 4
Error: Cannot extract valid JSON from response: line 1 column 1 (char 0)
Raw response (10910 chars):
{
"id": "WHO_565c8d71c3fa7b3c",
"date_iso": "2025-04-23T00:00:00",
"full_text": "Progress and insights from Colombia\nEvery year, an estimated 21 million girls aged 15–19 years in low- and middle-income countries become pregnant. Adolescent pregnancy leads to higher risks of maternal and infant mortality, a greater chance of mental health problems, and constraints for educational and economic prospects, which contributes to cycles of poverty and inequality that can span across generations\nIn many parts of the world, adolescents lack access to the information and resources necessary to make informed decisions about their sexual and reproductive health (SRH). This leaves them vulnerable to unintended pregnancies; child marriage further fuels the risk.\nThe World Health Organization (WHO) recently released an updated guideline for preventing early pregnancy and poor reproductive outcomes among adolescents in low- and middle-income countries, providing evidence-based normative guidance in two key areas: preventing child marriage and improving adolescents’ access to contraception. The recommendations highlight the importance of enabling laws and policies and education to achieve these goals.\nThe power of policy\nMany countries around the world have recently stepped up to make child marriage illegal. Colombia is one of these, with members of congress abolishing a law in November 2024 that allowed marriages from the age of 14. Importantly, the new bill they introduced also includes measures to restore the rights of children and adolescents affected by underage marriages and unions, with a special emphasis on supporting indigenous people and other vulnerable communities.\nA joint effort by authorities and society is required to eradicate this practice and guarantee the protection of girls' rights.\n“The effective implementation of this law shows a change in the social norms that perpetuate child marriage. A joint effort by authorities and society is required to eradicate 
... [truncated, total 10910 chars]
================================================================================

================================================================================
Article ID: WHO_565c8d71c3fa7b3c | Attempt: 5
Error: Cannot extract valid JSON from response: line 1 column 1 (char 0)
Raw response (10691 chars):
{
"id": "WHO_565c8d71c3fa7b3c",
"date_iso": "2025-04-23T00:00:00",
"full_text": "Progress and insights from Colombia\nEvery year, an estimated 21 million girls aged 15–19 years in low- and middle-income countries become pregnant. Adolescent pregnancy leads to higher risks of maternal and infant mortality, a greater chance of mental health problems, and constraints for educational and economic prospects, which contributes to cycles of poverty and inequality that can span across generations\nIn many parts of the world, adolescents lack access to the information and resources necessary to make informed decisions about their sexual and reproductive health (SRH). This leaves them vulnerable to unintended pregnancies; child marriage further fuels the risk.\nThe World Health Organization (WHO) recently released an updated guideline for preventing early pregnancy and poor reproductive outcomes among adolescents in low- and middle-income countries, providing evidence-based normative guidance in two key areas: preventing child marriage and improving adolescents’ access to contraception. The recommendations highlight the importance of enabling laws and policies and education to achieve these goals.\nThe power of policy\nMany countries around the world have recently stepped up to make child marriage illegal. Colombia is one of these, with members of congress abolishing a law in November 2024 that allowed marriages from the age of 14. Importantly, the new bill they introduced also includes measures to restore the rights of children and adolescents affected by underage marriages and unions, with a special emphasis on supporting indigenous people and other vulnerable communities.\nA joint effort by authorities and society is required to eradicate this practice and guarantee the protection of girls' rights.\n“The effective implementation of this law shows a change in the social norms that perpetuate child marriage. A joint effort by authorities and society is required to eradicate 
... [truncated, total 10691 chars]
================================================================================

================================================================================
Article ID: WHO_6bfbeff1099f7271 | Attempt: 1
Error: Cannot extract valid JSON from response: line 1 column 1 (char 0)
Raw response (11346 chars):
{
"id": "WHO_6bfbeff1099f7271",
"date_iso": "2025-04-16T00:00:00",
"full_text": "Proposal to be submitted to World Health Assembly in May for consideration\nAfter more than three years of intensive negotiations, WHO Member States took a major step forward in efforts to make the world safer from pandemics, by forging a draft agreement for consideration at the upcoming World Health Assembly in May. The proposal aims to strengthen global collaboration on prevention, preparedness and response to future pandemic threats.\nIn December 2021 , at the height of the COVID-19 pandemic, WHO Member States established the Intergovernmental Negotiating Body (INB) to draft and negotiate a convention, agreement or other international instrument, under the WHO Constitution, to strengthen pandemic prevention, preparedness and response.\nFollowing 13 formal rounds of meetings, nine of which were extended, and many informal and intersessional negotiations on various aspects of the draft agreement, the INB today finalized a proposal for the WHO Pandemic Agreement. The outcome of the INB’s work will now be presented to the Seventy-eighth World Health Assembly for its consideration.\n\"The nations of the world made history in Geneva today,\" said Dr Tedros Adhanom Ghebreyesus, WHO Director-General. \"In reaching consensus on the Pandemic Agreement, not only did they put in place a generational accord to make the world safer, they have also demonstrated that multilateralism is alive and well, and that in our divided world, nations can still work together to find common ground, and a shared response to shared threats. I thank WHO's Member States, and their negotiating teams, for their foresight, commitment and tireless work. We look forward to the World Health Assembly's consideration of the agreement and – we hope – its adoption.\"\nProposals within the text developed by the INB include establishing a pathogen access and benefit sharing system; taking concrete measures on pandemic preventio
... [truncated, total 11346 chars]
================================================================================

================================================================================
Article ID: WHO_6bfbeff1099f7271 | Attempt: 2
Error: Cannot extract valid JSON from response: line 1 column 1 (char 0)
Raw response (10576 chars):
{
"id": "WHO_6bfbeff1099f7271",
"date_iso": "2025-04-16T00:00:00",
"full_text": "Proposal to be submitted to World Health Assembly in May for consideration\nAfter more than three years of intensive negotiations, WHO Member States took a major step forward in efforts to make the world safer from pandemics, by forging a draft agreement for consideration at the upcoming World Health Assembly in May. The proposal aims to strengthen global collaboration on prevention, preparedness and response to future pandemic threats.\nIn December 2021 , at the height of the COVID-19 pandemic, WHO Member States established the Intergovernmental Negotiating Body (INB) to draft and negotiate a convention, agreement or other international instrument, under the WHO Constitution, to strengthen pandemic prevention, preparedness and response.\nFollowing 13 formal rounds of meetings, nine of which were extended, and many informal and intersessional negotiations on various aspects of the draft agreement, the INB today finalized a proposal for the WHO Pandemic Agreement. The outcome of the INB’s work will now be presented to the Seventy-eighth World Health Assembly for its consideration.\n\"The nations of the world made history in Geneva today,\" said Dr Tedros Adhanom Ghebreyesus, WHO Director-General. \"In reaching consensus on the Pandemic Agreement, not only did they put in place a generational accord to make the world safer, they have also demonstrated that multilateralism is alive and well, and that in our divided world, nations can still work together to find common ground, and a shared response to shared threats. I thank WHO's Member States, and their negotiating teams, for their foresight, commitment and tireless work. We look forward to the World Health Assembly's consideration of the agreement and – we hope – its adoption.\"\nProposals within the text developed by the INB include establishing a pathogen access and benefit sharing system; taking concrete measures on pandemic preventio
... [truncated, total 10576 chars]
================================================================================

================================================================================
Article ID: WHO_8f6d5c69d70ba238 | Attempt: 1
Error: Cannot extract valid JSON from response: line 1 column 1 (char 0)
Raw response (10232 chars):
{
"id": "WHO_8f6d5c69d70ba238",
"date_iso": "2025-04-15T00:00:00",
"full_text": "The World Health Organization (WHO) today released its Consolidated guidelines on tuberculosis (TB)- Module 4: treatment and care , consolidating all previous guidelines into a single comprehensive document and introducing significant improvements in treatment options for people with multidrug-resistant or rifampicin-resistant tuberculosis (MDR/RR-TB). A key update in the drug-resistant TB treatment chapter includes a new recommendation for a novel, all-oral, 6-month regimen – BDLLfxC – for the treatment of MDR/RR-TB, with or without additional resistance to fluoroquinolones (pre-XDR-TB). Additionally, modified 9-month regimens are also recommended for the treatment of MDR/RR-TB, where fluoroquinolones resistance is excluded. “Drug-resistant TB is a major driver of the global antimicrobial resistance crisis and poses a serious threat to global health security,” said Dr Tereza Kasaeva, Director of WHO’s Global Programme on TB and Lung Health. “We call on national programmes, technical partners, donors, civil society and all stakeholders to unite in implementing these new guidelines. Every person affected by drug-resistant TB deserves access to the most effective treatment options, no matter where they live, so they can be cured and return swiftly to a healthy, productive life.” These new recommendations are based on recent clinical trials, including the BEAT-Tuberculosis Trial (South Africa, NCT04062201 ), and endTB Clinical Trial (NCT02754765), which provided evidence supporting the WHO review. To support countries in responding to the challenges of TB and drug-resistant TB, including extensively drug-resistant TB (XDR-TB) and pre-XDR-TB, WHO regularly issues evidence-based guidelines The WHO consolidated guidelines on tuberculosis, Module 4: treatment and care bring together recommendations on drug-susceptible tuberculosis, drug-resistant tuberculosis and patient care. These guidelines
... [truncated, total 10232 chars]
================================================================================

================================================================================
Article ID: WHO_89ac00dbd4d3f39c | Attempt: 1
Error: Cannot extract valid JSON from response: line 1 column 1 (char 0)
Raw response (8721 chars):
{
"id": "WHO_89ac00dbd4d3f39c",
"date_iso": "2025-04-16T00:00:00",
"full_text": "In February 2025, the co-chairs of mental health and psychosocial support (MHPSS) Technical Working Groups (TWGs) from humanitarian emergencies around the world gathered in Ethiopia for a global meeting to strengthen interagency coordination and share country-level experiences.\nHosted by WHO Ethiopia and convened by the IASC MHPSS Reference Group, the meeting brought together 40 MHPSS leaders from 29 emergency settings, including Bangladesh, Burkina Faso, Central African Republic, Colombia, Democratic Republic of the Congo, Lebanon, Mali, Mozambique, Nepal, Niger, and the occupied Palestinian territories.\nThe four-day strategic forum provided an opportunity for participants to exchange practical approaches to coordination, identify common challenges, and explore solutions to strengthen MHPSS service delivery in crisis settings. It also reinforced the importance of country-led leadership, peer learning, and interagency collaboration in advancing the MHPSS agenda in emergencies. The IASC MHPSS Reference Group serves as a global platform and is the highest level of humanitarian coordination in MHPSS. It is co-chaired by WHO and IFRC and comprises 65 member organizations, including NGOs, UN agencies, international agencies, and academics.\nThis was this was the second meeting of its kind organized by the Reference Group, following the first held in Ukraine in 2019. The wide geographic representation and diversity of agency and sectors contributed to productive discussions and exchanges. Participants rated the meeting highly, highlighting the value of the interactive sessions, peer learning opportunities, and combination of theoretical learning, real-world case study exercises to practice skills, and one-on-one consultation clinics with global and country-level technical experts.\nIn the same week, an MHPSS global-national forum was organized to capitalize on the presence of international 
... [truncated, total 8721 chars]
================================================================================

================================================================================
Article ID: WHO_89ac00dbd4d3f39c | Attempt: 2
Error: Cannot extract valid JSON from response: line 1 column 1 (char 0)
Raw response (9281 chars):
{
"id": "WHO_89ac00dbd4d3f39c",
"date_iso": "2025-04-16T00:00:00",
"full_text": "In February 2025, the co-chairs of mental health and psychosocial support (MHPSS) Technical Working Groups (TWGs) from humanitarian emergencies around the world gathered in Ethiopia for a global meeting to strengthen interagency coordination and share country-level experiences.\nHosted by WHO Ethiopia and convened by the IASC MHPSS Reference Group, the meeting brought together 40 MHPSS leaders from 29 emergency settings, including Bangladesh, Burkina Faso, Central African Republic, Colombia, Democratic Republic of the Congo, Lebanon, Mali, Mozambique, Nepal, Niger, and the occupied Palestinian territories.\nThe four-day strategic forum provided an opportunity for participants to exchange practical approaches to coordination, identify common challenges, and explore solutions to strengthen MHPSS service delivery in crisis settings. It also reinforced the importance of country-led leadership, peer learning, and interagency collaboration in advancing the MHPSS agenda in emergencies. The IASC MHPSS Reference Group serves as a global platform and is the highest level of humanitarian coordination in MHPSS. It is co-chaired by WHO and IFRC and comprises 65 member organizations, including NGOs, UN agencies, international agencies, and academics.\nThis was this was the second meeting of its kind organized by the Reference Group, following the first held in Ukraine in 2019. The wide geographic representation and diversity of agency and sectors contributed to productive discussions and exchanges. Participants rated the meeting highly, highlighting the value of the interactive sessions, peer learning opportunities, and combination of theoretical learning, real-world case study exercises to practice skills, and one-on-one consultation clinics with global and country-level technical experts.\nIn the same week, an MHPSS global-national forum was organized to capitalize on the presence of international 
... [truncated, total 9281 chars]
================================================================================

================================================================================
Article ID: WHO_89ac00dbd4d3f39c | Attempt: 3
Error: Cannot extract valid JSON from response: line 1 column 1 (char 0)
Raw response (9018 chars):
{
"id": "WHO_89ac00dbd4d3f39c",
"date_iso": "2025-04-16T00:00:00",
"full_text": "In February 2025, the co-chairs of mental health and psychosocial support (MHPSS) Technical Working Groups (TWGs) from humanitarian emergencies around the world gathered in Ethiopia for a global meeting to strengthen interagency coordination and share country-level experiences.\nHosted by WHO Ethiopia and convened by the IASC MHPSS Reference Group, the meeting brought together 40 MHPSS leaders from 29 emergency settings, including Bangladesh, Burkina Faso, Central African Republic, Colombia, Democratic Republic of the Congo, Lebanon, Mali, Mozambique, Nepal, Niger, and the occupied Palestinian territories.\nThe four-day strategic forum provided an opportunity for participants to exchange practical approaches to coordination, identify common challenges, and explore solutions to strengthen MHPSS service delivery in crisis settings. It also reinforced the importance of country-led leadership, peer learning, and interagency collaboration in advancing the MHPSS agenda in emergencies. The IASC MHPSS Reference Group serves as a global platform and is the highest level of humanitarian coordination in MHPSS. It is co-chaired by WHO and IFRC and comprises 65 member organizations, including NGOs, UN agencies, international agencies, and academics.\nThis was this was the second meeting of its kind organized by the Reference Group, following the first held in Ukraine in 2019. The wide geographic representation and diversity of agency and sectors contributed to productive discussions and exchanges. Participants rated the meeting highly, highlighting the value of the interactive sessions, peer learning opportunities, and combination of theoretical learning, real-world case study exercises to practice skills, and one-on-one consultation clinics with global and country-level technical experts.\nIn the same week, an MHPSS global-national forum was organized to capitalize on the presence of international 
... [truncated, total 9018 chars]
================================================================================

================================================================================
Article ID: WHO_89ac00dbd4d3f39c | Attempt: 4
Error: Cannot extract valid JSON from response: line 1 column 1 (char 0)
Raw response (8624 chars):
{
"id": "WHO_89ac00dbd4d3f39c",
"date_iso": "2025-04-16T00:00:00",
"full_text": "In February 2025, the co-chairs of mental health and psychosocial support (MHPSS) Technical Working Groups (TWGs) from humanitarian emergencies around the world gathered in Ethiopia for a global meeting to strengthen interagency coordination and share country-level experiences.\nHosted by WHO Ethiopia and convened by the IASC MHPSS Reference Group, the meeting brought together 40 MHPSS leaders from 29 emergency settings, including Bangladesh, Burkina Faso, Central African Republic, Colombia, Democratic Republic of the Congo, Lebanon, Mali, Mozambique, Nepal, Niger, and the occupied Palestinian territories.\nThe four-day strategic forum provided an opportunity for participants to exchange practical approaches to coordination, identify common challenges, and explore solutions to strengthen MHPSS service delivery in crisis settings. It also reinforced the importance of country-led leadership, peer learning, and interagency collaboration in advancing the MHPSS agenda in emergencies. The IASC MHPSS Reference Group serves as a global platform and is the highest level of humanitarian coordination in MHPSS. It is co-chaired by WHO and IFRC and comprises 65 member organizations, including NGOs, UN agencies, international agencies, and academics.\nThis was this was the second meeting of its kind organized by the Reference Group, following the first held in Ukraine in 2019. The wide geographic representation and diversity of agency and sectors contributed to productive discussions and exchanges. Participants rated the meeting highly, highlighting the value of the interactive sessions, peer learning opportunities, and combination of theoretical learning, real-world case study exercises to practice skills, and one-on-one consultation clinics with global and country-level technical experts.\nIn the same week, an MHPSS global-national forum was organized to capitalize on the presence of international 
... [truncated, total 8624 chars]
================================================================================

================================================================================
Article ID: WHO_89ac00dbd4d3f39c | Attempt: 5
Error: Cannot extract valid JSON from response: line 1 column 1 (char 0)
Raw response (9144 chars):
{
"id": "WHO_89ac00dbd4d3f39c",
"date_iso": "2025-04-16T00:00:00",
"full_text": "In February 2025, the co-chairs of mental health and psychosocial support (MHPSS) Technical Working Groups (TWGs) from humanitarian emergencies around the world gathered in Ethiopia for a global meeting to strengthen interagency coordination and share country-level experiences.\nHosted by WHO Ethiopia and convened by the IASC MHPSS Reference Group, the meeting brought together 40 MHPSS leaders from 29 emergency settings, including Bangladesh, Burkina Faso, Central African Republic, Colombia, Democratic Republic of the Congo, Lebanon, Mali, Mozambique, Nepal, Niger, and the occupied Palestinian territories.\nThe four-day strategic forum provided an opportunity for participants to exchange practical approaches to coordination, identify common challenges, and explore solutions to strengthen MHPSS service delivery in crisis settings. It also reinforced the importance of country-led leadership, peer learning, and interagency collaboration in advancing the MHPSS agenda in emergencies. The IASC MHPSS Reference Group serves as a global platform and is the highest level of humanitarian coordination in MHPSS. It is co-chaired by WHO and IFRC and comprises 65 member organizations, including NGOs, UN agencies, international agencies, and academics.\nThis was this was the second meeting of its kind organized by the Reference Group, following the first held in Ukraine in 2019. The wide geographic representation and diversity of agency and sectors contributed to productive discussions and exchanges. Participants rated the meeting highly, highlighting the value of the interactive sessions, peer learning opportunities, and combination of theoretical learning, real-world case study exercises to practice skills, and one-on-one consultation clinics with global and country-level technical experts.\nIn the same week, an MHPSS global-national forum was organized to capitalize on the presence of international 
... [truncated, total 9144 chars]
================================================================================

================================================================================
Article ID: WHO_93c4e035e7464222 | Attempt: 1
Error: Cannot extract valid JSON from response: line 1 column 1 (char 0)
Raw response (10498 chars):
{
"id": "WHO_93c4e035e7464222",
"date_iso": "2025-04-11T00:00:00",
"full_text": "Since 2000, investments in the global malaria response have prevented more than 2 billion cases and nearly 13 million deaths. Yet efforts to control and eliminate malaria are in jeopardy as communities and programmes face the fallout of recent funding cuts.\nMalaria is preventable and curable – but without prompt diagnosis and treatment, it can rapidly escalate to severe illness and death, particularly among young children and pregnant women. In 2023 alone, malaria claimed nearly 600 000 lives, with an estimated 95% of these deaths occurring in the WHO African Region .\nThe 2025 funding cuts to malaria programmes put millions of additional lives at risk and could reverse decades of progress earned, in part, through longstanding investments from the United States of America and other global partners. ​ Between 2010 and 2023, the USA contributed an average of 37% of global malaria financing through both bilateral and multilateral channels.\nThe recent experience of the COVID-19 pandemic showed that sudden interruptions to malaria service delivery can be deadly. In 2020, COVID-related disruptions to the provision of malaria prevention, diagnosis and treatment led to an estimated 14 million more malaria cases and an additional 47 000 deaths.\n“History has shown us what happens if we let down our guard against malaria,” cautions Dr Daniel Ngamije, Director of the WHO Global Malaria Programme. “In 1969, the global eradication effort was abandoned, triggering a resurgence in cases and deaths. It took nearly 30 years for world leaders to come together and restore momentum.”\nAlthough funding for some USA-supported malaria programmes has been reinstated, the disruptions have left critical gaps. Without the rapid delivery of prevention and treatment services to at-risk populations, the consequences could be fatal.\nFindings of a rapid WHO stock take assessment\nThe impact is being felt across the
... [truncated, total 10498 chars]
================================================================================

================================================================================
Article ID: WHO_eabaabe9f7e89b76 | Attempt: 1
Error: Cannot extract valid JSON from response: line 1 column 1 (char 0)
Raw response (36198 chars):
{
"id": "WHO_eabaabe9f7e89b76",
"date_iso": "2025-04-10T00:00:00",
"full_text": "The 41 st meeting of the Emergency Committee under the International Health Regulations (2005) (IHR) on the international spread of poliovirus was convened by the WHO Director-General on 6 March 2025 with committee members and advisers meeting via video conference with affected countries, supported by the WHO Secretariat. The Emergency Committee reviewed the data on wild poliovirus (WPV1) and circulating vaccine derived polioviruses (cVDPV) in the context of the global target of interruption and certification of WPV1 eradication by 2027 and interruption and certification of cVDPV2 elimination by 2029. Technical updates were received about the situation in the following countries: Afghanistan, Algeria, Chad, Democratic Republic of the Congo (DR Congo), Djibouti, Ethiopia, Germany, Pakistan, Poland and the United Kingdom of Great Britain and Northern Ireland.\nWild poliovirus\nSince the last Emergency Committee meeting, 36 new WPV1 cases were reported, three from Afghanistan and 33 from Pakistan bringing the total to 99 WPV1 cases in 2024 and three in 2025. This represents more than four-fold increase in Afghanistan and more than 12-fold increase in Pakistan in the number of WPV1 cases from 2023 to 2024. A total of 741 WPV1 positive environmental samples were reported in 2024, 113 from Afghanistan and 628 from Pakistan. In 2025, 80 WPV1-positive environmental samples have been reported, 9 from Afghanistan and 71 from Pakistan.\nThe upward trend in WPV1 cases and environmental detections has persisted in both endemic countries throughout 2024. In Pakistan, this increase has been evident since mid-2023, initially in environmental samples and later in paralytic polio cases, primarily in Khyber Pakhtunkhwa (KP), Sindh, and Balochistan. In Afghanistan, the rise in WPV1 detections, both in environmental samples and cases during 2024 has been predominantly in the South Region. The Committee note
... [truncated, total 36198 chars]
================================================================================

================================================================================
Article ID: WHO_eabaabe9f7e89b76 | Attempt: 2
Error: Cannot extract valid JSON from response: line 1 column 1 (char 0)
Raw response (36276 chars):
{
"id": "WHO_eabaabe9f7e89b76",
"date_iso": "2025-04-10T00:00:00",
"full_text": "The 41 st meeting of the Emergency Committee under the International Health Regulations (2005) (IHR) on the international spread of poliovirus was convened by the WHO Director-General on 6 March 2025 with committee members and advisers meeting via video conference with affected countries, supported by the WHO Secretariat. The Emergency Committee reviewed the data on wild poliovirus (WPV1) and circulating vaccine derived polioviruses (cVDPV) in the context of the global target of interruption and certification of WPV1 eradication by 2027 and interruption and certification of cVDPV2 elimination by 2029. Technical updates were received about the situation in the following countries: Afghanistan, Algeria, Chad, Democratic Republic of the Congo (DR Congo), Djibouti, Ethiopia, Germany, Pakistan, Poland and the United Kingdom of Great Britain and Northern Ireland.\nWild poliovirus\nSince the last Emergency Committee meeting, 36 new WPV1 cases were reported, three from Afghanistan and 33 from Pakistan bringing the total to 99 WPV1 cases in 2024 and three in 2025. This represents more than four-fold increase in Afghanistan and more than 12-fold increase in Pakistan in the number of WPV1 cases from 2023 to 2024. A total of 741 WPV1 positive environmental samples were reported in 2024, 113 from Afghanistan and 628 from Pakistan. In 2025, 80 WPV1-positive environmental samples have been reported, 9 from Afghanistan and 71 from Pakistan.\nThe upward trend in WPV1 cases and environmental detections has persisted in both endemic countries throughout 2024. In Pakistan, this increase has been evident since mid-2023, initially in environmental samples and later in paralytic polio cases, primarily in Khyber Pakhtunkhwa (KP), Sindh, and Balochistan. In Afghanistan, the rise in WPV1 detections, both in environmental samples and cases during 2024 has been predominantly in the South Region. The Committee note
... [truncated, total 36276 chars]
================================================================================

================================================================================
Article ID: WHO_eabaabe9f7e89b76 | Attempt: 3
Error: Cannot extract valid JSON from response: line 1 column 1 (char 0)
Raw response (36079 chars):
{
"id": "WHO_eabaabe9f7e89b76",
"date_iso": "2025-04-10T00:00:00",
"full_text": "The 41 st meeting of the Emergency Committee under the International Health Regulations (2005) (IHR) on the international spread of poliovirus was convened by the WHO Director-General on 6 March 2025 with committee members and advisers meeting via video conference with affected countries, supported by the WHO Secretariat. The Emergency Committee reviewed the data on wild poliovirus (WPV1) and circulating vaccine derived polioviruses (cVDPV) in the context of the global target of interruption and certification of WPV1 eradication by 2027 and interruption and certification of cVDPV2 elimination by 2029. Technical updates were received about the situation in the following countries: Afghanistan, Algeria, Chad, Democratic Republic of the Congo (DR Congo), Djibouti, Ethiopia, Germany, Pakistan, Poland and the United Kingdom of Great Britain and Northern Ireland.\nWild poliovirus\nSince the last Emergency Committee meeting, 36 new WPV1 cases were reported, three from Afghanistan and 33 from Pakistan bringing the total to 99 WPV1 cases in 2024 and three in 2025. This represents more than four-fold increase in Afghanistan and more than 12-fold increase in Pakistan in the number of WPV1 cases from 2023 to 2024. A total of 741 WPV1 positive environmental samples were reported in 2024, 113 from Afghanistan and 628 from Pakistan. In 2025, 80 WPV1-positive environmental samples have been reported, 9 from Afghanistan and 71 from Pakistan.\nThe upward trend in WPV1 cases and environmental detections has persisted in both endemic countries throughout 2024. In Pakistan, this increase has been evident since mid-2023, initially in environmental samples and later in paralytic polio cases, primarily in Khyber Pakhtunkhwa (KP), Sindh, and Balochistan. In Afghanistan, the rise in WPV1 detections, both in environmental samples and cases during 2024 has been predominantly in the South Region. The Committee note
... [truncated, total 36079 chars]
================================================================================

================================================================================
Article ID: WHO_eabaabe9f7e89b76 | Attempt: 4
Error: Cannot extract valid JSON from response: line 1 column 1 (char 0)
Raw response (36319 chars):
{
"id": "WHO_eabaabe9f7e89b76",
"date_iso": "2025-04-10T00:00:00",
"full_text": "The 41 st meeting of the Emergency Committee under the International Health Regulations (2005) (IHR) on the international spread of poliovirus was convened by the WHO Director-General on 6 March 2025 with committee members and advisers meeting via video conference with affected countries, supported by the WHO Secretariat. The Emergency Committee reviewed the data on wild poliovirus (WPV1) and circulating vaccine derived polioviruses (cVDPV) in the context of the global target of interruption and certification of WPV1 eradication by 2027 and interruption and certification of cVDPV2 elimination by 2029. Technical updates were received about the situation in the following countries: Afghanistan, Algeria, Chad, Democratic Republic of the Congo (DR Congo), Djibouti, Ethiopia, Germany, Pakistan, Poland and the United Kingdom of Great Britain and Northern Ireland.\nWild poliovirus\nSince the last Emergency Committee meeting, 36 new WPV1 cases were reported, three from Afghanistan and 33 from Pakistan bringing the total to 99 WPV1 cases in 2024 and three in 2025. This represents more than four-fold increase in Afghanistan and more than 12-fold increase in Pakistan in the number of WPV1 cases from 2023 to 2024. A total of 741 WPV1 positive environmental samples were reported in 2024, 113 from Afghanistan and 628 from Pakistan. In 2025, 80 WPV1-positive environmental samples have been reported, 9 from Afghanistan and 71 from Pakistan.\nThe upward trend in WPV1 cases and environmental detections has persisted in both endemic countries throughout 2024. In Pakistan, this increase has been evident since mid-2023, initially in environmental samples and later in paralytic polio cases, primarily in Khyber Pakhtunkhwa (KP), Sindh, and Balochistan. In Afghanistan, the rise in WPV1 detections, both in environmental samples and cases during 2024 has been predominantly in the South Region. The Committee note
... [truncated, total 36319 chars]
================================================================================

================================================================================
Article ID: WHO_eabaabe9f7e89b76 | Attempt: 5
Error: Cannot extract valid JSON from response: line 1 column 1 (char 0)
Raw response (36359 chars):
{
"id": "WHO_eabaabe9f7e89b76",
"date_iso": "2025-04-10T00:00:00",
"full_text": "The 41 st meeting of the Emergency Committee under the International Health Regulations (2005) (IHR) on the international spread of poliovirus was convened by the WHO Director-General on 6 March 2025 with committee members and advisers meeting via video conference with affected countries, supported by the WHO Secretariat. The Emergency Committee reviewed the data on wild poliovirus (WPV1) and circulating vaccine derived polioviruses (cVDPV) in the context of the global target of interruption and certification of WPV1 eradication by 2027 and interruption and certification of cVDPV2 elimination by 2029. Technical updates were received about the situation in the following countries: Afghanistan, Algeria, Chad, Democratic Republic of the Congo (DR Congo), Djibouti, Ethiopia, Germany, Pakistan, Poland and the United Kingdom of Great Britain and Northern Ireland.\nWild poliovirus\nSince the last Emergency Committee meeting, 36 new WPV1 cases were reported, three from Afghanistan and 33 from Pakistan bringing the total to 99 WPV1 cases in 2024 and three in 2025. This represents more than four-fold increase in Afghanistan and more than 12-fold increase in Pakistan in the number of WPV1 cases from 2023 to 2024. A total of 741 WPV1 positive environmental samples were reported in 2024, 113 from Afghanistan and 628 from Pakistan. In 2025, 80 WPV1-positive environmental samples have been reported, 9 from Afghanistan and 71 from Pakistan.\nThe upward trend in WPV1 cases and environmental detections has persisted in both endemic countries throughout 2024. In Pakistan, this increase has been evident since mid-2023, initially in environmental samples and later in paralytic polio cases, primarily in Khyber Pakhtunkhwa (KP), Sindh, and Balochistan. In Afghanistan, the rise in WPV1 detections, both in environmental samples and cases during 2024 has been predominantly in the South Region. The Committee note
... [truncated, total 36359 chars]
================================================================================

================================================================================
Article ID: WHO_423ab30bcf9554b1 | Attempt: 1
Error: Cannot extract valid JSON from response: line 1 column 1 (char 0)
Raw response (8231 chars):
{
"id": "WHO_423ab30bcf9554b1",
"date_iso": "2025-04-10T00:00:00",
"full_text": "The World Health Organization (WHO) SPECS 2030 initiative envisions a world in which everyone who needs a refractive error intervention has access to quality, affordable and people-centred refractive error services and spectacles. The initiative has the mission to support Member States in achieving the 2030 target endorsed by the Seventy-fourth World Health Assembly on effective refractive error coverage.\nThe journey to integrate eye care into Assam's health system made significant progress during the SPECS 2030 strategic workshop. This event took place on November 21-22, 2024, in Guwahati, Assam, with WHO working alongside top government bodies to host it. Their primary goal was to develop a draft action plan for the “Assam Model” to implement SPECS 2030, integrating individual-focused eye care into the region's healthcare system. This effort aligns with the WHO's broader mission to achieve universal health coverage, focusing on expanding high-quality eye care services to less-served areas.\nThe event commenced with an opening session that featured top government officials, WHO representatives, and key stakeholders from the health, education, and social justice sectors. The Assamese edition of WHO TAP site (WHO’s online trainining in assistive products) and WHO Eyes app (a free mobile app designed to check near and distance visual acuity) going live marked a significant milestone, demonstrating a commitment to making information about eye care accessible to speakers of the Assamese language.\nTechnical talks followed, providing a global perspective on SPECS 2030 and its implementation in Southeast Asia. WHO officers, health organizations from the region, and key eye care entities shared their expertise on comprehensive eye care strategies and teamwork across different sectors. They emphasized the need to collaborate to deliver comprehensive, accessible, and sustainable eye care in Ass
... [truncated, total 8231 chars]
================================================================================

================================================================================
Article ID: WHO_48bcaca93365dfeb | Attempt: 1
Error: Cannot extract valid JSON from response: line 1 column 1 (char 0)
Raw response (7129 chars):
{
"id": "WHO_48bcaca93365dfeb",
"date_iso": "2025-04-09T00:00:00",
"full_text": "With support from WHO, the Global Sepsis Alliance (GSA) hosted its annual World Sepsis Congress on 8–9 April 2025 , continuing its mission to combat the global health threat of sepsis. Since its inception in 2016, this free online congress has become a vital platform for sharing knowledge and fostering collaborations among clinicians, scientists, policymakers and patient advocates.\nThis year's congress featured over 90 expert speakers, including leading clinicians, scientists, policymakers, sepsis survivors and representatives from patient advocacy groups. With more than 15 000 participants from over 180 countries, the event was a significant gathering dedicated to addressing the key issues surrounding sepsis.\nSeveral WHO staff members, including WHO Chief Scientist, Dr Jeremy Farrar; WHO Assistant Director-General for Access to Medicines and Health Products, Dr Yukiko Nakatani; and technical leads from various departments, were present at the congress. The WHO's involvement underscores the importance of global collaboration in the fight against sepsis.\nDuring the Congress, the delegates discussed issues such as integrated emergency, critical and operative care, research agenda for antimicrobial resistance and sepsis, potential of AI in the global sepsis response, and sepsis in emergencies and humanitarian crisis, among others. Dr Teri Reynolds, Unit Head for WHO Clinical Services and Systems, said, “The World Sepsis Congress gathers global stakeholders to share knowledge aimed at preventing death and disability from sepsis, with WHO emphasizing the importance of prevention and people-centred care pathways to improve early recognition and optimize health system navigation for timely care. We look forward to continued collaboration with the Global Sepsis Alliance, a key partner in our Acute Care Action Network.\nIn response to the growing global burden of sepsis, the WHO adopted Resol
... [truncated, total 7129 chars]
================================================================================

================================================================================
Article ID: WHO_3edef27b7a119d09 | Attempt: 1
Error: Cannot extract valid JSON from response: line 1 column 1 (char 0)
Raw response (6662 chars):
{
"id": "WHO_3edef27b7a119d09",
"date_iso": "2025-04-08T00:00:00",
"full_text": "The World Health Organization (WHO) has launched the National Essential Medicines Lists (nEMLs) repository, a centralized digital platform compiling 150 national essential medicines lists from six global regions. This comprehensive resource enhances access to critical health-care data, supporting policymakers, health-care professionals and researchers.\nDeveloped through extensive research, online searches and collaboration, the repository offers an up-to-date and robust collection of essential medicines lists spanning from 2005 to 2025. It reflects evolving health-care priorities, balancing medical necessity, affordability and accessibility.\nBeyond a static database, the nEMLs repository serves as a collaborative tool inviting contributions from Member States, WHO regional offices and researchers to ensure completeness and relevance. It serves as a foundation for evidence-based decision-making, medicine procurement, and health-care policy harmonization.\nThe launch of the National Essential Medicines Lists repository marks a significant step forward in global health-care collaboration,\" said Deus Mubangizi, WHO’s Director of the Health Products Policy and Standards Department. \"By providing a centralized and accessible platform, we are equipping policymakers, health-care professionals and researchers with the critical data needed to make informed decisions and foster equitable access to essential medicines worldwide.\nThe development of this database was supported by Dr Nav Persaud, from the Department of Family and Community Medicine at the University of Toronto and St. Michael’s Hospital in Toronto, Canada.\nBy the numbers: The repository includes 47 national lists from the WHO African Region, 18 from the Eastern Mediterranean, 31 from Europe, 22 from the Americas Region, 11 from Southeast Asia, and 21 from the Western Pacific Region.\nEach list reflects a nation's unique health-c
... [truncated, total 6662 chars]
================================================================================

================================================================================
Article ID: WHO_45f9d379aae6fd54 | Attempt: 1
Error: Cannot extract valid JSON from response: line 1 column 1 (char 0)
Raw response (11016 chars):
{
"id": "WHO_45f9d379aae6fd54",
"date_iso": "2025-04-03T00:00:00",
"full_text": "Anaemia remains a persistent public health issue. It affects an estimated 500 million women 15–49 years of age, including 37% of pregnant women and 30% of non-pregnant women (1) . Anaemia may range from mild to severe, causing symptoms like fatigue and shortness of breath, which reduce a person’s capacity for learning and physical work (2) . It also significantly increases the risk of maternal and newborn morbidity and mortality. During pregnancy, women with anaemia have a higher probability of pre-eclampsia and of prenatal depression. The newborn is more likely to be low birth weight, small-for-gestational age or stillborn. By preventing, diagnosing and managing anaemia, health and well-being is improved, contributing to improved economic growth and reduced gender inequalities, as anaemia affects twice as many women as men.\nDespite being a World Health Assembly Global Nutrition Target and an indicator of progress towards the Sustainable Development Goals, the prevalence of anaemia has not appreciably decreased over the past decade. The causes of anaemia are often complex, involving micronutrient deficiencies, infections, inflammation, chronic diseases and inherited red blood cell disorders. For adolescent girls and women, gynaecological and obstetric conditions also play a role. Interventions have focused on preventing and managing infections (e.g. malaria, soil transmitted helminths), and iron deficiency through the use of iron and folic acid supplementation. However, coverage has been low. Since 2020, the use of antenatal multiple micronutrient supplements that include iron and folic acid has been recommended by the World Health Organization (WHO) in the context of rigorous research, and research on the use of intravenous iron has shown promise in some settings.\nIn May 2023, WHO launched a Comprehensive framework for action to accelerate anaemia reduction , advocating for coordinat
... [truncated, total 11016 chars]
================================================================================

================================================================================
Article ID: WHO_45f9d379aae6fd54 | Attempt: 2
Error: Cannot extract valid JSON from response: line 1 column 1 (char 0)
Raw response (10271 chars):
{
"id": "WHO_45f9d379aae6fd54",
"date_iso": "2025-04-03T00:00:00",
"full_text": "Anaemia remains a persistent public health issue. It affects an estimated 500 million women 15–49 years of age, including 37% of pregnant women and 30% of non-pregnant women (1) . Anaemia may range from mild to severe, causing symptoms like fatigue and shortness of breath, which reduce a person’s capacity for learning and physical work (2) . It also significantly increases the risk of maternal and newborn morbidity and mortality. During pregnancy, women with anaemia have a higher probability of pre-eclampsia and of prenatal depression. The newborn is more likely to be low birth weight, small-for-gestational age or stillborn. By preventing, diagnosing and managing anaemia, health and well-being is improved, contributing to improved economic growth and reduced gender inequalities, as anaemia affects twice as many women as men.\nDespite being a World Health Assembly Global Nutrition Target and an indicator of progress towards the Sustainable Development Goals, the prevalence of anaemia has not appreciably decreased over the past decade. The causes of anaemia are often complex, involving micronutrient deficiencies, infections, inflammation, chronic diseases and inherited red blood cell disorders. For adolescent girls and women, gynaecological and obstetric conditions also play a role. Interventions have focused on preventing and managing infections (e.g. malaria, soil transmitted helminths), and iron deficiency through the use of iron and folic acid supplementation. However, coverage has been low. Since 2020, the use of antenatal multiple micronutrient supplements that include iron and folic acid has been recommended by the World Health Organization (WHO) in the context of rigorous research, and research on the use of intravenous iron has shown promise in some settings.\nIn May 2023, WHO launched a Comprehensive framework for action to accelerate anaemia reduction , advocating for coordinat
... [truncated, total 10271 chars]
================================================================================

================================================================================
Article ID: WHO_dd08cbcd05511105 | Attempt: 1
Error: Schema: Missing claims category: NOT_ENOUGH_INFO
Raw response (7907 chars):
{
"id": "WHO_dd08cbcd05511105",
"date_iso": "2025-03-31T00:00:00",
"full_text": "The WHO’s Strategic Advisory Group of Experts on Immunization (SAGE) raised alarms about mounting pressures threatening global vaccination efforts. At its 10–13 March meeting , SAGE highlighted both hard-won gains and looming risks, warning that funding cuts and shifting priorities are jeopardizing decades of progress. With countries still recovering from COVID-19, the diversion of resources away from public health—especially vaccination—could undo critical strides in child survival and disease prevention.\nVaccination remains one of the most cost-effective public health tools, but without sustained support, the gains achieved under the Immunization Agenda 2030 are at serious risk.\nGlobal Progress Meets Budget Cuts\nA report from WHO’s Department of Immunization, Vaccines, and Biologicals outlined major achievements and severe threats. While vaccines against HPV, malaria, and TB advance, many immunization programmes face reduced donor support and shrinking health budgets.\nMeasles control efforts are particularly under strain, with weakened surveillance and response capacities raising the risk of outbreaks. WHO reaffirmed its commitment to innovation, regional manufacturing, and partnerships to secure resilient immunization systems for the future.\nGavi’s Vision for the Future\nGavi previewed its 2026–2030 strategy (Gavi 6.0), focused on expanding new vaccines, strengthening national programmes, and reducing zero-dose children. Progress continues toward immunizing 86 million girls against HPV by 2025, with growing investments in malaria and polio vaccines.\nYet, Gavi also flagged vaccine supply constraints, especially amid the mpox emergency in Africa. Over 582,000 doses have been administered in DRC, underscoring the need for a sustainable vaccine stockpile.\nResurgence of Measles, Lagging Coverage\nRegional updates showed rising zero-dose children in many areas, despite HPV vaccine s
... [truncated, total 7907 chars]
================================================================================

================================================================================
Article ID: WHO_dd08cbcd05511105 | Attempt: 2
Error: Schema: Missing claims category: NOT_ENOUGH_INFO
Raw response (7816 chars):
{
"id": "WHO_dd08cbcd05511105",
"date_iso": "2025-03-31T00:00:00",
"full_text": "The WHO’s Strategic Advisory Group of Experts on Immunization (SAGE) raised alarms about mounting pressures threatening global vaccination efforts. At its 10–13 March meeting , SAGE highlighted both hard-won gains and looming risks, warning that funding cuts and shifting priorities are jeopardizing decades of progress. With countries still recovering from COVID-19, the diversion of resources away from public health—especially vaccination—could undo critical strides in child survival and disease prevention.\nVaccination remains one of the most cost-effective public health tools, but without sustained support, the gains achieved under the Immunization Agenda 2030 are at serious risk.\nGlobal Progress Meets Budget Cuts\nA report from WHO’s Department of Immunization, Vaccines, and Biologicals outlined major achievements and severe threats. While vaccines against HPV, malaria, and TB advance, many immunization programmes face reduced donor support and shrinking health budgets.\nMeasles control efforts are particularly under strain, with weakened surveillance and response capacities raising the risk of outbreaks. WHO reaffirmed its commitment to innovation, regional manufacturing, and partnerships to secure resilient immunization systems for the future.\nGavi’s Vision for the Future\nGavi previewed its 2026–2030 strategy (Gavi 6.0), focused on expanding new vaccines, strengthening national programmes, and reducing zero-dose children. Progress continues toward immunizing 86 million girls against HPV by 2025, with growing investments in malaria and polio vaccines.\nYet, Gavi also flagged vaccine supply constraints, especially amid the mpox emergency in Africa. Over 582,000 doses have been administered in DRC, underscoring the need for a sustainable vaccine stockpile.\nResurgence of Measles, Lagging Coverage\nRegional updates showed rising zero-dose children in many areas, despite HPV vaccine s
... [truncated, total 7816 chars]
================================================================================

================================================================================
Article ID: WHO_1d352d414a585700 | Attempt: 1
Error: Cannot extract valid JSON from response: line 1 column 1 (char 0)
Raw response (7894 chars):
{
"id": "WHO_1d352d414a585700",
"date_iso": "2025-03-26T00:00:00",
"full_text": "On 24 March 2025, the United Nations General Assembly (UNGA) adopted a resolution to extend United Nations Decade of Action on Nutrition (the Nutrition Decade) , originally from 2016–2025, to 2030. This extension aims to maintain the political momentum to end malnutrition in all its forms by 2030 at global, regional and national levels and to align its objectives with the 2030 Agenda for Sustainable Development.\nThe resolution also calls on the Food and Agriculture Organization of the United Nations (FAO) and the World Health Organization (WHO) to continue to lead and monitor the implementation of the Decade and to further strengthen efforts in advancing the global nutrition agenda.\n“The world is off track to end hunger and malnutrition by 2030 and all countries need to scale up implementation of national commitments and increase investments for nutrition. Therefore, the decision by the General Assembly to extend the Decade for Action on Nutrition is an important step and would be well supported by the alignment of the 6 World Health Assembly global nutrition targets to 2030. WHO remains committed to fully deliver its mandate in this crucial endeavour,” said Werner Obermeyer, Director of the WHO Office at the United Nations.\nEnding hunger and all forms of malnutrition is among the most urgent and pervasive development challenges. Most countries face multiple burdens of malnutrition and diet-related NCDs such as cardiovascular diseases, diabetes, cancer and obesity. The UN Decade of Action on Nutrition is a commitment by United Nations’ Member States to undertake sustained and coherent implementation of policies, programmes and increased investments to eliminate malnutrition in all its forms and in all countries, leaving no one behind.\nThe Decade of Action on Nutrition supports coordinated country action across six areas:\nsustainable, resilient food systems for healthy diets\naligne
... [truncated, total 7894 chars]
================================================================================

================================================================================
Article ID: WHO_3ca662d4c8e5cec1 | Attempt: 1
Error: Schema: Missing claims category: NOT_ENOUGH_INFO
Raw response (8504 chars):
{
"id": "WHO_3ca662d4c8e5cec1",
"date_iso": "2025-03-25T00:00:00",
"full_text": "The World Health Organization (WHO) today launched new guidance to help all countries reform and strengthen mental health policies and systems. Mental health services worldwide remain underfunded, with major gaps in access and quality. In some countries, up to 90% of people with severe mental health conditions receive no care at all, while many existing services rely on outdated institutional models that fail to meet international human rights standards.\nThe guidance provides a clear framework to transform mental health services in line with the latest evidence and international human rights standards, ensuring quality care is accessible to all.\n\"Despite rising demand, quality mental health services remain out of reach for many people,\" said Dr Tedros Adhanom Ghebreyesus, WHO Director-General. \"This new guidance gives all governments the tools to promote and protect mental health and build systems that serve everyone.”\nA blueprint for mental health care transformation\nWhile effective prevention and treatment interventions exist, most people living with mental health conditions do not have access to these. The new WHO guidance sets out concrete actions to help countries close these gaps and ensure mental health is promoted and protected, with a focus on:\nprotecting and upholding human rights, ensuring mental health policies and services are aligned with international human rights standards;\npromoting holistic care with an emphasis on lifestyle and physical health, psychological, social, and economic interventions;\naddressing social and economic factors that shape and affect mental health including employment, housing and education;\nimplementing prevention strategies and promote population-wide mental health and well-being; and\nensuring people with lived experience are empowered to participate in policy planning and design to ensure mental health policies and services are resp
... [truncated, total 8504 chars]
================================================================================

================================================================================
Article ID: WHO_4d5b314679f3dac8 | Attempt: 1
Error: Cannot extract valid JSON from response: line 1 column 1 (char 0)
Raw response (11895 chars):
{
"id": "WHO_4d5b314679f3dac8",
"date_iso": "2025-03-25T00:00:00",
"full_text": "Number of under-five deaths declined to 4.8 million in 2023, while stillbirths remained around 1.9 million, according to two new UN reports\nThe number of children dying globally before their fifth birthday declined to 4.8 million in 2023, while stillbirths declined modestly, still remaining around 1.9 million, according to two new reports released today by the United Nations Inter-agency Group for Child Mortality Estimation (UN IGME).\nSince 2000, child deaths have dropped by more than half and stillbirths by over a third, fuelled by sustained investments in child survival worldwide. In 2022, the world reached a historic milestone when child deaths dropped slightly below 5 million for the first time. However, progress has slowed and too many children are still being lost to preventable causes.\n\"Millions of children are alive today because of the global commitment to proven interventions, such as vaccines, nutrition, and access to safe water and basic sanitation,” said UNICEF Executive Director Catherine Russell. “Bringing preventable child deaths to a record low is a remarkable achievement. But without the right policy choices and adequate investment, we risk reversing these hard-earned gains, with millions more children dying from preventable causes. We cannot allow that to happen.”\nDecades of progress in child survival are now at risk as major donors have announced or indicated significant funding cuts to aid ahead. Reduced global funding for life-saving child survival programmes is causing health-care worker shortages, clinic closures, vaccination programme disruptions, and a lack of essential supplies, such as malaria treatments. These cuts are severely impacting regions in humanitarian crises, debt-stricken countries, and areas with already high child mortality rates. Global funding cuts could also undermine monitoring and tracking efforts, making it harder to reach the most vu
... [truncated, total 11895 chars]
================================================================================

================================================================================
Article ID: WHO_4a9143912d32fb82 | Attempt: 1
Error: Cannot extract valid JSON from response: line 1 column 1 (char 0)
Raw response (9031 chars):
{
"id": "WHO_4a9143912d32fb82",
"date_iso": "2025-03-25T00:00:00",
"full_text": "When Jayme-Lee Hanekom couldn’t speak anymore, she worried that her career might be over. She had built years of success as a musical theatre performer captivating audiences in shows such as Frozen, Charlie and the Chocolate Factory, and The Book of Mormon. Th en, in April 2022, her throat started to feel ticklish during warm-ups. It was a small sign, but it hinted at a problem that would test her understanding of both her abilities and her identity.\n“I felt like I needed to cough every time I sang,” Jayme-Lee recalls. “The effort I was putting in wasn’t matching the sound I was producing.”\nShe was able to access a speech pathologist who specializes in voice disorders – Debbie Phyland – through her theatre. The assessment showed inflammation of her vocal cord likely caused by fatigue and acid reflux from excessive gum chewing for her role as Violet Beauregarde in Charlie and the Chocolate Factory. The management options were progressively more serious: complete vocal rest or referral to an ear, nose and throat specialist for steroid injections, or surgery. Jayme-Lee chose the rest option first and stayed silent (except for short periods of 5 minutes) for two weeks. Despite sticking with the regime, the symptoms persisted, and further investigation from an ear, nose and throat specialist confirmed the presence of a polyp on her left vocal cord. For a singer, the mere mention of vocal surgery is terrifying. “My brain immediately went to ‘no, no, no’,” she admits. But when rest and steroids failed, surgery became inevitable. “I cried and cried,” she says. “But I trusted my speech therapist, Debbie, and knew I had no other choice.”\nJayme-Lee underwent surgery in July 2022. The rehabilitation process was gruelling. For five days, she was completely silent, relying on a whiteboard and text messages to communicate. Then came weeks of careful vocal exercises, steaming, and nebulizing to rein
... [truncated, total 9031 chars]
================================================================================

================================================================================
Article ID: WHO_1d9f78f4516cf8a5 | Attempt: 1
Error: Cannot extract valid JSON from response: line 1 column 1 (char 0)
Raw response (14493 chars):
{
"id": "WHO_1d9f78f4516cf8a5",
"date_iso": "2025-03-18T00:00:00",
"full_text": "Organizers: Commonwealth Secretariat\nBaroness Patricia Scotland, my dear sister,\nExcellencies, honourable delegates and guests,\nIt’s a great honour to be here. Thank you, Baroness Scotland, for the invitation, and for your leadership and partnership over the last several years.\nThank you also for hosting today’s event, and especially for your leadership on this very important issue.\nWHO welcomes the Roadmap for Cancer Control, and we congratulate The Lancet Oncology Commission on Cancer in the Commonwealth for its work. I thank the Chair, my friend Rifat, and the co-chairs and all commissioners for a job well done.\nAlthough he is not with us today, I would also like to thank The Lancet’s Editor-in-Chief Richard Horton for his support for the Commission.\nIn 2019, Richard addressed the World Health Assembly, and spoke powerfully about his own journey with cancer.\nLikewise, although Her Royal Highness Catherine, Princess of Wales could not be with us today, the way she and His Majesty the King have shared their own cancer stories with the world has been a source of inspiration, hope and courage to many.\nIt’s a reminder that cancer does not discriminate. It affects people in all countries and walks of life.\nIt is one of the greatest threats to human health and prosperity.\nCancer is the second-leading cause of death globally, accounting for an estimated 9.6 million deaths – more than the population of London – every single year.\nBetween now and 2050, cancer is estimated to cost the global economy more than US$ 25 trillion in treatment costs and lost productivity — which is equivalent to an annual tax of 0.55% on global GDP.\nBut cancer’s economic toll pales in comparison to its human toll – the impact it has on the people it strikes, their loved ones, families, friends and others.\nTheir suffering is the only reason we need for comprehensive action.\nEvery hour, 280 children lose
... [truncated, total 14493 chars]
================================================================================

================================================================================
Article ID: WHO_1d9f78f4516cf8a5 | Attempt: 2
Error: Cannot extract valid JSON from response: line 1 column 1 (char 0)
Raw response (14628 chars):
{
"id": "WHO_1d9f78f4516cf8a5",
"date_iso": "2025-03-18T00:00:00",
"full_text": "Organizers: Commonwealth Secretariat\nBaroness Patricia Scotland, my dear sister,\nExcellencies, honourable delegates and guests,\nIt’s a great honour to be here. Thank you, Baroness Scotland, for the invitation, and for your leadership and partnership over the last several years.\nThank you also for hosting today’s event, and especially for your leadership on this very important issue.\nWHO welcomes the Roadmap for Cancer Control, and we congratulate The Lancet Oncology Commission on Cancer in the Commonwealth for its work. I thank the Chair, my friend Rifat, and the co-chairs and all commissioners for a job well done.\nAlthough he is not with us today, I would also like to thank The Lancet’s Editor-in-Chief Richard Horton for his support for the Commission.\nIn 2019, Richard addressed the World Health Assembly, and spoke powerfully about his own journey with cancer.\nLikewise, although Her Royal Highness Catherine, Princess of Wales could not be with us today, the way she and His Majesty the King have shared their own cancer stories with the world has been a source of inspiration, hope and courage to many.\nIt’s a reminder that cancer does not discriminate. It affects people in all countries and walks of life.\nIt is one of the greatest threats to human health and prosperity.\nCancer is the second-leading cause of death globally, accounting for an estimated 9.6 million deaths – more than the population of London – every single year.\nBetween now and 2050, cancer is estimated to cost the global economy more than US$ 25 trillion in treatment costs and lost productivity — which is equivalent to an annual tax of 0.55% on global GDP.\nBut cancer’s economic toll pales in comparison to its human toll – the impact it has on the people it strikes, their loved ones, families, friends and others.\nTheir suffering is the only reason we need for comprehensive action.\nEvery hour, 280 children lose
... [truncated, total 14628 chars]
================================================================================

================================================================================
Article ID: WHO_5faabfe3b964d717 | Attempt: 1
Error: Cannot extract valid JSON from response: line 1 column 1 (char 0)
Raw response (28961 chars):
{
"id": "WHO_5faabfe3b964d717",
"date_iso": "2025-03-17T00:00:00",
"full_text": "The Director-General of the World Health Organization (WHO) is hereby transmitting the report of the third meeting of the International Health Regulations (2005) (IHR) Emergency Committee (Committee) regarding the upsurge of mpox 2024 , held on Tuesday, 25 February 2025, from 12:00 to 17:00 CET.\nConcurring with the advice unanimously expressed by the Committee during the meeting, the WHO Director-General determined that the upsurge of mpox 2024 continues to meet the criteria of a public health emergency of international concern (PHEIC) and, accordingly, on 27 February 2025, issued temporary recommendations to States Parties.\nThe WHO Director-General expresses his most sincere gratitude to the Chair, Members, and Advisors of the Committee.\nProceedings of the meeting\nSixteen (16) Members of, and two Advisors to, the International Health Regulations (2005) (IHR) Emergency Committee (Committee) were convened by teleconference, via Zoom, on Tuesday, 25 February 2025, from 12:00 to 17:00 CET. Fourteen (14) of the 16 Committee Members, and one of the two Advisors to the Committee participated in the meeting.\nOn behalf of the Director-General of the World Health Organization (WHO), the Deputy Director-General welcomed Members of and Advisors to the Committee, as well as Government Officials designated to present their views to the Committee on behalf of the ten invited States Parties – Burundi, Canada, China, the Democratic Republic of the Congo (DRC), Nepal, Nigeria, Sierra Leone, Uganda, United Arab Emirates and United Kingdom of Great Britain and Northern Ireland (United Kingdom).\nIn his opening remarks, the WHO Deputy Director-General recalled that, on 14 August 2024, the upsurge of mpox was determined to constitute a public health emergency of international concern (PHEIC). He noted that, over the three years from 1 January 2022 through 31 January 2025, almost 130 000 confirmed cases
... [truncated, total 28961 chars]
================================================================================

================================================================================
Article ID: WHO_5faabfe3b964d717 | Attempt: 2
Error: Cannot extract valid JSON from response: line 1 column 1 (char 0)
Raw response (26945 chars):
{
"id": "WHO_5faabfe3b964d717",
"date_iso": "2025-03-17T00:00:00",
"full_text": "The Director-General of the World Health Organization (WHO) is hereby transmitting the report of the third meeting of the International Health Regulations (2005) (IHR) Emergency Committee (Committee) regarding the upsurge of mpox 2024 , held on Tuesday, 25 February 2025, from 12:00 to 17:00 CET.\nConcurring with the advice unanimously expressed by the Committee during the meeting, the WHO Director-General determined that the upsurge of mpox 2024 continues to meet the criteria of a public health emergency of international concern (PHEIC) and, accordingly, on 27 February 2025, issued temporary recommendations to States Parties.\nThe WHO Director-General expresses his most sincere gratitude to the Chair, Members, and Advisors of the Committee.\nProceedings of the meeting\nSixteen (16) Members of, and two Advisors to, the International Health Regulations (2005) (IHR) Emergency Committee (Committee) were convened by teleconference, via Zoom, on Tuesday, 25 February 2025, from 12:00 to 17:00 CET. Fourteen (14) of the 16 Committee Members, and one of the two Advisors to the Committee participated in the meeting.\nOn behalf of the Director-General of the World Health Organization (WHO), the Deputy Director-General welcomed Members of and Advisors to the Committee, as well as Government Officials designated to present their views to the Committee on behalf of the ten invited States Parties – Burundi, Canada, China, the Democratic Republic of the Congo (DRC), Nepal, Nigeria, Sierra Leone, Uganda, United Arab Emirates and United Kingdom of Great Britain and Northern Ireland (United Kingdom).\nIn his opening remarks, the WHO Deputy Director-General recalled that, on 14 August 2024, the upsurge of mpox was determined to constitute a public health emergency of international concern (PHEIC). He noted that, over the three years from 1 January 2022 through 31 January 2025, almost 130 000 confirmed cases
... [truncated, total 26945 chars]
================================================================================

================================================================================
Article ID: WHO_5faabfe3b964d717 | Attempt: 3
Error: Cannot extract valid JSON from response: line 1 column 1 (char 0)
Raw response (28648 chars):
{
"id": "WHO_5faabfe3b964d717",
"date_iso": "2025-03-17T00:00:00",
"full_text": "The Director-General of the World Health Organization (WHO) is hereby transmitting the report of the third meeting of the International Health Regulations (2005) (IHR) Emergency Committee (Committee) regarding the upsurge of mpox 2024 , held on Tuesday, 25 February 2025, from 12:00 to 17:00 CET.\nConcurring with the advice unanimously expressed by the Committee during the meeting, the WHO Director-General determined that the upsurge of mpox 2024 continues to meet the criteria of a public health emergency of international concern (PHEIC) and, accordingly, on 27 February 2025, issued temporary recommendations to States Parties.\nThe WHO Director-General expresses his most sincere gratitude to the Chair, Members, and Advisors of the Committee.\nProceedings of the meeting\nSixteen (16) Members of, and two Advisors to, the International Health Regulations (2005) (IHR) Emergency Committee (Committee) were convened by teleconference, via Zoom, on Tuesday, 25 February 2025, from 12:00 to 17:00 CET. Fourteen (14) of the 16 Committee Members, and one of the two Advisors to the Committee participated in the meeting.\nOn behalf of the Director-General of the World Health Organization (WHO), the Deputy Director-General welcomed Members of and Advisors to the Committee, as well as Government Officials designated to present their views to the Committee on behalf of the ten invited States Parties – Burundi, Canada, China, the Democratic Republic of the Congo (DRC), Nepal, Nigeria, Sierra Leone, Uganda, United Arab Emirates and United Kingdom of Great Britain and Northern Ireland (United Kingdom).\nIn his opening remarks, the WHO Deputy Director-General recalled that, on 14 August 2024, the upsurge of mpox was determined to constitute a public health emergency of international concern (PHEIC). He noted that, over the three years from 1 January 2022 through 31 January 2025, almost 130 000 confirmed cases
... [truncated, total 28648 chars]
================================================================================

================================================================================
Article ID: WHO_5faabfe3b964d717 | Attempt: 4
Error: Cannot extract valid JSON from response: line 1 column 1 (char 0)
Raw response (27137 chars):
{
"id": "WHO_5faabfe3b964d717",
"date_iso": "2025-03-17T00:00:00",
"full_text": "The Director-General of the World Health Organization (WHO) is hereby transmitting the report of the third meeting of the International Health Regulations (2005) (IHR) Emergency Committee (Committee) regarding the upsurge of mpox 2024 , held on Tuesday, 25 February 2025, from 12:00 to 17:00 CET.\nConcurring with the advice unanimously expressed by the Committee during the meeting, the WHO Director-General determined that the upsurge of mpox 2024 continues to meet the criteria of a public health emergency of international concern (PHEIC) and, accordingly, on 27 February 2025, issued temporary recommendations to States Parties.\nThe WHO Director-General expresses his most sincere gratitude to the Chair, Members, and Advisors of the Committee.\nProceedings of the meeting\nSixteen (16) Members of, and two Advisors to, the International Health Regulations (2005) (IHR) Emergency Committee (Committee) were convened by teleconference, via Zoom, on Tuesday, 25 February 2025, from 12:00 to 17:00 CET. Fourteen (14) of the 16 Committee Members, and one of the two Advisors to the Committee participated in the meeting.\nOn behalf of the Director-General of the World Health Organization (WHO), the Deputy Director-General welcomed Members of and Advisors to the Committee, as well as Government Officials designated to present their views to the Committee on behalf of the ten invited States Parties – Burundi, Canada, China, the Democratic Republic of the Congo (DRC), Nepal, Nigeria, Sierra Leone, Uganda, United Arab Emirates and United Kingdom of Great Britain and Northern Ireland (United Kingdom).\nIn his opening remarks, the WHO Deputy Director-General recalled that, on 14 August 2024, the upsurge of mpox was determined to constitute a public health emergency of international concern (PHEIC). He noted that, over the three years from 1 January 2022 through 31 January 2025, almost 130 000 confirmed cases
... [truncated, total 27137 chars]
================================================================================

================================================================================
Article ID: WHO_bd0688d096b0df70 | Attempt: 1
Error: Cannot extract valid JSON from response: line 1 column 1 (char 0)
Raw response (8754 chars):
{
"id": "WHO_bd0688d096b0df70",
"date_iso": "2025-03-13T00:00:00",
"full_text": "Thank you, former Prime Minister Leterme.\nExcellencies, dear colleagues and friends,\nGood afternoon, and my thanks to NGIC for the invitation and for its hospitality.\nAs I said in my remarks this morning, multilateralism is never easy, but there is frankly no alternative.\nThe only way to truly address shared threats is through shared solutions.\nAs I also said this morning, I believe that the proposed withdrawal of the United States from WHO is a lose-lose-lose: it’s bad for WHO, it’s bad for the world, and it’s also bad for the U.S.\nBut of course, WHO is not the only agency affected.\nThe U.S. accounted for 30% of all overseas development assistance, so the sudden disruption to that funding is having a huge impact on health and humanitarian work around the world.\nFor example, the suspension of funding to PEPFAR – the President’s Emergency Plan for AIDS Relief – caused an immediate stop to HIV treatment, testing and prevention services in more than 50 countries that PEPFAR supports.\nEight countries now have substantial disruptions to antiretroviral therapy.\nEswatini and Ethiopia will run out of HIV drugs within three months, while Ukraine has less than six months.\nOn malaria, we have seen severe disruptions to the distribution of insecticide-treated bed nets due to stock outs, delayed delivery or lack of funding.\nIn Africa, all indoor spraying campaigns have been put on hold, and only Uganda and Kenya were able to resume spraying the targeted households.\nOn tuberculosis, 14 countries in Africa and Asia are facing crippling breakdowns in their response, with shortages of human resources, disruptions to diagnosis and treatment, data and surveillance systems collapsing, and vital community engagement work deteriorating, including active case finding, screening and contact tracing.\nSix countries have reported failing procurement and supply chains for TB drugs, jeopardizing the l
... [truncated, total 8754 chars]
================================================================================

================================================================================
Article ID: WHO_450eeb1cda0ee585 | Attempt: 1
Error: Schema: Missing claims category: NOT_ENOUGH_INFO
Raw response (9939 chars):
{
"id": "WHO_450eeb1cda0ee585",
"date_iso": "2025-03-10T00:00:00",
"full_text": "This article is part of a series of explainers on vaccine development and distribution. Learn more about vaccines – from how they work and how they’re made to ensuring safety and equitable access – in WHO’s Vaccines Explained series.\nHow vaccines are tested and monitored\nBefore any vaccine is introduced in a country, the vaccine developed in the laboratory undergoes rigorous and stringent testing through multiple phases of clinical trials. Health authorities carefully evaluate the results of these trials to help ensure that the vaccine meets the highest safety and efficacy standards before being considered suitable for use.\nOnce vaccines are introduced and used in countries, national health authorities continuously monitor vaccine safety to detect and immediately respond to potential concerns. In case of an adverse event, an independent group of experts assesses whether such an event is related to vaccines.\nWHO assists countries in strengthening vaccine safety monitoring and response systems. Globally, reports of vaccine safety events are collected and analyzed in a database at the Uppsala Monitoring Centre , a WHO collaborating centre that specializes in monitoring the safety of medicines and vaccines. This global system helps detect even weak and rare safety signals. In addition, the Global Advisory Committee on Vaccine Safety (GACVS) , an independent group of experts, evaluates reports on vaccine safety and provides authoritative and scientific advice to WHO. On behalf of this committee, WHO issues regular statements on vaccine safety.\nGetting vaccinated is safer than getting infected\nVaccines train your immune system to recognize the targeted germs virus and create antibodies to fight off the disease without getting the disease itself. After vaccination, the body is ready to fight those germs more effectively, preventing illness, complications and even death –— risks that come
... [truncated, total 9939 chars]
================================================================================

================================================================================
Article ID: WHO_6b107085b2b9b81a | Attempt: 1
Error: Cannot extract valid JSON from response: line 1 column 1 (char 0)
Raw response (9216 chars):
{
"id": "WHO_6b107085b2b9b81a",
"date_iso": "2025-03-07T00:00:00",
"full_text": "Favour Owuamanam, from Umuechetanmehe Amiri in Imo State, was 9 months pregnant and had been referred for a planned caesarean section due to the prospects of a high-risk delivery. When her labor started before her due date, she was rushed to Vaden Specialist Hospital for an emergency caesarean section and gave birth successfully. However, her baby had complications with neonatal asphyxia and jaundice and required additional care.\nThe Imo State Health Insurance Agency facilitated the immediate transfer of the baby to the special care unit in Imo State Specialist Hospital. Both mother and baby were covered under health insurance and did not need to pay for any services.\n“Medical treatments are usually so high. I don’t know where I would have found the money to pay for my hospital bills. I am very grateful to the Imo State Health Insurance Agency Team,” said Favour.\nMarcus Moses and family, beneficiaries of the Imo State Health Insurance Agency. Photo by: WHO/Nigeria\nThis is one of many health interventions by the Imo State Health Insurance Agency. The Agency has instituted one of the best and most responsive referral systems in Nigeria. In less than 10 months of implementation, over 516 cases have been referred through the health insurance programme, saving many lives through emergency surgery at no cost to the patient.\nSome of Nigeria’s poorest and most vulnerable populations are now able to access health care services without suffering financial hardship as a result. This is due to the passing of health insurance laws and the implementation of a health insurance programme that removes the burden of financial cost to the patient. Simultaneously, the quality of primary health care services is being strengthened, which has increased trust in and use of the services.\nThis is a strong effort by the Government of Nigeria to ensure that its population is protected from financial hardship
... [truncated, total 9216 chars]
================================================================================

================================================================================
Article ID: WHO_2fc80231bf48bca5 | Attempt: 1
Error: Cannot extract valid JSON from response: line 1 column 1 (char 0)
Raw response (7800 chars):
{
"id": "WHO_2fc80231bf48bca5",
"date_iso": "2025-02-28T00:00:00",
"full_text": "Polio campaign in Gaza Strip reaches around 603 000 children with better access\nA five-day mass polio vaccination campaign in the Gaza Strip concluded on Wednesday, reaching nearly 603 000 children under 10 years of age with novel oral polio vaccine type 2 (nOPV2) following comprehensive, simultaneous access to all five governorates during the ongoing ceasefire. The campaign was conducted as part of emergency efforts to end an ongoing poliovirus outbreak and prevent further spread in the Gaza Strip.\nDuring this round, an additional 40 000 children were vaccinated as compared to the previous two rounds conducted in September and October 2024, after poliovirus was detected in the Gaza Strip. The ceasefire enabled health workers to reach more children who had missed vaccinations due to displacement during the phased approach, living in areas that previously required special coordination for access, or being unreachable during the October 2024 round due to insecurity in North Gaza, including Jabalia, Beit Lahiya, and Beit Hanoun.\nStrong community engagement and awareness of vaccination benefits had maintained high immunization rates in the Gaza Strip, where 89% of children received the third dose of oral polio vaccine in 2023, before the conflict. This round drew upon 1660 vaccination teams, 1242 of which were mobile, and deployed 1242 social mobilizers. Despite bad weather conditions, families welcomed the initiative and brought their children to points where they could receive the polio vaccine.\nThe campaign was conducted by the Palestinian Ministry of Health and implemented with support from the World Health Organization (WHO), the United Nations Children’s Fund (UNICEF), the United Nations Relief and Works Agency for Palestine Refugees (UNRWA), and other partners.\nAs part of the Global Polio Eradication Initiative’s commitment to mount a robust poliovirus outbreak response, surveil
... [truncated, total 7800 chars]
================================================================================

================================================================================
Article ID: WHO_2fc80231bf48bca5 | Attempt: 2
Error: Cannot extract valid JSON from response: line 1 column 1 (char 0)
Raw response (7911 chars):
{
"id": "WHO_2fc80231bf48bca5",
"date_iso": "2025-02-28T00:00:00",
"full_text": "Polio campaign in Gaza Strip reaches around 603 000 children with better access\nA five-day mass polio vaccination campaign in the Gaza Strip concluded on Wednesday, reaching nearly 603 000 children under 10 years of age with novel oral polio vaccine type 2 (nOPV2) following comprehensive, simultaneous access to all five governorates during the ongoing ceasefire. The campaign was conducted as part of emergency efforts to end an ongoing poliovirus outbreak and prevent further spread in the Gaza Strip.\nDuring this round, an additional 40 000 children were vaccinated as compared to the previous two rounds conducted in September and October 2024, after poliovirus was detected in the Gaza Strip. The ceasefire enabled health workers to reach more children who had missed vaccinations due to displacement during the phased approach, living in areas that previously required special coordination for access, or being unreachable during the October 2024 round due to insecurity in North Gaza, including Jabalia, Beit Lahiya, and Beit Hanoun.\nStrong community engagement and awareness of vaccination benefits had maintained high immunization rates in the Gaza Strip, where 89% of children received the third dose of oral polio vaccine in 2023, before the conflict. This round drew upon 1660 vaccination teams, 1242 of which were mobile, and deployed 1242 social mobilizers. Despite bad weather conditions, families welcomed the initiative and brought their children to points where they could receive the polio vaccine.\nThe campaign was conducted by the Palestinian Ministry of Health and implemented with support from the World Health Organization (WHO), the United Nations Children’s Fund (UNICEF), the United Nations Relief and Works Agency for Palestine Refugees (UNRWA), and other partners.\nAs part of the Global Polio Eradication Initiative’s commitment to mount a robust poliovirus outbreak response, surveil
... [truncated, total 7911 chars]
================================================================================

================================================================================
Article ID: WHO_2fc80231bf48bca5 | Attempt: 3
Error: Cannot extract valid JSON from response: line 1 column 1 (char 0)
Raw response (7687 chars):
{
"id": "WHO_2fc80231bf48bca5",
"date_iso": "2025-02-28T00:00:00",
"full_text": "Polio campaign in Gaza Strip reaches around 603 000 children with better access\nA five-day mass polio vaccination campaign in the Gaza Strip concluded on Wednesday, reaching nearly 603 000 children under 10 years of age with novel oral polio vaccine type 2 (nOPV2) following comprehensive, simultaneous access to all five governorates during the ongoing ceasefire. The campaign was conducted as part of emergency efforts to end an ongoing poliovirus outbreak and prevent further spread in the Gaza Strip.\nDuring this round, an additional 40 000 children were vaccinated as compared to the previous two rounds conducted in September and October 2024, after poliovirus was detected in the Gaza Strip. The ceasefire enabled health workers to reach more children who had missed vaccinations due to displacement during the phased approach, living in areas that previously required special coordination for access, or being unreachable during the October 2024 round due to insecurity in North Gaza, including Jabalia, Beit Lahiya, and Beit Hanoun.\nStrong community engagement and awareness of vaccination benefits had maintained high immunization rates in the Gaza Strip, where 89% of children received the third dose of oral polio vaccine in 2023, before the conflict. This round drew upon 1660 vaccination teams, 1242 of which were mobile, and deployed 1242 social mobilizers. Despite bad weather conditions, families welcomed the initiative and brought their children to points where they could receive the polio vaccine.\nThe campaign was conducted by the Palestinian Ministry of Health and implemented with support from the World Health Organization (WHO), the United Nations Children’s Fund (UNICEF), the United Nations Relief and Works Agency for Palestine Refugees (UNRWA), and other partners.\nAs part of the Global Polio Eradication Initiative’s commitment to mount a robust poliovirus outbreak response, surveil
... [truncated, total 7687 chars]
================================================================================

================================================================================
Article ID: WHO_e06276a13126bbba | Attempt: 1
Error: Cannot extract valid JSON from response: line 1 column 1 (char 0)
Raw response (11079 chars):
{
"id": "WHO_e06276a13126bbba",
"date_iso": "2025-02-21T00:00:00",
"full_text": "The World Health Organization (WHO) has officially announced the theme of World Health Day 2025, Healthy beginnings, hopeful futures , which will focus on improving maternal and newborn health and survival.\nWorld Health Day is marked around the world on 7 th April, the anniversary of WHO’s founding in 1948. Each year, it draws attention to a specific health topic of concern to people all over the world.\n“The focus of this campaign comes at a crucial moment, aiming to help countries regain lost progress while showcasing new research and evidence that will enhance the health of women and babies globally,” said Dr Anshu Banerjee, Director of Maternal, Newborn, Child and Adolescent Health and Ageing at WHO. “As rollbacks to humanitarian assistance jeopardize a critical lifeline for millions, it will also be an opportunity to step up support and collaboration for global health - and deliver hope to those in urgent need of lifesaving care.”\nHelping every woman and baby survive and thrive\nAccording to the most recent estimates, close to 300 000 women lose their life due to pregnancy or childbirth each year; over 2 million babies die in their first month of life, and around 2 million more are stillborn. This is roughly 1 preventable death every 7 seconds – losses which bring tremendous sadness and heartache to millions of families around the world.\nWhile maternal and newborn deaths occur in all regions, the vast majority are in the poorest countries and those facing conflict and other crises. When health care facilities close, facilities are attacked, access routes denied or supplies disrupted, pregnant women and babies - who need regular access to health services - face severe, often life-threatening risks.\nBased on current trends, a staggering 4 out of 5 countries are off track to meet the United Nations’ global targets for improving maternal survival by 2030; 1 in 3 will fail to meet t
... [truncated, total 11079 chars]
================================================================================

================================================================================
Article ID: WHO_e06276a13126bbba | Attempt: 2
Error: Cannot extract valid JSON from response: line 1 column 1 (char 0)
Raw response (11114 chars):
{
"id": "WHO_e06276a13126bbba",
"date_iso": "2025-02-21T00:00:00",
"full_text": "The World Health Organization (WHO) has officially announced the theme of World Health Day 2025, Healthy beginnings, hopeful futures , which will focus on improving maternal and newborn health and survival.\nWorld Health Day is marked around the world on 7 th April, the anniversary of WHO’s founding in 1948. Each year, it draws attention to a specific health topic of concern to people all over the world.\n“The focus of this campaign comes at a crucial moment, aiming to help countries regain lost progress while showcasing new research and evidence that will enhance the health of women and babies globally,” said Dr Anshu Banerjee, Director of Maternal, Newborn, Child and Adolescent Health and Ageing at WHO. “As rollbacks to humanitarian assistance jeopardize a critical lifeline for millions, it will also be an opportunity to step up support and collaboration for global health - and deliver hope to those in urgent need of lifesaving care.”\nHelping every woman and baby survive and thrive\nAccording to the most recent estimates, close to 300 000 women lose their life due to pregnancy or childbirth each year; over 2 million babies die in their first month of life, and around 2 million more are stillborn. This is roughly 1 preventable death every 7 seconds – losses which bring tremendous sadness and heartache to millions of families around the world.\nWhile maternal and newborn deaths occur in all regions, the vast majority are in the poorest countries and those facing conflict and other crises. When health care facilities close, facilities are attacked, access routes denied or supplies disrupted, pregnant women and babies - who need regular access to health services - face severe, often life-threatening risks.\nBased on current trends, a staggering 4 out of 5 countries are off track to meet the United Nations’ global targets for improving maternal survival by 2030; 1 in 3 will fail to meet t
... [truncated, total 11114 chars]
================================================================================

================================================================================
Article ID: WHO_e06276a13126bbba | Attempt: 3
Error: Cannot extract valid JSON from response: line 1 column 1 (char 0)
Raw response (11122 chars):
{
"id": "WHO_e06276a13126bbba",
"date_iso": "2025-02-21T00:00:00",
"full_text": "The World Health Organization (WHO) has officially announced the theme of World Health Day 2025, Healthy beginnings, hopeful futures , which will focus on improving maternal and newborn health and survival.\nWorld Health Day is marked around the world on 7 th April, the anniversary of WHO’s founding in 1948. Each year, it draws attention to a specific health topic of concern to people all over the world.\n“The focus of this campaign comes at a crucial moment, aiming to help countries regain lost progress while showcasing new research and evidence that will enhance the health of women and babies globally,” said Dr Anshu Banerjee, Director of Maternal, Newborn, Child and Adolescent Health and Ageing at WHO. “As rollbacks to humanitarian assistance jeopardize a critical lifeline for millions, it will also be an opportunity to step up support and collaboration for global health - and deliver hope to those in urgent need of lifesaving care.”\nHelping every woman and baby survive and thrive\nAccording to the most recent estimates, close to 300 000 women lose their life due to pregnancy or childbirth each year; over 2 million babies die in their first month of life, and around 2 million more are stillborn. This is roughly 1 preventable death every 7 seconds – losses which bring tremendous sadness and heartache to millions of families around the world.\nWhile maternal and newborn deaths occur in all regions, the vast majority are in the poorest countries and those facing conflict and other crises. When health care facilities close, facilities are attacked, access routes denied or supplies disrupted, pregnant women and babies - who need regular access to health services - face severe, often life-threatening risks.\nBased on current trends, a staggering 4 out of 5 countries are off track to meet the United Nations’ global targets for improving maternal survival by 2030; 1 in 3 will fail to meet t
... [truncated, total 11122 chars]
================================================================================

================================================================================
Article ID: WHO_b57705f36df34e2f | Attempt: 1
Error: Cannot extract valid JSON from response: line 1 column 1 (char 0)
Raw response (7899 chars):
{
"id": "WHO_b57705f36df34e2f",
"date_iso": "2025-02-13T00:00:00",
"full_text": "A composite of recent resources\nThe Department of Nutrition and Food Safety at the World Health Organization (WHO) has led a coordinated effort to develop, implement and analyse a set of new resources to combat persistently high rates of anaemia around the world.\nAnaemia is a condition in which the number of red blood cells is lower than normal, meaning less oxygen is being delivered throughout the body. This condition disproportionately affects young children, women and girls, impacting 3 out of 10 women and 4 out of 10 children globally. It is most prevalent in low- and middle-income countries, where the lack of access to diagnosis and treatment can increase the risk of infections and death, cause extreme fatigue, lead to poor pregnancy outcomes, contribute to lost earnings, and impede growth and development.\nAnaemia is an indicator of overall health, with its causes ranging from nutritional deficiencies and infections to inflammation, gynaecological and obstetric conditions, and inherited red blood cell disorders. It is therefore essential to accurately measure haemoglobin and understand its underlying causes, as emphasized in Accelerating anaemia reduction: a comprehensive framework for action .\nBuilding on this framework, WHO has released new guidelines and innovative tools to enhance the measurement, interpretation and reporting of haemoglobin concentrations. This includes the WHO guideline on haemoglobin cutoffs , which provides crucial updates on how haemoglobin levels should be measured and adjusted according to factors like elevation of residence and smoking habits. It also sets thresholds for defining anaemia and its severity across different age, sex and physiological groups. Additionally, the guideline highlights the importance of using haemoglobin levels to assess the impact of iron interventions aimed at preventing and treating iron deficiency anaemia, and to determin
... [truncated, total 7899 chars]
================================================================================

================================================================================
Article ID: WHO_b57705f36df34e2f | Attempt: 2
Error: Cannot extract valid JSON from response: line 1 column 1 (char 0)
Raw response (7787 chars):
{
"id": "WHO_b57705f36df34e2f",
"date_iso": "2025-02-13T00:00:00",
"full_text": "A composite of recent resources\nThe Department of Nutrition and Food Safety at the World Health Organization (WHO) has led a coordinated effort to develop, implement and analyse a set of new resources to combat persistently high rates of anaemia around the world.\nAnaemia is a condition in which the number of red blood cells is lower than normal, meaning less oxygen is being delivered throughout the body. This condition disproportionately affects young children, women and girls, impacting 3 out of 10 women and 4 out of 10 children globally. It is most prevalent in low- and middle-income countries, where the lack of access to diagnosis and treatment can increase the risk of infections and death, cause extreme fatigue, lead to poor pregnancy outcomes, contribute to lost earnings, and impede growth and development.\nAnaemia is an indicator of overall health, with its causes ranging from nutritional deficiencies and infections to inflammation, gynaecological and obstetric conditions, and inherited red blood cell disorders. It is therefore essential to accurately measure haemoglobin and understand its underlying causes, as emphasized in Accelerating anaemia reduction: a comprehensive framework for action .\nBuilding on this framework, WHO has released new guidelines and innovative tools to enhance the measurement, interpretation and reporting of haemoglobin concentrations. This includes the WHO guideline on haemoglobin cutoffs , which provides crucial updates on how haemoglobin levels should be measured and adjusted according to factors like elevation of residence and smoking habits. It also sets thresholds for defining anaemia and its severity across different age, sex and physiological groups. Additionally, the guideline highlights the importance of using haemoglobin levels to assess the impact of iron interventions aimed at preventing and treating iron deficiency anaemia, and to determin
... [truncated, total 7787 chars]
================================================================================

================================================================================
Article ID: WHO_df5e3946cd669e89 | Attempt: 1
Error: Cannot extract valid JSON from response: line 1 column 1 (char 0)
Raw response (7548 chars):
{
"id": "WHO_df5e3946cd669e89",
"date_iso": "2025-02-10T00:00:00",
"full_text": "The World Health Organization (WHO) and the Anesvad Foundation (Bilbao, Spain) have signed a 2-year agreement valued at €1.4 million to support activities on skin-related NTDs (skin NTDs) in a number of countries in sub-Saharan Africa. This agreement builds on the previous agreement from 2019 to 2024 to the tune of close to €1 million.\nThe skin NTD strategic framework , published in June 2022 as a companion document to the WHO road map for neglected tropical diseases 2021–2030 , assists endemic countries implement integrated activities in reducing the morbidity, disability and psychosocial impacts of skin NTDs through a people-centred approach. More than half of the 21 NTDs listed by WHO are skin-related.\nThe purpose of this new agreement is to build on the progress made during the previous agreement and contribute to the achievement of the road map target, namely at least 40 countries adopt and implement integrated skin NTD strategies by 2030.\nThe activities focus on three strategic areas:\nWHO’s global coordination role to promote the skin NTDs approach\nProcurement of health commodities to support implementation in selected countries\nOperational research, surveillance, monitoring and evaluation\nThe activities will be implemented by WHO headquarters, the WHO Regional Office for Africa and WHO country offices in the targeted countries, in close collaboration with the relevant national programmes.\nThe targeted skin NTDs include Buruli ulcer, leprosy, cutaneous leishmaniasis, lymphatic filariasis (lymphoedema and hydrocele), mycetoma, scabies and yaws.\nThe beneficiary countries are Benin, Cameroon, Congo, Côte d’Ivoire, Ethiopia, Ghana, Liberia, Senegal, Sierra Leone and Togo. Other countries in the WHO African Region will benefit from the technical and logistical support to strengthen their work on skin NTDs.\n“It remains to be seen what the effect of recent political development
... [truncated, total 7548 chars]
================================================================================

================================================================================
Article ID: WHO_6a4fee77a08fce6f | Attempt: 1
Error: Cannot extract valid JSON from response: line 1 column 1 (char 0)
Raw response (10004 chars):
{
"id": "WHO_6a4fee77a08fce6f",
"date_iso": "2025-02-04T00:00:00",
"full_text": "Communities, through daily decisions and actions, influence the trajectory of an epidemic – whether prevention measures, community-based surveillance, testing or vaccine uptake. Community protection, a concept which places communities at the centre of pandemic preparedness and response, aims to strengthen community preparedness and resilience to, and readiness for health emergencies. It is supported by the Pandemic Influenza Preparedness Framework Partnership Contribution (PIP PC) under the High Level Implementation Plan III (2024-2030). Within PIP, it includes risk communication and community engagement, knowledge translation, infodemic management and multisectoral engagement to strengthen community level health systems.\nIn 2024, this pillar addressed the challenges arising from the avian influenza outbreaks across the world, through convening global communities of practice, translating science in a timely, accessible and relevant way for evidence-informed decisions, and strengthening risk communication and community engagement (RCCE) and infodemic management capacities. The global, regional and country actions complemented each other to strengthen country capacities.\nUnderstanding the community protection approach\nWith greater global understanding on the critical role Community Protection plays in pandemic influenza preparedness, there has been a surge of interest on how to adopt this approach in countries. The WHO Eastern Mediterranean Regional Office, supported by WHO headquarters, held the first global Community Protection workshop to raise awareness of what this concept means in practice.\nEngaging communities\nWHO’s HIVE platform , is a safe digital space that brings together members of communities to share knowledge, co-create, collaborate and crowdsource to find solutions for health emergency preparedness and response. In 2024, WHO launched the SARINet and PRET communities o
... [truncated, total 10004 chars]
================================================================================

================================================================================
Article ID: WHO_a249d0e13f344444 | Attempt: 1
Error: Cannot extract valid JSON from response: line 1 column 1 (char 0)
Raw response (8998 chars):
{
"id": "WHO_a249d0e13f344444",
"date_iso": "2025-02-03T00:00:00",
"full_text": "For the next week, WHO’s Executive Board – which is convened twice a year to facilitate the work of the World Health Assembly – is meeting to discuss health issues that affect people around the world.\nHere are some of them.\nNoncommunicable diseases (NCDs) and mental health\nNCDs , including cardiovascular disease, cancer, chronic respiratory disease, diabetes and others, account for over 75% of global mortality. The Executive Board will discuss progress and challenges in managing NCDs such as diabetes, oral health and mental health, and the need for accelerated global coordination. WHO supports countries in scaling up efforts in these areas. For example, by the end of 2024, vaccines against human papillomavirus (HPV) were introduced in at least 147 countries as a part of the effort to eliminate cervical cancer.\nSkin diseases\nIn 2021, there were nearly 4.7 billion cases of skin diseases . These diseases, which are often associated with significant stigma and socioeconomic burdens, will be discussed by the Executive Board. Discussions will cover responses to infectious skin diseases and related infections, including mpox, leptospirosis and the increasing burden of sexually transmitted infections.\nSocial connection\nThe state of social connection and relationships impacts physical and mental health. A lack of social connection is linked to a 30% higher risk of stroke and heart disease – and can also increase anxiety, depression and suicide risk. WHO has established a Global Commission on Social Connection, which plans to issue its first-ever report in June 2025.\nEnvironmental health\nEnvironmental factors, including chemicals, waste and pollution caused approximately 13.7 million deaths in 2016. Simple measures to reduce exposure to lead and other harmful substances, such as highly hazardous pesticides and mercury, can save lives and improve health. WHO’s Global Chemicals and Health 
... [truncated, total 8998 chars]
================================================================================

================================================================================
Article ID: WHO_11fb76538c4fd858 | Attempt: 1
Error: Cannot extract valid JSON from response: line 1 column 1 (char 0)
Raw response (11787 chars):
{
"id": "WHO_11fb76538c4fd858",
"date_iso": "2025-02-03T00:00:00",
"full_text": "In a global first, Uganda’s Ministry of Health, the World Health Organization (WHO) and other partners today launched a first-ever clinical efficacy trial for a vaccine from Ebola from the Sudan species of the virus, and at an unprecedented speed for a randomized vaccine trial, in an emergency. This is the first trial to assess the clinical efficacy of a vaccine against Ebola Sudan virus disease. IAVI, the provider of the vaccine, conducted trials for safety and immunogenicity. It is also the first clinical trial of the vaccine during an outbreak.\nThe principal investigators from Makerere University and the Uganda Virus Research Institute (UVRI), with support from WHO and other partners, have worked tirelessly to get the trial ready in 4 days since the outbreak was confirmed on 30 January. It is the first trial to assess the clinical efficacy of a vaccine against Ebola disease due to Sudan virus. The speed was achieved through advanced research preparedness, while ensuring full compliance with national and international regulatory and ethical requirements.\nThe candidate vaccine was donated by IAVI, with financial support from WHO, the Coalition for Epidemic Preparedness Innovations (CEPI), Canada’s International Development Research Centre (IDRC), and the European Commission's Health Emergency Preparedness and Response Authority (HERA) and support from the Africa Centres for Disease Control and Prevention (Africa CDC).\n“This is a critical achievement towards better pandemic preparedness, and saving lives when outbreaks occur,” said Dr Tedros Adhanom Ghebreyesus, WHO’s Director-General. “This is possible because of the dedication of Uganda’s health workers, the involvement of communities, the Ministry of Health of Uganda, Makerere University and UVRI, and research efforts led by WHO involving hundreds of scientists through our research and development Filoviruses network. We thank our
... [truncated, total 11787 chars]
================================================================================

================================================================================
Article ID: WHO_0949ec3a15cdd73f | Attempt: 1
Error: Cannot extract valid JSON from response: line 1 column 1 (char 0)
Raw response (9187 chars):
{
"id": "WHO_0949ec3a15cdd73f",
"date_iso": "2025-01-30T00:00:00",
"full_text": "The World Health Organization (WHO) congratulates Niger for having met the criteria for onchocerciasis elimination, making it the fifth country globally and the first country in Africa to be acknowledged by WHO for interrupting transmission of the parasite Onchocerca volvulus .\nEliminating a disease is a significant achievement that requires tireless dedication,” stated Dr Tedros Adhanom Ghebreyesus, WHO Director-General. “I congratulate Niger for its commitment to liberating its population from this blinding, stigmatizing illness that causes so much human suffering among the poorest. This success is yet another testament to the remarkable strides we have made against neglected tropical diseases and offers hope to other nations still battling onchocerciasis, demonstrating that elimination is possible.”\nOnchocerciasis, commonly known as river blindness, is a parasitic disease and is the second leading infectious cause of blindness worldwide, after trachoma. It is transmitted to humans through the bites of infective black flies, primarily found in riverine areas. The disease primarily affects rural populations in sub-Saharan Africa and Yemen, with smaller endemic areas found in parts of Latin America.\nEffective country-led efforts and partnerships\nBetween 1976 and 1989, under the umbrella of the WHO Onchocerciasis Control Programme in West Africa (OCP), Niger undertook vector control measures by spraying insecticides that significantly decreased levels of onchocerciasis transmission. Following the donation of ivermectin by Merck, Sharpe & Dohme (MSD), areas still affected by lymphatic filariasis (LF) underwent mass drug administration (MDA) with ivermectin and albendazole from 2008 to 2019, followed by surveillance. Since ivermectin is effective against both diseases, and areas targeted for LF MDA were also endemic for onchocerciasis, this intervention also contributed to interrupting
... [truncated, total 9187 chars]
================================================================================

================================================================================
Article ID: WHO_866c669b154b6aa8 | Attempt: 1
Error: Cannot extract valid JSON from response: line 1 column 1 (char 0)
Raw response (10000 chars):
{
"id": "WHO_866c669b154b6aa8",
"date_iso": "2025-01-30T00:00:00",
"full_text": "Salomon Kosoma, a fisherman and farmer in the north-west of the Democratic Republic of the Congo, is also a community mobilizer with a strong commitment to the prevention and control of Guinea-worm disease also known as dracunculiasis. In his fifties, Salomon decided to be part of the control effort when he realized the harmful health consequences of this neglected tropical disease. \"I first heard about this disease during a polio vaccination campaign. That was in 2016,\" explains Salomon. In Businga District and across the country, Guinea-worm disease control is integrated into broader community health initiatives.\nAfter receiving initial information about the disease, Salomon gained additional knowledge through radio broadcasts detailing its symptoms, such as swollen feet and how to extract the worm, which can grow up to a meter long. Intrigued and concerned, Salomon decided to get involved in active case finding in his community, after completing a community health training course.\nOne day, in the course of his daily work as a community health volunteer, he encountered a man with a swollen leg and immediately took him to the health centre. Upon examination, it turned out to be a case of elephantiasis. \"It wasn't Guinea-worm disease. After receiving treatment, he was able to resume his life as a fisherman. I was very proud to have helped him.\"\nIn the Democratic Republic of the Congo, the elimination of guinea worm marks a major achievement in the prevention and control of neglected tropical diseases. In 2022, World Health Organization (WHO) certified the country as having eliminated the disease as a public health problem, a significant step toward achieving the 2030 Sustainable Development Goals.\nDespite the achievement, Democratic Republic of the Congo C remains vulnerable to a resurgence of this parasitic disease due to frequent cross-border population movements with countrie
... [truncated, total 10000 chars]
================================================================================

================================================================================
Article ID: WHO_61d5a8cbb8413827 | Attempt: 1
Error: Cannot extract valid JSON from response: line 1 column 1 (char 0)
Raw response (9975 chars):
{
"id": "WHO_61d5a8cbb8413827",
"date_iso": "2025-01-30T00:00:00",
"full_text": "Congratulations to Niger – the country has been verified by the World Health Organization (WHO) for eliminating transmission of onchocerciasis.\nThis is a historic milestone in the history of global health achievements of Africa. Niger is the first country in Africa to be declared free of onchocerciasis, a parasitic disease caused by the Onchocerca volvulus worm, transmitted through the bites of infected black flies.\nNiger has been significantly impacted by this disease, affecting communities primarily along riverbanks of fast-flowing rivers where these flies breed, hence the disease is also known as river blindness.\nRobust commitment and a strong national elimination programme have enabled Niger to achieve this goal. Partners in the effort to wipe out river blindness included the Ministry of Health of Niger, the United States Agency for International Development (USAID), Helen Keller International, the End Fund’s Reaching the Last Mile Program (a Crown-Prince of Abu Dhabi legacy), WHO, thousands of community-based volunteers and many others.\nWhen onchocerciasis was widespread in West Africa, communities near rivers experienced higher rates of infection. Consequently, millions of people left these regions, often giving up farming on family land. Those who remained suffered severe symptoms such as blindness or incessant itching, which greatly limited their productivity.\nProfessor Daniel Boakye, Entomologist and Senior Technical Advisor to the END Fund, explains the relevance of vector control interventions in Niger’s elimination strategy: “Between 1976 and 1989, Niger implemented vector control measures that nearly eliminated onchocerciasis. Black fly breeding sites were regularly treated with a rotation of larvicides, as overusing a single chemical can lead to larvae developing resistance. The Onchocerciasis Control Programme (1974–2002) utilized five different insecticides to targe
... [truncated, total 9975 chars]
================================================================================

================================================================================
Article ID: WHO_61d5a8cbb8413827 | Attempt: 2
Error: Cannot extract valid JSON from response: line 1 column 1 (char 0)
Raw response (9677 chars):
{
"id": "WHO_61d5a8cbb8413827",
"date_iso": "2025-01-30T00:00:00",
"full_text": "Congratulations to Niger – the country has been verified by the World Health Organization (WHO) for eliminating transmission of onchocerciasis.\nThis is a historic milestone in the history of global health achievements of Africa. Niger is the first country in Africa to be declared free of onchocerciasis, a parasitic disease caused by the Onchocerca volvulus worm, transmitted through the bites of infected black flies.\nNiger has been significantly impacted by this disease, affecting communities primarily along riverbanks of fast-flowing rivers where these flies breed, hence the disease is also known as river blindness.\nRobust commitment and a strong national elimination programme have enabled Niger to achieve this goal. Partners in the effort to wipe out river blindness included the Ministry of Health of Niger, the United States Agency for International Development (USAID), Helen Keller International, the End Fund’s Reaching the Last Mile Program (a Crown-Prince of Abu Dhabi legacy), WHO, thousands of community-based volunteers and many others.\nWhen onchocerciasis was widespread in West Africa, communities near rivers experienced higher rates of infection. Consequently, millions of people left these regions, often giving up farming on family land. Those who remained suffered severe symptoms such as blindness or incessant itching, which greatly limited their productivity.\nProfessor Daniel Boakye, Entomologist and Senior Technical Advisor to the END Fund, explains the relevance of vector control interventions in Niger’s elimination strategy: “Between 1976 and 1989, Niger implemented vector control measures that nearly eliminated onchocerciasis. Black fly breeding sites were regularly treated with a rotation of larvicides, as overusing a single chemical can lead to larvae developing resistance. The Onchocerciasis Control Programme (1974–2002) utilized five different insecticides to targe
... [truncated, total 9677 chars]
================================================================================

================================================================================
Article ID: WHO_57804d6d418bd49f | Attempt: 1
Error: Cannot extract valid JSON from response: line 1 column 1 (char 0)
Raw response (9139 chars):
{
"id": "WHO_57804d6d418bd49f",
"date_iso": "2025-01-29T00:00:00",
"full_text": "Ymyt Berdibekova, a 66-year-old pensioner from Bishkek, is saving an estimated 10% of her spending on hypertension medicines thanks to a new initiative of the Ministry of Health of Kyrgyzstan.\nYmyt has been struggling with hypertension for over 36 years and must take medicine twice daily. She used to spend half of her monthly pension on her treatment, and she worked in a local shop to earn extra money as she could not meet her basic needs. In 2023, life became a bit easier for her and many others because, for the first time in Kyrgyzstan, prices of selected medicines were regulated, making them more affordable and accessible to the population.\nIn May 2023, a government decree introduced price controls for all imported medicines included in the country’s list of essential medicines, including several medicines used to address the burden of noncommunicable diseases (NCDs), such as hypertension. The price control mechanism has reduced the cost of medicines for hypertension for around 420 000 people in Kyrgyzstan.\nEnsuring financial protection to achieve UHC\nAlthough this change has had a positive impact for Kyrgyzstan’s population, progress is under threat since the recent removal of medicines from the value added tax (VAT) exemption list. The introduction of a VAT on medicines, including those on the country’s list of essential medicines, may offset the financial benefits of the price control mechanism for people such as Ymyt.\nWhile other benefits of the price control mechanism remain, such as ensuring the availability of lower-priced medicines when people need them, constant vigilance and advocacy are needed to ensure that the population is better protected from financial hardship.\nAcross the WHO European Region, financial hardship is largely driven by out-of-pocket payments for outpatient medicines, medical products and dental care – services that are commonly delivered or managed
... [truncated, total 9139 chars]
================================================================================

================================================================================
Article ID: WHO_47c5417465c9e855 | Attempt: 1
Error: Cannot extract valid JSON from response: line 1 column 1 (char 0)
Raw response (20734 chars):
{
"id": "WHO_47c5417465c9e855",
"date_iso": "2025-01-28T00:00:00",
"full_text": "WHO is dedicated to helping countries enhance their capabilities in core areas such as improving governmental public health functions and performance, with priority given to health protection and promotion and disease surveillance and prevention. WHO also supports its Member States to build sustainable institutional capacity in health, to consolidate data and advance innovation. This implies enhancing national health authorities' skills for systematic and transparent translation of evidence to inform policy and national decision-making.\nImportantly, WHO also works collaboratively to progressively strengthen capacities to manage health emergencies, at national and community levels.\nThese stories from the field exemplify WHO's work to strengthen countries' abilities in a range of areas including: regulatory systems; innovation in data collection and use in policy decisions; responding to emergencies such as disease outbreaks; electronic medical records; dealing with trauma in humanitarian settings; women's leadership in emergencies; and strengthening health workers' skills and capabilities.\nA bright future for safe medicines in The Gambia\nChief Ebrima, his three wives, and children during the house-to-house recall of Paracetamol syrup and other drugs amidst the acute kidney injury (AKI) outbreak response, fostering community awareness and safety. Photo by: WHO/Gambia Mr Monik Bhatta\nFollowing the import of contaminated cough syrup which caused the death of 66 children, WHO and the Gambian Medicines Control Agency acted swiftly to alert the public, recall the medicine, and then overhaul its regulatory system.\nRobust healthcare regulation and meticulous scrutiny of every medical product entering Gambia is crucial for population's safety, with over 5 000 medical products imported each year.\nWHO, through the UHC Partnership , has provided technical support to the Medicines Control Agen
... [truncated, total 20734 chars]
================================================================================

================================================================================
Article ID: WHO_b017bd97b6add41e | Attempt: 1
Error: Cannot extract valid JSON from response: line 1 column 1 (char 0)
Raw response (8218 chars):
{
"id": "WHO_b017bd97b6add41e",
"date_iso": "2025-01-16T00:00:00",
"full_text": "Organizers: Nizami Ganjavi International Center\nYour Excellency, former president and NGIC co-chair, Vaira Vike-Freiberga,\nDirector-General Tatiana Valovaya,\nSecretary-General Rebeca Grynspan,\nSecretary General Doreen Bogdan-Martin,\nYour Excellency former president Tarja Halonen,\nHonourable Minister and COP29 President, Mukhtar Babayev,\nExcellencies, dear colleagues and friends,\nI thank the Nizami Ganjavi International Center for convening this important discussion, and Azerbaijan’s COP29 presidency for making health a priority.\nFrom the droughts in East Africa and Central America, to the floods in South Asia, to the wildfires and fire tornadoes in Australia and Los Angeles, the climate crisis is upon us.\nIt is here, now. Not a hypothetical prediction for the future, but apocalyptic destruction that destroys lives and livelihoods, homes and households, societies, economies, and of course, health.\nWe must act, and we must act now.\nAddressing the inter-relationship between health and climate action is crucial.\nCOP29 was a significant milestone, as leaders made long-term commitments to translate past commitments on climate-health initiatives into action.\nTo ensure health remains a priority in future climate talks, the COP29 Presidency, in partnership with WHO, launched the Baku COP Presidencies Continuity Coalition for Climate and Health.\nThe Coalition's objective is to bring coherence to climate and health initiatives, mobilize funding, and push for follow-through on existing commitments.\nAt the same time, the WHO-led Alliance for Transformative Action on Climate and Health, or ATACH, is making progress in efforts to implement climate actions in the health sector.\nATACH is co-convened by the United Kingdom, Egypt, and UAE and Azerbaijan.\nMore than 90 countries and 75 partner organizations have joined ATACH, committing to building climate-resilient and low-carbon sustaina
... [truncated, total 8218 chars]
================================================================================

================================================================================
Article ID: WHO_99fe46e8984976bc | Attempt: 1
Error: Cannot extract valid JSON from response: line 1 column 1 (char 0)
Raw response (7797 chars):
{
"id": "WHO_99fe46e8984976bc",
"date_iso": "2025-01-16T00:00:00",
"full_text": "Excellencies, Honourable Ministers, dear partners, colleagues and friends,\nGood morning, good afternoon and good evening, a very Happy New Year to all of you, and thank you for joining us today for the launch of the WHO Health Emergency Appeal for 2025.\nMy thanks also to all of you who sent me messages after my narrow escape in Yemen.\nI am still suffering from tinnitus in my left ear, which my doctor has told me may last for months.\nI was fortunate, but the ringing in my ear is a constant reminder of the threat that so many people live with every day in conflicts around the world, including health and humanitarian workers.\nIn Yemen, years of protracted conflict have left millions vulnerable to disease and malnutrition.\nIn Sudan, almost two years of civil war and catastrophic displacement have left 70% of health facilities non-functional.\nIn Ukraine, more than 2000 attacks on health care over almost three years of more have caused significant damage and eroded hope.\nAnd in Gaza, almost 70% of deaths are women and children, which underscores the heart-wrenching human toll of this conflict.\nYesterday’s announcement of a ceasefire and hostage release deal between Israel and Hamas is of course wonderful and long overdue news.\nWe very much hope that this agreement will be approved by Israel’s cabinet, that it will be honoured and implemented by all sides, and that it will lead to a lasting peace.\nWe can only hope that this year we will also see peace in Ukraine, Sudan and the other troubled corners of our world.\nIn the meantime, WHO will continue to respond as best we can. And even when these wars end – because all wars do – we will continue to support the work of rebuilding and recovery.\nOf course, conflicts are not the only emergencies to which WHO is responding around the world.\nLast year we responded to 51 emergencies in 89 countries: conflicts, outbreaks, climate-related di
... [truncated, total 7797 chars]
================================================================================

================================================================================
Article ID: WHO_561c918fccf1484e | Attempt: 1
Error: API error: AttributeError: 'list' object has no attribute 'get'
Raw response (0 chars):

================================================================================

================================================================================
Article ID: WHO_8047b4802b118048 | Attempt: 1
Error: API error: AttributeError: 'list' object has no attribute 'get'
Raw response (0 chars):

================================================================================

================================================================================
Article ID: WHO_8047b4802b118048 | Attempt: 2
Error: API error: AttributeError: 'list' object has no attribute 'get'
Raw response (0 chars):

================================================================================

================================================================================
Article ID: WHO_8047b4802b118048 | Attempt: 3
Error: API error: AttributeError: 'list' object has no attribute 'get'
Raw response (0 chars):

================================================================================

================================================================================
Article ID: WHO_8047b4802b118048 | Attempt: 4
Error: API error: AttributeError: 'list' object has no attribute 'get'
Raw response (0 chars):

================================================================================

================================================================================
Article ID: WHO_8047b4802b118048 | Attempt: 5
Error: API error: AttributeError: 'list' object has no attribute 'get'
Raw response (0 chars):

================================================================================

================================================================================
Article ID: WHO_ee989b543a0dffc5 | Attempt: 1
Error: API error: AttributeError: 'list' object has no attribute 'get'
Raw response (0 chars):

================================================================================

================================================================================
Article ID: WHO_ee989b543a0dffc5 | Attempt: 2
Error: API error: AttributeError: 'list' object has no attribute 'get'
Raw response (0 chars):

================================================================================

================================================================================
Article ID: WHO_3dc4aa397b4dabe9 | Attempt: 1
Error: Cannot extract valid JSON from response: line 1 column 1 (char 0)
Raw response (11397 chars):
{
"id": "WHO_3dc4aa397b4dabe9",
"date_iso": "2025-05-13T00:00:00",
"full_text": "Honourable Minister Dr Jane Aceng,\nDr Carlos Correa,\nExcellencies, honourable ministers, dear colleagues and friends,\nGood afternoon, and I thank Uganda and Minister Aceng for the invitation to join you today.\nMy thanks also to Azerbaijan for their leadership as previous chair of the Non-Aligned Movement and for all their support during their tenure. I look forward to working with Uganda as the new chair.\nThank you all for your continuing commitment to WHO, global health, and multilateralism.\nEvery World Health Assembly is significant, but this year’s Assembly feels especially so.\nNext week, Member States will consider three major agenda items that are of huge importance both now and for the future of WHO and its work.\nFirst, the Pandemic Agreement. If adopted, the Pandemic Agreement will be a landmark instrument of international law, and just the second such instrument to be negotiated under the WHO Constitution – the first being the Framework Convention on Tobacco Control, as you know.\nThe Agreement addresses the gaps in global health security exposed by the COVID-19 pandemic, and is based on the fundamental principle that shared threats demand a shared response.\nThank you all for your commitment to negotiating the Agreement over the past three-and-a-half years, and thank you for the spirit of collaboration in which you worked.\nI know that many of you compromised on things you did not want to – and so did all Member States.\nBut I admire and applaud you for being willing to compromise, to converge, and to reach consensus.\nYou have sent a powerful message that multilateralism is alive and kicking, and that in these divided times, countries can still find a way to find common ground.\n===\nThe second major agenda item to be considered at next week’s Health Assembly is the Programme Budget for the 2026-2027 biennium.\nThe loss of U.S. funding, combined with reductions in offi
... [truncated, total 11397 chars]
================================================================================

================================================================================
Article ID: WHO_3dc4aa397b4dabe9 | Attempt: 2
Error: Cannot extract valid JSON from response: line 1 column 1 (char 0)
Raw response (10818 chars):
{
"id": "WHO_3dc4aa397b4dabe9",
"date_iso": "2025-05-13T00:00:00",
"full_text": "Honourable Minister Dr Jane Aceng,\nDr Carlos Correa,\nExcellencies, honourable ministers, dear colleagues and friends,\nGood afternoon, and I thank Uganda and Minister Aceng for the invitation to join you today.\nMy thanks also to Azerbaijan for their leadership as previous chair of the Non-Aligned Movement and for all their support during their tenure. I look forward to working with Uganda as the new chair.\nThank you all for your continuing commitment to WHO, global health, and multilateralism.\nEvery World Health Assembly is significant, but this year’s Assembly feels especially so.\nNext week, Member States will consider three major agenda items that are of huge importance both now and for the future of WHO and its work.\nFirst, the Pandemic Agreement. If adopted, the Pandemic Agreement will be a landmark instrument of international law, and just the second such instrument to be negotiated under the WHO Constitution – the first being the Framework Convention on Tobacco Control, as you know.\nThe Agreement addresses the gaps in global health security exposed by the COVID-19 pandemic, and is based on the fundamental principle that shared threats demand a shared response.\nThank you all for your commitment to negotiating the Agreement over the past three-and-a-half years, and thank you for the spirit of collaboration in which you worked.\nI know that many of you compromised on things you did not want to – and so did all Member States.\nBut I admire and applaud you for being willing to compromise, to converge, and to reach consensus.\nYou have sent a powerful message that multilateralism is alive and kicking, and that in these divided times, countries can still find a way to find common ground.\n===\nThe second major agenda item to be considered at next week’s Health Assembly is the Programme Budget for the 2026-2027 biennium.\nThe loss of U.S. funding, combined with reductions in offi
... [truncated, total 10818 chars]
================================================================================

================================================================================
Article ID: WHO_3dc4aa397b4dabe9 | Attempt: 3
Error: Cannot extract valid JSON from response: line 1 column 1 (char 0)
Raw response (10823 chars):
{
"id": "WHO_3dc4aa397b4dabe9",
"date_iso": "2025-05-13T00:00:00",
"full_text": "Honourable Minister Dr Jane Aceng,\nDr Carlos Correa,\nExcellencies, honourable ministers, dear colleagues and friends,\nGood afternoon, and I thank Uganda and Minister Aceng for the invitation to join you today.\nMy thanks also to Azerbaijan for their leadership as previous chair of the Non-Aligned Movement and for all their support during their tenure. I look forward to working with Uganda as the new chair.\nThank you all for your continuing commitment to WHO, global health, and multilateralism.\nEvery World Health Assembly is significant, but this year’s Assembly feels especially so.\nNext week, Member States will consider three major agenda items that are of huge importance both now and for the future of WHO and its work.\nFirst, the Pandemic Agreement. If adopted, the Pandemic Agreement will be a landmark instrument of international law, and just the second such instrument to be negotiated under the WHO Constitution – the first being the Framework Convention on Tobacco Control, as you know.\nThe Agreement addresses the gaps in global health security exposed by the COVID-19 pandemic, and is based on the fundamental principle that shared threats demand a shared response.\nThank you all for your commitment to negotiating the Agreement over the past three-and-a-half years, and thank you for the spirit of collaboration in which you worked.\nI know that many of you compromised on things you did not want to – and so did all Member States.\nBut I admire and applaud you for being willing to compromise, to converge, and to reach consensus.\nYou have sent a powerful message that multilateralism is alive and kicking, and that in these divided times, countries can still find a way to find common ground.\n===\nThe second major agenda item to be considered at next week’s Health Assembly is the Programme Budget for the 2026-2027 biennium.\nThe loss of U.S. funding, combined with reductions in offi
... [truncated, total 10823 chars]
================================================================================

================================================================================
Article ID: WHO_3dc4aa397b4dabe9 | Attempt: 4
Error: Cannot extract valid JSON from response: line 1 column 1 (char 0)
Raw response (10850 chars):
{
"id": "WHO_3dc4aa397b4dabe9",
"date_iso": "2025-05-13T00:00:00",
"full_text": "Honourable Minister Dr Jane Aceng,\nDr Carlos Correa,\nExcellencies, honourable ministers, dear colleagues and friends,\nGood afternoon, and I thank Uganda and Minister Aceng for the invitation to join you today.\nMy thanks also to Azerbaijan for their leadership as previous chair of the Non-Aligned Movement and for all their support during their tenure. I look forward to working with Uganda as the new chair.\nThank you all for your continuing commitment to WHO, global health, and multilateralism.\nEvery World Health Assembly is significant, but this year’s Assembly feels especially so.\nNext week, Member States will consider three major agenda items that are of huge importance both now and for the future of WHO and its work.\nFirst, the Pandemic Agreement. If adopted, the Pandemic Agreement will be a landmark instrument of international law, and just the second such instrument to be negotiated under the WHO Constitution – the first being the Framework Convention on Tobacco Control, as you know.\nThe Agreement addresses the gaps in global health security exposed by the COVID-19 pandemic, and is based on the fundamental principle that shared threats demand a shared response.\nThank you all for your commitment to negotiating the Agreement over the past three-and-a-half years, and thank you for the spirit of collaboration in which you worked.\nI know that many of you compromised on things you did not want to – and so did all Member States.\nBut I admire and applaud you for being willing to compromise, to converge, and to reach consensus.\nYou have sent a powerful message that multilateralism is alive and kicking, and that in these divided times, countries can still find a way to find common ground.\n===\nThe second major agenda item to be considered at next week’s Health Assembly is the Programme Budget for the 2026-2027 biennium.\nThe loss of U.S. funding, combined with reductions in offi
... [truncated, total 10850 chars]
================================================================================

================================================================================
Article ID: WHO_3dc4aa397b4dabe9 | Attempt: 5
Error: Cannot extract valid JSON from response: line 1 column 1 (char 0)
Raw response (10966 chars):
{
"id": "WHO_3dc4aa397b4dabe9",
"date_iso": "2025-05-13T00:00:00",
"full_text": "Honourable Minister Dr Jane Aceng,\nDr Carlos Correa,\nExcellencies, honourable ministers, dear colleagues and friends,\nGood afternoon, and I thank Uganda and Minister Aceng for the invitation to join you today.\nMy thanks also to Azerbaijan for their leadership as previous chair of the Non-Aligned Movement and for all their support during their tenure. I look forward to working with Uganda as the new chair.\nThank you all for your continuing commitment to WHO, global health, and multilateralism.\nEvery World Health Assembly is significant, but this year’s Assembly feels especially so.\nNext week, Member States will consider three major agenda items that are of huge importance both now and for the future of WHO and its work.\nFirst, the Pandemic Agreement. If adopted, the Pandemic Agreement will be a landmark instrument of international law, and just the second such instrument to be negotiated under the WHO Constitution – the first being the Framework Convention on Tobacco Control, as you know.\nThe Agreement addresses the gaps in global health security exposed by the COVID-19 pandemic, and is based on the fundamental principle that shared threats demand a shared response.\nThank you all for your commitment to negotiating the Agreement over the past three-and-a-half years, and thank you for the spirit of collaboration in which you worked.\nI know that many of you compromised on things you did not want to – and so did all Member States.\nBut I admire and applaud you for being willing to compromise, to converge, and to reach consensus.\nYou have sent a powerful message that multilateralism is alive and kicking, and that in these divided times, countries can still find a way to find common ground.\n===\nThe second major agenda item to be considered at next week’s Health Assembly is the Programme Budget for the 2026-2027 biennium.\nThe loss of U.S. funding, combined with reductions in offi
... [truncated, total 10966 chars]
================================================================================

================================================================================
Article ID: WHO_565c8d71c3fa7b3c | Attempt: 1
Error: Cannot extract valid JSON from response: line 1 column 1 (char 0)
Raw response (10814 chars):
{
"id": "WHO_565c8d71c3fa7b3c",
"date_iso": "2025-04-23T00:00:00",
"full_text": "Progress and insights from Colombia\nEvery year, an estimated 21 million girls aged 15–19 years in low- and middle-income countries become pregnant. Adolescent pregnancy leads to higher risks of maternal and infant mortality, a greater chance of mental health problems, and constraints for educational and economic prospects, which contributes to cycles of poverty and inequality that can span across generations\nIn many parts of the world, adolescents lack access to the information and resources necessary to make informed decisions about their sexual and reproductive health (SRH). This leaves them vulnerable to unintended pregnancies; child marriage further fuels the risk.\nThe World Health Organization (WHO) recently released an updated guideline for preventing early pregnancy and poor reproductive outcomes among adolescents in low- and middle-income countries, providing evidence-based normative guidance in two key areas: preventing child marriage and improving adolescents’ access to contraception. The recommendations highlight the importance of enabling laws and policies and education to achieve these goals.\nThe power of policy\nMany countries around the world have recently stepped up to make child marriage illegal. Colombia is one of these, with members of congress abolishing a law in November 2024 that allowed marriages from the age of 14. Importantly, the new bill they introduced also includes measures to restore the rights of children and adolescents affected by underage marriages and unions, with a special emphasis on supporting indigenous people and other vulnerable communities.\nA joint effort by authorities and society is required to eradicate this practice and guarantee the protection of girls' rights.\n“The effective implementation of this law shows a change in the social norms that perpetuate child marriage. A joint effort by authorities and society is required to eradicate 
... [truncated, total 10814 chars]
================================================================================

================================================================================
Article ID: WHO_565c8d71c3fa7b3c | Attempt: 2
Error: Cannot extract valid JSON from response: line 1 column 1 (char 0)
Raw response (10745 chars):
{
"id": "WHO_565c8d71c3fa7b3c",
"date_iso": "2025-04-23T00:00:00",
"full_text": "Progress and insights from Colombia\nEvery year, an estimated 21 million girls aged 15–19 years in low- and middle-income countries become pregnant. Adolescent pregnancy leads to higher risks of maternal and infant mortality, a greater chance of mental health problems, and constraints for educational and economic prospects, which contributes to cycles of poverty and inequality that can span across generations\nIn many parts of the world, adolescents lack access to the information and resources necessary to make informed decisions about their sexual and reproductive health (SRH). This leaves them vulnerable to unintended pregnancies; child marriage further fuels the risk.\nThe World Health Organization (WHO) recently released an updated guideline for preventing early pregnancy and poor reproductive outcomes among adolescents in low- and middle-income countries, providing evidence-based normative guidance in two key areas: preventing child marriage and improving adolescents’ access to contraception. The recommendations highlight the importance of enabling laws and policies and education to achieve these goals.\nThe power of policy\nMany countries around the world have recently stepped up to make child marriage illegal. Colombia is one of these, with members of congress abolishing a law in November 2024 that allowed marriages from the age of 14. Importantly, the new bill they introduced also includes measures to restore the rights of children and adolescents affected by underage marriages and unions, with a special emphasis on supporting indigenous people and other vulnerable communities.\nA joint effort by authorities and society is required to eradicate this practice and guarantee the protection of girls' rights.\n“The effective implementation of this law shows a change in the social norms that perpetuate child marriage. A joint effort by authorities and society is required to eradicate 
... [truncated, total 10745 chars]
================================================================================

================================================================================
Article ID: WHO_565c8d71c3fa7b3c | Attempt: 3
Error: Cannot extract valid JSON from response: line 1 column 1 (char 0)
Raw response (11071 chars):
{
"id": "WHO_565c8d71c3fa7b3c",
"date_iso": "2025-04-23T00:00:00",
"full_text": "Progress and insights from Colombia\nEvery year, an estimated 21 million girls aged 15–19 years in low- and middle-income countries become pregnant. Adolescent pregnancy leads to higher risks of maternal and infant mortality, a greater chance of mental health problems, and constraints for educational and economic prospects, which contributes to cycles of poverty and inequality that can span across generations\nIn many parts of the world, adolescents lack access to the information and resources necessary to make informed decisions about their sexual and reproductive health (SRH). This leaves them vulnerable to unintended pregnancies; child marriage further fuels the risk.\nThe World Health Organization (WHO) recently released an updated guideline for preventing early pregnancy and poor reproductive outcomes among adolescents in low- and middle-income countries, providing evidence-based normative guidance in two key areas: preventing child marriage and improving adolescents’ access to contraception. The recommendations highlight the importance of enabling laws and policies and education to achieve these goals.\nThe power of policy\nMany countries around the world have recently stepped up to make child marriage illegal. Colombia is one of these, with members of congress abolishing a law in November 2024 that allowed marriages from the age of 14. Importantly, the new bill they introduced also includes measures to restore the rights of children and adolescents affected by underage marriages and unions, with a special emphasis on supporting indigenous people and other vulnerable communities.\nA joint effort by authorities and society is required to eradicate this practice and guarantee the protection of girls' rights.\n“The effective implementation of this law shows a change in the social norms that perpetuate child marriage. A joint effort by authorities and society is required to eradicate 
... [truncated, total 11071 chars]
================================================================================

================================================================================
Article ID: WHO_565c8d71c3fa7b3c | Attempt: 4
Error: Cannot extract valid JSON from response: line 1 column 1 (char 0)
Raw response (10814 chars):
{
"id": "WHO_565c8d71c3fa7b3c",
"date_iso": "2025-04-23T00:00:00",
"full_text": "Progress and insights from Colombia\nEvery year, an estimated 21 million girls aged 15–19 years in low- and middle-income countries become pregnant. Adolescent pregnancy leads to higher risks of maternal and infant mortality, a greater chance of mental health problems, and constraints for educational and economic prospects, which contributes to cycles of poverty and inequality that can span across generations\nIn many parts of the world, adolescents lack access to the information and resources necessary to make informed decisions about their sexual and reproductive health (SRH). This leaves them vulnerable to unintended pregnancies; child marriage further fuels the risk.\nThe World Health Organization (WHO) recently released an updated guideline for preventing early pregnancy and poor reproductive outcomes among adolescents in low- and middle-income countries, providing evidence-based normative guidance in two key areas: preventing child marriage and improving adolescents’ access to contraception. The recommendations highlight the importance of enabling laws and policies and education to achieve these goals.\nThe power of policy\nMany countries around the world have recently stepped up to make child marriage illegal. Colombia is one of these, with members of congress abolishing a law in November 2024 that allowed marriages from the age of 14. Importantly, the new bill they introduced also includes measures to restore the rights of children and adolescents affected by underage marriages and unions, with a special emphasis on supporting indigenous people and other vulnerable communities.\nA joint effort by authorities and society is required to eradicate this practice and guarantee the protection of girls' rights.\n“The effective implementation of this law shows a change in the social norms that perpetuate child marriage. A joint effort by authorities and society is required to eradicate 
... [truncated, total 10814 chars]
================================================================================

================================================================================
Article ID: WHO_565c8d71c3fa7b3c | Attempt: 5
Error: Cannot extract valid JSON from response: line 1 column 1 (char 0)
Raw response (10705 chars):
{
"id": "WHO_565c8d71c3fa7b3c",
"date_iso": "2025-04-23T00:00:00",
"full_text": "Progress and insights from Colombia\nEvery year, an estimated 21 million girls aged 15–19 years in low- and middle-income countries become pregnant. Adolescent pregnancy leads to higher risks of maternal and infant mortality, a greater chance of mental health problems, and constraints for educational and economic prospects, which contributes to cycles of poverty and inequality that can span across generations\nIn many parts of the world, adolescents lack access to the information and resources necessary to make informed decisions about their sexual and reproductive health (SRH). This leaves them vulnerable to unintended pregnancies; child marriage further fuels the risk.\nThe World Health Organization (WHO) recently released an updated guideline for preventing early pregnancy and poor reproductive outcomes among adolescents in low- and middle-income countries, providing evidence-based normative guidance in two key areas: preventing child marriage and improving adolescents’ access to contraception. The recommendations highlight the importance of enabling laws and policies and education to achieve these goals.\nThe power of policy\nMany countries around the world have recently stepped up to make child marriage illegal. Colombia is one of these, with members of congress abolishing a law in November 2024 that allowed marriages from the age of 14. Importantly, the new bill they introduced also includes measures to restore the rights of children and adolescents affected by underage marriages and unions, with a special emphasis on supporting indigenous people and other vulnerable communities.\nA joint effort by authorities and society is required to eradicate this practice and guarantee the protection of girls' rights.\n“The effective implementation of this law shows a change in the social norms that perpetuate child marriage. A joint effort by authorities and society is required to eradicate 
... [truncated, total 10705 chars]
================================================================================

================================================================================
Article ID: WHO_89ac00dbd4d3f39c | Attempt: 1
Error: Cannot extract valid JSON from response: line 1 column 1 (char 0)
Raw response (8324 chars):
{
"id": "WHO_89ac00dbd4d3f39c",
"date_iso": "2025-04-16T00:00:00",
"full_text": "In February 2025, the co-chairs of mental health and psychosocial support (MHPSS) Technical Working Groups (TWGs) from humanitarian emergencies around the world gathered in Ethiopia for a global meeting to strengthen interagency coordination and share country-level experiences.\nHosted by WHO Ethiopia and convened by the IASC MHPSS Reference Group, the meeting brought together 40 MHPSS leaders from 29 emergency settings, including Bangladesh, Burkina Faso, Central African Republic, Colombia, Democratic Republic of the Congo, Lebanon, Mali, Mozambique, Nepal, Niger, and the occupied Palestinian territories.\nThe four-day strategic forum provided an opportunity for participants to exchange practical approaches to coordination, identify common challenges, and explore solutions to strengthen MHPSS service delivery in crisis settings. It also reinforced the importance of country-led leadership, peer learning, and interagency collaboration in advancing the MHPSS agenda in emergencies. The IASC MHPSS Reference Group serves as a global platform and is the highest level of humanitarian coordination in MHPSS. It is co-chaired by WHO and IFRC and comprises 65 member organizations, including NGOs, UN agencies, international agencies, and academics.\nThis was this was the second meeting of its kind organized by the Reference Group, following the first held in Ukraine in 2019. The wide geographic representation and diversity of agency and sectors contributed to productive discussions and exchanges. Participants rated the meeting highly, highlighting the value of the interactive sessions, peer learning opportunities, and combination of theoretical learning, real-world case study exercises to practice skills, and one-on-one consultation clinics with global and country-level technical experts.\nIn the same week, an MHPSS global-national forum was organized to capitalize on the presence of international 
... [truncated, total 8324 chars]
================================================================================

================================================================================
Article ID: WHO_89ac00dbd4d3f39c | Attempt: 2
Error: Cannot extract valid JSON from response: line 1 column 1 (char 0)
Raw response (9641 chars):
{
"id": "WHO_89ac00dbd4d3f39c",
"date_iso": "2025-04-16T00:00:00",
"full_text": "In February 2025, the co-chairs of mental health and psychosocial support (MHPSS) Technical Working Groups (TWGs) from humanitarian emergencies around the world gathered in Ethiopia for a global meeting to strengthen interagency coordination and share country-level experiences.\nHosted by WHO Ethiopia and convened by the IASC MHPSS Reference Group, the meeting brought together 40 MHPSS leaders from 29 emergency settings, including Bangladesh, Burkina Faso, Central African Republic, Colombia, Democratic Republic of the Congo, Lebanon, Mali, Mozambique, Nepal, Niger, and the occupied Palestinian territories.\nThe four-day strategic forum provided an opportunity for participants to exchange practical approaches to coordination, identify common challenges, and explore solutions to strengthen MHPSS service delivery in crisis settings. It also reinforced the importance of country-led leadership, peer learning, and interagency collaboration in advancing the MHPSS agenda in emergencies. The IASC MHPSS Reference Group serves as a global platform and is the highest level of humanitarian coordination in MHPSS. It is co-chaired by WHO and IFRC and comprises 65 member organizations, including NGOs, UN agencies, international agencies, and academics.\nThis was this was the second meeting of its kind organized by the Reference Group, following the first held in Ukraine in 2019. The wide geographic representation and diversity of agency and sectors contributed to productive discussions and exchanges. Participants rated the meeting highly, highlighting the value of the interactive sessions, peer learning opportunities, and combination of theoretical learning, real-world case study exercises to practice skills, and one-on-one consultation clinics with global and country-level technical experts.\nIn the same week, an MHPSS global-national forum was organized to capitalize on the presence of international 
... [truncated, total 9641 chars]
================================================================================

================================================================================
Article ID: WHO_89ac00dbd4d3f39c | Attempt: 3
Error: Cannot extract valid JSON from response: line 1 column 1 (char 0)
Raw response (8851 chars):
{
"id": "WHO_89ac00dbd4d3f39c",
"date_iso": "2025-04-16T00:00:00",
"full_text": "In February 2025, the co-chairs of mental health and psychosocial support (MHPSS) Technical Working Groups (TWGs) from humanitarian emergencies around the world gathered in Ethiopia for a global meeting to strengthen interagency coordination and share country-level experiences.\nHosted by WHO Ethiopia and convened by the IASC MHPSS Reference Group, the meeting brought together 40 MHPSS leaders from 29 emergency settings, including Bangladesh, Burkina Faso, Central African Republic, Colombia, Democratic Republic of the Congo, Lebanon, Mali, Mozambique, Nepal, Niger, and the occupied Palestinian territories.\nThe four-day strategic forum provided an opportunity for participants to exchange practical approaches to coordination, identify common challenges, and explore solutions to strengthen MHPSS service delivery in crisis settings. It also reinforced the importance of country-led leadership, peer learning, and interagency collaboration in advancing the MHPSS agenda in emergencies. The IASC MHPSS Reference Group serves as a global platform and is the highest level of humanitarian coordination in MHPSS. It is co-chaired by WHO and IFRC and comprises 65 member organizations, including NGOs, UN agencies, international agencies, and academics.\nThis was this was the second meeting of its kind organized by the Reference Group, following the first held in Ukraine in 2019. The wide geographic representation and diversity of agency and sectors contributed to productive discussions and exchanges. Participants rated the meeting highly, highlighting the value of the interactive sessions, peer learning opportunities, and combination of theoretical learning, real-world case study exercises to practice skills, and one-on-one consultation clinics with global and country-level technical experts.\nIn the same week, an MHPSS global-national forum was organized to capitalize on the presence of international 
... [truncated, total 8851 chars]
================================================================================

================================================================================
Article ID: WHO_b636781804c51009 | Attempt: 1
Error: Schema: claims.NOT_ENOUGH_INFO[0] is not an object; claims.NOT_ENOUGH_INFO[1] is not an object
Raw response (8893 chars):
{
"id": "WHO_b636781804c51009",
"date_iso": "2024-12-23T00:00:00",
"full_text": "The World Health Organization (WHO), through its Department of Regulation and Prequalification, has issued a call for action to drive sustainability in the pharmaceutical sector. Entitled “Greener pharmaceuticals’ regulatory highway,” this initiative underscores the urgent need for innovative regulatory practices to reduce the environmental footprint of medical products while maintaining high standards of safety and efficacy.\n“Addressing the environmental impact of healthcare products is no longer optional – it is imperative,” said Dr Yukiko Nakatani, WHO Assistant Director-General for Access to Medicines and Health Products. “The transformation of regulatory practices will be pivotal in shaping a pharmaceutical industry that meets today’s health needs without compromising the planet’s future.”\nAs climate change continues to exacerbate health risks worldwide, modern health systems, contributing to approximately 5% of global carbon emissions, must prioritize sustainability. This call for action urges global regulatory bodies and stakeholders in the pharmaceutical and healthcare industries to adopt innovative practices that prioritize sustainability and reduce environmental impact.\nKey proposals outlined in the initiative include:\nEstablishing new standards and guidance that promote sustainable manufacturing, packaging, distribution, and use of medical products, ensuring environmental benefits alongside health improvements.\nLeveraging digital transformation by enhancing reliance mechanisms and regulatory capacity through digitization, with a particular focus on low- and middle-income countries.\nStreamlining innovative regulatory procedures fostering earlier collaboration between regulators and manufacturers to accelerate the adoption of eco-friendly innovations.\n“Health systems should lead by example in mitigating environmental impact,” said Dr Rogerio Gaspar, WHO Director for Regu
... [truncated, total 8893 chars]
================================================================================

================================================================================
Article ID: WHO_c62004a99bb9b283 | Attempt: 1
Error: Cannot extract valid JSON from response: line 1 column 1 (char 0)
Raw response (11506 chars):
{
"id": "WHO_c62004a99bb9b283",
"date_iso": "2024-12-23T00:00:00",
"full_text": "Falsified IMFINZI (durvalumab) injection 500mg /10ml identified in the WHO Eastern Mediterranean, European and South-East Asia Regions\nUPDATE to Medical Product Alert N°5/2024 Alert Summary This WHO Medical Product Alert refers to one batch of falsified IMFINZI (durvalumab) injection 500mg/10ml. The falsified products have been detected in the regulated supply chain in Lebanon, and the unregulated supply chain in Armenia and Türkiye, and were reported to WHO in November 2024. This update (26 August 2025) is based on additional information provided to WHO in 2025, which identified falsified IMFINZI, in three new countries - India, Pakistan and Uzbekistan. WHO also issued Medical Product N°3/2025 identifying three other batches of falsified IMFINZI. IMFINZI is a sterile concentrate for infusion. It contains the active pharmaceutical ingredient durvalumab which is a monoclonal antibody. As monotherapy, it is indicated for the treatment of Non-Small Cell Lung Cancer (NSCLC) in adults. It is also used in combination with other medicines to treat other types of cancer. Information provided to WHO by AstraZeneca, the genuine manufacturer of IMFINZI, has confirmed that the products identified in this Alert are falsified. Laboratory analysis of samples of the falsified IMFINZI have been carried out by AstraZeneca. The analysis confirmed that some vials of the falsified product contained no active pharmaceutical ingredient. How to identify this falsified product These products are falsified because they deliberately misrepresent their identity, composition, and source. To identify these falsified products, check for the following: Genuine IMFINZI lot BAVX is associated with the manufacturing date of 10-2021 and an expiry date of 09-2024. A combination of any other dates or lot number should be considered suspicious. The 2D data matrix is displayed in the middle instead of the upper-right of the 
... [truncated, total 11506 chars]
================================================================================

================================================================================
Article ID: WHO_e0e9e8928a339c8a | Attempt: 1
Error: Cannot extract valid JSON from response: line 1 column 1 (char 0)
Raw response (12251 chars):
{
"id": "WHO_e0e9e8928a339c8a",
"date_iso": "2024-12-20T00:00:00",
"full_text": "In March 2024, representatives from seven Portuguese-speaking nations – Angola, Brazil, Cabo Verde, Guinea-Bissau, Mozambique, Portugal, and São Tomé and Príncipe – gathered in a WHO-led meeting in Brasília, Brazil. The goal was to strengthen collaboration aimed at eliminating HIV, viral hepatitis, sexually transmitted infections (STIs), and tuberculosis (TB) as public health threats by 2030.\nHosted by the WHO Global HIV, Hepatitis and STIs Programmes (HHS), the Pan American Health Organization (PAHO) and Brazil's Ministry of Health, the event focused on identifying common challenges, setting priorities and exploring opportunities to improve health systems through integrated responses.\nRecognizing the power of shared language, knowledge and challenges, HHS has promoted exchanges between Lusophone countries since 2014. This meeting built upon previous gatherings in Cabo Verde (2014) and Mozambique (2016), where countries shared experiences and discussed the implementation of new WHO policies on HIV. The 2024 meeting expanded the scope to include viral hepatitis, STIs and TB, acknowledging the interconnected nature of these diseases and the benefits of a unified approach.\nAdvantages of collaboration:\nshared language facilitates seamless communication and the sharing of resources and best practices;\ncollective experience leverages each country's strengths and experiences to overcome common obstacles;\nresource optimization pools resources to address limitations in access to essential materials and information; and\nunified advocacy strengthens the voice of Portuguese-speaking nations in global health forums.\nKey outcomes:\nregular meetings and webinars: establishing gatherings to discuss strategies, disseminate WHO recommendations, and share experiences among health professionals and civil society;\nresource exchange : creating a dedicated space to share national guidelines, training
... [truncated, total 12251 chars]
================================================================================

================================================================================
Article ID: WHO_8bb0884aa1608a6c | Attempt: 1
Error: Cannot extract valid JSON from response: line 1 column 1 (char 0)
Raw response (11122 chars):
{
"id": "WHO_8bb0884aa1608a6c",
"date_iso": "2024-12-19T00:00:00",
"full_text": "On 13 December 2024, the World Intellectual Property Organization (WIPO), the World Trade Organization (WTO) and the World Health Organization (WHO), held the 11th Trilateral Technical Symposium titled \"Strengthening manufacturing capacities to respond to the noncommunicable diseases burden.\" The event underscored the importance of strengthening production and its diversification through initiatives that promote innovation and enhance access to health technologies. It focused on the global health burden caused by noncommunicable diseases (NCDs), and the role that trilateral partners can play in this regard.\nWTO Director-General Ngozi Okonjo-Iweala, WIPO Director General Daren Tang and WHO Assistant Director-General for Access to Medicines and Health Products Dr Yukiko Nakatani opened the Symposium. They drew attention to the health, economic and social impact of NCDs, such as cardiovascular diseases, cancers, chronic respiratory diseases and diabetes, emphasizing the need for urgent cross-sectoral efforts, investment and policy reform to successfully counter the growing NCD disease burden. They also met informally prior to the Symposium, to discuss future directions for trilateral cooperation and to renew their commitment to support integrated solutions to global health challenges.\nWTO Director-General Ngozi Okonjo-Iweala noted that NCDs account for 74% of all deaths globally. However, despite the urgent need to promote innovation and equitable access to technologies for preventing, detecting and treating NCDs, these diseases have not been prioritized. She therefore encouraged the public and private sectors to work together to build the manufacturing and innovation capacities necessary to reduce the NCD burden everywhere. Reflecting on lessons learned from the COVID-19 pandemic, she also highlighted three key insights: \"First, open trade is necessary for scaling up the production a
... [truncated, total 11122 chars]
================================================================================

================================================================================
Article ID: WHO_e310de1326e79a33 | Attempt: 1
Error: Cannot extract valid JSON from response: line 1 column 1 (char 0)
Raw response (7832 chars):
{
"id": "WHO_e310de1326e79a33",
"date_iso": "2024-12-19T00:00:00",
"full_text": "In August 2024, the World Health Organization (WHO) designated the Centre for Epidemic Interventions Research at the Norwegian Institute of Public Health as a WHO Collaborating Center for effectiveness research on public health and social measures (PHSM) for health emergencies.\nThe designation follows a three-year collaboration in strengthening the global evidence base on PHSM, which began with the launch of the WHO Initiative to measure the effectiveness and impact of PHSM during health emergencies in June 2021.\nThe WHO Collaborating Centre was inaugurated at a seminar in Oslo on 25 November 2024 featuring welcome speeches by Ushman A. Mushtaq, State Secretary, Norwegian Ministry of Health and Care Services; Guri Rørtveit, General Director, Norwegian Institute of Public Health; and Mike Ryan, Executive Director, WHO Health Emergencies Programme.\nDuring the seminar, Atle Fretheim, Director of the new WHO Collaborating Centre, discussed the challenges of conducting randomized controlled trials during the COVID-19 pandemic, for example on the effectiveness of wearing face masks. He highlighted how lengthy ethical review procedures and the lack of study templates hindered the timely collection of high-quality and comparable data.\nRamona Ludolph, Technical Officer of the WHO PHSM Secretariat, presented WHO’s efforts to promote PHSM research and evidence-informed decision-making, and spoke about how the new WHO Collaborating Center will contribute to advancing the global PHSM agenda. The seminar concluded with a panel discussion on the importance of international collaboration for policy-relevant research, featuring Frode Forland, Norwegian Institute of Public Health and African CDC; Halvor Sommerfelt, University of Bergen; and Tania Schmidt, WHO Regional Office for Europe.\nThe contributions of the WHO Collaborating Centre will be critical to closing persisting evidence gaps on the effe
... [truncated, total 7832 chars]
================================================================================

================================================================================
Article ID: WHO_e310de1326e79a33 | Attempt: 2
Error: Cannot extract valid JSON from response: line 1 column 1 (char 0)
Raw response (7839 chars):
{
"id": "WHO_e310de1326e79a33",
"date_iso": "2024-12-19T00:00:00",
"full_text": "In August 2024, the World Health Organization (WHO) designated the Centre for Epidemic Interventions Research at the Norwegian Institute of Public Health as a WHO Collaborating Center for effectiveness research on public health and social measures (PHSM) for health emergencies.\nThe designation follows a three-year collaboration in strengthening the global evidence base on PHSM, which began with the launch of the WHO Initiative to measure the effectiveness and impact of PHSM during health emergencies in June 2021.\nThe WHO Collaborating Centre was inaugurated at a seminar in Oslo on 25 November 2024 featuring welcome speeches by Ushman A. Mushtaq, State Secretary, Norwegian Ministry of Health and Care Services; Guri Rørtveit, General Director, Norwegian Institute of Public Health; and Mike Ryan, Executive Director, WHO Health Emergencies Programme.\nDuring the seminar, Atle Fretheim, Director of the new WHO Collaborating Centre, discussed the challenges of conducting randomized controlled trials during the COVID-19 pandemic, for example on the effectiveness of wearing face masks. He highlighted how lengthy ethical review procedures and the lack of study templates hindered the timely collection of high-quality and comparable data.\nRamona Ludolph, Technical Officer of the WHO PHSM Secretariat, presented WHO’s efforts to promote PHSM research and evidence-informed decision-making, and spoke about how the new WHO Collaborating Center will contribute to advancing the global PHSM agenda. The seminar concluded with a panel discussion on the importance of international collaboration for policy-relevant research, featuring Frode Forland, Norwegian Institute of Public Health and African CDC; Halvor Sommerfelt, University of Bergen; and Tania Schmidt, WHO Regional Office for Europe.\nThe contributions of the WHO Collaborating Centre will be critical to closing persisting evidence gaps on the effe
... [truncated, total 7839 chars]
================================================================================

================================================================================
Article ID: WHO_e310de1326e79a33 | Attempt: 3
Error: Cannot extract valid JSON from response: line 1 column 1 (char 0)
Raw response (7756 chars):
{
"id": "WHO_e310de1326e79a33",
"date_iso": "2024-12-19T00:00:00",
"full_text": "In August 2024, the World Health Organization (WHO) designated the Centre for Epidemic Interventions Research at the Norwegian Institute of Public Health as a WHO Collaborating Center for effectiveness research on public health and social measures (PHSM) for health emergencies.\nThe designation follows a three-year collaboration in strengthening the global evidence base on PHSM, which began with the launch of the WHO Initiative to measure the effectiveness and impact of PHSM during health emergencies in June 2021.\nThe WHO Collaborating Centre was inaugurated at a seminar in Oslo on 25 November 2024 featuring welcome speeches by Ushman A. Mushtaq, State Secretary, Norwegian Ministry of Health and Care Services; Guri Rørtveit, General Director, Norwegian Institute of Public Health; and Mike Ryan, Executive Director, WHO Health Emergencies Programme.\nDuring the seminar, Atle Fretheim, Director of the new WHO Collaborating Centre, discussed the challenges of conducting randomized controlled trials during the COVID-19 pandemic, for example on the effectiveness of wearing face masks. He highlighted how lengthy ethical review procedures and the lack of study templates hindered the timely collection of high-quality and comparable data.\nRamona Ludolph, Technical Officer of the WHO PHSM Secretariat, presented WHO’s efforts to promote PHSM research and evidence-informed decision-making, and spoke about how the new WHO Collaborating Center will contribute to advancing the global PHSM agenda. The seminar concluded with a panel discussion on the importance of international collaboration for policy-relevant research, featuring Frode Forland, Norwegian Institute of Public Health and African CDC; Halvor Sommerfelt, University of Bergen; and Tania Schmidt, WHO Regional Office for Europe.\nThe contributions of the WHO Collaborating Centre will be critical to closing persisting evidence gaps on the effe
... [truncated, total 7756 chars]
================================================================================

================================================================================
Article ID: WHO_e310de1326e79a33 | Attempt: 4
Error: Cannot extract valid JSON from response: line 1 column 1 (char 0)
Raw response (7856 chars):
{
"id": "WHO_e310de1326e79a33",
"date_iso": "2024-12-19T00:00:00",
"full_text": "In August 2024, the World Health Organization (WHO) designated the Centre for Epidemic Interventions Research at the Norwegian Institute of Public Health as a WHO Collaborating Center for effectiveness research on public health and social measures (PHSM) for health emergencies.\nThe designation follows a three-year collaboration in strengthening the global evidence base on PHSM, which began with the launch of the WHO Initiative to measure the effectiveness and impact of PHSM during health emergencies in June 2021.\nThe WHO Collaborating Centre was inaugurated at a seminar in Oslo on 25 November 2024 featuring welcome speeches by Ushman A. Mushtaq, State Secretary, Norwegian Ministry of Health and Care Services; Guri Rørtveit, General Director, Norwegian Institute of Public Health; and Mike Ryan, Executive Director, WHO Health Emergencies Programme.\nDuring the seminar, Atle Fretheim, Director of the new WHO Collaborating Centre, discussed the challenges of conducting randomized controlled trials during the COVID-19 pandemic, for example on the effectiveness of wearing face masks. He highlighted how lengthy ethical review procedures and the lack of study templates hindered the timely collection of high-quality and comparable data.\nRamona Ludolph, Technical Officer of the WHO PHSM Secretariat, presented WHO’s efforts to promote PHSM research and evidence-informed decision-making, and spoke about how the new WHO Collaborating Center will contribute to advancing the global PHSM agenda. The seminar concluded with a panel discussion on the importance of international collaboration for policy-relevant research, featuring Frode Forland, Norwegian Institute of Public Health and African CDC; Halvor Sommerfelt, University of Bergen; and Tania Schmidt, WHO Regional Office for Europe.\nThe contributions of the WHO Collaborating Centre will be critical to closing persisting evidence gaps on the effe
... [truncated, total 7856 chars]
================================================================================

================================================================================
Article ID: WHO_e310de1326e79a33 | Attempt: 5
Error: Cannot extract valid JSON from response: line 1 column 1 (char 0)
Raw response (8076 chars):
{
"id": "WHO_e310de1326e79a33",
"date_iso": "2024-12-19T00:00:00",
"full_text": "In August 2024, the World Health Organization (WHO) designated the Centre for Epidemic Interventions Research at the Norwegian Institute of Public Health as a WHO Collaborating Center for effectiveness research on public health and social measures (PHSM) for health emergencies.\nThe designation follows a three-year collaboration in strengthening the global evidence base on PHSM, which began with the launch of the WHO Initiative to measure the effectiveness and impact of PHSM during health emergencies in June 2021.\nThe WHO Collaborating Centre was inaugurated at a seminar in Oslo on 25 November 2024 featuring welcome speeches by Ushman A. Mushtaq, State Secretary, Norwegian Ministry of Health and Care Services; Guri Rørtveit, General Director, Norwegian Institute of Public Health; and Mike Ryan, Executive Director, WHO Health Emergencies Programme.\nDuring the seminar, Atle Fretheim, Director of the new WHO Collaborating Centre, discussed the challenges of conducting randomized controlled trials during the COVID-19 pandemic, for example on the effectiveness of wearing face masks. He highlighted how lengthy ethical review procedures and the lack of study templates hindered the timely collection of high-quality and comparable data.\nRamona Ludolph, Technical Officer of the WHO PHSM Secretariat, presented WHO’s efforts to promote PHSM research and evidence-informed decision-making, and spoke about how the new WHO Collaborating Center will contribute to advancing the global PHSM agenda. The seminar concluded with a panel discussion on the importance of international collaboration for policy-relevant research, featuring Frode Forland, Norwegian Institute of Public Health and African CDC; Halvor Sommerfelt, University of Bergen; and Tania Schmidt, WHO Regional Office for Europe.\nThe contributions of the WHO Collaborating Centre will be critical to closing persisting evidence gaps on the effe
... [truncated, total 8076 chars]
================================================================================

================================================================================
Article ID: WHO_6d2f63c821d4732b | Attempt: 1
Error: Cannot extract valid JSON from response: line 1 column 1 (char 0)
Raw response (10474 chars):
{
"id": "WHO_6d2f63c821d4732b",
"date_iso": "2024-12-16T00:00:00",
"full_text": "Laurence Cibrelus, WHO Lead of the Eliminate Yellow Fever Epidemics (EYE) Strategy Secretariat, discusses how evaluation is an essential strategic tool for advancing the global effort to eliminate yellow fever epidemics.\nQ: What is the EYE Strategy, and what are its main goals?\nThe EYE strategy was developed in response to the 2016 yellow fever crises in Angola and the Democratic Republic of Congo, where two linked outbreaks affected the capital cities. These incidents highlighted the growing risk of urban outbreaks and international spread of yellow fever. In response, more than 30 million people were vaccinated, depleting the global yellow fever vaccine stockpile. Soon after, in 2017-2018, Brazil experienced the largest yellow fever outbreak in the Americas in over 50 years, with active yellow fever virus circulation in coastal areas around major urban centres.\nThese events, alongside lessons from past programmes, informed the creation of the EYE Strategy. The strategy is focused on three main objectives: protecting at-risk populations, preventing international spread, and rapidly containing outbreaks. It is supported by five key enablers, or \"competencies for success\": strong political commitment, robust governance through long-term partnerships, affordable and sustained vaccine supply, synergies with other programmes, and continued research and development for better tools and practices.\nAchieving these ambitious goals requires collaboration among over 50 partners, each contributing to the effort. The leadership of Gavi, UNICEF, and WHO forms the core of this partnership, with governance structured around two main bodies, the leadership group and programme management group, seven implementation groups (three regional offices and four working groups), and a coordination and steering body that leads the active implementation of the strategy, the EYE Secretariat.\nQ: Why did the 
... [truncated, total 10474 chars]
================================================================================

================================================================================
Article ID: WHO_8a93b1879666da4c | Attempt: 1
Error: Schema: Missing claims category: NOT_ENOUGH_INFO
Raw response (7222 chars):
{
"id": "WHO_8a93b1879666da4c",
"date_iso": "2024-12-16T00:00:00",
"full_text": "In this article published by Better Evaluation, Riccardo Polastro, WHO’s Chief Evaluation Officer, explores strategies for fostering a culture where evaluation is embraced as a tool for learning and decision-making rather than merely fulfilling compliance requirements. Drawing on his experience with UNICEF's evaluation functions in East Asia, the Pacific, and Latin America, as well as his current work with the WHO, Polastro identifies five key recommendations for strengthening evaluation systems in diverse organizational contexts.\nEmbed Evaluation to Support Learning and Decision-Making : Polastro highlights the importance of integrating evaluation into organizational processes and building trust among stakeholders. UNICEF’s extensive field presence and adaptive approach enabled the organization to respond to diverse and shifting needs with actionable recommendations. However, this required deliberate efforts to create an environment of trust and to embed evaluation into planning and implementation processes.\nCo-Create a Shared Vision for Evaluation : A collaborative approach, involving stakeholders from senior management to field staff, helps align evaluation efforts with organizational priorities. Polastro describes how UNICEF established clear goals and milestones for evaluations, supported by regional offices providing technical assistance and sharing best practices.\nInvest in Resources for Independent Evaluation : Adequate funding and staffing are critical to effective evaluation. Polastro illustrates how UNICEF expanded evaluation capacities by creating new specialist positions, doubling budgets, and leveraging donor contracts to emphasize evaluation as a strategic priority.\nStrengthen Capacity for Credible and Useful Evaluations : High-quality evaluations require robust methodologies, skilled teams, and engagement with stakeholders throughout the process. Standardized procedu
... [truncated, total 7222 chars]
================================================================================

================================================================================
Article ID: WHO_7565a956e3bdc3f3 | Attempt: 1
Error: Cannot extract valid JSON from response: line 1 column 1 (char 0)
Raw response (9761 chars):
{
"id": "WHO_7565a956e3bdc3f3",
"date_iso": "2024-12-11T00:00:00",
"full_text": "Equitable access to life-saving malaria tools is key to reversing trends\nNew data from the World Health Organization (WHO) reveal that an estimated 2.2 billion cases of malaria and 12.7 million deaths have been averted since 2000, but the disease remains a serious global health threat, particularly in the WHO African Region.\nAccording to WHO’s latest World malaria report , there were an estimated 263 million cases and 597 000 malaria deaths worldwide in 2023. This represents about 11 million more cases in 2023 compared to 2022, and nearly the same number of deaths. Approximately 95% of the deaths occurred in the WHO African Region, where many at risk still lack access to the services they need to prevent, detect and treat the disease.\n“No one should die of malaria; yet the disease continues to disproportionately harm people living in the African region, especially young children and pregnant women,” said Dr Tedros Adhanom Ghebreyesus, WHO Director-General. “An expanded package of lifesaving tools now offers better protection against the disease, but stepped-up investments and action in high-burden African countries are needed to curb the threat.”\nClear progress in many countries\nAs of November 2024, 44 countries and 1 territory had been certified malaria-free by WHO, and many more are steadily progressing towards the goal. Of the 83 malaria-endemic countries, 25 countries now report fewer than 10 cases of malaria a year, an increase from 4 countries in 2000.\nSince 2015, the WHO African Region has also achieved a 16% reduction in its malaria mortality rate. However, the estimated 2023 mortality rate of 52.4 deaths per 100 000 population at risk is still more than double the target level of 23 deaths per 100 000 population set by the Global technical strategy for malaria 2016-2030 , and progress must be accelerated.\nEarlier this year, Ministers of Health from 11 African countries t
... [truncated, total 9761 chars]
================================================================================

================================================================================
Article ID: WHO_d75fbe4f8a2a0982 | Attempt: 1
Error: Cannot extract valid JSON from response: line 1 column 1 (char 0)
Raw response (7936 chars):
{
"id": "WHO_d75fbe4f8a2a0982",
"date_iso": "2024-12-09T00:00:00",
"full_text": "In a bid to accelerate global tobacco control efforts, the World Health Organization (WHO) has convened its third high-level leadership programme, bringing together representatives from 10 countries. Hosted by WHO’s No Tobacco unit within the Department of Health Promotion and in partnership with WHO Regional Offices for Africa, the Eastern Mediterranean and Europe, the two-day event aims to empower country office leaders with the tools and knowledge to drive effective tobacco control policies.\nThe programme, which kicked off today in Lyon, was officially opened by Dr Rüdiger Krech, Director of WHO’s Department of Health Promotion, and Dr Asmus Hammerich, Director of Noncommunicable Diseases and Mental Health for the WHO Eastern Mediterranean Region.\nBuilding leadership capacity for tobacco control\nAhead of the World Conference on Tobacco Control, the executive programme is designed for WHO country representatives to equip them with a deeper understanding of evidence-based policies, strategies and actions to combat tobacco use. The programme also highlighted how these efforts can be leveraged to tackle other noncommunicable disease (NCD) risk factors, such as alcohol consumption and unhealthy diets. As heads of WHO country offices, these representatives play a pivotal role in shaping public health agendas and engaging stakeholders to tackle the growing NCD crisis.\nThe event also emphasized the importance of action outside the health sector, recognizing that tackling tobacco use requires coordinated efforts across government and civil society. Discussions focused on the commercial determinants of health, offering innovative solutions and strategies to counteract the forces driving the global tobacco epidemic.\nGlobal experts drive dialogue and action\nInteractive sessions featured global experts from WHO technical units, partner organizations and academia, including the WHO Framework
... [truncated, total 7936 chars]
================================================================================

================================================================================
Article ID: WHO_f3e701bd6840b9e7 | Attempt: 1
Error: Cannot extract valid JSON from response: line 1 column 1 (char 0)
Raw response (7976 chars):
{
"id": "WHO_f3e701bd6840b9e7",
"date_iso": "2024-12-04T00:00:00",
"full_text": "The World Health Organization (WHO) met with Kenya’s Ministry of Health on 25 November 2024 to discuss preliminary results from the first-ever real-world assessment of the WHO Skin NTDs App, powered by two artificial intelligence (AI)-based algorithms.\nThis study – conducted in collaboration with TDR, the Open University of Catalonia, the Catalan Institute of Health, the Kenya Medical Research Institute (KEMRI) and the University of Bristol – is the first of its kind to simultaneously assess two AI-based algorithms: one developed by Universal Doctor for WHO, focusing on 12 skin-related neglected tropical diseases (skin NTDs); the other developed by Belle.ai, customized at WHO’s request for 24 common skin conditions.\nThe study was carried out across five counties in Kenya, where 40 front-line health workers at the primary healthcare level from the Ministry of Health, collected 605 images of skin lesions from an equal number of patients between June and October 2024.\n“Skin diseases remain a significant public health issue in Kenya, accounting for up to 10–30% of outpatient consultations. Compounding this challenge is the shortage of dermatologists in the country. The WHO Skin NTDs App, powered by AI, is designed to assist healthcare workers in improving disease management”, said Dr Joyce Onsongo, WHO NTD officer in Kenya.\nPreliminary results showed an average sensitivity of approximately 80% for both algorithms when compared with the diagnoses provided by three board-certified dermatologists.\n“Having been able to carry out this study in a relatively short period of time in remote areas is already a big achievement for all those who made the study possible. The results are very encouraging”, said Dr José Antonio Ruiz Postigo, Medical Officer, WHO Global Neglected Tropical Diseases Programme.\nIn addition to assessing the performance of the AI algorithms, the study also gathered compre
... [truncated, total 7976 chars]
================================================================================

================================================================================
Article ID: WHO_5536af114ffa5a5f | Attempt: 1
Error: Cannot extract valid JSON from response: line 1 column 1 (char 0)
Raw response (34633 chars):
{
"id": "WHO_5536af114ffa5a5f",
"date_iso": "2024-12-03T00:00:00",
"full_text": "The fortieth meeting of the Emergency Committee under the International Health Regulations (2005) (IHR) on the international spread of poliovirus was convened by the WHO Director-General on 6 November 2024 with Committee members and advisers meeting via video conference with affected countries, supported by the WHO Secretariat. The Emergency Committee reviewed the data on wild poliovirus (WPV1) and circulating vaccine derived polioviruses (cVDPV) in the context of the global target of interruption and certification of WPV1 eradication by 2027 and interruption and certification of cVDPV2 elimination by 2029. Technical updates were received about the situation in Afghanistan, Cameroon, France, Ghana, Indonesia, Nigeria, occupied Palestinian territory (oPt), Pakistan, Spain and Zimbabwe.\nWild poliovirus\nSince the last Emergency Committee meeting, 51 new WPV1 cases were reported – 17 from Afghanistan and 34 from Pakistan – bringing the total to 62 in 2024. This represents a 283% increase in paralytic cases in Afghanistan and a 550% increase in Pakistan compared to all of 2023. The number of WPV1 positive environmental samples in Pakistan in 2024 is 402 compared to 126 during all of 2023. The number of WPV1 positive environmental samples in Afghanistan in 2024 is 84 compared to 62 in all of 2023.\nThere has been an upward trend of WPV1 detection in Pakistan since mid-2023, initially in the environmental samples and later also in paralytic polio cases, mostly from Khyber Pakhtunkhwa (KP), Sindh and Balochistan provinces. In Afghanistan, there is increased WPV1 detection in the environmental samples and paralytic cases, mainly in the South Region since late 2023. The Committee noted the WPV1 geographic spread in both the endemic countries and that most of the newly infected provinces in 2024 had not reported WPV1 cases in recent years (before 2024). The Committee, however, noted that the mos
... [truncated, total 34633 chars]
================================================================================

================================================================================
Article ID: WHO_5536af114ffa5a5f | Attempt: 2
Error: Cannot extract valid JSON from response: line 1 column 1 (char 0)
Raw response (35135 chars):
{
"id": "WHO_5536af114ffa5a5f",
"date_iso": "2024-12-03T00:00:00",
"full_text": "The fortieth meeting of the Emergency Committee under the International Health Regulations (2005) (IHR) on the international spread of poliovirus was convened by the WHO Director-General on 6 November 2024 with Committee members and advisers meeting via video conference with affected countries, supported by the WHO Secretariat. The Emergency Committee reviewed the data on wild poliovirus (WPV1) and circulating vaccine derived polioviruses (cVDPV) in the context of the global target of interruption and certification of WPV1 eradication by 2027 and interruption and certification of cVDPV2 elimination by 2029. Technical updates were received about the situation in Afghanistan, Cameroon, France, Ghana, Indonesia, Nigeria, occupied Palestinian territory (oPt), Pakistan, Spain and Zimbabwe.\nWild poliovirus\nSince the last Emergency Committee meeting, 51 new WPV1 cases were reported – 17 from Afghanistan and 34 from Pakistan – bringing the total to 62 in 2024. This represents a 283% increase in paralytic cases in Afghanistan and a 550% increase in Pakistan compared to all of 2023. The number of WPV1 positive environmental samples in Pakistan in 2024 is 402 compared to 126 during all of 2023. The number of WPV1 positive environmental samples in Afghanistan in 2024 is 84 compared to 62 in all of 2023.\nThere has been an upward trend of WPV1 detection in Pakistan since mid-2023, initially in the environmental samples and later also in paralytic polio cases, mostly from Khyber Pakhtunkhwa (KP), Sindh and Balochistan provinces. In Afghanistan, there is increased WPV1 detection in the environmental samples and paralytic cases, mainly in the South Region since late 2023. The Committee noted the WPV1 geographic spread in both the endemic countries and that most of the newly infected provinces in 2024 had not reported WPV1 cases in recent years (before 2024). The Committee, however, noted that the mos
... [truncated, total 35135 chars]
================================================================================

================================================================================
Article ID: WHO_5536af114ffa5a5f | Attempt: 3
Error: Cannot extract valid JSON from response: line 1 column 1 (char 0)
Raw response (34434 chars):
{
"id": "WHO_5536af114ffa5a5f",
"date_iso": "2024-12-03T00:00:00",
"full_text": "The fortieth meeting of the Emergency Committee under the International Health Regulations (2005) (IHR) on the international spread of poliovirus was convened by the WHO Director-General on 6 November 2024 with Committee members and advisers meeting via video conference with affected countries, supported by the WHO Secretariat. The Emergency Committee reviewed the data on wild poliovirus (WPV1) and circulating vaccine derived polioviruses (cVDPV) in the context of the global target of interruption and certification of WPV1 eradication by 2027 and interruption and certification of cVDPV2 elimination by 2029. Technical updates were received about the situation in Afghanistan, Cameroon, France, Ghana, Indonesia, Nigeria, occupied Palestinian territory (oPt), Pakistan, Spain and Zimbabwe.\nWild poliovirus\nSince the last Emergency Committee meeting, 51 new WPV1 cases were reported – 17 from Afghanistan and 34 from Pakistan – bringing the total to 62 in 2024. This represents a 283% increase in paralytic cases in Afghanistan and a 550% increase in Pakistan compared to all of 2023. The number of WPV1 positive environmental samples in Pakistan in 2024 is 402 compared to 126 during all of 2023. The number of WPV1 positive environmental samples in Afghanistan in 2024 is 84 compared to 62 in all of 2023.\nThere has been an upward trend of WPV1 detection in Pakistan since mid-2023, initially in the environmental samples and later also in paralytic polio cases, mostly from Khyber Pakhtunkhwa (KP), Sindh and Balochistan provinces. In Afghanistan, there is increased WPV1 detection in the environmental samples and paralytic cases, mainly in the South Region since late 2023. The Committee noted the WPV1 geographic spread in both the endemic countries and that most of the newly infected provinces in 2024 had not reported WPV1 cases in recent years (before 2024). The Committee, however, noted that the mos
... [truncated, total 34434 chars]
================================================================================

================================================================================
Article ID: WHO_7cec675e55cd1e11 | Attempt: 1
Error: Cannot extract valid JSON from response: line 1 column 1 (char 0)
Raw response (14304 chars):
{
"id": "WHO_7cec675e55cd1e11",
"date_iso": "2024-12-03T00:00:00",
"full_text": "Under-Secretary General Christian Saunders,\nAssistant Secretary-General Nassif Palma,\nExcellencies, dear colleagues and friends,\nIt is my pleasure to welcome you to WHO’s annual stakeholder conference for the prevention of, and response to, sexual misconduct.\nIt is heartening to see such an impressive attendance, which demonstrates our collective commitment to “zero tolerance” as not just a slogan, but a daily practice.\nI see sexual misconduct as a betrayal of the people WHO exists to serve. It undermines our lifesaving and life-affirming work.\nIt’s completely unacceptable for WHO or our implementing partners to harm those we serve.\nWe have learned much in the past three years.\nYour support, your experiences and your knowledge have been instrumental in the progress we have made.\nI commend the leadership of the UN Secretary-General’s office, through the work of my friend, USG Christian Saunders and ASG Najla Palma.\nAlong with many cross-agency working groups and task teams, they have catalysed joint action across the entire UN system.\nI thank you for not just your work, but for your willingness to collaborate and co-create.\nReflecting on the last three years, I see that the approach we took at WHO is beginning to have effect.\nAt the time, the media reported that a large number of cases of sexual exploitation and abuse were perpetrated by WHO personnel during the response to the 10 th Ebola outbreak in the Democratic Republic of the Congo. That was a hard moment, and we took it seriously.\nIn fact, later, the Independent Commission that investigated the allegations identified 83 cases, and found that only 23 were related to WHO.\nWe then handed everything over to the UN Office of Internal Oversight Services, which found that nine of the 83 cases were related to the WHO workforce. But for us the numbers didn't matter. There were nine out of 83, but we said that one is too many
... [truncated, total 14304 chars]
================================================================================

================================================================================
Article ID: WHO_a2f4a77c8b59916c | Attempt: 1
Error: Cannot extract valid JSON from response: line 1 column 1 (char 0)
Raw response (34580 chars):
{
"id": "WHO_a2f4a77c8b59916c",
"date_iso": "2024-11-28T00:00:00",
"full_text": "The Director-General of the World Health Organization (WHO) is hereby transmitting the report of the second meeting of the International Health Regulations (2005) (IHR) Emergency Committee (Committee) regarding the upsurge of mpox 2024 , held on Friday 22 November 2024, from 12:00 to 17:00 CET.\nNotwithstanding some progress towards controlling the spread of mpox resulting from national and international response efforts, the Committee noted the rising number and continuing geographic spread of mpox cases, especially those due to monkeypox virus clade Ib infection; the operational challenges in the field in need of stronger national commitments; as well as the need to mount and sustain a cohesive response across countries and partners. The Committee advised that the event continues to meet the criteria of a public health emergency of international concern (PHEIC) and provided its views regarding the proposed temporary recommendations.\nThe WHO Director-General expresses his most sincere gratitude to the Chair, Members, and Advisors of the Committee. The WHO Director-General concurs with the advice of the Committee that the event continues to constitute a PHEIC for the reasons detailed in the proceedings of the meeting below, and issues revised temporary recommendations in relation to this PHEIC, which are presented at the end of this document.\nProceedings of the meeting\nSixteen (16) Members of, and two Advisors to, the International Health Regulations (2005) (IHR) Emergency Committee (Committee) were convened by teleconference, via Zoom, on Friday, 22 November 2024, from 12:00 to 17:00 CET. Thirteen (13) of the 16 Committee Members, and one of the two Advisors to the Committee participated in the meeting.\nThe Director-General of the World Health Organization (WHO) delegated the WHO Deputy Director-General to welcome the Committee Members and Advisors, and invited Government Officials
... [truncated, total 34580 chars]
================================================================================

================================================================================
Article ID: WHO_a2f4a77c8b59916c | Attempt: 2
Error: Cannot extract valid JSON from response: line 1 column 1 (char 0)
Raw response (35134 chars):
{
"id": "WHO_a2f4a77c8b59916c",
"date_iso": "2024-11-28T00:00:00",
"full_text": "The Director-General of the World Health Organization (WHO) is hereby transmitting the report of the second meeting of the International Health Regulations (2005) (IHR) Emergency Committee (Committee) regarding the upsurge of mpox 2024 , held on Friday 22 November 2024, from 12:00 to 17:00 CET.\nNotwithstanding some progress towards controlling the spread of mpox resulting from national and international response efforts, the Committee noted the rising number and continuing geographic spread of mpox cases, especially those due to monkeypox virus clade Ib infection; the operational challenges in the field in need of stronger national commitments; as well as the need to mount and sustain a cohesive response across countries and partners. The Committee advised that the event continues to meet the criteria of a public health emergency of international concern (PHEIC) and provided its views regarding the proposed temporary recommendations.\nThe WHO Director-General expresses his most sincere gratitude to the Chair, Members, and Advisors of the Committee. The WHO Director-General concurs with the advice of the Committee that the event continues to constitute a PHEIC for the reasons detailed in the proceedings of the meeting below, and issues revised temporary recommendations in relation to this PHEIC, which are presented at the end of this document.\nProceedings of the meeting\nSixteen (16) Members of, and two Advisors to, the International Health Regulations (2005) (IHR) Emergency Committee (Committee) were convened by teleconference, via Zoom, on Friday, 22 November 2024, from 12:00 to 17:00 CET. Thirteen (13) of the 16 Committee Members, and one of the two Advisors to the Committee participated in the meeting.\nThe Director-General of the World Health Organization (WHO) delegated the WHO Deputy Director-General to welcome the Committee Members and Advisors, and invited Government Officials
... [truncated, total 35134 chars]
================================================================================

================================================================================
Article ID: WHO_a2f4a77c8b59916c | Attempt: 3
Error: Cannot extract valid JSON from response: line 1 column 1 (char 0)
Raw response (35202 chars):
{
"id": "WHO_a2f4a77c8b59916c",
"date_iso": "2024-11-28T00:00:00",
"full_text": "The Director-General of the World Health Organization (WHO) is hereby transmitting the report of the second meeting of the International Health Regulations (2005) (IHR) Emergency Committee (Committee) regarding the upsurge of mpox 2024 , held on Friday 22 November 2024, from 12:00 to 17:00 CET.\nNotwithstanding some progress towards controlling the spread of mpox resulting from national and international response efforts, the Committee noted the rising number and continuing geographic spread of mpox cases, especially those due to monkeypox virus clade Ib infection; the operational challenges in the field in need of stronger national commitments; as well as the need to mount and sustain a cohesive response across countries and partners. The Committee advised that the event continues to meet the criteria of a public health emergency of international concern (PHEIC) and provided its views regarding the proposed temporary recommendations.\nThe WHO Director-General expresses his most sincere gratitude to the Chair, Members, and Advisors of the Committee. The WHO Director-General concurs with the advice of the Committee that the event continues to constitute a PHEIC for the reasons detailed in the proceedings of the meeting below, and issues revised temporary recommendations in relation to this PHEIC, which are presented at the end of this document.\nProceedings of the meeting\nSixteen (16) Members of, and two Advisors to, the International Health Regulations (2005) (IHR) Emergency Committee (Committee) were convened by teleconference, via Zoom, on Friday, 22 November 2024, from 12:00 to 17:00 CET. Thirteen (13) of the 16 Committee Members, and one of the two Advisors to the Committee participated in the meeting.\nThe Director-General of the World Health Organization (WHO) delegated the WHO Deputy Director-General to welcome the Committee Members and Advisors, and invited Government Officials
... [truncated, total 35202 chars]
================================================================================

================================================================================
Article ID: WHO_128d8020312377b2 | Attempt: 1
Error: Cannot extract valid JSON from response: line 1 column 1 (char 0)
Raw response (8454 chars):
{
"id": "WHO_128d8020312377b2",
"date_iso": "2024-11-26T00:00:00",
"full_text": "The first WHO Expert Group Meeting on the Development of an International Herbal Pharmacopoeia (IHP) was held from 5–7 November 2024 in Hong Kong Special Administrative Region (SAR), China. The meeting was attended by representatives from all World Health Organization (WHO) regions and the Director of the Department of Health of the Government of the Hong Kong SAR.\nMember States have repeatedly reiterated their desire for a WHO International Herbal Pharmacopoeia (IHP) to support making quality traditional medicine interventions accessible. A pharmacopoeia is a collection of standards and quality specifications for medicines used in a country or region. Such a resource can then be used to or referenced in national legislation, helping to ensure the quality and safety of medicines within their respective jurisdictions. The WHO IHP is envisioned to foster the harmonization and convergence of available pharmacopoeial standards, increasing access to affordable, safe and quality-assured herbs.\nIn the wake of the COVID-19 pandemic, there has been an increased need to explore potential interventions in traditional medicine systems as either adjuvant or stand-alone therapies to alleviate human ailments. During the Istanbul meeting of the International Regulatory Cooperation for Herbal Medicines in April 2024 and the International Conference of Drug Regulatory Authorities in New Delhi in October 2024, Member States reiterated the necessity of formulating the IHP.\nDr Ronald Lam, Director of Health of Hong Kong SAR, commended WHO’s initiative to create a pharmacopoeial accord for herb standards, which would guide Member States in enhancing the quality of traditional medicine products. He pledged his full support for this important scientific initiative.\nDr Rudi Eggers, WHO Director of Integrated Health Services, emphasized the need for a WHO IHP to assist Member States in ensuring the quality o
... [truncated, total 8454 chars]
================================================================================

================================================================================
Article ID: WHO_128d8020312377b2 | Attempt: 2
Error: Cannot extract valid JSON from response: line 1 column 1 (char 0)
Raw response (8410 chars):
{
"id": "WHO_128d8020312377b2",
"date_iso": "2024-11-26T00:00:00",
"full_text": "The first WHO Expert Group Meeting on the Development of an International Herbal Pharmacopoeia (IHP) was held from 5–7 November 2024 in Hong Kong Special Administrative Region (SAR), China. The meeting was attended by representatives from all World Health Organization (WHO) regions and the Director of the Department of Health of the Government of the Hong Kong SAR.\nMember States have repeatedly reiterated their desire for a WHO International Herbal Pharmacopoeia (IHP) to support making quality traditional medicine interventions accessible. A pharmacopoeia is a collection of standards and quality specifications for medicines used in a country or region. Such a resource can then be used to or referenced in national legislation, helping to ensure the quality and safety of medicines within their respective jurisdictions. The WHO IHP is envisioned to foster the harmonization and convergence of available pharmacopoeial standards, increasing access to affordable, safe and quality-assured herbs.\nIn the wake of the COVID-19 pandemic, there has been an increased need to explore potential interventions in traditional medicine systems as either adjuvant or stand-alone therapies to alleviate human ailments. During the Istanbul meeting of the International Regulatory Cooperation for Herbal Medicines in April 2024 and the International Conference of Drug Regulatory Authorities in New Delhi in October 2024, Member States reiterated the necessity of formulating the IHP.\nDr Ronald Lam, Director of Health of Hong Kong SAR, commended WHO’s initiative to create a pharmacopoeial accord for herb standards, which would guide Member States in enhancing the quality of traditional medicine products. He pledged his full support for this important scientific initiative.\nDr Rudi Eggers, WHO Director of Integrated Health Services, emphasized the need for a WHO IHP to assist Member States in ensuring the quality o
... [truncated, total 8410 chars]
================================================================================

================================================================================
Article ID: WHO_128d8020312377b2 | Attempt: 3
Error: Cannot extract valid JSON from response: line 1 column 1 (char 0)
Raw response (8458 chars):
{
"id": "WHO_128d8020312377b2",
"date_iso": "2024-11-26T00:00:00",
"full_text": "The first WHO Expert Group Meeting on the Development of an International Herbal Pharmacopoeia (IHP) was held from 5–7 November 2024 in Hong Kong Special Administrative Region (SAR), China. The meeting was attended by representatives from all World Health Organization (WHO) regions and the Director of the Department of Health of the Government of the Hong Kong SAR.\nMember States have repeatedly reiterated their desire for a WHO International Herbal Pharmacopoeia (IHP) to support making quality traditional medicine interventions accessible. A pharmacopoeia is a collection of standards and quality specifications for medicines used in a country or region. Such a resource can then be used to or referenced in national legislation, helping to ensure the quality and safety of medicines within their respective jurisdictions. The WHO IHP is envisioned to foster the harmonization and convergence of available pharmacopoeial standards, increasing access to affordable, safe and quality-assured herbs.\nIn the wake of the COVID-19 pandemic, there has been an increased need to explore potential interventions in traditional medicine systems as either adjuvant or stand-alone therapies to alleviate human ailments. During the Istanbul meeting of the International Regulatory Cooperation for Herbal Medicines in April 2024 and the International Conference of Drug Regulatory Authorities in New Delhi in October 2024, Member States reiterated the necessity of formulating the IHP.\nDr Ronald Lam, Director of Health of Hong Kong SAR, commended WHO’s initiative to create a pharmacopoeial accord for herb standards, which would guide Member States in enhancing the quality of traditional medicine products. He pledged his full support for this important scientific initiative.\nDr Rudi Eggers, WHO Director of Integrated Health Services, emphasized the need for a WHO IHP to assist Member States in ensuring the quality o
... [truncated, total 8458 chars]
================================================================================

================================================================================
Article ID: WHO_a6195b3fc2191653 | Attempt: 1
Error: Cannot extract valid JSON from response: line 1 column 1 (char 0)
Raw response (8350 chars):
{
"id": "WHO_a6195b3fc2191653",
"date_iso": "2024-11-25T00:00:00",
"full_text": "Delegations from over 110 countries are coming together to produce national roadmaps and negotiate a joint declaration on oral health at the first-ever global oral health meeting organized by the World Health Organization (WHO). The declaration is expected to outline collective commitments from Member States to accelerate the implementation of the Global strategy and action plan on oral health 2023–2030 .\nOral diseases are the most common noncommunicable diseases (NCDs) worldwide, affecting an estimated 3.5 billion people. Oral health is often misunderstood as just dental health, overlooking its broader importance. Oral diseases include dental caries or cavities, gum disease, tooth loss, oral cancer, noma and birth defects, affecting the mouth, teeth and facial structures that are essential for eating, breathing and speaking.\n\"Oral health is an important part of well-being, yet millions of people lack access to the services they need to protect and promote their oral health,” said Dr Tedros Adhanom Ghebreyesus, WHO Director-General. “WHO calls on all countries to prioritize prevention and expand access to affordable oral health services as part of their journey towards universal health coverage.”\nThis groundbreaking event, hosted by the Government of the Kingdom of Thailand, is part of the preparatory process for the fourth UN High-Level Meeting on NCDs (4 th UN HLM on NCDs) in 2025. It aims to accelerate progress towards UHC, reaffirm political commitments made by Member States, and promote the implementation of the Global strategy and action plan on oral health 2023–2030 .\n“Oral health is a crucial aspect of overall health, and Thailand is proud to host this landmark global meeting,” said H.E. Mr Somsak Thepsutin, Minister of Public Health in Thailand. “Our commitment to universal health coverage includes ensuring that all citizens have access to quality oral health services and 
... [truncated, total 8350 chars]
================================================================================

================================================================================
Article ID: WHO_994507c4bf102a13 | Attempt: 1
Error: Cannot extract valid JSON from response: line 1 column 1 (char 0)
Raw response (9399 chars):
{
"id": "WHO_994507c4bf102a13",
"date_iso": "2024-11-25T00:00:00",
"full_text": "Excellencies, dear colleagues and friends,\nGood morning, good afternoon and good evening to all Member States, and thank you for joining us once again.\nIn just three weeks’ time, on the 17th of December, I will join His Excellency President Emmanuel Macron in Lyon to formally open the WHO Academy.\nThis ceremony, which will be livestreamed, is the culmination of a journey that began seven years ago.\nIn 2017, shortly after my election as Director-General, we set about transforming WHO into an organization that was more responsive to the needs of countries, and more effective in meeting those needs.\nOur Transformation – which is ongoing – has included major changes to our strategy, operating model, processes, financing, partnerships, culture and workforce.\nThe WHO Academy belongs to this final pillar of the Transformation – it aims to build the capacities of our own workforce, but also that of Member States.\nWhen we ask our Member States and our own workforce what they need, the consistent answer is training and capacity building.\nWhile WHO has had programmes to support capacity building before, it has never been institutionalised or implemented at scale.\nThat is what the WHO Academy is about: delivering lifelong learning and capacity building at the scale that Member States and the WHO workforce need for health impact globally.\nOur vision is simple yet powerful: a world where every health and care worker, policymaker, and WHO team member is equipped with the skills and competencies they need to achieve health for all.\nThe COVID-19 pandemic reminded us of the incredible value of health workers, but it also exposed critical gaps in the global health workforce.\nCurrently, the world is facing a shortage estimated at 10 million workers.\nDelivering lifelong learning to health workers is a way to bridge that gap, enhance the quality of care, and to incorporate the latest scientific 
... [truncated, total 9399 chars]
================================================================================

================================================================================
Article ID: WHO_f942830669df6d6a | Attempt: 1
Error: Cannot extract valid JSON from response: line 1 column 1 (char 0)
Raw response (22241 chars):
{
"id": "WHO_f942830669df6d6a",
"date_iso": "2024-11-22T00:00:00",
"full_text": "As the World Antimicrobial resistance (AMR) Awareness Week is underway, we present the progress to date with a summary of key developments since 2015, snapshots of country success stories that exemplify how critical the role of partners and donors is. We also look ahead to the way forward, based on the commitments agreed during 2024 - a monumental year for AMR.\nAntimicrobial resistance is one of the most critical global health threats we face today. It affects humans, animals and plants, and occurs when bacteria, viruses, fungi and parasites no longer respond to antimicrobial medicines. In humans, AMR leads to infections that become difficult or even impossible to treat, increasing the risk of disease spread, severe illness, disability and death. Today, AMR is associated with about 5 million deaths per year, a figure projected to increase in the coming decades.\nIn 2015, a Global Action Plan (GAP) on AMR was adopted by the World Health Assembly (WHA) to ensure that infectious diseases could still be treated with quality-assured, safe and effective medicines. The GAP has driven subsequent progress, which has only been possible because of donor contributions to WHO’s AMR initiatives.\nBy 2024, the foundations of the global response were laid as many countries are taking the lead: 170 have developed an AMR National Action Plan (NAP) spanning the health, environmental, animal and agrifood sectors. 67% are currently implementing their NAPs, according to the Tracking AMR Country Self-assessment Survey (TrACSS). Results from the Global AMR and Use Surveillance System (GLASS) also indicated that 92 and 74 countries are now submitting data on AMR and antimicrobial use, respectively.\nWHO has been keeping AMR high on global health and political agendas. In May 2024, the 77th World Health Assembly approved a resolution on the strategic and operational priorities for the next 10 years, underpinned
... [truncated, total 22241 chars]
================================================================================

================================================================================
Article ID: WHO_2651447ea377499c | Attempt: 1
Error: Cannot extract valid JSON from response: line 1 column 1 (char 0)
Raw response (7305 chars):
{
"id": "WHO_2651447ea377499c",
"date_iso": "2024-11-19T00:00:00",
"full_text": "G20 leaders in Brazil have highlighted their interest in traditional medicine in the outcome statement of the 2024 G20 Rio leadership summit . \"We recognize the potential of evidence-based traditional and complementary medicine,\" they wrote .\nThe G20 leaders’ declaration takes forward the G20 health ministerial declaration of 31 October. In that statement, G20 health ministers wrote: \"We reaffirm our commitment to multidisciplinary and collaborative action, including science-based solutions, taking into account the potential role of evidence-based traditional and complementary medicine, considering WHO guidelines.\"\nThe G20 statements demonstrate continuing global momentum for traditional medicine, taking forward the 2023 G20 statement, issued under the presidency of India. The 2023 G20 statement introduced the topic of traditional medicine for only the second time at the G20, following a brief reference in 2018 under the Argentinian presidency.\nIn September, the G20 launched a new G20 Initiative on Bioeconomy , which underlined the role of traditional knowledge in 10 voluntary non-binding high-level principles on bioeconomy activities, including to:\n\"contribute to the conservation of biodiversity, the sustainable use of its components and the fair and equitable sharing of benefits arising from the utilization of genetic resources and associated traditional knowledge, subject to national laws and in line with applicable international agreements and instruments,\" and\npromote \"safe, secure and responsible use of science, technology, innovation and traditional knowledge, with potential benefits, risks and impacts assessed scientifically.\"\nIn adopting these bioeconomy principles, G20 leaders will continue these discussions through the next presidency, to be led by the Republic of South Africa in 2025.\nThe WHO Global Traditional Medicine Centre (GTMC) is a staunch advocate for 
... [truncated, total 7305 chars]
================================================================================

================================================================================
Article ID: WHO_d2d589861c47df7e | Attempt: 1
Error: Cannot extract valid JSON from response: line 1 column 1 (char 0)
Raw response (10137 chars):
{
"id": "WHO_d2d589861c47df7e",
"date_iso": "2024-11-14T00:00:00",
"full_text": "Since the launch of the Global Health Emergency Corps (GHEC) in May 2023, WHO, ministries of health and partners have worked to consolidate a vision of an interoperable and globally connected health emergency workforce that can work together on health emergencies. GHEC will enable countries to strengthen their emergency workforce capacities, streamline coordination mechanisms during response efforts and ultimately save lives.\nTo foster broadened ownership of GHEC, WHO is now rolling out implementation guidance that can be adapted and used at national, regional and global levels. WHO gathered country representatives and partners, from 30 October–1 November 2024, to test the design of the Global Health Emergency Corps through a scenario-based exercise and to discuss concrete steps for implementation.\nMinistry of Health representatives from Brazil, Mozambique and Qatar who participated in the GHEC design workshop reiterated the value of the initiative and shared outcomes they foresee.\nAssessing and strengthening emergency workforce capacities. Through GHEC, countries can assess, structure and invest in their national health emergency corps. Dr Soha Al-Bayat, Director of Health Emergency, Ministry of Public Health, Qatar, said, “For countries with robust health security systems, like Qatar, the Global Health Emergency Corps enables us to confirm that we are on the right track and is an eye-opener to workforce-related gaps that exist. Additionally, for other countries in the region who are just starting to build health emergency workforce capacities, GHEC will serve as a tool that they can leverage to secure pollical buy-in to implement the initiative.”\nEnabling coordination mechanisms across surge networks. GHEC also outlines modalities for collaboration and support between countries and partners. Pre-established and tested coordination mechanisms are critical during an emergency respon
... [truncated, total 10137 chars]
================================================================================

================================================================================
Article ID: WHO_8fed28763f7d7b8b | Attempt: 1
Error: Cannot extract valid JSON from response: line 1 column 1 (char 0)
Raw response (9597 chars):
{
"id": "WHO_8fed28763f7d7b8b",
"date_iso": "2024-11-14T00:00:00",
"full_text": "In 2021, the Kingdom of Saudi Arabia (Saudi Arabia) faced a significant public health challenge: Central line-associated bloodstream infections (CLABSI) were alarmingly prevalent, particularly in adult intensive care units (ICUs). Through a comprehensive initiative led by the Ministry of Health and involving facility managers and clinicians Saudi Arabia has seen a reduction of 48.8% in the occurrence of CLABSI compared to 2021.\nThe initiative: strategic actions for change\nPoor practice in the insertion, maintenance and removal of central catheters can result in germs being introduced to a patient’s bloodstream, leading to infection. CLABSI can lead to severe sepsis, partly because people who receive treatment from catheters are often already ill and therefore particularly vulnerable to infection. This not only causes harm and suffering to patients but also increases health care costs and prolongs hospital stays. Recognizing the urgent need for action, the Ministry of Health (MoH) decided to spearhead a national initiative to tackle the issue.\nLaunching the initiative\nIn 2022, the MoH, in collaboration with various stakeholders including the General Directorate of Infection Prevention and Control (GDIPC), Public Health Authority (Weqaya), and the Ministry of Defence Health Services, launched a comprehensive initiative. The objective was to reduce CLABSI rates in all hospitals with adult medical and surgical ICUs, encompassing both public and private facilities.\nStrategic planning and implementation\nA task force was established to guide the initiative, including active participation from all levels, from the MOH, the regional health authorities and infection prevention and control (IPC) professionals and clinicians from the involved facilities. Initial assessments of CLABSI rates nationwide revealed critical areas needing immediate attention. Further detailed analysis identified two
... [truncated, total 9597 chars]
================================================================================

================================================================================
Article ID: WHO_89d78f1ae6270a66 | Attempt: 1
Error: Cannot extract valid JSON from response: line 1 column 1 (char 0)
Raw response (10181 chars):
{
"id": "WHO_89d78f1ae6270a66",
"date_iso": "2024-11-12T00:00:00",
"full_text": "As part of its commitment to the global initiative to build stronger primary health care and health systems resilience, the Islamic Development Bank (IsDB) announced today an important grant allocation of US$ 10 million to WHO to implement the Health Impact Investment Platform (HIIP).\nThis significant contribution, signed on the sidelines of the UN Climate Change Conference (COP29) held in Baku, on 12 November 2024, marks a crucial step towards operationalizing our commitment to climate and health in low- and middle-income countries.\nThe HIIP represents a groundbreaking collaboration among Multilateral Development Banks (MDBs), WHO, and countries in need of robust health and climate solutions. This initiative focuses on the investment in essential, climate and crisis-resilient primary health care services and systems. It aims to reinforce the health system, especially in low- and middle-income countries and in underserved communities, ultimately aiming to foster resilience against emerging health threats and climate challenges.\nThe US$ 10 million grant from IsDB will specifically support the technical assistance that WHO provides to countries around the world to assess investment needs and to design the most impactful health projects. These projects will serve as the foundation for co-investment by the MDBs, ensuring that resources are directed toward areas with the greatest potential for positive health outcomes.\nAmongst WHO’s priorities for the next four years, as stated in its Fourteenth General Programme of Work, is to strengthen climate resilience, through the development and implementation of national adaptation plans for climate change, and make 10 000 health facilities fully functional, including with solar electrification.\nIn addition to the grant, IsDB's contribution is projected to unlock at least US$ 500 million in health investments across the region. This collective g
... [truncated, total 10181 chars]
================================================================================

================================================================================
Article ID: WHO_3bf4ff873d68179c | Attempt: 1
Error: Cannot extract valid JSON from response: line 1 column 1 (char 0)
Raw response (6774 chars):
{
"id": "WHO_3bf4ff873d68179c",
"date_iso": "2024-11-11T00:00:00",
"full_text": "WHO is pleased to announce the theme for the 2025 World No Tobacco Day (WNTD) campaign: “Unmasking the Appeal: Exposing Industry Tactics on Tobacco and Nicotine Products.” This year, the campaign will focus on revealing the tactics that the tobacco and nicotine industries use to make their harmful products seem attractive.\nWhy this theme?\nOne of the primary public health challenges today is the attractiveness of tobacco, nicotine, and related products, particularly to young audiences. The industry consistently tries to find ways to make these products appealing, adding flavours and other agents that change their smell, taste, or appearance. These additives are designed to mask the harshness of tobacco, thereby increasing its palatability, particularly among young people. Other tactics include:\nGlamorized marketing: Sleek designs, attractive colours, and alluring flavours are strategically used to attract a younger demographic, including through digital media channels.\nDeceptive designs: Some products mimic sweets, candies, and even cartoon characters—items children naturally find appealing.\nCoolants and additives: These can make the experience smoother, increasing the likelihood of continued use and reducing the chance of quitting.\nThese tactics can contribute to early initiation of smoking or nicotine use, with potential lifelong addiction and health consequences. By making these products more attractive, the industry not only boosts their immediate consumer base but also makes quitting harder, prolonging exposure to harmful substances.\nGoals of the 2025 WNTD campaign\nOur 2025 WNTD campaign aims to:\nRaise awareness: Inform the public on how industry tactics manipulate the appearance and appeal of tobacco and nicotine products.\nAdvocate for policy change : measures to ban flavours and additives that make these products more appealing; complete bans on tobacco advertising, prom
... [truncated, total 6774 chars]
================================================================================

================================================================================
Article ID: WHO_9dcad1f1c32ac9b8 | Attempt: 1
Error: Cannot extract valid JSON from response: line 1 column 1 (char 0)
Raw response (15544 chars):
{
"id": "WHO_9dcad1f1c32ac9b8",
"date_iso": "2024-11-07T00:00:00",
"full_text": "Ahead of the 2024 UN Climate Change Conference in Baku (COP29), the World Health Organization (WHO) calls for an end to reliance on fossil fuels and advocates for people-centred adaptation and resilience.\nLaunching the COP29 special report on climate and health and a technical guidance on Healthy Nationally Determined Contributions , WHO urges world leaders at COP29 to abandon the siloed approach to addressing climate change and health. It stresses the importance of positioning health at the core of all climate negotiations, strategies, policies and action plans, to save lives and secure healthier futures for present and future generations.\n“The climate crisis is a health crisis, which makes prioritizing health and well-being in climate action not only a moral and legal imperative, but a strategic opportunity to unlock transformative health benefits for a more just and equitable future,” said Dr Tedros Adhanom Ghebreyesus, WHO Director-General. “COP29 is a crucial opportunity for global leaders to integrate health considerations into strategies for adapting to and mitigating climate change. WHO is supporting this work with practical guidelines and support for countries.”\nBold health argument for climate action\nDeveloped by WHO in collaboration with over 100 organizations and 300 experts, the COP29 special report on climate change and health identifies critical policies across three integrated dimensions – people, place and planet. The report outlines key actions aiming to protect all people, particularly the estimated 3.6 billion people who live in areas which are most susceptible to climate change.\nThe report underlines the importance of the governance that integrates health in climate policy-making – and climate in health policy-making – being essential for progress. The report’s top recommendations include:\nmake human health and well-being the top measure of climate success to 
... [truncated, total 15544 chars]
================================================================================

================================================================================
Article ID: WHO_12377e27bd8f9547 | Attempt: 1
Error: Cannot extract valid JSON from response: line 1 column 1 (char 0)
Raw response (9657 chars):
{
"id": "WHO_12377e27bd8f9547",
"date_iso": "2024-11-06T00:00:00",
"full_text": "The second round of the polio vaccination campaign in the Gaza Strip was completed yesterday, with an overall 556 774 children under the age of 10 being vaccinated with a second dose of polio vaccine, and 448 425 children between 2- to 10-years-old receiving vitamin A, following the three phases conducted in the last weeks.\nAdministrative data confirm around 94% of the target population of 591 714 children under the age of 10 years received a second dose of nOPV2 across the Gaza Strip, which is a remarkable achievement given the extremely difficult circumstances the campaign was executed under. The campaign achieved 103% and 91% coverage in central and southern Gaza, respectively. However, in northern Gaza, where the campaign was compromised due to lack of access, approximately 88% coverage was achieved according to preliminary data. An estimated 7000-10 000 children in inaccessible areas like Jabalia, Beit Lahiya and Beit Hanoun remain unvaccinated and vulnerable to the poliovirus. This also increases the risk of further spread of poliovirus in the Gaza Strip and neighbouring countries.\nThe end of this second round concludes the polio vaccination campaign launched in September 2024. This round also took place in three phases across central, south and northern Gaza under area-specific humanitarian pauses. While the first two phases proceeded as planned, the third phase in northern Gaza had to be temporarily postponed on 23 October because of intense bombardments, mass displacements, lack of assured humanitarian pauses and access.\nAfter careful assessment of the situation by the technical committee, comprising the Palestinian Ministry of Health, World Health Organization (WHO), United Nations Children’s Fund (UNICEF), and the United Nations Relief and Works Agency for Palestine Refugees (UNRWA), the campaign resumed on 2 November. However, the area under the assured humanitarian pause
... [truncated, total 9657 chars]
================================================================================

================================================================================
Article ID: WHO_25e7a38e817d1c8b | Attempt: 1
Error: Cannot extract valid JSON from response: line 1 column 1 (char 0)
Raw response (11662 chars):
{
"id": "WHO_25e7a38e817d1c8b",
"date_iso": "2024-11-01T00:00:00",
"full_text": "The Quadripartite collaboration on One Health – comprising the Food and Agriculture Organization of the United Nations (FAO), the UN Environment Programme (UNEP), the World Health Organization (WHO), and the World Organisation for Animal Health (WOAH) – co-organized the G20 High-Level Meeting on One Health on 30 October 2024. This event featured a panel discussion titled \"Creating an Enabling Environment for One Health Implementation,\" emphasizing the critical need for robust governance and multisectoral coordination to advance the One Health approach, supported by real-life examples from various countries.\nThe One Health approach is essential for achieving optimal health outcomes by integrating efforts across human, animal, plant, and environmental health. Building on the advocacy efforts during the G20 presidencies of Indonesia (2022) and India (2023), Brazil's leadership in 2024 reaffirms the importance of maintaining momentum in One Health implementation and calls on G20 countries to strengthen their commitments.\nThe panel discussion aimed to foster dialogue and create an enabling environment for One Health at global, regional, and national levels. It highlighted the necessity of effective governance, multisectoral coordination, legal frameworks, political commitment, and sustainable financing to tackle global health challenges. Ministerial speakers from G20 countries shared valuable insights and experiences, facilitating knowledge exchange to identify collaborative efforts that can enhance impact. Engaging high-level leaders reinforced the commitment of G20 nations to advance One Health implementation and laid the groundwork for future collaboration.\n“In Brazil, we launched the Interinstitutional Technical Committee for One Health, with the aim to establish a national plan for this subject. This is one of our priority agendas at the G20. We must prepare our countries for the c
... [truncated, total 11662 chars]
================================================================================

================================================================================
Article ID: WHO_25e7a38e817d1c8b | Attempt: 2
Error: Cannot extract valid JSON from response: line 1 column 1 (char 0)
Raw response (11863 chars):
{
"id": "WHO_25e7a38e817d1c8b",
"date_iso": "2024-11-01T00:00:00",
"full_text": "The Quadripartite collaboration on One Health – comprising the Food and Agriculture Organization of the United Nations (FAO), the UN Environment Programme (UNEP), the World Health Organization (WHO), and the World Organisation for Animal Health (WOAH) – co-organized the G20 High-Level Meeting on One Health on 30 October 2024. This event featured a panel discussion titled \"Creating an Enabling Environment for One Health Implementation,\" emphasizing the critical need for robust governance and multisectoral coordination to advance the One Health approach, supported by real-life examples from various countries.\nThe One Health approach is essential for achieving optimal health outcomes by integrating efforts across human, animal, plant, and environmental health. Building on the advocacy efforts during the G20 presidencies of Indonesia (2022) and India (2023), Brazil's leadership in 2024 reaffirms the importance of maintaining momentum in One Health implementation and calls on G20 countries to strengthen their commitments.\nThe panel discussion aimed to foster dialogue and create an enabling environment for One Health at global, regional, and national levels. It highlighted the necessity of effective governance, multisectoral coordination, legal frameworks, political commitment, and sustainable financing to tackle global health challenges. Ministerial speakers from G20 countries shared valuable insights and experiences, facilitating knowledge exchange to identify collaborative efforts that can enhance impact. Engaging high-level leaders reinforced the commitment of G20 nations to advance One Health implementation and laid the groundwork for future collaboration.\n“In Brazil, we launched the Interinstitutional Technical Committee for One Health, with the aim to establish a national plan for this subject. This is one of our priority agendas at the G20. We must prepare our countries for the c
... [truncated, total 11863 chars]
================================================================================

================================================================================
Article ID: WHO_25e7a38e817d1c8b | Attempt: 3
Error: Cannot extract valid JSON from response: line 1 column 1 (char 0)
Raw response (11528 chars):
{
"id": "WHO_25e7a38e817d1c8b",
"date_iso": "2024-11-01T00:00:00",
"full_text": "The Quadripartite collaboration on One Health – comprising the Food and Agriculture Organization of the United Nations (FAO), the UN Environment Programme (UNEP), the World Health Organization (WHO), and the World Organisation for Animal Health (WOAH) – co-organized the G20 High-Level Meeting on One Health on 30 October 2024. This event featured a panel discussion titled \"Creating an Enabling Environment for One Health Implementation,\" emphasizing the critical need for robust governance and multisectoral coordination to advance the One Health approach, supported by real-life examples from various countries.\nThe One Health approach is essential for achieving optimal health outcomes by integrating efforts across human, animal, plant, and environmental health. Building on the advocacy efforts during the G20 presidencies of Indonesia (2022) and India (2023), Brazil's leadership in 2024 reaffirms the importance of maintaining momentum in One Health implementation and calls on G20 countries to strengthen their commitments.\nThe panel discussion aimed to foster dialogue and create an enabling environment for One Health at global, regional, and national levels. It highlighted the necessity of effective governance, multisectoral coordination, legal frameworks, political commitment, and sustainable financing to tackle global health challenges. Ministerial speakers from G20 countries shared valuable insights and experiences, facilitating knowledge exchange to identify collaborative efforts that can enhance impact. Engaging high-level leaders reinforced the commitment of G20 nations to advance One Health implementation and laid the groundwork for future collaboration.\n“In Brazil, we launched the Interinstitutional Technical Committee for One Health, with the aim to establish a national plan for this subject. This is one of our priority agendas at the G20. We must prepare our countries for the c
... [truncated, total 11528 chars]
================================================================================

================================================================================
Article ID: WHO_25e7a38e817d1c8b | Attempt: 4
Error: Cannot extract valid JSON from response: line 1 column 1 (char 0)
Raw response (11758 chars):
{
"id": "WHO_25e7a38e817d1c8b",
"date_iso": "2024-11-01T00:00:00",
"full_text": "The Quadripartite collaboration on One Health – comprising the Food and Agriculture Organization of the United Nations (FAO), the UN Environment Programme (UNEP), the World Health Organization (WHO), and the World Organisation for Animal Health (WOAH) – co-organized the G20 High-Level Meeting on One Health on 30 October 2024. This event featured a panel discussion titled \"Creating an Enabling Environment for One Health Implementation,\" emphasizing the critical need for robust governance and multisectoral coordination to advance the One Health approach, supported by real-life examples from various countries.\nThe One Health approach is essential for achieving optimal health outcomes by integrating efforts across human, animal, plant, and environmental health. Building on the advocacy efforts during the G20 presidencies of Indonesia (2022) and India (2023), Brazil's leadership in 2024 reaffirms the importance of maintaining momentum in One Health implementation and calls on G20 countries to strengthen their commitments.\nThe panel discussion aimed to foster dialogue and create an enabling environment for One Health at global, regional, and national levels. It highlighted the necessity of effective governance, multisectoral coordination, legal frameworks, political commitment, and sustainable financing to tackle global health challenges. Ministerial speakers from G20 countries shared valuable insights and experiences, facilitating knowledge exchange to identify collaborative efforts that can enhance impact. Engaging high-level leaders reinforced the commitment of G20 nations to advance One Health implementation and laid the groundwork for future collaboration.\n“In Brazil, we launched the Interinstitutional Technical Committee for One Health, with the aim to establish a national plan for this subject. This is one of our priority agendas at the G20. We must prepare our countries for the c
... [truncated, total 11758 chars]
================================================================================

================================================================================
Article ID: WHO_25e7a38e817d1c8b | Attempt: 5
Error: Cannot extract valid JSON from response: line 1 column 1 (char 0)
Raw response (11720 chars):
{
"id": "WHO_25e7a38e817d1c8b",
"date_iso": "2024-11-01T00:00:00",
"full_text": "The Quadripartite collaboration on One Health – comprising the Food and Agriculture Organization of the United Nations (FAO), the UN Environment Programme (UNEP), the World Health Organization (WHO), and the World Organisation for Animal Health (WOAH) – co-organized the G20 High-Level Meeting on One Health on 30 October 2024. This event featured a panel discussion titled \"Creating an Enabling Environment for One Health Implementation,\" emphasizing the critical need for robust governance and multisectoral coordination to advance the One Health approach, supported by real-life examples from various countries.\nThe One Health approach is essential for achieving optimal health outcomes by integrating efforts across human, animal, plant, and environmental health. Building on the advocacy efforts during the G20 presidencies of Indonesia (2022) and India (2023), Brazil's leadership in 2024 reaffirms the importance of maintaining momentum in One Health implementation and calls on G20 countries to strengthen their commitments.\nThe panel discussion aimed to foster dialogue and create an enabling environment for One Health at global, regional, and national levels. It highlighted the necessity of effective governance, multisectoral coordination, legal frameworks, political commitment, and sustainable financing to tackle global health challenges. Ministerial speakers from G20 countries shared valuable insights and experiences, facilitating knowledge exchange to identify collaborative efforts that can enhance impact. Engaging high-level leaders reinforced the commitment of G20 nations to advance One Health implementation and laid the groundwork for future collaboration.\n“In Brazil, we launched the Interinstitutional Technical Committee for One Health, with the aim to establish a national plan for this subject. This is one of our priority agendas at the G20. We must prepare our countries for the c
... [truncated, total 11720 chars]
================================================================================

================================================================================
Article ID: WHO_9e7bf95b2975aed7 | Attempt: 1
Error: Cannot extract valid JSON from response: line 1 column 1 (char 0)
Raw response (7875 chars):
{
"id": "WHO_9e7bf95b2975aed7",
"date_iso": "2024-10-31T00:00:00",
"full_text": "On World Cities Day, the World Health Organization (WHO) has unveiled a new report showing how cities can advance efforts to address the rising challenges of noncommunicable diseases (NCDs) and injuries. With urbanization projected to reach 68% by 2050, the role of cities in safeguarding health and well-being is more crucial than ever. The report draws on the first-ever set of WHO indicators designed specifically for use at the city level, in recognition of the important role cities can play in protecting people from key risk factors.\nStandards-based monitoring frameworks to measure progress on the prevention and control of NCDs and injuries are well-established and implemented at national levels. The WHO City-level monitoring guidance is the first time this approach has been developed for application at the city level. The indicators cover eight key areas: air pollution, alcohol control, overdose prevention, healthy diets, road safety, safe walking and cycling, tobacco control, and NCD and injury surveillance. The guidance is intended to help cities monitor their progress in the prevention and control of NCDs and injuries, by outlining key policy interventions and providing a monitoring framework, methods and an assessment instrument.\nThe report released today represents the first real-world application of the indicators, conducted as a pilot between 2021 and 2023 with 20 cities across diverse regions. It highlights the importance of monitoring and supporting subnational efforts around these topics, to reinforce efforts and the global and national levels.\n\"Cities are where the majority of us learn, work, play and love in the modern world, it also comes with major health risks. WHO is supporting cities with tools to build healthy cities.” Said Dr Guy Fones, Ad Interim Director for Noncommunicable Diseases, Rehabilitation and Disability at WHO. \"By using these tools, cities can asse
... [truncated, total 7875 chars]
================================================================================

================================================================================
Article ID: WHO_9e7bf95b2975aed7 | Attempt: 2
Error: Cannot extract valid JSON from response: line 1 column 1 (char 0)
Raw response (8146 chars):
{
"id": "WHO_9e7bf95b2975aed7",
"date_iso": "2024-10-31T00:00:00",
"full_text": "On World Cities Day, the World Health Organization (WHO) has unveiled a new report showing how cities can advance efforts to address the rising challenges of noncommunicable diseases (NCDs) and injuries. With urbanization projected to reach 68% by 2050, the role of cities in safeguarding health and well-being is more crucial than ever. The report draws on the first-ever set of WHO indicators designed specifically for use at the city level, in recognition of the important role cities can play in protecting people from key risk factors.\nStandards-based monitoring frameworks to measure progress on the prevention and control of NCDs and injuries are well-established and implemented at national levels. The WHO City-level monitoring guidance is the first time this approach has been developed for application at the city level. The indicators cover eight key areas: air pollution, alcohol control, overdose prevention, healthy diets, road safety, safe walking and cycling, tobacco control, and NCD and injury surveillance. The guidance is intended to help cities monitor their progress in the prevention and control of NCDs and injuries, by outlining key policy interventions and providing a monitoring framework, methods and an assessment instrument.\nThe report released today represents the first real-world application of the indicators, conducted as a pilot between 2021 and 2023 with 20 cities across diverse regions. It highlights the importance of monitoring and supporting subnational efforts around these topics, to reinforce efforts and the global and national levels.\n\"Cities are where the majority of us learn, work, play and love in the modern world, it also comes with major health risks. WHO is supporting cities with tools to build healthy cities.” Said Dr Guy Fones, Ad Interim Director for Noncommunicable Diseases, Rehabilitation and Disability at WHO. \"By using these tools, cities can asse
... [truncated, total 8146 chars]
================================================================================

================================================================================
Article ID: WHO_9e7bf95b2975aed7 | Attempt: 3
Error: Cannot extract valid JSON from response: line 1 column 1 (char 0)
Raw response (8140 chars):
{
"id": "WHO_9e7bf95b2975aed7",
"date_iso": "2024-10-31T00:00:00",
"full_text": "On World Cities Day, the World Health Organization (WHO) has unveiled a new report showing how cities can advance efforts to address the rising challenges of noncommunicable diseases (NCDs) and injuries. With urbanization projected to reach 68% by 2050, the role of cities in safeguarding health and well-being is more crucial than ever. The report draws on the first-ever set of WHO indicators designed specifically for use at the city level, in recognition of the important role cities can play in protecting people from key risk factors.\nStandards-based monitoring frameworks to measure progress on the prevention and control of NCDs and injuries are well-established and implemented at national levels. The WHO City-level monitoring guidance is the first time this approach has been developed for application at the city level. The indicators cover eight key areas: air pollution, alcohol control, overdose prevention, healthy diets, road safety, safe walking and cycling, tobacco control, and NCD and injury surveillance. The guidance is intended to help cities monitor their progress in the prevention and control of NCDs and injuries, by outlining key policy interventions and providing a monitoring framework, methods and an assessment instrument.\nThe report released today represents the first real-world application of the indicators, conducted as a pilot between 2021 and 2023 with 20 cities across diverse regions. It highlights the importance of monitoring and supporting subnational efforts around these topics, to reinforce efforts and the global and national levels.\n\"Cities are where the majority of us learn, work, play and love in the modern world, it also comes with major health risks. WHO is supporting cities with tools to build healthy cities.” Said Dr Guy Fones, Ad Interim Director for Noncommunicable Diseases, Rehabilitation and Disability at WHO. \"By using these tools, cities can asse
... [truncated, total 8140 chars]
================================================================================

================================================================================
Article ID: WHO_9e7bf95b2975aed7 | Attempt: 4
Error: Cannot extract valid JSON from response: line 1 column 1 (char 0)
Raw response (8252 chars):
{
"id": "WHO_9e7bf95b2975aed7",
"date_iso": "2024-10-31T00:00:00",
"full_text": "On World Cities Day, the World Health Organization (WHO) has unveiled a new report showing how cities can advance efforts to address the rising challenges of noncommunicable diseases (NCDs) and injuries. With urbanization projected to reach 68% by 2050, the role of cities in safeguarding health and well-being is more crucial than ever. The report draws on the first-ever set of WHO indicators designed specifically for use at the city level, in recognition of the important role cities can play in protecting people from key risk factors.\nStandards-based monitoring frameworks to measure progress on the prevention and control of NCDs and injuries are well-established and implemented at national levels. The WHO City-level monitoring guidance is the first time this approach has been developed for application at the city level. The indicators cover eight key areas: air pollution, alcohol control, overdose prevention, healthy diets, road safety, safe walking and cycling, tobacco control, and NCD and injury surveillance. The guidance is intended to help cities monitor their progress in the prevention and control of NCDs and injuries, by outlining key policy interventions and providing a monitoring framework, methods and an assessment instrument.\nThe report released today represents the first real-world application of the indicators, conducted as a pilot between 2021 and 2023 with 20 cities across diverse regions. It highlights the importance of monitoring and supporting subnational efforts around these topics, to reinforce efforts and the global and national levels.\n\"Cities are where the majority of us learn, work, play and love in the modern world, it also comes with major health risks. WHO is supporting cities with tools to build healthy cities.” Said Dr Guy Fones, Ad Interim Director for Noncommunicable Diseases, Rehabilitation and Disability at WHO. \"By using these tools, cities can asse
... [truncated, total 8252 chars]
================================================================================

================================================================================
Article ID: WHO_9e7bf95b2975aed7 | Attempt: 5
Error: Cannot extract valid JSON from response: line 1 column 1 (char 0)
Raw response (8209 chars):
{
"id": "WHO_9e7bf95b2975aed7",
"date_iso": "2024-10-31T00:00:00",
"full_text": "On World Cities Day, the World Health Organization (WHO) has unveiled a new report showing how cities can advance efforts to address the rising challenges of noncommunicable diseases (NCDs) and injuries. With urbanization projected to reach 68% by 2050, the role of cities in safeguarding health and well-being is more crucial than ever. The report draws on the first-ever set of WHO indicators designed specifically for use at the city level, in recognition of the important role cities can play in protecting people from key risk factors.\nStandards-based monitoring frameworks to measure progress on the prevention and control of NCDs and injuries are well-established and implemented at national levels. The WHO City-level monitoring guidance is the first time this approach has been developed for application at the city level. The indicators cover eight key areas: air pollution, alcohol control, overdose prevention, healthy diets, road safety, safe walking and cycling, tobacco control, and NCD and injury surveillance. The guidance is intended to help cities monitor their progress in the prevention and control of NCDs and injuries, by outlining key policy interventions and providing a monitoring framework, methods and an assessment instrument.\nThe report released today represents the first real-world application of the indicators, conducted as a pilot between 2021 and 2023 with 20 cities across diverse regions. It highlights the importance of monitoring and supporting subnational efforts around these topics, to reinforce efforts and the global and national levels.\n\"Cities are where the majority of us learn, work, play and love in the modern world, it also comes with major health risks. WHO is supporting cities with tools to build healthy cities.” Said Dr Guy Fones, Ad Interim Director for Noncommunicable Diseases, Rehabilitation and Disability at WHO. \"By using these tools, cities can asse
... [truncated, total 8209 chars]
================================================================================

================================================================================
Article ID: WHO_ac0a06984aebfee5 | Attempt: 1
Error: Cannot extract valid JSON from response: line 1 column 1 (char 0)
Raw response (15402 chars):
{
"id": "WHO_ac0a06984aebfee5",
"date_iso": "2024-10-31T00:00:00",
"full_text": "In recent years, Mexico City has faced a significant increase in motorcyclist fatalities and injuries. From 2019 to 2022, deaths among motorcyclists and passengers increased by 134%, while injuries grew by 89%. [1] This mirrors a regional increase in deaths among users of powered two- and three-wheelers, which increased from 15% to 25% of all road traffic deaths in the region of the Americas between 2010 and 2021.\nIn Mexico City, the rise is partly due to the growing popularity of motorcycles as an affordable and efficient mode of transportation, in a city notorious for its dense and congested traffic. Between 2014 and 2023 the number of motorcycles registered in the city more than tripled, increasing from 210 020 in 2014 to 716 400 in 2023. This trend has led to a higher incidence of motorcycle crashes, resulting in more severe injuries and fatalities. In 2022, motorcycles were involved in 6 out of 10 traffic incidents; nearly half of the fatalities in such incidents (174 out of 381) were motorcyclists, of which 50% (86 out of 174) died in single-vehicle crashes, often involving skidding or colliding with a tree or pole. Vulnerable road users (motorcyclists, pedestrians, and cyclists) accounted for 81% of traffic fatalities during this period (2019-2022), with motorcyclists representing the largest group at 47%.\nTo address this issue, between 2023 and 2024 the city undertook several actions to reduce motorcycle-related crashes, fatalities and injuries by strengthening and enforcing regulations to improve safety. Their actions align with several WHO-recommended interventions around improving road safety for powered two- and three-wheelers.\nEnacting new regulations to enhance motorcycle safety\nIn September 2023 the city amended existing legislation to increase motorcyclist safety in several ways. One of these was connected to reducing the speed at which motorcycles travel around the 
... [truncated, total 15402 chars]
================================================================================

================================================================================
Article ID: WHO_73cfb48e21a7f7ef | Attempt: 1
Error: Cannot extract valid JSON from response: line 1 column 1 (char 0)
Raw response (8830 chars):
{
"id": "WHO_73cfb48e21a7f7ef",
"date_iso": "2024-10-30T00:00:00",
"full_text": "As part of ongoing efforts to enhance quality-assured testing options, the World Health Organization (WHO) has listed two additional mpox in vitro diagnostics under its Emergency Use Listing (EUL) procedure. WHO’s EUL is based on the review of quality, safety and performance data in compliance with international standards while addressing the specific needs of low- and middle-income countries (LMICs).\nPolymerase Chain Reaction (PCR) testing, which detects viral DNA, is considered the gold standard for diagnosing mpox infection.\nWHO listed the Xpert Mpox, a real-time PCR test manufactured by Cepheid under its EUL procedure, on 25 October. This test is designed for use on compatible GeneXpert systems. The Xpert Mpox test is easy to operate and delivers results in under 40 minutes. Once the cartridge is placed in the system, the process is fully automated, with real-time PCR detecting viral DNA of monkeypox virus clade II. The GeneXpert system is a near-point-of-care testing option, which can support decentralized testing.\nAnother PCR-based option, the cobas MPXV assay, developed by Roche Molecular Systems, Inc., was listed on 14 October 2024 . It is intended for use on the cobas 6800/8800 Systems. This tool is a real-time PCR test capable of detecting both mpox clades and delivering results in under 2 hours. It can process multiple samples simultaneously and is suitable for clinical laboratories that handle large volumes of tests.\n“Ensuring global access to mpox diagnostic tests that meet WHO standards for quality, safety and performance is essential for efficient and effective testing in settings affected by mpox outbreaks,” said Dr Rogerio Gaspar, WHO Director for Regulation and Prequalification. “Rapid access to those listed products is critical not only for prompt diagnosis and timely treatment but also for effectively containing the spread of the virus.\"\nWHO previously listed A
... [truncated, total 8830 chars]
================================================================================

================================================================================
Article ID: WHO_1b546af1142b267d | Attempt: 1
Error: Cannot extract valid JSON from response: line 1 column 1 (char 0)
Raw response (6907 chars):
{
"id": "WHO_1b546af1142b267d",
"date_iso": "2024-10-30T00:00:00",
"full_text": "Thank you, Mr President.\nExcellencies, honourable ministers, dear colleagues and friends,\nI offer my warm congratulations to my brother Hans, his parents here in attendance, and to Belgium, on his renomination as Regional Director for Europe.\nSince Member States nominated him five years ago, I have seen how Dr Kluge has devoted himself to serving you and the people of the European region with incredible energy and passion. And your unanimous support today is testament to this.\nHe hit the ground running – he had to, because he began his term as Regional Director just two days after I declared COVID-19 a public health emergency of international concern. Imagine starting your job two days after a declaration of such an emergency.\nHe has led the region through that crisis, as well as the mpox global health emergency, conflict, and many other challenges.\nAnd he has done it with unswerving dedication, drawing on his deep experience.\nAt the global level, Hans has made a very valuable contribution to the Global Policy Group, and many of our global activities.\nHans, you have earned the confidence and trust of the Member States of the region. We have all witnessed that today, and I was so proud, and I am sure your parents are proud. To the Kluge family, thank you so much for giving us Hans and for being amazing parents.\nThank you for everything you have done so far, and for your partnership, friendship and brotherhood.\nI assure you of my ongoing support and that of my colleagues in Geneva.\nI look forward to continuing to work closely with you, our regional and country office colleagues, and our Member States, as we implement the 14 th General Programme of Work, and work to jump-start progress towards the Sustainable Development Goals.\nAs you know, I am in my second term, and I have started counting down, I have around 1000 days. The reason I am counting down is with counting down come
... [truncated, total 6907 chars]
================================================================================

================================================================================
Article ID: WHO_6b0004c3fee881f2 | Attempt: 1
Error: Cannot extract valid JSON from response: line 1 column 1 (char 0)
Raw response (16446 chars):
{
"id": "WHO_6b0004c3fee881f2",
"date_iso": "2024-10-29T00:00:00",
"full_text": "The World Health Organization (WHO) today published a new report on tuberculosis revealing that approximately 8.2 million people were newly diagnosed with TB in 2023 – the highest number recorded since WHO began global TB monitoring in 1995. This represents a notable increase from 7.5 million reported in 2022, placing TB again as the leading infectious disease killer in 2023, surpassing COVID-19. WHO’s Global Tuberculosis Report 2024 highlights mixed progress in the global fight against TB, with persistent challenges such as significant underfunding. While the number of TB-related deaths decreased from 1.32 million in 2022 to 1.25 million in 2023, the total number of people falling ill with TB rose slightly to an estimated 10.8 million in 2023. With the disease disproportionately affecting people in 30 high-burden countries, India (26%), Indonesia (10%), China (6.8%), the Philippines (6.8%) and Pakistan (6.3%) together accounted for 56% of the global TB burden. According to the report, 55% of people who developed TB were men, 33% were women and 12% were children and young adolescents. “The fact that TB still kills and sickens so many people is an outrage, when we have the tools to prevent it, detect it and treat it,” said Dr Tedros Adhanom Ghebreyesus, WHO Director-General. “WHO urges all countries to make good on the concrete commitments they have made to expand the use of those tools, and to end TB.” In 2023, the gap between the estimated number of new TB cases and those reported narrowed to about 2.7 million, down from COVID-19 pandemic levels of around 4 million in 2020 and 2021. This follows substantial national and global efforts to recover from COVID-related disruptions to TB services. The coverage of TB preventive treatment has been sustained for people living with HIV and continues to improve for household contacts of people diagnosed with TB. However, multidrug-resistant TB re
... [truncated, total 16446 chars]
================================================================================

================================================================================
Article ID: WHO_6b0004c3fee881f2 | Attempt: 2
Error: Cannot extract valid JSON from response: line 1 column 1 (char 0)
Raw response (16402 chars):
{
"id": "WHO_6b0004c3fee881f2",
"date_iso": "2024-10-29T00:00:00",
"full_text": "The World Health Organization (WHO) today published a new report on tuberculosis revealing that approximately 8.2 million people were newly diagnosed with TB in 2023 – the highest number recorded since WHO began global TB monitoring in 1995. This represents a notable increase from 7.5 million reported in 2022, placing TB again as the leading infectious disease killer in 2023, surpassing COVID-19. WHO’s Global Tuberculosis Report 2024 highlights mixed progress in the global fight against TB, with persistent challenges such as significant underfunding. While the number of TB-related deaths decreased from 1.32 million in 2022 to 1.25 million in 2023, the total number of people falling ill with TB rose slightly to an estimated 10.8 million in 2023. With the disease disproportionately affecting people in 30 high-burden countries, India (26%), Indonesia (10%), China (6.8%), the Philippines (6.8%) and Pakistan (6.3%) together accounted for 56% of the global TB burden. According to the report, 55% of people who developed TB were men, 33% were women and 12% were children and young adolescents. “The fact that TB still kills and sickens so many people is an outrage, when we have the tools to prevent it, detect it and treat it,” said Dr Tedros Adhanom Ghebreyesus, WHO Director-General. “WHO urges all countries to make good on the concrete commitments they have made to expand the use of those tools, and to end TB.” In 2023, the gap between the estimated number of new TB cases and those reported narrowed to about 2.7 million, down from COVID-19 pandemic levels of around 4 million in 2020 and 2021. This follows substantial national and global efforts to recover from COVID-related disruptions to TB services. The coverage of TB preventive treatment has been sustained for people living with HIV and continues to improve for household contacts of people diagnosed with TB. However, multidrug-resistant TB re
... [truncated, total 16402 chars]
================================================================================

================================================================================
Article ID: WHO_6b0004c3fee881f2 | Attempt: 3
Error: Cannot extract valid JSON from response: line 1 column 1 (char 0)
Raw response (16635 chars):
{
"id": "WHO_6b0004c3fee881f2",
"date_iso": "2024-10-29T00:00:00",
"full_text": "The World Health Organization (WHO) today published a new report on tuberculosis revealing that approximately 8.2 million people were newly diagnosed with TB in 2023 – the highest number recorded since WHO began global TB monitoring in 1995. This represents a notable increase from 7.5 million reported in 2022, placing TB again as the leading infectious disease killer in 2023, surpassing COVID-19. WHO’s Global Tuberculosis Report 2024 highlights mixed progress in the global fight against TB, with persistent challenges such as significant underfunding. While the number of TB-related deaths decreased from 1.32 million in 2022 to 1.25 million in 2023, the total number of people falling ill with TB rose slightly to an estimated 10.8 million in 2023. With the disease disproportionately affecting people in 30 high-burden countries, India (26%), Indonesia (10%), China (6.8%), the Philippines (6.8%) and Pakistan (6.3%) together accounted for 56% of the global TB burden. According to the report, 55% of people who developed TB were men, 33% were women and 12% were children and young adolescents. “The fact that TB still kills and sickens so many people is an outrage, when we have the tools to prevent it, detect it and treat it,” said Dr Tedros Adhanom Ghebreyesus, WHO Director-General. “WHO urges all countries to make good on the concrete commitments they have made to expand the use of those tools, and to end TB.” In 2023, the gap between the estimated number of new TB cases and those reported narrowed to about 2.7 million, down from COVID-19 pandemic levels of around 4 million in 2020 and 2021. This follows substantial national and global efforts to recover from COVID-related disruptions to TB services. The coverage of TB preventive treatment has been sustained for people living with HIV and continues to improve for household contacts of people diagnosed with TB. However, multidrug-resistant TB re
... [truncated, total 16635 chars]
================================================================================

================================================================================
Article ID: WHO_6b0004c3fee881f2 | Attempt: 4
Error: Cannot extract valid JSON from response: line 1 column 1 (char 0)
Raw response (16621 chars):
{
"id": "WHO_6b0004c3fee881f2",
"date_iso": "2024-10-29T00:00:00",
"full_text": "The World Health Organization (WHO) today published a new report on tuberculosis revealing that approximately 8.2 million people were newly diagnosed with TB in 2023 – the highest number recorded since WHO began global TB monitoring in 1995. This represents a notable increase from 7.5 million reported in 2022, placing TB again as the leading infectious disease killer in 2023, surpassing COVID-19. WHO’s Global Tuberculosis Report 2024 highlights mixed progress in the global fight against TB, with persistent challenges such as significant underfunding. While the number of TB-related deaths decreased from 1.32 million in 2022 to 1.25 million in 2023, the total number of people falling ill with TB rose slightly to an estimated 10.8 million in 2023. With the disease disproportionately affecting people in 30 high-burden countries, India (26%), Indonesia (10%), China (6.8%), the Philippines (6.8%) and Pakistan (6.3%) together accounted for 56% of the global TB burden. According to the report, 55% of people who developed TB were men, 33% were women and 12% were children and young adolescents. “The fact that TB still kills and sickens so many people is an outrage, when we have the tools to prevent it, detect it and treat it,” said Dr Tedros Adhanom Ghebreyesus, WHO Director-General. “WHO urges all countries to make good on the concrete commitments they have made to expand the use of those tools, and to end TB.” In 2023, the gap between the estimated number of new TB cases and those reported narrowed to about 2.7 million, down from COVID-19 pandemic levels of around 4 million in 2020 and 2021. This follows substantial national and global efforts to recover from COVID-related disruptions to TB services. The coverage of TB preventive treatment has been sustained for people living with HIV and continues to improve for household contacts of people diagnosed with TB. However, multidrug-resistant TB re
... [truncated, total 16621 chars]
================================================================================

================================================================================
Article ID: WHO_d7fba58ca30e3f3f | Attempt: 1
Error: Cannot extract valid JSON from response: line 1 column 1 (char 0)
Raw response (8780 chars):
{
"id": "WHO_d7fba58ca30e3f3f",
"date_iso": "2024-10-23T00:00:00",
"full_text": "There is no global health security without local and national health security; there is no health without the health workforce. These complementary observations ground the WHO and partner National Workforce Capacity for Essential Public Health Functions Roadmap. Recent G-20 discussions in Fiocruz reinforce high level attention and concern to focus health and the health workforce as key foundations of Health for All and global health security, amidst the broader impacts of health on economies, jobs, equity and peace. The Eastern Mediterranean Public Health Network (EMPHNET) hosted the fourth Roadmap Steering Committee meeting from 22-23 October in Amman. The Committee focused on leveraging partners’ substantive networks to expand collaboration and identify resources and on supporting countries through robust science to measure the impact of investing in public health specialists and teams. The COVID-19 pandemic, along with impacts of current events like situations of conflict and violence and a changing climate that is increasing the size and frequency of natural disasters, renewed recognition of the need to ensure national workforce capacity to promote health, treat illness and respond to emergencies. WHO and public health networks and institutions launched the Roadmap in 2022 and have developed a comprehensive collection of tools for countries to define and contextualize their essential public health functions; map and measure the occupations that deliver services; and strengthen competency based workforce education. Accompanied by a handbook with streamlined checklists, the collection is ready for regional, national and subnational use. Early adopter countries from a range of socioeconomic contexts, along with the Eastern Mediterranean region, showed the relevance of the three action areas and how they have used the Roadmap tools to convene stakeholders, gather data, conduct policy re
... [truncated, total 8780 chars]
================================================================================

================================================================================
Article ID: WHO_d7fba58ca30e3f3f | Attempt: 2
Error: Cannot extract valid JSON from response: line 1 column 1 (char 0)
Raw response (8920 chars):
{
"id": "WHO_d7fba58ca30e3f3f",
"date_iso": "2024-10-23T00:00:00",
"full_text": "There is no global health security without local and national health security; there is no health without the health workforce. These complementary observations ground the WHO and partner National Workforce Capacity for Essential Public Health Functions Roadmap. Recent G-20 discussions in Fiocruz reinforce high level attention and concern to focus health and the health workforce as key foundations of Health for All and global health security, amidst the broader impacts of health on economies, jobs, equity and peace. The Eastern Mediterranean Public Health Network (EMPHNET) hosted the fourth Roadmap Steering Committee meeting from 22-23 October in Amman. The Committee focused on leveraging partners’ substantive networks to expand collaboration and identify resources and on supporting countries through robust science to measure the impact of investing in public health specialists and teams. The COVID-19 pandemic, along with impacts of current events like situations of conflict and violence and a changing climate that is increasing the size and frequency of natural disasters, renewed recognition of the need to ensure national workforce capacity to promote health, treat illness and respond to emergencies. WHO and public health networks and institutions launched the Roadmap in 2022 and have developed a comprehensive collection of tools for countries to define and contextualize their essential public health functions; map and measure the occupations that deliver services; and strengthen competency based workforce education. Accompanied by a handbook with streamlined checklists, the collection is ready for regional, national and subnational use. Early adopter countries from a range of socioeconomic contexts, along with the Eastern Mediterranean region, showed the relevance of the three action areas and how they have used the Roadmap tools to convene stakeholders, gather data, conduct policy re
... [truncated, total 8920 chars]
================================================================================

================================================================================
Article ID: WHO_e61c8ee8270a8d40 | Attempt: 1
Error: Cannot extract valid JSON from response: line 1 column 1 (char 0)
Raw response (8185 chars):
{
"id": "WHO_e61c8ee8270a8d40",
"date_iso": "2024-10-18T00:00:00",
"full_text": "Next week, 20–26 October 2024, marks the start of the twelfth annual International Lead Poisoning Prevention Week with over 50 events being held in countries around the world. This year’s theme is Bright Futures Begin Lead Free, and WHO and partners are raising the alarm on the urgent need to address global lead exposure and its permanent and devastating effects on child health. Lead is a highly toxic substance, with no known safe level of exposure. WHO identifies lead as one of the top 10 chemicals of major public health concern. Children are especially vulnerable, and protecting their developing nervous systems from lead poisoning is critical for their lifelong health and well-being. Health care professionals and the public alike must be able to recognize the risks and sources of lead exposure.\n\"Ending lead poisoning is both possible and achievable,\" said Dr Maria Neira, Director, Department of Environment, Climate Change and Health, World Health Organization. “As we approach International Lead Poisoning Prevention Week, we urge governments, health professionals and communities to take decisive action to protect our children and ensure a healthier future for all.\"\nLead exposure is linked to approximately 1.5 million deaths annually primarily from cardiovascular disease and causes irreversible neurological and behavioural damage, particularly in children. Children’s developing systems absorb significantly more lead than adults, leading to long-term effects such as reduced IQ, learning difficulties and behavioural issues. Additionally, lead can cause harm the developing fetus. Lead is prevalent in many everyday materials – paint, batteries and even cosmetics and household basics such as spices – contributing to widespread contamination of air, water and soil, and leading to persistent exposure in communities globally.\nPolitical commitment to tackle the many and various sources of 
... [truncated, total 8185 chars]
================================================================================

================================================================================
Article ID: WHO_6b9ce4d978d5a625 | Attempt: 1
Error: Cannot extract valid JSON from response: line 1 column 1 (char 0)
Raw response (7564 chars):
{
"id": "WHO_6b9ce4d978d5a625",
"date_iso": "2024-10-18T00:00:00",
"full_text": "--------------------------------------------------\nIn memoriam\nProfessor Emeritus Michael (Mike) JHC Doenhoff, BSc, PhD, DSc, FIBiol,\n16 April 1946 – 18 October 2024\nOne of the world’s leading schistosomiasis researchers of the past 50 years and author of over 200 publications has died at the age of 78.\nMike Doenhoff was a member of the WHO technical advisory group on anthelminthic drug efficacy and an adviser on schistosomiasis diagnostics.\nHe was a kind, generous man, a larger-than-life character with a strong sense of values and of doing the right thing.\nMike started his career studying microbiology at the University of Reading from 1964 to 1967 where he graduated with first-class honours. He immediately took up postgraduate studies in immunology at the Institute of Cancer Research, London, securing his PhD from the University of London in 1970. This was followed by the award of a prestigious postdoctoral fellowship from the Medical Research Council, with Mike continuing his research at the Institute of Cancer Research/Royal Cancer Hospital. Mike moved to the London School of Hygiene & Tropical Medicine (LSHTM) as a Research Fellow from 1975 to 1990. In 1990, he moved as Professor to the University of Wales, Bangor, where he became Professor Emeritus in 2001. In 2006, Mike moved to the University of Nottingham, an affiliation he retained until his passing.\nAt LSHTM, Mike turned his immunology expertise to the study of parasitology, with a focus on the immunology of schistosomiasis. An important early contribution was his demonstration of the immunological dependence of parasite egg excretion. Mike demonstrated that host immune responses enhanced the efficacy of several schistosomicidal drugs, with evidence suggesting that drug-induced damage to parasites in the blood was synergistic with immune-mediated damage to parasites.\nMike advocated strongly for the need to develop met
... [truncated, total 7564 chars]
================================================================================

================================================================================
Article ID: WHO_df5d249f72063479 | Attempt: 1
Error: Cannot extract valid JSON from response: line 1 column 1 (char 0)
Raw response (10701 chars):
{
"id": "WHO_df5d249f72063479",
"date_iso": "2024-10-16T00:00:00",
"full_text": "Strengthening midwives’ role in maternity and newborn care services would save millions of lives each year while significantly enhancing women’s overall experience of care, according to a new publication released today by the World Health Organization (WHO) and partners.\nThe publication, Transitioning to midwifery models of care: A global position paper , outlines the benefits and key components of midwifery care models, where midwives serve, within broader teams, as the main healthcare provider for women and babies during pregnancy, childbirth and the postnatal period.\n“Empowering and supporting midwives benefits women, babies and health systems,” said Dr Anshu Banerjee, Director of Maternal, Newborn, Child and Adolescent Health at WHO. “Expanding and investing in midwifery care represents a cost-effective and urgently needed solution to save and improve the lives of women and newborns globally.”\nRecent modelling shows that universal access to midwifery care could avert more than 60% of all maternal and newborn deaths and stillbirths – amounting to 4.3 million lives saved annually by 2035 – and that even a more modest 10% increase in coverage could save 1.3 million lives each year.\nEvidence shows that these types of care can also provide greater opportunities for women to access information and emotional support, and to be actively involved in decision making around pregnancy, childbirth and the care of their newborns.\nA study of more than 18 500 women looked at the impact of having a consistent team of midwives providing support through the maternity period. Crucially, these women were more likely to report a positive birth experience and greater satisfaction with the services they received. Additionally, among women receiving this type of care, rates of spontaneous vaginal deliveries increased, while episiotomies and use of forceps during childbirth declined, indicating potentia
... [truncated, total 10701 chars]
================================================================================

================================================================================
Article ID: WHO_df5d249f72063479 | Attempt: 2
Error: Cannot extract valid JSON from response: line 1 column 1 (char 0)
Raw response (10305 chars):
{
"id": "WHO_df5d249f72063479",
"date_iso": "2024-10-16T00:00:00",
"full_text": "Strengthening midwives’ role in maternity and newborn care services would save millions of lives each year while significantly enhancing women’s overall experience of care, according to a new publication released today by the World Health Organization (WHO) and partners.\nThe publication, Transitioning to midwifery models of care: A global position paper , outlines the benefits and key components of midwifery care models, where midwives serve, within broader teams, as the main healthcare provider for women and babies during pregnancy, childbirth and the postnatal period.\n“Empowering and supporting midwives benefits women, babies and health systems,” said Dr Anshu Banerjee, Director of Maternal, Newborn, Child and Adolescent Health at WHO. “Expanding and investing in midwifery care represents a cost-effectively and urgently needed solution to save and improve the lives of women and newborns globally.”\nRecent modelling shows that universal access to midwifery care could avert more than 60% of all maternal and newborn deaths and stillbirths – amounting to 4.3 million lives saved annually by 2035 – and that even a more modest 10% increase in coverage could save 1.3 million lives each year.\nEvidence shows that these types of care can also provide greater opportunities for women to access information and emotional support, and to be actively involved in decision making around pregnancy, childbirth and the care of their newborns.\nA study of more than 18 500 women looked at the impact of having a consistent team of midwives providing support through the maternity period. Crucially, these women were more likely to report a positive birth experience and greater satisfaction with the services they received. Additionally, among women receiving this type of care, rates of spontaneous vaginal deliveries increased, while episiotomies and use of forceps during childbirth declined, indicating potent
... [truncated, total 10305 chars]
================================================================================

================================================================================
Article ID: WHO_974733a2054db0ff | Attempt: 1
Error: Cannot extract valid JSON from response: line 1 column 1 (char 0)
Raw response (9475 chars):
{
"id": "WHO_974733a2054db0ff",
"date_iso": "2024-10-16T00:00:00",
"full_text": "New report provides learnings and blueprint for leveraging sports as drivers of health\nCapturing and building on the experiences of the FIFA World Cup Qatar 2022, the State of Qatar and World Health Organization today launched a new report providing lessons learned and recommendations for staging healthy and safe mega and grassroots sporting events around the world.\nThe report, titled Changing the Game: Strengthening Health and Well-Being through Sport Events, is the product of the 3-year Sport for Health partnership established in 2021 by Qatar and WHO, in collaboration with FIFA and Qatar’s Supreme Committee for Delivery and Legacy, to deliver and ensure the legacy of a healthy and safe FIFA World Cup Qatar 2022. It was launched during a Ministerial event titled Strengthening Health and Well-being Through Sport Events, held in Doha during the ongoing 71 st WHO Eastern Mediterranean Regional Committee.\nH.E. Dr Hanan Mohamed Al Kuwari, Minister of Public Health for Qatar, said: \"The collaboration between Qatar, WHO and FIFA can inspire organisers of major global sporting events to integrate health into the planning and execution of their events.\"\n“The Sport for Health model reflects a commitment to harness the transformative power of mega-sports events to create lasting improvements in public health and well-being,” said Dr Al Kuwari. “This report details our collaborative effort – a new model that unites nations, international organisations, and sports federations in a shared mission.”\nDr Tedros Adhanom Ghebreyesus, WHO Director-General, said the new report demonstrated the power of sports – and sporting events – to empower people to lead healthier lives, physically and mentally.\n“Once again, we see that health promotion, health advocacy and health security can be seamlessly mainstreamed into the staging of mega sport events,” said Dr Tedros. “WHO is committed to ensuring that 
... [truncated, total 9475 chars]
================================================================================

================================================================================
Article ID: WHO_974733a2054db0ff | Attempt: 2
Error: Cannot extract valid JSON from response: line 1 column 1 (char 0)
Raw response (9512 chars):
{
"id": "WHO_974733a2054db0ff",
"date_iso": "2024-10-16T00:00:00",
"full_text": "New report provides learnings and blueprint for leveraging sports as drivers of health\nCapturing and building on the experiences of the FIFA World Cup Qatar 2022, the State of Qatar and World Health Organization today launched a new report providing lessons learned and recommendations for staging healthy and safe mega and grassroots sporting events around the world.\nThe report, titled Changing the Game: Strengthening Health and Well-Being through Sport Events, is the product of the 3-year Sport for Health partnership established in 2021 by Qatar and WHO, in collaboration with FIFA and Qatar’s Supreme Committee for Delivery and Legacy, to deliver and ensure the legacy of a healthy and safe FIFA World Cup Qatar 2022. It was launched during a Ministerial event titled Strengthening Health and Well-being Through Sport Events, held in Doha during the ongoing 71 st WHO Eastern Mediterranean Regional Committee.\nH.E. Dr Hanan Mohamed Al Kuwari, Minister of Public Health for Qatar, said: \"The collaboration between Qatar, WHO and FIFA can inspire organisers of major global sporting events to integrate health into the planning and execution of their events.\"\n“The Sport for Health model reflects a commitment to harness the transformative power of mega-sports events to create lasting improvements in public health and well-being,” said Dr Al Kuwari. “This report details our collaborative effort – a new model that unites nations, international organisations, and sports federations in a shared mission.”\nDr Tedros Adhanom Ghebreyesus, WHO Director-General, said the new report demonstrated the power of sports – and sporting events – to empower people to lead healthier lives, physically and mentally.\n“Once again, we see that health promotion, health advocacy and health security can be seamlessly mainstreamed into the staging of mega sport events,” said Dr Tedros. “WHO is committed to ensuring that 
... [truncated, total 9512 chars]
================================================================================

================================================================================
Article ID: WHO_d4244f48aa29c302 | Attempt: 1
Error: Cannot extract valid JSON from response: line 1 column 1 (char 0)
Raw response (8657 chars):
{
"id": "WHO_d4244f48aa29c302",
"date_iso": "2024-10-16T00:00:00",
"full_text": "National Deployment and Vaccination Plans (NDVP) are crucial for effective pandemic preparedness and response. In 2023 and 2024 five countries in the Americas conducted multisectoral table-top simulation exercises to review and update their NDVPs, incorporating lessons from the COVID-19 pandemic to improve their operational plans.\nThe COVID-19 and 2009 influenza A (H1N1) pandemics have highlighted both achievements and gaps in pandemic preparedness activities, especially in vaccine deployment and public acceptance of vaccination efforts. Through activities supported by the Pandemic Influenza Preparedness (PIP) Framework Partnership Contribution (PC), and in line with the Preparedness and Resilience for Emerging Threats (PRET) initiative, the Pan American Health Organization/World Health Organization (PAHO/WHO) organized five national workshops aimed at revising and updating the NDVPs for pandemic influenza and other respiratory viruses with pandemic potential. In 2023 and 2024, these workshops were held in the Plurinational State of Bolivia, Costa Rica, the Dominican Republic, Guatemala and Suriname.\nThe workshops brought together a diverse group of professionals including from National Regulatory Agencies, immunization programmes, and logistics and vaccination operation specialists – who shared experiences and identified areas and capacities to be strengthened for a future pandemic. They served as clear examples of multisectoral cooperation for pandemic preparedness and response.\n“It is important to get ahead of a potential pandemic, and we are very happy to be involved, because one country cannot do it alone, we can make sure that the other viruses do not reach the level of COVID-19 and we can be very swift in protecting our citizens through vaccination,\" said the Director of the Ministry of Health Dr Rakesh Gajadhar Sukul in Suriname.\nPIP Deploy\nThe table-top exercise “PIP Depl
... [truncated, total 8657 chars]
================================================================================

================================================================================
Article ID: WHO_d4244f48aa29c302 | Attempt: 2
Error: Cannot extract valid JSON from response: line 1 column 1 (char 0)
Raw response (8911 chars):
{
"id": "WHO_d4244f48aa29c302",
"date_iso": "2024-10-16T00:00:00",
"full_text": "National Deployment and Vaccination Plans (NDVP) are crucial for effective pandemic preparedness and response. In 2023 and 2024 five countries in the Americas conducted multisectoral table-top simulation exercises to review and update their NDVPs, incorporating lessons from the COVID-19 pandemic to improve their operational plans.\nThe COVID-19 and 2009 influenza A (H1N1) pandemics have highlighted both achievements and gaps in pandemic preparedness activities, especially in vaccine deployment and public acceptance of vaccination efforts. Through activities supported by the Pandemic Influenza Preparedness (PIP) Framework Partnership Contribution (PC), and in line with the Preparedness and Resilience for Emerging Threats (PRET) initiative, the Pan American Health Organization/World Health Organization (PAHO/WHO) organized five national workshops aimed at revising and updating the NDVPs for pandemic influenza and other respiratory viruses with pandemic potential. In 2023 and 2024, these workshops were held in the Plurinational State of Bolivia, Costa Rica, the Dominican Republic, Guatemala and Suriname.\nThe workshops brought together a diverse group of professionals including from National Regulatory Agencies, immunization programmes, and logistics and vaccination operation specialists – who shared experiences and identified areas and capacities to be strengthened for a future pandemic. They served as clear examples of multisectoral cooperation for pandemic preparedness and response.\n“It is important to get ahead of a potential pandemic, and we are very happy to be involved, because one country cannot do it alone, we can make sure that the other viruses do not reach the level of COVID-19 and we can be very swift in protecting our citizens through vaccination,\" said the Director of the Ministry of Health Dr Rakesh Gajadhar Sukul in Suriname.\nPIP Deploy\nThe table-top exercise “PIP Depl
... [truncated, total 8911 chars]
================================================================================

================================================================================
Article ID: WHO_c1f5fa6d219a7eca | Attempt: 1
Error: Schema: Missing claims category: NOT_ENOUGH_INFO
Raw response (8199 chars):
{
"id": "WHO_c1f5fa6d219a7eca",
"date_iso": "2024-10-16T00:00:00",
"full_text": "Since the escalation of hostilities between Israel and Lebanon on 17 September 2024, WHO has verified 23 attacks on health care in Lebanon that have led to 72 deaths and 43 injuries among health workers and patients. Fifteen incidents impacted health facilities, while 13 impacted health transport. Hospitals in Lebanon are already under massive strain as they strive to sustain essential health services while dealing with an unprecedented influx of injured people. Understaffed and under-resourced, the health system has been struggling to maintain uninterrupted services to all those in need with supplies being depleted and health workers exhausted.\nIncreasing conflict, intense bombardment and insecurity are forcing a growing number of health facilities to shut down, particularly in the south. Out of 207 primary health care centres and dispensaries in conflict-affected areas, 100 are now closed. Hospitals have had to close or evacuate due to structural damage or their proximity to areas of intense bombardment. As of today, 5 hospitals have been evacuated and another 5 partially evacuated, with critical cancer and dialysis patients referred to other hospitals also overwhelmed by increasing health needs. Dialysis centres are having to operate an extra three shifts to accommodate the referred patients while being under-resourced for essential blood testing supplies and personnel.\n“The situation in Lebanon is alarming. Attacks on health care debilitate health systems and impede their ability to continue to perform. They also prevent entire communities from accessing health services when they need them the most,” said Dr Hanan Balkhy, WHO Regional Director for the Eastern Mediterranean. “WHO is working tirelessly with the Ministry of Public Health in Lebanon to address critical gaps and support the continuity of essential health services, but what people of Lebanon need most is an immediate ce
... [truncated, total 8199 chars]
================================================================================

================================================================================
Article ID: WHO_c1f5fa6d219a7eca | Attempt: 2
Error: Cannot extract valid JSON from response: line 1 column 1 (char 0)
Raw response (7927 chars):
{
"id": "WHO_c1f5fa6d219a7eca",
"date_iso": "2024-10-16T00:00:00",
"full_text": "Since the escalation of hostilities between Israel and Lebanon on 17 September 2024, WHO has verified 23 attacks on health care in Lebanon that have led to 72 deaths and 43 injuries among health workers and patients. Fifteen incidents impacted health facilities, while 13 impacted health transport. Hospitals in Lebanon are already under massive strain as they strive to sustain essential health services while dealing with an unprecedented influx of injured people. Understaffed and under-resourced, the health system has been struggling to maintain uninterrupted services to all those in need with supplies being depleted and health workers exhausted.\nIncreasing conflict, intense bombardment and insecurity are forcing a growing number of health facilities to shut down, particularly in the south. Out of 207 primary health care centres and dispensaries in conflict-affected areas, 100 are now closed. Hospitals have had to close or evacuate due to structural damage or their proximity to areas of intense bombardment. As of today, 5 hospitals have been evacuated and another 5 partially evacuated, with critical cancer and dialysis patients referred to other hospitals also overwhelmed by increasing health needs. Dialysis centres are having to operate an extra three shifts to accommodate the referred patients while being under-resourced for essential blood testing supplies and personnel.\n“The situation in Lebanon is alarming. Attacks on health care debilitate health systems and impede their ability to continue to perform. They also prevent entire communities from accessing health services when they need them the most,” said Dr Hanan Balkhy, WHO Regional Director for the Eastern Mediterranean. “WHO is working tirelessly with the Ministry of Public Health in Lebanon to address critical gaps and support the continuity of essential health services, but what people of Lebanon need most is an immediate ce
... [truncated, total 7927 chars]
================================================================================

================================================================================
Article ID: WHO_f2efd2579bc228a7 | Attempt: 1
Error: Cannot extract valid JSON from response: line 1 column 1 (char 0)
Raw response (8258 chars):
{
"id": "WHO_f2efd2579bc228a7",
"date_iso": "2024-10-13T00:00:00",
"full_text": "The World Health Organization (WHO) recently launched the Horizon X programme at an inter-agency simulation exercise (SimEx). Horizon X is a new multi-year initiative aimed at enhancing multi-sectoral emergency zoonotic disease preparedness and response.\nHorizon X will focus on strengthening coordination, communication, collaboration, and country capacity and impact across One Health sectors, promoting continuous learning, and improving response strategies. The programme will be guided by the 7-1-7 metrics, a set of performance benchmarks aimed at improving the timeliness and effectiveness of outbreak detection and response.\nThis new programme will enhance preparedness by identifying system gaps before emergencies occur; strengthen multisectoral coordination at the human-animal-environment interface, using a One Health approach; promote continuous learning and improvement in response strategies across sectors; and align with the One Health Joint Plan of Action (2022-2026) , a five-year plan that aims to strengthen collaboration and capacities across all sectors to effectively address health challenges at the human-animal-environment interface.\nDr Landry Ndriko Mayigane, WHO, and Dr Richard Garfield, US CDC, during the Interagency SimEx © WHO / Pierre Albouy\nHorizon X was launched during an inter-agency SimEx to test the early detection, notification, and response to zoonotic diseases. The two-day inter-agency discussion-based SimEx was held on 23 - 24 September 2024, in Geneva, Switzerland and was designed to discuss plans, procedures, and systems for dealing with different types of health emergencies.\nThe exercise brought together 40 experts from various organizations, including the U.S. Centers for Disease Control and Prevention, Food and Agriculture Organization of the United Nations, Resolve to Save Lives, United States Agency for International Development, United Kingdom Healt
... [truncated, total 8258 chars]
================================================================================

================================================================================
Article ID: WHO_83f79b6ed46ee03b | Attempt: 1
Error: Cannot extract valid JSON from response: line 1 column 1 (char 0)
Raw response (15914 chars):
{
"id": "WHO_83f79b6ed46ee03b",
"date_iso": "2024-10-10T00:00:00",
"full_text": "Falsified USP/EP PROPYLENE GLYCOL identified in the WHO Eastern Mediterranean Region\nAlert Summary\nThis WHO Alert refers to falsified DOW USP/EP PROPYLENE GLYCOL detected in Pakistan in August 2024 and notified to WHO in September 2024.\nAuthentic DOW USP/EP PROPYLENE GLYCOL is a raw material (excipient) utilized in pharmaceutical and other manufacturing processes, adhering to the standards of the United States and European Pharmacopoeias (USP/EP) for medicinal use.\nBackground\nIn April 2024, WHO also issued Medical Product Alert No.1/2024 concerning the detection of five batches of falsified and contaminated DOW USP/EP PROPYLENE GLYCOL which had been detected in Pakistan and linked to the manufacture of contaminated oral liquid medicines. The falsified PROPYLENE GLYCOL had been found to be contaminated with ethylene glycol.\nWHO has now received information concerning three new falsified batches of DOW USP/EP PROPYLENE GLYCOL which were detected in Pakistan in August 2024. WHO shared this information with the Drug Regulatory Authority of Pakistan (DRAP) which issued a national rapid alert on 22 August 2024, detailing these new falsified batches of DOW USP/EP PROPYLENE GLYCOL. See DRAP ALERT No: I/S/8-24-29 . On 6 September 2024, DRAP issued a further rapid alert concerning contamination with ethylene glycol and diethylene glycol in five locally produced oral liquid medicines. See DRAP ALERT No: I/S/9-24-32 .\nIn September 2024, DOW confirmed that the materials detailed in the DRAP alert and identified in this WHO alert are falsified and were not manufactured or supplied by DOW. All three batch numbers listed on the labels of the containers are also falsified. At least one falsified DOW certificate of analysis for one of the batches was also identified.\nOn 8 October 2024, DRAP confirmed to WHO that laboratory analysis of the falsified DOW Propylene Glycol USP/EP, batch F8900L8PPD6, 
... [truncated, total 15914 chars]
================================================================================

================================================================================
Article ID: WHO_84eb4bdbac11146f | Attempt: 1
Error: Cannot extract valid JSON from response: line 1 column 1 (char 0)
Raw response (11217 chars):
{
"id": "WHO_84eb4bdbac11146f",
"date_iso": "2024-10-10T00:00:00",
"full_text": "More investment in vaccines could avert deaths due to antimicrobial resistance, reduce antibiotic use and save money treating resistant infections\nA new report by the World Health Organization (WHO) finds that vaccines against 23 pathogens (excluding gonorrhea) could reduce the number of antibiotics needed by 22% or 2.5 billion defined daily doses globally every year, supporting worldwide efforts to address antimicrobial resistance (AMR). While some of these vaccines are already available but underused, others would need to be developed and brought to the market as soon as possible.\nAMR occurs when bacteria, viruses, fungi, and parasites no longer respond to antimicrobial medicines, making people sicker and increasing the risk of illness, death and the spread of infections that are difficult to treat. AMR is driven largely by the misuse and overuse of antimicrobials, yet, at the same time, many people around the world do not have access to essential antimicrobials. Each year, nearly 5 million deaths are associated with AMR globally.\nVaccines are an essential part of the response to reduce AMR as they prevent infections, reduce the use and overuse of antimicrobials, and slow the emergence and spread of drug-resistant pathogens.\nThe new report expands on a WHO study published in BMJ Global Health last year. It estimates that vaccines already in use against pneumococcus pneumonia, Haemophilus influenzae type B (Hib, a bacteria causing pneumonia and meningitis) and typhoid could avert up to 106 000 of the deaths associated with AMR each year. An additional 543 000 deaths associated with AMR could be averted annually when new vaccines for tuberculosis (TB) and Klebsiella pneumoniae, are developed and rolled out globally. While new TB vaccines are in clinical trials, one against Klebsiella pneumoniae is in early stage of development.\n“Addressing antimicrobial resistance starts with preve
... [truncated, total 11217 chars]
================================================================================

================================================================================
Article ID: WHO_e44f1eb9118a037e | Attempt: 1
Error: Cannot extract valid JSON from response: line 1 column 1 (char 0)
Raw response (7838 chars):
{
"id": "WHO_e44f1eb9118a037e",
"date_iso": "2024-10-09T00:00:00",
"full_text": "Excellencies, dear colleagues and friends,\nGood morning, and welcome to the 2024 WHO Mental Health Forum.\nI am pleased to be here today with such a diverse and passionate group: government representatives, mental health experts, advocates, and especially those with lived experience of mental health, brain health, and substance use conditions.\nOur work, and the challenges before us, are both personal and global.\nWe are all united by a common mission: to improve mental health around the world.\nMental health is one of the most neglected areas of health.\nAs I like to say, there is no health without mental health.\nAnd yet many countries, at all income levels, devote few resources to providing quality mental health services.\nThis is often compounded by the stigma associated with mental health, brain health, and substance use conditions, which is often a barrier to care for those in need.\nWHO and our partners are working hard to support countries to overcome these barriers.\nThrough our Special Initiative for Mental Health, we work alongside national and local governments to expand access to services in communities and integrate mental health care into primary health care.\nWHO also plays a vital role in convening experts, analysing the evidence and distilling it into guidelines, norms and standards for our Member States.\nIn that regard, I would like to acknowledge the work of the Strategic and Technical Advisory Group on Mental Health, Brain Health and Substance Use.\nThe recommendations of the STAG-MNS, as it's known, have been instrumental in shaping WHO’s work. You will hear more about it later today.\nThe theme of this year’s forum, \"Global Mental Health in Motion: Looking Back, Looking Forward,\" captures the spirit of reflection and action that guides our work.\nIt reminds us of how far we’ve come in making mental health a global priority, and it emphasizes how much remains t
... [truncated, total 7838 chars]
================================================================================

================================================================================
Article ID: WHO_6c9ff6e0f93b446f | Attempt: 1
Error: Cannot extract valid JSON from response: line 1 column 1 (char 0)
Raw response (13264 chars):
{
"id": "WHO_6c9ff6e0f93b446f",
"date_iso": "2024-10-07T00:00:00",
"full_text": "The WHO Technical Advisory Group on COVID-19 Vaccine Composition (TAG-CO-VAC) continues to closely monitor the genetic and antigenic evolution of SARS-CoV-2 variants, immune responses to SARS-CoV-2 infection and COVID-19 vaccination, and the performance of COVID-19 vaccines against circulating variants. Based on these evaluations, WHO advises vaccine manufacturers and regulatory authorities on the implications for future updates to COVID-19 vaccine antigen composition. The next decision-making meeting of the TAG-CO-VAC is scheduled for mid-December 2024, after which a statement on COVID-19 vaccine antigen composition and an accompanying data annex will be published on the WHO website. These meetings are timed to balance the availability of the latest epidemiological, immunological, and virological data, with the kinetics of vaccine-induced protection and the lead time manufacturers need to update the antigen composition of authorized COVID-19 vaccines.\nThe purpose of this statement is to guide the scientific community and vaccine manufacturers as to which data should be generated ahead of the December 2024 TAG-CO-VAC deliberations.\nTo inform decisions on COVID-19 vaccine antigen composition, 1-4 the TAG-CO-VAC reviews data (see Table) on the genetic evolution of SARS-CoV-2 and the antigenic characteristics of previously and currently circulating variants. This includes the analysis of naïve animal antisera in one-way and two-way neutralization tests, as well as immunogenicity data that assess the breadth and durability of immune responses, including neutralizing antibody responses, using sera from sequentially immunized or infected animals and pre-and post-vaccination human sera. The TAG-CO-VAC also considers vaccine effectiveness (VE) estimates of currently approved COVID-19 vaccines, particularly those that control for time since vaccination and that provide variant-specific estimat
... [truncated, total 13264 chars]
================================================================================

================================================================================
Article ID: WHO_eff72ae4be5c94f1 | Attempt: 1
Error: Cannot extract valid JSON from response: line 1 column 1 (char 0)
Raw response (10253 chars):
{
"id": "WHO_eff72ae4be5c94f1",
"date_iso": "2024-10-07T00:00:00",
"full_text": "On 24 September 2024, WHO joined a coalition of Nutrition for Growth (N4G) host governments, international agencies, and global nutrition networks at ‘Together for Nutrition’ – a high-level event on the margins of the 79th United Nations General Assembly. In preparation for the Scaling up Nutrition (SUN) Movement Global Gathering in Rwanda and N4G Summit in Paris, the ‘Together for Nutrition’ initiative aims to galvanize global efforts towards achieving the Sustainable Development Goals (SDGs) through improved nutrition. This initiative is anchored by a new model of collaboration featuring a ‘troika’ of N4G stewards from past (Tokyo 2021), present (Paris 2024), and future (Los Angeles 2028) hosts of the Summer Olympics.\nWith more than 30 speakers representing the Governments of France, Japan, the United States of America and UNICEF, UN Women, WHO, the World Bank, the Scaling up Nutrition Movement and Stronger Foundations for Nutrition , this event underscored the global malnutrition crisis and called for more holistic, gender-responsive and sustainable action for nutrition through financing and partnerships.\nGlobal malnutrition: A dire yet transformable challenge\nBased on the latest data in the State of food security and nutrition in the world (SOFI) 2024 report, global malnutrition is at a critical juncture. Despite significant improvements since 2014 such as a rise in exclusive breastfeeding rates to 49% and declines in stunting and wasting to 22.3% and 6.8%, respectively, the state of global malnutrition remains alarming. Billions of people still lack access to nutritious, safe, and affordable food, and malnutrition is a leading cause of nearly half of all child deaths, responsible for 1 in 5 preventable deaths overall, and affecting over a billion people globally with obesity.\nWomen and girls bear the brunt of malnutrition, particularly in the 12 countries hardest hit by the glo
... [truncated, total 10253 chars]
================================================================================

================================================================================
Article ID: WHO_eff72ae4be5c94f1 | Attempt: 2
Error: Cannot extract valid JSON from response: line 1 column 1 (char 0)
Raw response (10648 chars):
{
"id": "WHO_eff72ae4be5c94f1",
"date_iso": "2024-10-07T00:00:00",
"full_text": "On 24 September 2024, WHO joined a coalition of Nutrition for Growth (N4G) host governments, international agencies, and global nutrition networks at ‘Together for Nutrition’ – a high-level event on the margins of the 79th United Nations General Assembly. In preparation for the Scaling up Nutrition (SUN) Movement Global Gathering in Rwanda and N4G Summit in Paris, the ‘Together for Nutrition’ initiative aims to galvanize global efforts towards achieving the Sustainable Development Goals (SDGs) through improved nutrition. This initiative is anchored by a new model of collaboration featuring a ‘troika’ of N4G stewards from past (Tokyo 2021), present (Paris 2024), and future (Los Angeles 2028) hosts of the Summer Olympics.\nWith more than 30 speakers representing the Governments of France, Japan, the United States of America and UNICEF, UN Women, WHO, the World Bank, the Scaling up Nutrition Movement and Stronger Foundations for Nutrition , this event underscored the global malnutrition crisis and called for more holistic, gender-responsive and sustainable action for nutrition through financing and partnerships.\nGlobal malnutrition: A dire yet transformable challenge\nBased on the latest data in the State of food security and nutrition in the world (SOFI) 2024 report, global malnutrition is at a critical juncture. Despite significant improvements since 2014 such as a rise in exclusive breastfeeding rates to 49% and declines in stunting and wasting to 22.3% and 6.8%, respectively, the state of global malnutrition remains alarming. Billions of people still lack access to nutritious, safe, and affordable food, and malnutrition is a leading cause of nearly half of all child deaths, responsible for 1 in 5 preventable deaths overall, and affecting over a billion people globally with obesity.\nWomen and girls bear the brunt of malnutrition, particularly in the 12 countries hardest hit by the glo
... [truncated, total 10648 chars]
================================================================================

================================================================================
Article ID: WHO_eff72ae4be5c94f1 | Attempt: 3
Error: Cannot extract valid JSON from response: line 1 column 1 (char 0)
Raw response (9842 chars):
{
"id": "WHO_eff72ae4be5c94f1",
"date_iso": "2024-10-07T00:00:00",
"full_text": "On 24 September 2024, WHO joined a coalition of Nutrition for Growth (N4G) host governments, international agencies, and global nutrition networks at ‘Together for Nutrition’ – a high-level event on the margins of the 79th United Nations General Assembly. In preparation for the Scaling up Nutrition (SUN) Movement Global Gathering in Rwanda and N4G Summit in Paris, the ‘Together for Nutrition’ initiative aims to galvanize global efforts towards achieving the Sustainable Development Goals (SDGs) through improved nutrition. This initiative is anchored by a new model of collaboration featuring a ‘troika’ of N4G stewards from past (Tokyo 2021), present (Paris 2024), and future (Los Angeles 2028) hosts of the Summer Olympics.\nWith more than 30 speakers representing the Governments of France, Japan, the United States of America and UNICEF, UN Women, WHO, the World Bank, the Scaling up Nutrition Movement and Stronger Foundations for Nutrition , this event underscored the global malnutrition crisis and called for more holistic, gender-responsive and sustainable action for nutrition through financing and partnerships.\nGlobal malnutrition: A dire yet transformable challenge\nBased on the latest data in the State of food security and nutrition in the world (SOFI) 2024 report, global malnutrition is at a critical juncture. Despite significant improvements since 2014 such as a rise in exclusive breastfeeding rates to 49% and declines in stunting and wasting to 22.3% and 6.8%, respectively, the state of global malnutrition remains alarming. Billions of people still lack access to nutritious, safe, and affordable food, and malnutrition is a leading cause of nearly half of all child deaths, responsible for 1 in 5 preventable deaths overall, and affecting over a billion people globally with obesity.\nWomen and girls bear the brunt of malnutrition, particularly in the 12 countries hardest hit by the glo
... [truncated, total 9842 chars]
================================================================================

================================================================================
Article ID: WHO_6dc996c213eebc89 | Attempt: 1
Error: Cannot extract valid JSON from response: line 1 column 1 (char 0)
Raw response (9228 chars):
{
"id": "WHO_6dc996c213eebc89",
"date_iso": "2024-10-02T00:00:00",
"full_text": "The Heads of the International Monetary Fund (IMF), the World Bank Group (WBG), and the World Health Organization (WHO) have agreed on broad principles for cooperation on pandemic preparedness. This cooperation will allow a scaling up of support to countries to prevent, detect and respond to public health threats through the IMF’s Resilience and Sustainability Trust (RST), the WBG’s financial and technical support, and WHO’s technical expertise and in-country capabilities. The RST allows eligible member countries to access long-term financing at low interest rates to help implement reforms that address structural challenges to the stability of the economy, such as those posed by pandemics, and to enhance countries’ health systems resilience.\nOperating within their respective mandates and policies, the IMF, the WBG, and WHO will leverage their expertise to enhance pandemic preparedness in their member countries, building on the synergies and complementarity of each institution’s in-country analysis and operations. This collaboration will strengthen the design and articulation of effective policy, institutional and public financial management reforms supported by the IMF’s Resilience and Sustainability Facility (RSF), the policy reforms and investments supported by the WBG, and the technical and operational support provided by WHO. In strengthening the pandemic preparedness framework, member countries will also work to improve the resilience of their health systems and their ability to respond better to all health emergencies.\nUnder the Broad Principles of Coordination:\nWHO and the WBG will continue to take the lead on health-related development policies and, with other multilateral development banks and The Pandemic Fund , on specific project investments for pandemic preparedness. RST financing will not be earmarked for specific projects.\nPandemic preparedness policy reform measures 
... [truncated, total 9228 chars]
================================================================================

================================================================================
Article ID: WHO_649f41437936a10b | Attempt: 1
Error: Cannot extract valid JSON from response: line 1 column 1 (char 0)
Raw response (7324 chars):
{
"id": "WHO_649f41437936a10b",
"date_iso": "2024-09-30T00:00:00",
"full_text": "As academic years begin in many countries, the World Health Organization (WHO) is celebrating its Hinari access to research programme, which is proven to have significantly improved access to scientific knowledge in low- and middle-income countries. A World Intellectual Property Organization (WIPO) study reveals that institutions produced up to 75% more health science publications after joining Hinari.\nLaunched in 2002, Hinari aims to provide open access to a wide range of journals, e-books, and other resources in multiple languages, supporting researchers and students at non-profit institutions, such as universities and public research institutes. It is a flagship programme of the Research4Life (R4L) initiative , focused on health sciences.\nResearch institutions in the Caribbean, central Asia, Europe and Latin America benefited the most from Hinari in generating new scientific knowledge, with academic paper output in these regions increasing by as much as 80–100%.\nThe report also highlights how involvement in international clinical trials increased by over 20% through Hinari. Across east Asia, the Pacific, the Middle East, and north Africa, participation in these trials increased by up to 35%. The access to literature provided by Hinari also influences clinical care and provides libraries with online resources.\n“Hinari continues to play a vital role particularly in low- and middle-income countries, providing access to health science publications, enhancing research capacity and improving clinical trials,” said Dr Jeremy Farrar, Chief Scientist of WHO. “By expanding global access to knowledge, Hinari catalyses the creation of even more impactful health research.”\nHinari’s impact is particularly significant in regions where access to updated research is otherwise limited. Institutions that use Hinari report not only improved academic output but also enhanced capacity to participate 
... [truncated, total 7324 chars]
================================================================================

================================================================================
Article ID: WHO_649f41437936a10b | Attempt: 2
Error: Cannot extract valid JSON from response: line 1 column 1 (char 0)
Raw response (7445 chars):
{
"id": "WHO_649f41437936a10b",
"date_iso": "2024-09-30T00:00:00",
"full_text": "As academic years begin in many countries, the World Health Organization (WHO) is celebrating its Hinari access to research programme, which is proven to have significantly improved access to scientific knowledge in low- and middle-income countries. A World Intellectual Property Organization (WIPO) study reveals that institutions produced up to 75% more health science publications after joining Hinari.\nLaunched in 2002, Hinari aims to provide open access to a wide range of journals, e-books, and other resources in multiple languages, supporting researchers and students at non-profit institutions, such as universities and public research institutes. It is a flagship programme of the Research4Life (R4L) initiative , focused on health sciences.\nResearch institutions in the Caribbean, central Asia, Europe and Latin America benefited the most from Hinari in generating new scientific knowledge, with academic paper output in these regions increasing by as much as 80–100%.\nThe report also highlights how involvement in international clinical trials increased by over 20% through Hinari. Across east Asia, the Pacific, the Middle East, and north Africa, participation in these trials increased by up to 35%. The access to literature provided by Hinari also influences clinical care and provides libraries with online resources.\n“Hinari continues to play a vital role particularly in low- and middle-income countries, providing access to health science publications, enhancing research capacity and improving clinical trials,” said Dr Jeremy Farrar, Chief Scientist of WHO. “By expanding global access to knowledge, Hinari catalyses the creation of even more impactful health research.”\nHinari’s impact is particularly significant in regions where access to updated research is otherwise limited. Institutions that use Hinari report not only improved academic output but also enhanced capacity to participate 
... [truncated, total 7445 chars]
================================================================================

================================================================================
Article ID: WHO_dd6d132fb61e3c18 | Attempt: 1
Error: Cannot extract valid JSON from response: line 1 column 1 (char 0)
Raw response (14344 chars):
{
"id": "WHO_dd6d132fb61e3c18",
"date_iso": "2024-09-26T00:00:00",
"full_text": "FAO, UNEP, WHO and WOAH welcome agreement at UN General Assembly meeting, including target to reduce human deaths from AMR by 10% by 2030\nGlobal leaders have approved a political declaration at the 79th United Nations General Assembly (UNGA) High-Level Meeting on Antimicrobial Resistance (AMR) , committing to a clear set of targets and actions, including reducing the estimated 4.95 million human deaths associated with bacterial antimicrobial resistance (AMR) annually by 10% by 2030.\nThe declaration also calls for sustainable national financing and US$100 million in catalytic funding, to help achieve a target of at least 60% of countries having funded national action plans on AMR by 2030. This goal is to be reached through, for example, diversifying funding sources and securing more contributors to the Antimicrobial Resistance Multi-Partner Trust Fund .\nThe Food and Agriculture Organization of the United Nations ( FAO ), the United Nations Environment Programme ( UNEP ), the World Health Organization ( WHO ) and the World Organisation for Animal Health ( WOAH ), known as the Quadripartite, welcome the declaration. The Quadripartite applauds countries for recognising the need for global, regional and national efforts to address AMR through a One Health approach, which recognizes that the health of people, animals, plants and the wider environment, including ecosystems, are closely linked and interdependent.\nGlobal champions involved with the meeting include Prime Minister Mia Mottley of Barbados, AMR survivors, civil society and stakeholder organizations from around the world.\nAMR occurs when bacteria, viruses, fungi and parasites no longer respond to medicines, leading to infections becoming difficult or impossible to treat, increasing the risk of disease spread, severe illness and death.\nGlobal multisectoral action needed to reach targets by 2030\nOn human health , the declaration
... [truncated, total 14344 chars]
================================================================================

================================================================================
Article ID: WHO_dd6d132fb61e3c18 | Attempt: 2
Error: Cannot extract valid JSON from response: line 1 column 1 (char 0)
Raw response (14495 chars):
{
"id": "WHO_dd6d132fb61e3c18",
"date_iso": "2024-09-26T00:00:00",
"full_text": "FAO, UNEP, WHO and WOAH welcome agreement at UN General Assembly meeting, including target to reduce human deaths from AMR by 10% by 2030\nGlobal leaders have approved a political declaration at the 79th United Nations General Assembly (UNGA) High-Level Meeting on Antimicrobial Resistance (AMR) , committing to a clear set of targets and actions, including reducing the estimated 4.95 million human deaths associated with bacterial antimicrobial resistance (AMR) annually by 10% by 2030.\nThe declaration also calls for sustainable national financing and US$100 million in catalytic funding, to help achieve a target of at least 60% of countries having funded national action plans on AMR by 2030. This goal is to be reached through, for example, diversifying funding sources and securing more contributors to the Antimicrobial Resistance Multi-Partner Trust Fund .\nThe Food and Agriculture Organization of the United Nations ( FAO ), the United Nations Environment Programme ( UNEP ), the World Health Organization ( WHO ) and the World Organisation for Animal Health ( WOAH ), known as the Quadripartite, welcome the declaration. The Quadripartite applauds countries for recognising the need for global, regional and national efforts to address AMR through a One Health approach, which recognizes that the health of people, animals, plants and the wider environment, including ecosystems, are closely linked and interdependent.\nGlobal champions involved with the meeting include Prime Minister Mia Mottley of Barbados, AMR survivors, civil society and stakeholder organizations from around the world.\nAMR occurs when bacteria, viruses, fungi and parasites no longer respond to medicines, leading to infections becoming difficult or impossible to treat, increasing the risk of disease spread, severe illness and death.\nGlobal multisectoral action needed to reach targets by 2030\nOn human health , the declaration
... [truncated, total 14495 chars]
================================================================================

================================================================================
Article ID: WHO_dd6d132fb61e3c18 | Attempt: 3
Error: Cannot extract valid JSON from response: line 1 column 1 (char 0)
Raw response (14371 chars):
{
"id": "WHO_dd6d132fb61e3c18",
"date_iso": "2024-09-26T00:00:00",
"full_text": "FAO, UNEP, WHO and WOAH welcome agreement at UN General Assembly meeting, including target to reduce human deaths from AMR by 10% by 2030\nGlobal leaders have approved a political declaration at the 79th United Nations General Assembly (UNGA) High-Level Meeting on Antimicrobial Resistance (AMR) , committing to a clear set of targets and actions, including reducing the estimated 4.95 million human deaths associated with bacterial antimicrobial resistance (AMR) annually by 10% by 2030.\nThe declaration also calls for sustainable national financing and US$100 million in catalytic funding, to help achieve a target of at least 60% of countries having funded national action plans on AMR by 2030. This goal is to be reached through, for example, diversifying funding sources and securing more contributors to the Antimicrobial Resistance Multi-Partner Trust Fund .\nThe Food and Agriculture Organization of the United Nations ( FAO ), the United Nations Environment Programme ( UNEP ), the World Health Organization ( WHO ) and the World Organisation for Animal Health ( WOAH ), known as the Quadripartite, welcome the declaration. The Quadripartite applauds countries for recognising the need for global, regional and national efforts to address AMR through a One Health approach, which recognizes that the health of people, animals, plants and the wider environment, including ecosystems, are closely linked and interdependent.\nGlobal champions involved with the meeting include Prime Minister Mia Mottley of Barbados, AMR survivors, civil society and stakeholder organizations from around the world.\nAMR occurs when bacteria, viruses, fungi and parasites no longer respond to medicines, leading to infections becoming difficult or impossible to treat, increasing the risk of disease spread, severe illness and death.\nGlobal multisectoral action needed to reach targets by 2030\nOn human health , the declaration
... [truncated, total 14371 chars]
================================================================================

================================================================================
Article ID: WHO_dd6d132fb61e3c18 | Attempt: 4
Error: Cannot extract valid JSON from response: line 1 column 1 (char 0)
Raw response (14471 chars):
{
"id": "WHO_dd6d132fb61e3c18",
"date_iso": "2024-09-26T00:00:00",
"full_text": "FAO, UNEP, WHO and WOAH welcome agreement at UN General Assembly meeting, including target to reduce human deaths from AMR by 10% by 2030\nGlobal leaders have approved a political declaration at the 79th United Nations General Assembly (UNGA) High-Level Meeting on Antimicrobial Resistance (AMR) , committing to a clear set of targets and actions, including reducing the estimated 4.95 million human deaths associated with bacterial antimicrobial resistance (AMR) annually by 10% by 2030.\nThe declaration also calls for sustainable national financing and US$100 million in catalytic funding, to help achieve a target of at least 60% of countries having funded national action plans on AMR by 2030. This goal is to be reached through, for example, diversifying funding sources and securing more contributors to the Antimicrobial Resistance Multi-Partner Trust Fund .\nThe Food and Agriculture Organization of the United Nations ( FAO ), the United Nations Environment Programme ( UNEP ), the World Health Organization ( WHO ) and the World Organisation for Animal Health ( WOAH ), known as the Quadripartite, welcome the declaration. The Quadripartite applauds countries for recognising the need for global, regional and national efforts to address AMR through a One Health approach, which recognizes that the health of people, animals, plants and the wider environment, including ecosystems, are closely linked and interdependent.\nGlobal champions involved with the meeting include Prime Minister Mia Mottley of Barbados, AMR survivors, civil society and stakeholder organizations from around the world.\nAMR occurs when bacteria, viruses, fungi and parasites no longer respond to medicines, leading to infections becoming difficult or impossible to treat, increasing the risk of disease spread, severe illness and death.\nGlobal multisectoral action needed to reach targets by 2030\nOn human health , the declaration
... [truncated, total 14471 chars]
================================================================================

================================================================================
Article ID: WHO_dd6d132fb61e3c18 | Attempt: 5
Error: Cannot extract valid JSON from response: line 1 column 1 (char 0)
Raw response (14464 chars):
{
"id": "WHO_dd6d132fb61e3c18",
"date_iso": "2024-09-26T00:00:00",
"full_text": "FAO, UNEP, WHO and WOAH welcome agreement at UN General Assembly meeting, including target to reduce human deaths from AMR by 10% by 2030\nGlobal leaders have approved a political declaration at the 79th United Nations General Assembly (UNGA) High-Level Meeting on Antimicrobial Resistance (AMR) , committing to a clear set of targets and actions, including reducing the estimated 4.95 million human deaths associated with bacterial antimicrobial resistance (AMR) annually by 10% by 2030.\nThe declaration also calls for sustainable national financing and US$100 million in catalytic funding, to help achieve a target of at least 60% of countries having funded national action plans on AMR by 2030. This goal is to be reached through, for example, diversifying funding sources and securing more contributors to the Antimicrobial Resistance Multi-Partner Trust Fund .\nThe Food and Agriculture Organization of the United Nations ( FAO ), the United Nations Environment Programme ( UNEP ), the World Health Organization ( WHO ) and the World Organisation for Animal Health ( WOAH ), known as the Quadripartite, welcome the declaration. The Quadripartite applauds countries for recognising the need for global, regional and national efforts to address AMR through a One Health approach, which recognizes that the health of people, animals, plants and the wider environment, including ecosystems, are closely linked and interdependent.\nGlobal champions involved with the meeting include Prime Minister Mia Mottley of Barbados, AMR survivors, civil society and stakeholder organizations from around the world.\nAMR occurs when bacteria, viruses, fungi and parasites no longer respond to medicines, leading to infections becoming difficult or impossible to treat, increasing the risk of disease spread, severe illness and death.\nGlobal multisectoral action needed to reach targets by 2030\nOn human health , the declaration
... [truncated, total 14464 chars]
================================================================================

================================================================================
Article ID: WHO_ecd4ba0995406548 | Attempt: 1
Error: Cannot extract valid JSON from response: line 1 column 1 (char 0)
Raw response (9846 chars):
{
"id": "WHO_ecd4ba0995406548",
"date_iso": "2024-09-27T00:00:00",
"full_text": "\"Five years ago, I used to be 1 of 2 nurses working at this facility. I remember when some clients would come and I used to turn them down because I was too tired. These days, we are a team of 4 so I am able to respond to my patients efficiently, Even when one of us goes on leave, we still have capacity,\" said Esther Omagwa, a nurse at Railways Health Centre in Kisumu. Cred it: WHO/Genna Print\nStaff at Railways Health Centre have seen a great improvement in their health workforce. Over five years the facility has expanded from 10 to 30 staff members, reflecting the broader national initiative to enhance healthcare delivery through strategic workforce development. Health workers are fundamental to strong health systems, and to progress towards universal health coverage.\nThis was due to sustained interventions by government and its partners to improve the availability of health workers to deliver health services across the country.\nAccording to the Kenya’s Health Labour Market Analysis 2023 , which was conducted with technical and financial support from WHO, Kenya has doubled its health workforce in the last 10 years. This includes nurses, midwives, doctors, clinical officers and other trained professionals.\nImproved availability of health workers at healthcare facilities across Kenya has significantly enhanced patient care, leading to an increase in individuals seeking treatment and improved quality of care offered at the health facilities nationwide.\nElizabeth brings her daughter Princes Angel to the Railways Health Clinic to get tested for malaria, April 2024. Credit: WHO / Genna Print\nThe Government of Kenya has been using data, evidence, and multi-stakeholder dialogues to identify and implement strategic interventions to address its health workforce challenges. This supported the strategic investment needed in implementing the Kenya Human Resources for Health (HRH) Strategy 2
... [truncated, total 9846 chars]
================================================================================

================================================================================
Article ID: WHO_ecd4ba0995406548 | Attempt: 2
Error: Cannot extract valid JSON from response: line 1 column 1 (char 0)
Raw response (9938 chars):
{
"id": "WHO_ecd4ba0995406548",
"date_iso": "2024-09-27T00:00:00",
"full_text": "\"Five years ago, I used to be 1 of 2 nurses working at this facility. I remember when some clients would come and I used to turn them down because I was too tired. These days, we are a team of 4 so I am able to respond to my patients efficiently, Even when one of us goes on leave, we still have capacity,\" said Esther Omagwa, a nurse at Railways Health Centre in Kisumu. Cred it: WHO/Genna Print\nStaff at Railways Health Centre have seen a great improvement in their health workforce. Over five years the facility has expanded from 10 to 30 staff members, reflecting the broader national initiative to enhance healthcare delivery through strategic workforce development. Health workers are fundamental to strong health systems, and to progress towards universal health coverage.\nThis was due to sustained interventions by government and its partners to improve the availability of health workers to deliver health services across the country.\nAccording to the Kenya’s Health Labour Market Analysis 2023 , which was conducted with technical and financial support from WHO, Kenya has doubled its health workforce in the last 10 years. This includes nurses, midwives, doctors, clinical officers and other trained professionals.\nImproved availability of health workers at healthcare facilities across Kenya has significantly enhanced patient care, leading to an increase in individuals seeking treatment and improved quality of care offered at the health facilities nationwide.\nElizabeth brings her daughter Princes Angel to the Railways Health Clinic to get tested for malaria, April 2024. Credit: WHO / Genna Print\nThe Government of Kenya has been using data, evidence, and multi-stakeholder dialogues to identify and implement strategic interventions to address its health workforce challenges. This supported the strategic investment needed in implementing the Kenya Human Resources for Health (HRH) Strategy 2
... [truncated, total 9938 chars]
================================================================================

================================================================================
Article ID: WHO_a3428bf430f88339 | Attempt: 1
Error: Cannot extract valid JSON from response: line 1 column 1 (char 0)
Raw response (7763 chars):
{
"id": "WHO_a3428bf430f88339",
"date_iso": "2024-09-25T00:00:00",
"full_text": "A new online learning course for pharmacists and pharmacy staff has been launched today by the World Health Organization (WHO) to support wider access to contraception, particularly in low-resource settings. The product was released on World Pharmacists' Day .\nAccording to the latest statistics, among 1.9 billion women of reproductive age (15–49 years), 1.1 billion have a need for family planning; of these, 874 million are using modern methods, and 164 million have an unmet need for contraception.\nPharmacies play an important role in helping people manage their sexual health and family planning needs. Pharmacies are typically easily accessible within communities, with pharmacy workers providing critical information that helps people take informed decisions about their health.\nThrough a mix of theory, videos, case studies and practice exercises, participants in the course, titled Counselling and prescribing contraception in pharmacies , learn how to provide best-practice counselling to clients seeking contraception; about different contraceptive methods including male and female condoms, emergency contraception and self-injectable contraception; how to prescribe the most appropriate method depending on a client’s individual situation and preferences, and about follow-up care.\nThe content of the course is based on Family Planning – A Global handbook for providers by WHO/USAID. It also draws from the conceptual framework for self-care interventions . Within each module there is a focus on good communication, professional conduct and people-centredness, which are all core components of self-care service provision.\nOn successful completion of all six modules, participants are awarded a WHO Academy Award of Completion. Although aimed at pharmacists and those working in pharmacies and drug stores, anyone with an interest in the topic can also sign up to expand their knowledge and understa
... [truncated, total 7763 chars]
================================================================================

================================================================================
Article ID: WHO_3fc7b2b8d1bfd8b3 | Attempt: 1
Error: Cannot extract valid JSON from response: line 1 column 1 (char 0)
Raw response (8494 chars):
{
"id": "WHO_3fc7b2b8d1bfd8b3",
"date_iso": "2024-09-25T00:00:00",
"full_text": "The World Health Organization (WHO) today released guidance to improve the design, conduct and oversight of clinical trials in countries of all income levels. This guidance aims to support stronger country-led research and development (R&D) ecosystems to advance health science so that new, safe and effective health interventions can be made more accessible and affordable globally for people everywhere, faster.\nFor the first time, WHO offers recommendations for national health authorities, regulatory authorities, funders and others on how they can best facilitate clinical trials to generate evidence on health interventions. It addresses challenges such as poor trial design, limited diversity of participants, insufficient infrastructure and bureaucratic efficiencies, which cost time, money and lives.\nGlobal divides between high-income countries (HICs) and low- and middle-income countries (LMICs) are leading to serious inequities in clinical trials. In 2022, there were 27 133 trials taking place in the world’s 86 HICs compared to 24 791 in 131 LMICs. At times, LMICs have been targeted for inclusion in clinical trials due to their disease burdens, only for the resulting data to be used in getting health interventions authorized in HICs, but not in the LMICs.\n“Strengthening country-led research and development and embedding clinical trials in routine clinical and public health services will ensure faster and more equitable access to safe and effective interventions, helping people healthier,” said Dr Jeremy Farrar, WHO’s Chief Scientist. “This new guidance aims to improve the diversity of trial participants to ensure research benefits the broadest range of people possible, decisively moving away from a one-size-fits-all approach.”\nAccording to 2022 data , less than 5% of clinical trials included pregnant women and only 13% included children. This has lowered the quality of evidence, affe
... [truncated, total 8494 chars]
================================================================================

================================================================================
Article ID: WHO_de1bcbc1c4a32470 | Attempt: 1
Error: Cannot extract valid JSON from response: line 1 column 1 (char 0)
Raw response (19500 chars):
{
"id": "WHO_de1bcbc1c4a32470",
"date_iso": "2024-09-25T00:00:00",
"full_text": "The escalating mpox outbreak in the Democratic Republic of the Congo (DRC) and other countries was declared a public health emergency of international concern (PHEIC) by the WHO Director-General, Dr Tedros Adhanom Ghebreyesus, on 14 August 2024.\nOver 120 countries have confirmed more than 106 000 cases of mpox since the onset of the global outbreak in 2022. In 2024, there has been an upsurge of mpox in the DRC and neighbouring countries, with about 30 000 suspected cases and more than 800 deaths reported across 15 countries in the WHO African Region (based on data as of 15 September 2024).\nRecommendations issued on the advice of the International Health Regulations Emergency Committee asked States Parties to ensure \"equitable access to safe, eﬀective and quality-assured countermeasures for mpox.”\nDonors have stepped up quickly to support WHO’s efforts to ensure global health security, with a focus on risk communications and community engagement, disease surveillance, cross-border collaboration and the quality of care for patients. In addition, efforts are ongoing to secure access to vaccines, therapeutics and diagnostics.\nInnovating while delivering - a new access-and-allocation mechanism for vaccines, treatments, tests\nA 3-week-old girl suffering from mpox in the emergency room at Kavumu Hospital in South Kivu, Democratic Republic of the Congo, on 30 August, 2024. The girl's mother said she had been at the hospital for almost two weeks with little improvement in her daughter's condition due to a lack of medication. Credit: WHO/Guerchom Ndebo\nWith the recent surge in mpox cases, coupled with the limited availability of vaccines and other medical countermeasures, a collaborative and transparent process to distribute critical resources fairly was urgently needed. In coordination with Member States, WHO and partners have established the Access and Allocation Mechanism ( AAM ) for mp
... [truncated, total 19500 chars]
================================================================================

================================================================================
Article ID: WHO_de1bcbc1c4a32470 | Attempt: 2
Error: Cannot extract valid JSON from response: line 1 column 1 (char 0)
Raw response (19349 chars):
{
"id": "WHO_de1bcbc1c4a32470",
"date_iso": "2024-09-25T00:00:00",
"full_text": "The escalating mpox outbreak in the Democratic Republic of the Congo (DRC) and other countries was declared a public health emergency of international concern (PHEIC) by the WHO Director-General, Dr Tedros Adhanom Ghebreyesus, on 14 August 2024.\nOver 120 countries have confirmed more than 106 000 cases of mpox since the onset of the global outbreak in 2022. In 2024, there has been an upsurge of mpox in the DRC and neighbouring countries, with about 30 000 suspected cases and more than 800 deaths reported across 15 countries in the WHO African Region (based on data as of 15 September 2024).\nRecommendations issued on the advice of the International Health Regulations Emergency Committee asked States Parties to ensure \"equitable access to safe, eﬀective and quality-assured countermeasures for mpox.”\nDonors have stepped up quickly to support WHO’s efforts to ensure global health security, with a focus on risk communications and community engagement, disease surveillance, cross-border collaboration and the quality of care for patients. In addition, efforts are ongoing to secure access to vaccines, therapeutics and diagnostics.\nInnovating while delivering - a new access-and-allocation mechanism for vaccines, treatments, tests\nA 3-week-old girl suffering from mpox in the emergency room at Kavumu Hospital in South Kivu, Democratic Republic of the Congo, on 30 August, 2024. The girl's mother said she had been at the hospital for almost two weeks with little improvement in her daughter's condition due to a lack of medication. Credit: WHO/Guerchom Ndebo\nWith the recent surge in mpox cases, coupled with the limited availability of vaccines and other medical countermeasures, a collaborative and transparent process to distribute critical resources fairly was urgently needed. In coordination with Member States, WHO and partners have established the Access and Allocation Mechanism ( AAM ) for mp
... [truncated, total 19349 chars]
================================================================================

================================================================================
Article ID: WHO_6af961fc4566e0de | Attempt: 1
Error: Cannot extract valid JSON from response: line 1 column 1 (char 0)
Raw response (9792 chars):
{
"id": "WHO_6af961fc4566e0de",
"date_iso": "2024-09-20T00:00:00",
"full_text": "Government-led negotiations on the world’s first agreement to protect people from future pandemics made significant progress during the latest round of discussions that ended today at the World Health Organization (WHO).\nSubstantive progress on the draft agreement, increased involvement of civil society and non-State actors, and a commitment by all parties to sustain momentum towards a pandemic agreement were hallmarks of the eleventh meeting of the Intergovernmental Negotiating Body (INB), which comprises the 194 member governments of WHO, and ran from 9–20 September in Geneva. Negotiators will resume discussions, at a twelfth round, from 4–15 November.\nDr Tedros Adhanom Ghebreyesus, WHO Director-General, praised the “collective commitment” shown by governments and other stakeholders to conclude the pandemic agreement, and an urgent need to do so in light of the persistent threat shown by viruses with pandemic potential.\n“The next pandemic will not wait for us, whether from a flu virus like H5N1, another coronavirus, or another family of viruses we don’t yet know about,” Dr Tedros told the meeting. “But all the ingredients are in place to meet the objective of countries to negotiate a generational pandemic agreement. The world needs hope that it is still possible for countries to find common solutions to common problems. You can provide that hope.”\nAmbassador Anne-Claire Amprou, INB Bureau Co-chair of France, said the latest round of negotiations demonstrated the commitment by governments towards a pandemic accord to make the world safer and healthier. It also showed the critical role being played by civil society and other non-governmental stakeholders to ensure that equity, innovation and collaboration are at the heart of the agreement.\n“During extensive discussions, visible commitment was shown by Member States of WHO towards a pandemic agreement,” Ambassador Amprou said. “Ther
... [truncated, total 9792 chars]
================================================================================

================================================================================
Article ID: WHO_534be47909e32541 | Attempt: 1
Error: Cannot extract valid JSON from response: line 1 column 1 (char 0)
Raw response (8759 chars):
{
"id": "WHO_534be47909e32541",
"date_iso": "2024-09-18T00:00:00",
"full_text": "Departmental update\nSurveillance systems provide an understanding of the patterns of antimicrobial resistance (AMR) and antimicrobial use (AMU). AMU refers to both aggregated national data and individual patient-level data. Previously, aggregated national antimicrobial use data was referred to as antimicrobial consumption (AMC).\nAs outlined in the 2015 Global Action Plan on Antimicrobial Resistance , comprehensive and high quality data on AMR and AMU allows for:\nunderstanding the extent of AMR and its drivers\ndetecting trends and emerging threats\ndefining targets for interventions\nmeasuring the impact of implemented interventions.\nThe WHO Global Antimicrobial Resistance and Use Surveillance System (GLASS) gathers official national data on AMR and AMU in human health. Since its inception in 2016, GLASS has expanded in scope and coverage and comprises several modules, including:\nroutine surveillance on AMR in common bacterial and fungal pathogens;\nperiodic nationally representative surveys to estimate prevalence, health and economic burden of AMR; and\nsurveillance of AMU in community and hospital settings.\nAs of December 2023, 135 countries, territories and areas (CTAs) have committed to contribute data to GLASS on AMR (GLASS-AMR) and/or AMU (GLASS-AMU).\nOn 19 September 2024, WHO launched the updated GLASS dashboard , which provides a visual representation of AMR and AMU national data for 2022.\nGLASS data visualization dashboard for antimicrobial resistance\nThe GLASS dashboard provides an overview of the global and regional AMR situation. It summarizes the proportion of resistance to 23 antibiotics across 11 antibacterial classes for 8 bacterial pathogens commonly isolated from patients with bloodstream, gastrointestinal, urinary or genital infectious syndromes.\nThe dashboard also describes the status, quality and standards of national AMR surveillance systems. It presents 
... [truncated, total 8759 chars]
================================================================================

================================================================================
Article ID: WHO_fc093dc6062c3af1 | Attempt: 1
Error: Cannot extract valid JSON from response: line 1 column 1 (char 0)
Raw response (7556 chars):
{
"id": "WHO_fc093dc6062c3af1",
"date_iso": "2024-09-18T00:00:00",
"full_text": "The World Health Organization (WHO) has unveiled a new technical product aimed at guiding countries in health systems recovery following disruptive events. This initiative is designed to leverage lessons learned from past and ongoing shocks to not only restore health systems to their pre-shock state, but also to address pre-existing and ongoing gaps, weaknesses, and inequities.\nHealth system recovery presents a unique opportunity for substantial improvements. By facilitating continuous and systematic improvement, countries can achieve better performance and resilience in their health systems. This approach aligns with the broader goals of universal health coverage, health security, and socioeconomic development.\nThe newly released guideline is intended to support national and subnational health authorities, WHO, other United Nations agencies, technical partners, and donors. It provides a framework for effective planning and prioritization of health system recovery, ensuring that these efforts are mainstreamed into broader health system strengthening and reform processes. While the guidelines are developed for a recovery context, they are adaptable to other health system strengthening initiatives that address recognized gaps in health system function even outside of a shock event.\nBy prioritizing and mainstreaming health system recovery, WHO aims to support countries in building more resilient health systems capable of withstanding future disruptions and ensuring continuous improvement in health outcomes globally.\nAbout the UHC Partnership The UHC Partnership is one of the core components of the WHO Special Programme on Primary Health Care . It was created by WHO and its development partners in 2011 to bridge the gap between global commitments on UHC and country implementation by providing technical expertise to reinforce the leadership of ministries of health in building equitable, 
... [truncated, total 7556 chars]
================================================================================

================================================================================
Article ID: WHO_e0c2c6438695e2df | Attempt: 1
Error: Cannot extract valid JSON from response: line 1 column 1 (char 0)
Raw response (7605 chars):
{
"id": "WHO_e0c2c6438695e2df",
"date_iso": "2024-09-18T00:00:00",
"full_text": "A new coalition aiming to accelerate the integration and institutionalization of evidence into decision-making launched during the Global Evidence Summit in Prague last week.\nThe Global Coalition for Evidence is adopting an approach that is grounded in collaboration, coordination, and consolidation of efforts of key global and regional actors in the evidence ecosystem to empower governments, professionals, and civil society to make well-informed decisions for healthier futures.\n“In the context of the health challenges the world is facing today, the lack of collaboration across sectors and workstreams, disconnection among key players and duplication of work all hinder the development of rapid and robust solutions to improve the health of populations” said Tanja Kuchenmuller, Unit Head, Evidence to Policy and Impact, Research for Health Department, WHO, adding “The Coalition seeks to streamline these efforts, break down silos, and maximize the impact of evidence-informed decision-making to improve health outcomes.”\nAccurate and timely translation of evidence is essential to promote population health and protect against threats to health, such as antimicrobial resistance, climate change, and rising economic and social inequalities, as well as future crises.\nDuring the launch event, a panel of experts, moderated by Fadi El-Jardali, Professor of Health Policy and Systems, Faculty of Health Sciences, American University of Beirut, Lebanon, presented real world examples and their experiences of bridging and institutionalizing evidence-informed decision-making in a range of countries. They discussed challenges and opportunities for the Coalition.\nFadi El-Jardali opened the roundtable discussion, “While the health sector is frequently seen as the pioneer of evidence-informed decision-making, much work remains to be done to strengthen the institutionalization of evidence-informed decision-ma
... [truncated, total 7605 chars]
================================================================================

================================================================================
Article ID: WHO_2349ad8f5c8d6e1a | Attempt: 1
Error: Cannot extract valid JSON from response: line 1 column 1 (char 0)
Raw response (8574 chars):
{
"id": "WHO_2349ad8f5c8d6e1a",
"date_iso": "2024-09-18T00:00:00",
"full_text": "Organizers: Office of Internal Oversight Services – WHO; Office of Inspector General - The Global Fund, Gavi; Office of Audit and Investigative - Gavi, The Vaccine Alliance\nDear co-chairs, Lucy Elliot, Lisa McClennon, and Tracy Staines,\nDear colleagues and friends,\nGood afternoon, it’s an honour to be with you.\nMy thanks to the Global Fund and Gavi for co-chairing this meeting with WHO, and to all of you for your dedication to making our organizations accountable for the results we deliver.\nJust this morning I returned from Chad, where I had the opportunity to travel to the border with Sudan to see firsthand the growing refugee crisis caused by the conflict in Sudan.\nI was heartbroken by the suffering I saw, but also heartened by the work that our colleagues are doing from WHO, Unicef, UNHCR, OCHA and many others to alleviate that suffering.\nAs auditors, your work often goes unseen and underappreciated.\nBut I want you to know that it is absolutely critical to the work that is happening on the ground.\nBecause you are the guardians of integrity, accountability, and transparency.\nAnd together, they are the ingredients of the most precious commodity we have: trust - the trust of our Member States, donors, and most importantly, the trust of the communities we serve.\nWhen that trust is at risk, everything is at risk.\nAnd when it is broken, the consequences can be huge.\nIn 2018, during the Ebola outbreak in the Democratic Republic of the Congo, WHO personnel were accused of sexual exploitation and abuse.\nThe credibility, the funding and even the very future of the organization were put at risk.\nWe had to start by facing the horror of what had been done by our own people. We listened to the voices of survivors, and we listened to the hard questions our Member States asked us.\nWe learned valuable lessons, and made vital changes to improve the work of the organization, and rebuild
... [truncated, total 8574 chars]
================================================================================

================================================================================
Article ID: WHO_c5fee6982af49051 | Attempt: 1
Error: Cannot extract valid JSON from response: line 1 column 1 (char 0)
Raw response (9797 chars):
{
"id": "WHO_c5fee6982af49051",
"date_iso": "2024-09-13T00:00:00",
"full_text": "The World Health Organization (WHO) has announced the MVA-BN vaccine as the first vaccine against mpox to be added to its prequalification list.\nThe prequalification approval is expected to facilitate timely and increased access to this vital product in communities with urgent need, to reduce transmission and help contain the outbreak. WHO’s assessment for prequalification is based on information submitted by the manufacturer, Bavarian Nordic A/S, and review by the European Medicines Agency, the regulatory agency of record for this vaccine.\n“This first prequalification of a vaccine against mpox is an important step in our fight against the disease, both in the context of the current outbreaks in Africa, and in future,” said WHO Director-General Dr Tedros Adhanom Ghebreyesus. “We now need urgent scale up in procurement, donations and rollout to ensure equitable access to vaccines where they are needed most, alongside other public health tools, to prevent infections, stop transmission and save lives.”\nThe MVA-BN vaccine can be administered in people over 18-years of age as a 2-dose injection given 4 weeks apart. After prior cold storage, the vaccine can be kept at 2–8°C for up to 8 weeks.\n“The WHO prequalification of the MVA-BN vaccine will help accelerate ongoing procurement of the mpox vaccines by governments and international agencies such as Gavi and Unicef to help communities on the frontlines of the ongoing emergency in Africa and beyond,” said Dr Yukiko Nakatani, WHO Assistant Director-General for Access to Medicines and Health Products. “The decision can also help national regulatory authorities to fast-track approvals, ultimately increasing access to quality-assured mpox vaccine products.”\nThe WHO Strategic Advisory Group of Experts (SAGE) on Immunization reviewed all available evidence and recommended the use of MVA-BN vaccine in the context of an mpox outbreak for persons 
... [truncated, total 9797 chars]
================================================================================

================================================================================
Article ID: WHO_c5fee6982af49051 | Attempt: 2
Error: Cannot extract valid JSON from response: line 1 column 1 (char 0)
Raw response (9760 chars):
{
"id": "WHO_c5fee6982af49051",
"date_iso": "2024-09-13T00:00:00",
"full_text": "The World Health Organization (WHO) has announced the MVA-BN vaccine as the first vaccine against mpox to be added to its prequalification list.\nThe prequalification approval is expected to facilitate timely and increased access to this vital product in communities with urgent need, to reduce transmission and help contain the outbreak. WHO’s assessment for prequalification is based on information submitted by the manufacturer, Bavarian Nordic A/S, and review by the European Medicines Agency, the regulatory agency of record for this vaccine.\n“This first prequalification of a vaccine against mpox is an important step in our fight against the disease, both in the context of the current outbreaks in Africa, and in future,” said WHO Director-General Dr Tedros Adhanom Ghebreyesus. “We now need urgent scale up in procurement, donations and rollout to ensure equitable access to vaccines where they are needed most, alongside other public health tools, to prevent infections, stop transmission and save lives.”\nThe MVA-BN vaccine can be administered in people over 18-years of age as a 2-dose injection given 4 weeks apart. After prior cold storage, the vaccine can be kept at 2–8°C for up to 8 weeks.\n“The WHO prequalification of the MVA-BN vaccine will help accelerate ongoing procurement of the mpox vaccines by governments and international agencies such as Gavi and Unicef to help communities on the frontlines of the ongoing emergency in Africa and beyond,” said Dr Yukiko Nakatani, WHO Assistant Director-General for Access to Medicines and Health Products. “The decision can also help national regulatory authorities to fast-track approvals, ultimately increasing access to quality-assured mpox vaccine products.”\nThe WHO Strategic Advisory Group of Experts (SAGE) on Immunization reviewed all available evidence and recommended the use of MVA-BN vaccine in the context of an mpox outbreak for persons 
... [truncated, total 9760 chars]
================================================================================

================================================================================
Article ID: WHO_c5fee6982af49051 | Attempt: 3
Error: Cannot extract valid JSON from response: line 1 column 1 (char 0)
Raw response (9805 chars):
{
"id": "WHO_c5fee6982af49051",
"date_iso": "2024-09-13T00:00:00",
"full_text": "The World Health Organization (WHO) has announced the MVA-BN vaccine as the first vaccine against mpox to be added to its prequalification list.\nThe prequalification approval is expected to facilitate timely and increased access to this vital product in communities with urgent need, to reduce transmission and help contain the outbreak. WHO’s assessment for prequalification is based on information submitted by the manufacturer, Bavarian Nordic A/S, and review by the European Medicines Agency, the regulatory agency of record for this vaccine.\n“This first prequalification of a vaccine against mpox is an important step in our fight against the disease, both in the context of the current outbreaks in Africa, and in future,” said WHO Director-General Dr Tedros Adhanom Ghebreyesus. “We now need urgent scale up in procurement, donations and rollout to ensure equitable access to vaccines where they are needed most, alongside other public health tools, to prevent infections, stop transmission and save lives.”\nThe MVA-BN vaccine can be administered in people over 18-years of age as a 2-dose injection given 4 weeks apart. After prior cold storage, the vaccine can be kept at 2–8°C for up to 8 weeks.\n“The WHO prequalification of the MVA-BN vaccine will help accelerate ongoing procurement of the mpox vaccines by governments and international agencies such as Gavi and Unicef to help communities on the frontlines of the ongoing emergency in Africa and beyond,” said Dr Yukiko Nakatani, WHO Assistant Director-General for Access to Medicines and Health Products. “The decision can also help national regulatory authorities to fast-track approvals, ultimately increasing access to quality-assured mpox vaccine products.”\nThe WHO Strategic Advisory Group of Experts (SAGE) on Immunization reviewed all available evidence and recommended the use of MVA-BN vaccine in the context of an mpox outbreak for persons 
... [truncated, total 9805 chars]
================================================================================

================================================================================
Article ID: WHO_95a1a2ed5a4c268f | Attempt: 1
Error: Cannot extract valid JSON from response: line 1 column 1 (char 0)
Raw response (11185 chars):
{
"id": "WHO_95a1a2ed5a4c268f",
"date_iso": "2024-09-13T00:00:00",
"full_text": "Around 560 000 children under ten years old were vaccinated against polio during the first round of an emergency vaccination campaign conducted in three phases from 1-12 September 2024 in the Gaza Strip.\nThe 12-day campaign provided novel oral polio vaccine type 2 (nOPV2) to 558 963 children, following meticulous planning and coordination. This involved the use of an extensive network of teams, vaccinating at selected fixed sites at health facilities and outreach posts. Mobile and transit teams actively reached out to families living in shelter homes, tents, and camps for the displaced, alongside community workers engaging families to raise awareness ahead of and during the campaign. For each phase, an area-specific humanitarian pause of nine hours daily was agreed to ensure the safety of communities and health workers, and enable vaccination efforts.\n“Health and community workers have shown incredible resilience, carrying out this campaign at unprecedented scale and speed under the toughest conditions in Gaza. Swift action by the Global Polio Eradication Initiative—from the moment the virus was detected to the launch of the vaccination campaign—speaks to the effectiveness of the polio programme. In areas where humanitarian pauses took place, the campaign brought not just vaccines, but moments of calm. As we prepare for the next round in four weeks, we’re hopeful these pauses will hold, because this campaign has clearly shown the world what’s possible when peace is given a chance,” said Dr Richard Peeperkorn, WHO Representative for the occupied Palestinian territory (oPt).\n“It was critical this ambitious campaign was carried out quickly, safely and effectively to protect children in the Gaza Strip and neighbouring countries from the life-altering poliovirus,” said Jean Gough, UNICEF Special Representative in the State of Palestine. “The progress made in this first round is encouragin
... [truncated, total 11185 chars]
================================================================================

================================================================================
Article ID: WHO_2b090557d427af7c | Attempt: 1
Error: Cannot extract valid JSON from response: line 1 column 1 (char 0)
Raw response (7759 chars):
{
"id": "WHO_2b090557d427af7c",
"date_iso": "2024-09-10T00:00:00",
"full_text": "Recognizing the public health issue of suicide, the Thai government has prioritized a comprehensive, whole-of-society approach to suicide prevention in its forthcoming national action plan, with a focus on strengthening the HOPE (Helper Of Psychiatric Emergency) Taskforce, a multi-stakeholder network dedicated to preventing suicide.\nEvidence-based approach to developing the national suicide action plan\nIn 2024, the Department of Mental Health at the Ministry of Public Health, in collaboration with WHO, worked to strengthen its suicide surveillance system to inform the national suicide prevention action plan. A survey was also conducted to better understand suicide in Thailand.\nThe Ministry of Public Health and the Ministry of Interior currently manage three primary sources of suicide data. Combining these data sources has provided the most accurate data, setting a strong precedent for continued integration. Major risk factors identified in the database include relationship issues, economic problems, and family conflicts.\nA 2023 survey by the Ministry of Public Health involving over 7,000 at-risk persons and over 11,000 caregivers and relatives, revealed that while people are generally aware of where to seek help for suicidal thoughts, there are concerns that media content related to suicide risks exacerbating suicidal behavior.\nThe HOPE Taskforce was established in 2019. It represents a unique multi-stakeholder approach to crisis intervention. It involves the Department of Mental Health, the Royal Thai Police and social media influencers in identifying and responding to online expressions of suicidal thoughts or behaviours.\nThe Taskforce is activated through 24-hour online monitoring of digital activity. Social media influencers, as a gateway for help and support, will report suspected active suicidal case to counseling psychologist under Mental Health Hotline 1323. Counseling psy
... [truncated, total 7759 chars]
================================================================================

================================================================================
Article ID: WHO_656c4d8af027f4b7 | Attempt: 1
Error: Cannot extract valid JSON from response: line 1 column 1 (char 0)
Raw response (15205 chars):
{
"id": "WHO_656c4d8af027f4b7",
"date_iso": "2024-09-09T00:00:00",
"full_text": "WHO Director-General Dr Tedros Adhanom Ghebreyesus and Regional Director Dr Hanan Balkhy yesterday concluded a two-day mission to Port Sudan, where they reaffirmed WHO's commitment to reaching all Sudanese in need and called on the international community to urgently act to end the extreme health and humanitarian crisis. During their visit, Dr Tedros and Dr Balkhy met with Sudanese leaders, including Lt. Gen. Abdul Fatah Al-Burhan, Chairman of Sudan’s Transitional Sovereignty Council; Deputy Chairman of Sudan’s Sovereignty Council Dr Malik Agar; and Federal Minister of Health Dr Haitham Mohamed Ibrahim Awadallah. The discussions centered on the devastating impact of the ongoing conflict and the critical need for unhindered humanitarian access to ensure that life-saving aid reaches all those in need, regardless of their location. “The international community has seemingly forgotten about Sudan and is paying little heed to the conflict tearing it apart, with serious repercussions for the region,” Dr Tedros said during a press conference held today in Port Sudan. “That is why I have come to Sudan. I am here, with my sister Dr Hanan Balkhy, WHO Eastern Mediterranean Regional Director, to meet with the wide range of partners involved in the response, and to call for urgent and scaled up action to provide more resources, more access to humanitarian aid, and more security to health workers and the patients they serve.” He added: “We are calling on the world to wake up and help Sudan out of the nightmare it is living through. ... We must not fail the people of Sudan.” Much of Sudan’s health system has been devastated by the conflict, with more than 100 attacks on healthcare facilities in the over 500 days of conflict leading to significant casualties among health workers and patients. The insecurity has forced many health workers to flee with their families, worsening the shortage of medical st
... [truncated, total 15205 chars]
================================================================================

================================================================================
Article ID: WHO_334a88ff634bd6f3 | Attempt: 1
Error: Cannot extract valid JSON from response: line 1 column 1 (char 0)
Raw response (9574 chars):
{
"id": "WHO_334a88ff634bd6f3",
"date_iso": "2024-09-04T00:00:00",
"full_text": "With the support of the Scientific Advisory Group for the Origins of Novel Pathogens (SAGO), the World Health Organization (WHO) has published a global framework to help Member States comprehensively investigate the origins of new and re-emerging pathogens. While there are a number of tools available for investigating infectious disease outbreaks, this is the first unified, structured approach to investigating the origins of a novel pathogen. This framework aims to fill that gap by providing a comprehensive set of scientific investigations and studies. It is the first version of a “how-to” guide that will be updated as and when needed, based on feedback from users.\nAs each outbreak and pandemic demonstrates, human and animal health is threatened by the increasing risk of the emergence of known (such as Ebola, Nipah, avian influenza, Lassa and Monkeypox viruses) and novel pathogens with epidemic and pandemic potential (novel influenza, MERS-CoV, SARS-CoV-1, SARS-CoV-2), the ability to prevent, and when we cannot prevent, to swiftly contain outbreaks and identify their origins is scientifically, morally, and financially more critical than ever.\nThe WHO global framework outlines scientific investigations and studies for six technical elements:\nEarly investigations of the first identified cases/ clusters / outbreaks to identify potential sources of exposure, collection of samples at the source, define the characteristics of the novel pathogen involved for establishment of diagnostic assays.\nHuman studies : to understand the epidemiology including clinical presentation, modes of transmission, pathology and earliest presence in syndromic surveillance samples.\nHuman/Animal interface studies to identify potential animal reservoirs, intermediate hosts and reverse zoonoses.\nstudies to identify insect vectors or other sources of infection as well as earliest presence in the environment. …\nG
... [truncated, total 9574 chars]
================================================================================

================================================================================
Article ID: WHO_569cdd22725679ce | Attempt: 1
Error: Cannot extract valid JSON from response: line 1 column 1 (char 0)
Raw response (9853 chars):
{
"id": "WHO_569cdd22725679ce",
"date_iso": "2024-09-04T00:00:00",
"full_text": "Over 187 000 children under ten years of age were vaccinated with novel oral polio vaccine type 2 (nOPV2) in central Gaza during the first phase of a two-round polio vaccination campaign, conducted between 1–3 September 2024. Vaccination coverage in this phase exceeded the initial estimated target of 157 000 children due to population movement towards central Gaza, and expanded coverage in areas outside the humanitarian pause zone.\nTo ensure no child is missed in this area, polio vaccination will continue at four large health facilities in central Gaza over the next few days. Vaccine doses have been supplied to these sites to meet any additional needs.\n“It has been extremely encouraging to see thousands of children being able to access polio vaccines, with the support of their resilient families and courageous health workers, despite the deplorable conditions they have braved over the last 11 months. All parties respected the humanitarian pause and we hope to see this positive momentum continue,” said Dr Richard Peeperkorn, WHO Representative for the occupied Palestinian territory.\nThe first phase of the campaign was conducted by 513 teams, consisting of over 2180 health and community outreach workers. Vaccination was provided at 143 fixed sites, including hospitals, medical points, primary care centres, camps where displaced people are living, key public gathering spaces such as temporary learning spaces, food and water distribution points, and transit routes leading from central towards northern and southern Gaza. Additionally, mobile teams visited tents and hard to-reach areas to ensure they reached families who were unable to visit fixed sites. The presence of a substantial number of children eligible for vaccination who were unable to reach vaccination sites due to insecurity, necessitated special missions to Al-Maghazi, Al-Bureij and Al-Mussader – areas just outside of the agre
... [truncated, total 9853 chars]
================================================================================

================================================================================
Article ID: WHO_569cdd22725679ce | Attempt: 2
Error: Cannot extract valid JSON from response: line 1 column 1 (char 0)
Raw response (9986 chars):
{
"id": "WHO_569cdd22725679ce",
"date_iso": "2024-09-04T00:00:00",
"full_text": "Over 187 000 children under ten years of age were vaccinated with novel oral polio vaccine type 2 (nOPV2) in central Gaza during the first phase of a two-round polio vaccination campaign, conducted between 1–3 September 2024. Vaccination coverage in this phase exceeded the initial estimated target of 157 000 children due to population movement towards central Gaza, and expanded coverage in areas outside the humanitarian pause zone.\nTo ensure no child is missed in this area, polio vaccination will continue at four large health facilities in central Gaza over the next few days. Vaccine doses have been supplied to these sites to meet any additional needs.\n“It has been extremely encouraging to see thousands of children being able to access polio vaccines, with the support of their resilient families and courageous health workers, despite the deplorable conditions they have braved over the last 11 months. All parties respected the humanitarian pause and we hope to see this positive momentum continue,” said Dr Richard Peeperkorn, WHO Representative for the occupied Palestinian territory.\nThe first phase of the campaign was conducted by 513 teams, consisting of over 2180 health and community outreach workers. Vaccination was provided at 143 fixed sites, including hospitals, medical points, primary care centres, camps where displaced people are living, key public gathering spaces such as temporary learning spaces, food and water distribution points, and transit routes leading from central towards northern and southern Gaza. Additionally, mobile teams visited tents and hard to-reach areas to ensure they reached families who were unable to visit fixed sites. The presence of a substantial number of children eligible for vaccination who were unable to reach vaccination sites due to insecurity, necessitated special missions to Al-Maghazi, Al-Bureij and Al-Mussader – areas just outside of the agre
... [truncated, total 9986 chars]
================================================================================

================================================================================
Article ID: WHO_b8efcd1ae44c9319 | Attempt: 1
Error: Cannot extract valid JSON from response: line 1 column 1 (char 0)
Raw response (8900 chars):
{
"id": "WHO_b8efcd1ae44c9319",
"date_iso": "2024-08-28T00:00:00",
"full_text": "The World Health Organization (WHO) and International Paralympic Committee (IPC) are joining forces to highlight the transformative impact of assistive technology on sports during the Paris 2024 Paralympic Games. The \"Equipped for equity\" campaign emphasizes the crucial role of assistive technology for Paralympic athletes to advocate for concerted global action to improve access to these essential health products.\nThroughout the Games, WHO and IPC will leverage the Paralympics platform to share messages and information focused on the importance of assistive technology, how athletes use it, and why universal access is essential. Examples of assistive technology used by Paralympians include: running blades, wheelchairs, and release braces in archery.\nThe “Equipped for equity” campaign will also feature personal stories from athletes who rely on assistive technology for sport and in daily life and highlight national successes in advancing access to these critical health products.\n“The Paralympics show us what is possible, and the important role that assistive technology plays for these extraordinary athletes,” said Dr Tedros Adhanom Ghebreyesus, WHO Director-General. “But around the world, many people still do not have access to crucial assistive technology, due to its high cost and low availability. We call on governments, donors, and civil society to prioritise these neglected but critical products, by integrating them in primary care programmes as part of their journey towards universal health coverage.”\nAndrew Parsons, President, IPC noted, “The Paralympic Games are one of the only global events that put persons with disabilities front and centre, and in many events highlight how assistive technology can support athletes to compete at the highest level. These technologies allow them to redefine what is possible in sports and inspire millions around the world.”\n“While we get read
... [truncated, total 8900 chars]
================================================================================

================================================================================
Article ID: WHO_360d125fc0fef10c | Attempt: 1
Error: Cannot extract valid JSON from response: line 1 column 1 (char 0)
Raw response (8913 chars):
{
"id": "WHO_360d125fc0fef10c",
"date_iso": "2024-08-26T00:00:00",
"full_text": "The World Health Organization (WHO) today launched a global Strategic Preparedness and Response Plan to stop outbreaks of human-to-human transmission of mpox through coordinated global, regional, and national efforts. This follows the declaration of a public health emergency of international concern by the WHO Director-General on 14 August.\nThe current plan is subject to inputs by Member States, who were briefed on the plan on Friday, 23 August.\nThe plan covers the six-month period of September 2024-February 2025, envisioning a US$135 million funding need for the response by WHO, Member States, partners including Africa Centres for Disease Control and Prevention (Africa CDC), communities, and researchers, among others.\nA funding appeal for what WHO needs to deliver on the plan will be launched shortly.\nThe plan, which builds on the temporary recommendations and standing recommendations issued by the WHO Director-General, focuses on implementing comprehensive surveillance, prevention, readiness and response strategies; advancing research and equitable access to medical countermeasures like diagnostic tests and vaccines; minimizing animal-to-human transmission; and empowering communities to actively participate in outbreak prevention and control.\nStrategic vaccination efforts will focus on individuals at the highest risk, including close contacts of recent cases and healthcare workers, to interrupt transmission chains.\nAt the global-level, the emphasis is on strategic leadership, timely evidence-based guidance, and access to medical countermeasures for the most at-risk groups in affected countries.\nWHO is working with a broad range of international, regional, national and local partners and networks to enhance coordination across key areas of preparedness, readiness and response. This includes engagement with the ACT-Accelerator Principals group; the Standing Committee on Health Em
... [truncated, total 8913 chars]
================================================================================

================================================================================
Article ID: WHO_360d125fc0fef10c | Attempt: 2
Error: Cannot extract valid JSON from response: line 1 column 1 (char 0)
Raw response (8893 chars):
{
"id": "WHO_360d125fc0fef10c",
"date_iso": "2024-08-26T00:00:00",
"full_text": "The World Health Organization (WHO) today launched a global Strategic Preparedness and Response Plan to stop outbreaks of human-to-human transmission of mpox through coordinated global, regional, and national efforts. This follows the declaration of a public health emergency of international concern by the WHO Director-General on 14 August.\nThe current plan is subject to inputs by Member States, who were briefed on the plan on Friday, 23 August.\nThe plan covers the six-month period of September 2024-February 2025, envisioning a US$135 million funding need for the response by WHO, Member States, partners including Africa Centres for Disease Control and Prevention (Africa CDC), communities, and researchers, among others.\nA funding appeal for what WHO needs to deliver on the plan will be launched shortly.\nThe plan, which builds on the temporary recommendations and standing recommendations issued by the WHO Director-General, focuses on implementing comprehensive surveillance, prevention, readiness and response strategies; advancing research and equitable access to medical countermeasures like diagnostic tests and vaccines; minimizing animal-to-human transmission; and empowering communities to actively participate in outbreak prevention and control.\nStrategic vaccination efforts will focus on individuals at the highest risk, including close contacts of recent cases and healthcare workers, to interrupt transmission chains.\nAt the global-level, the emphasis is on strategic leadership, timely evidence-based guidance, and access to medical countermeasures for the most at-risk groups in affected countries.\nWHO is working with a broad range of international, regional, national and local partners and networks to enhance coordination across key areas of preparedness, readiness and response. This includes engagement with the ACT-Accelerator Principals group; the Standing Committee on Health Em
... [truncated, total 8893 chars]
================================================================================

================================================================================
Article ID: WHO_360d125fc0fef10c | Attempt: 3
Error: Cannot extract valid JSON from response: line 1 column 1 (char 0)
Raw response (8804 chars):
{
"id": "WHO_360d125fc0fef10c",
"date_iso": "2024-08-26T00:00:00",
"full_text": "The World Health Organization (WHO) today launched a global Strategic Preparedness and Response Plan to stop outbreaks of human-to-human transmission of mpox through coordinated global, regional, and national efforts. This follows the declaration of a public health emergency of international concern by the WHO Director-General on 14 August.\nThe current plan is subject to inputs by Member States, who were briefed on the plan on Friday, 23 August.\nThe plan covers the six-month period of September 2024-February 2025, envisioning a US$135 million funding need for the response by WHO, Member States, partners including Africa Centres for Disease Control and Prevention (Africa CDC), communities, and researchers, among others.\nA funding appeal for what WHO needs to deliver on the plan will be launched shortly.\nThe plan, which builds on the temporary recommendations and standing recommendations issued by the WHO Director-General, focuses on implementing comprehensive surveillance, prevention, readiness and response strategies; advancing research and equitable access to medical countermeasures like diagnostic tests and vaccines; minimizing animal-to-human transmission; and empowering communities to actively participate in outbreak prevention and control.\nStrategic vaccination efforts will focus on individuals at the highest risk, including close contacts of recent cases and healthcare workers, to interrupt transmission chains.\nAt the global-level, the emphasis is on strategic leadership, timely evidence-based guidance, and access to medical countermeasures for the most at-risk groups in affected countries.\nWHO is working with a broad range of international, regional, national and local partners and networks to enhance coordination across key areas of preparedness, readiness and response. This includes engagement with the ACT-Accelerator Principals group; the Standing Committee on Health Em
... [truncated, total 8804 chars]
================================================================================

================================================================================
Article ID: WHO_360d125fc0fef10c | Attempt: 4
Error: Cannot extract valid JSON from response: line 1 column 1 (char 0)
Raw response (8836 chars):
{
"id": "WHO_360d125fc0fef10c",
"date_iso": "2024-08-26T00:00:00",
"full_text": "The World Health Organization (WHO) today launched a global Strategic Preparedness and Response Plan to stop outbreaks of human-to-human transmission of mpox through coordinated global, regional, and national efforts. This follows the declaration of a public health emergency of international concern by the WHO Director-General on 14 August.\nThe current plan is subject to inputs by Member States, who were briefed on the plan on Friday, 23 August.\nThe plan covers the six-month period of September 2024-February 2025, envisioning a US$135 million funding need for the response by WHO, Member States, partners including Africa Centres for Disease Control and Prevention (Africa CDC), communities, and researchers, among others.\nA funding appeal for what WHO needs to deliver on the plan will be launched shortly.\nThe plan, which builds on the temporary recommendations and standing recommendations issued by the WHO Director-General, focuses on implementing comprehensive surveillance, prevention, readiness and response strategies; advancing research and equitable access to medical countermeasures like diagnostic tests and vaccines; minimizing animal-to-human transmission; and empowering communities to actively participate in outbreak prevention and control.\nStrategic vaccination efforts will focus on individuals at the highest risk, including close contacts of recent cases and healthcare workers, to interrupt transmission chains.\nAt the global-level, the emphasis is on strategic leadership, timely evidence-based guidance, and access to medical countermeasures for the most at-risk groups in affected countries.\nWHO is working with a broad range of international, regional, national and local partners and networks to enhance coordination across key areas of preparedness, readiness and response. This includes engagement with the ACT-Accelerator Principals group; the Standing Committee on Health Em
... [truncated, total 8836 chars]
================================================================================

================================================================================
Article ID: WHO_66dd8e0929d57e5f | Attempt: 1
Error: Cannot extract valid JSON from response: line 1 column 1 (char 0)
Raw response (40106 chars):
{
"id": "WHO_66dd8e0929d57e5f",
"date_iso": "2024-08-19T00:00:00",
"full_text": "The Director-General of the World Health Organization (WHO), having concurred with the advice offered by the International Health Regulations (2005) (IHR or Regulations) Emergency Committee regarding the upsurge of mpox 2024 during its first meeting, held on 14 August 2024, has determined, on the same date, that the ongoing upsurge of mpox in the Democratic Republic of the Congo (DRC) and in a growing number of countries in Africa constitutes a public health emergency of international concern (PHEIC) under the provisions of the Regulations. The communication of the Director-General regarding the determination of the above-mentioned PHEIC on 14 August 2024 is available here .\nThe Director-General is hereby transmitting the report of the first meeting of the IHR Emergency Committee regarding the upsurge of mpox 2024.\nNoting that the Director-General will be communicating to States Parties a 12-month extension of the current standing recommendations for mpox , the temporary recommendations, issued by the Director-General in relation to the PHEIC associated with the ongoing upsurge of mpox are presented in the last section of this statement and reflect the advice offered by the Committee.\nThe Director-General is taking the opportunity to express his most sincere gratitude to the Chair, Vice-Chair, and Members of the IHR Emergency Committee, as well as to its Advisors.\nProceedings of the meeting\nSixteen (16) Members of, and two Advisors to, the Emergency Committee were convened by teleconference, via Zoom, on Wednesday, 14 August 2024, from 12:00 to 17:00 CEST. Fifteen (15) of the 16 Committee Members and the two Advisors to the Committee participated in the meeting.\nThe Director-General of the World Health Organization (WHO) joined in person and welcomed the participants. The opening remarks by the Director-General are available here .\nThe Representative of the Office of Legal Counse
... [truncated, total 40106 chars]
================================================================================

================================================================================
Article ID: WHO_66dd8e0929d57e5f | Attempt: 2
Error: Cannot extract valid JSON from response: line 1 column 1 (char 0)
Raw response (39533 chars):
{
"id": "WHO_66dd8e0929d57e5f",
"date_iso": "2024-08-19T00:00:00",
"full_text": "The Director-General of the World Health Organization (WHO), having concurred with the advice offered by the International Health Regulations (2005) (IHR or Regulations) Emergency Committee regarding the upsurge of mpox 2024 during its first meeting, held on 14 August 2024, has determined, on the same date, that the ongoing upsurge of mpox in the Democratic Republic of the Congo (DRC) and in a growing number of countries in Africa constitutes a public health emergency of international concern (PHEIC) under the provisions of the Regulations. The communication of the Director-General regarding the determination of the above-mentioned PHEIC on 14 August 2024 is available here .\nThe Director-General is hereby transmitting the report of the first meeting of the IHR Emergency Committee regarding the upsurge of mpox 2024.\nNoting that the Director-General will be communicating to States Parties a 12-month extension of the current standing recommendations for mpox , the temporary recommendations, issued by the Director-General in relation to the PHEIC associated with the ongoing upsurge of mpox are presented in the last section of this statement and reflect the advice offered by the Committee.\nThe Director-General is taking the opportunity to express his most sincere gratitude to the Chair, Vice-Chair, and Members of the IHR Emergency Committee, as well as to its Advisors.\nProceedings of the meeting\nSixteen (16) Members of, and two Advisors to, the Emergency Committee were convened by teleconference, via Zoom, on Wednesday, 14 August 2024, from 12:00 to 17:00 CEST. Fifteen (15) of the 16 Committee Members and the two Advisors to the Committee participated in the meeting.\nThe Director-General of the World Health Organization (WHO) joined in person and welcomed the participants. The opening remarks by the Director-General are available here .\nThe Representative of the Office of Legal Counse
... [truncated, total 39533 chars]
================================================================================

================================================================================
Article ID: WHO_66dd8e0929d57e5f | Attempt: 3
Error: Cannot extract valid JSON from response: line 1 column 1 (char 0)
Raw response (39252 chars):
{
"id": "WHO_66dd8e0929d57e5f",
"date_iso": "2024-08-19T00:00:00",
"full_text": "The Director-General of the World Health Organization (WHO), having concurred with the advice offered by the International Health Regulations (2005) (IHR or Regulations) Emergency Committee regarding the upsurge of mpox 2024 during its first meeting, held on 14 August 2024, has determined, on the same date, that the ongoing upsurge of mpox in the Democratic Republic of the Congo (DRC) and in a growing number of countries in Africa constitutes a public health emergency of international concern (PHEIC) under the provisions of the Regulations. The communication of the Director-General regarding the determination of the above-mentioned PHEIC on 14 August 2024 is available here .\nThe Director-General is hereby transmitting the report of the first meeting of the IHR Emergency Committee regarding the upsurge of mpox 2024.\nNoting that the Director-General will be communicating to States Parties a 12-month extension of the current standing recommendations for mpox , the temporary recommendations, issued by the Director-General in relation to the PHEIC associated with the ongoing upsurge of mpox are presented in the last section of this statement and reflect the advice offered by the Committee.\nThe Director-General is taking the opportunity to express his most sincere gratitude to the Chair, Vice-Chair, and Members of the IHR Emergency Committee, as well as to its Advisors.\nProceedings of the meeting\nSixteen (16) Members of, and two Advisors to, the Emergency Committee were convened by teleconference, via Zoom, on Wednesday, 14 August 2024, from 12:00 to 17:00 CEST. Fifteen (15) of the 16 Committee Members and the two Advisors to the Committee participated in the meeting.\nThe Director-General of the World Health Organization (WHO) joined in person and welcomed the participants. The opening remarks by the Director-General are available here .\nThe Representative of the Office of Legal Counse
... [truncated, total 39252 chars]
================================================================================

================================================================================
Article ID: WHO_66dd8e0929d57e5f | Attempt: 4
Error: Cannot extract valid JSON from response: line 1 column 1 (char 0)
Raw response (40406 chars):
{
"id": "WHO_66dd8e0929d57e5f",
"date_iso": "2024-08-19T00:00:00",
"full_text": "The Director-General of the World Health Organization (WHO), having concurred with the advice offered by the International Health Regulations (2005) (IHR or Regulations) Emergency Committee regarding the upsurge of mpox 2024 during its first meeting, held on 14 August 2024, has determined, on the same date, that the ongoing upsurge of mpox in the Democratic Republic of the Congo (DRC) and in a growing number of countries in Africa constitutes a public health emergency of international concern (PHEIC) under the provisions of the Regulations. The communication of the Director-General regarding the determination of the above-mentioned PHEIC on 14 August 2024 is available here .\nThe Director-General is hereby transmitting the report of the first meeting of the IHR Emergency Committee regarding the upsurge of mpox 2024.\nNoting that the Director-General will be communicating to States Parties a 12-month extension of the current standing recommendations for mpox , the temporary recommendations, issued by the Director-General in relation to the PHEIC associated with the ongoing upsurge of mpox are presented in the last section of this statement and reflect the advice offered by the Committee.\nThe Director-General is taking the opportunity to express his most sincere gratitude to the Chair, Vice-Chair, and Members of the IHR Emergency Committee, as well as to its Advisors.\nProceedings of the meeting\nSixteen (16) Members of, and two Advisors to, the Emergency Committee were convened by teleconference, via Zoom, on Wednesday, 14 August 2024, from 12:00 to 17:00 CEST. Fifteen (15) of the 16 Committee Members and the two Advisors to the Committee participated in the meeting.\nThe Director-General of the World Health Organization (WHO) joined in person and welcomed the participants. The opening remarks by the Director-General are available here .\nThe Representative of the Office of Legal Counse
... [truncated, total 40406 chars]
================================================================================

================================================================================
Article ID: WHO_66dd8e0929d57e5f | Attempt: 5
Error: Cannot extract valid JSON from response: line 1 column 1 (char 0)
Raw response (39036 chars):
{
"id": "WHO_66dd8e0929d57e5f",
"date_iso": "2024-08-19T00:00:00",
"full_text": "The Director-General of the World Health Organization (WHO), having concurred with the advice offered by the International Health Regulations (2005) (IHR or Regulations) Emergency Committee regarding the upsurge of mpox 2024 during its first meeting, held on 14 August 2024, has determined, on the same date, that the ongoing upsurge of mpox in the Democratic Republic of the Congo (DRC) and in a growing number of countries in Africa constitutes a public health emergency of international concern (PHEIC) under the provisions of the Regulations. The communication of the Director-General regarding the determination of the above-mentioned PHEIC on 14 August 2024 is available here .\nThe Director-General is hereby transmitting the report of the first meeting of the IHR Emergency Committee regarding the upsurge of mpox 2024.\nNoting that the Director-General will be communicating to States Parties a 12-month extension of the current standing recommendations for mpox , the temporary recommendations, issued by the Director-General in relation to the PHEIC associated with the ongoing upsurge of mpox are presented in the last section of this statement and reflect the advice offered by the Committee.\nThe Director-General is taking the opportunity to express his most sincere gratitude to the Chair, Vice-Chair, and Members of the IHR Emergency Committee, as well as to its Advisors.\nProceedings of the meeting\nSixteen (16) Members of, and two Advisors to, the Emergency Committee were convened by teleconference, via Zoom, on Wednesday, 14 August 2024, from 12:00 to 17:00 CEST. Fifteen (15) of the 16 Committee Members and the two Advisors to the Committee participated in the meeting.\nThe Director-General of the World Health Organization (WHO) joined in person and welcomed the participants. The opening remarks by the Director-General are available here .\nThe Representative of the Office of Legal Counse
... [truncated, total 39036 chars]
================================================================================

================================================================================
Article ID: WHO_242f6eaa5c27adfe | Attempt: 1
Error: Cannot extract valid JSON from response: line 1 column 1 (char 0)
Raw response (13277 chars):
{
"id": "WHO_242f6eaa5c27adfe",
"date_iso": "2024-08-16T00:00:00",
"full_text": "Introduction to WHO's Basic package of interventions for rehabilitation: A toolkit for primary care professionals\nThe World Health Organization (WHO) is developing a Basic package of interventions for rehabilitation: A toolkit for primary care professionals that supports existing health workers (those not trained as rehabilitation specialists) to safely and effectively deliver basic rehabilitation care that helps to address critical unmet rehabilitation needs. The toolkit supports doctors and nurses in identifying people with rehabilitation needs, providing basic care, and referring to rehabilitation specialists (rehabilitation-trained therapists and doctors) when necessary and feasible.\nImportance of enhancing rehabilitation delivery in China\nIn China, the demand for rehabilitation services has been steadily increasing due to the country's ageing population (402 million people projected to be over 60 by 2040) and the prevalence of noncommunicable diseases. However, the availability and accessibility of these services remain limited, especially in rural and underserved areas. Primary care settings, including aged-care facilities, which are expanding across the country, hold immense potential as a service delivery platform for rehabilitation, a need that is currently unmet. Integrating rehabilitation into primary care settings and strengthening referral pathways that connect them with rehabilitation service providers will ensure more people receive the care on time and through a cost-effective approach.\nPilot test of WHO's Basic package of interventions for rehabilitation: A toolkit for primary care professionals in China\nIn a significant collaborative effort in May this year, WHO together with Hong Kong Society for Rehabilitation (WHO Collaborating Center), Sun-Yat Sen University (WHO Collaborating Center), Seventh Affiliated Hospital, Tongji Hospital, and Tongji Medical College of
... [truncated, total 13277 chars]
================================================================================

================================================================================
Article ID: WHO_9275a2f76302f6e7 | Attempt: 1
Error: Cannot extract valid JSON from response: line 1 column 1 (char 0)
Raw response (29704 chars):
{
"id": "WHO_9275a2f76302f6e7",
"date_iso": "2024-08-13T00:00:00",
"full_text": "The thirty-ninth meeting of the Emergency Committee under the International Health Regulations (2005) (IHR) on the international spread of poliovirus was convened by the WHO Director-General on 08 July 2024 with committee members and advisers meeting via video conference with affected countries, supported by the WHO Secretariat. The Emergency Committee reviewed the data on wild poliovirus (WPV1) and circulating vaccine derived polioviruses (cVDPV) in the context of the global target of interruption and certification of WPV1 eradication by 2026 and interruption and certification of cVDPV2 elimination by 2028. Technical updates were received about the situation in the following countries: Afghanistan, Ethiopia, Equatorial Guinea, Kenya, Mali, Niger, Pakistan, Senegal, and Somalia.\nWild poliovirus\nSince the last Emergency Committee meeting, twelve new WPV1 cases were reported, five from Afghanistan and seven from Pakistan bringing the total to 14 in 2024. The number of WPV1 positive environmental samples in Pakistan in 2024 is 186 compared to 126 during all of 2023. The number of WPV1 positive environmental samples in Afghanistan in 2024 is 44 compared to 62 in all of 2023.\nThere has been an upward trend of WPV1 detection in Pakistan since mid-2023, mainly in the environmental samples from Khyber Pakhtunkhwa, Sindh and Balochistan provinces. In Afghanistan, there is increased WPV1 detection in the environmental samples in the South Region since late 2023, in addition to reporting of two WPV1 cases. The committee noted the conclusion of recently held meeting of the Technical Advisory Group (TAG) on polio eradication in Afghanistan and Pakistan that despite overall progress, endemic transmission has been re-established in the historic reservoirs of Kandahar (Afghanistan) and Peshawar (Pakistan) and there is risk of its re-establishment in Karachi and Quetta Block of Pakistan. Review of th
... [truncated, total 29704 chars]
================================================================================

================================================================================
Article ID: WHO_9275a2f76302f6e7 | Attempt: 2
Error: Cannot extract valid JSON from response: line 1 column 1 (char 0)
Raw response (29801 chars):
{
"id": "WHO_9275a2f76302f6e7",
"date_iso": "2024-08-13T00:00:00",
"full_text": "The thirty-ninth meeting of the Emergency Committee under the International Health Regulations (2005) (IHR) on the international spread of poliovirus was convened by the WHO Director-General on 08 July 2024 with committee members and advisers meeting via video conference with affected countries, supported by the WHO Secretariat. The Emergency Committee reviewed the data on wild poliovirus (WPV1) and circulating vaccine derived polioviruses (cVDPV) in the context of the global target of interruption and certification of WPV1 eradication by 2026 and interruption and certification of cVDPV2 elimination by 2028. Technical updates were received about the situation in the following countries: Afghanistan, Ethiopia, Equatorial Guinea, Kenya, Mali, Niger, Pakistan, Senegal, and Somalia.\nWild poliovirus\nSince the last Emergency Committee meeting, twelve new WPV1 cases were reported, five from Afghanistan and seven from Pakistan bringing the total to 14 in 2024. The number of WPV1 positive environmental samples in Pakistan in 2024 is 186 compared to 126 during all of 2023. The number of WPV1 positive environmental samples in Afghanistan in 2024 is 44 compared to 62 in all of 2023.\nThere has been an upward trend of WPV1 detection in Pakistan since mid-2023, mainly in the environmental samples from Khyber Pakhtunkhwa, Sindh and Balochistan provinces. In Afghanistan, there is increased WPV1 detection in the environmental samples in the South Region since late 2023, in addition to reporting of two WPV1 cases. The committee noted the conclusion of recently held meeting of the Technical Advisory Group (TAG) on polio eradication in Afghanistan and Pakistan that despite overall progress, endemic transmission has been re-established in the historic reservoirs of Kandahar (Afghanistan) and Peshawar (Pakistan) and there is risk of its re-establishment in Karachi and Quetta Block of Pakistan. Review of th
... [truncated, total 29801 chars]
================================================================================

================================================================================
Article ID: WHO_9275a2f76302f6e7 | Attempt: 3
Error: Cannot extract valid JSON from response: line 1 column 1 (char 0)
Raw response (29702 chars):
{
"id": "WHO_9275a2f76302f6e7",
"date_iso": "2024-08-13T00:00:00",
"full_text": "The thirty-ninth meeting of the Emergency Committee under the International Health Regulations (2005) (IHR) on the international spread of poliovirus was convened by the WHO Director-General on 08 July 2024 with committee members and advisers meeting via video conference with affected countries, supported by the WHO Secretariat. The Emergency Committee reviewed the data on wild poliovirus (WPV1) and circulating vaccine derived polioviruses (cVDPV) in the context of the global target of interruption and certification of WPV1 eradication by 2026 and interruption and certification of cVDPV2 elimination by 2028. Technical updates were received about the situation in the following countries: Afghanistan, Ethiopia, Equatorial Guinea, Kenya, Mali, Niger, Pakistan, Senegal, and Somalia.\nWild poliovirus\nSince the last Emergency Committee meeting, twelve new WPV1 cases were reported, five from Afghanistan and seven from Pakistan bringing the total to 14 in 2024. The number of WPV1 positive environmental samples in Pakistan in 2024 is 186 compared to 126 during all of 2023. The number of WPV1 positive environmental samples in Afghanistan in 2024 is 44 compared to 62 in all of 2023.\nThere has been an upward trend of WPV1 detection in Pakistan since mid-2023, mainly in the environmental samples from Khyber Pakhtunkhwa, Sindh and Balochistan provinces. In Afghanistan, there is increased WPV1 detection in the environmental samples in the South Region since late 2023, in addition to reporting of two WPV1 cases. The committee noted the conclusion of recently held meeting of the Technical Advisory Group (TAG) on polio eradication in Afghanistan and Pakistan that despite overall progress, endemic transmission has been re-established in the historic reservoirs of Kandahar (Afghanistan) and Peshawar (Pakistan) and there is risk of its re-establishment in Karachi and Quetta Block of Pakistan. Review of th
... [truncated, total 29702 chars]
================================================================================

================================================================================
Article ID: WHO_9275a2f76302f6e7 | Attempt: 4
Error: Cannot extract valid JSON from response: line 1 column 1 (char 0)
Raw response (30088 chars):
{
"id": "WHO_9275a2f76302f6e7",
"date_iso": "2024-08-13T00:00:00",
"full_text": "The thirty-ninth meeting of the Emergency Committee under the International Health Regulations (2005) (IHR) on the international spread of poliovirus was convened by the WHO Director-General on 08 July 2024 with committee members and advisers meeting via video conference with affected countries, supported by the WHO Secretariat. The Emergency Committee reviewed the data on wild poliovirus (WPV1) and circulating vaccine derived polioviruses (cVDPV) in the context of the global target of interruption and certification of WPV1 eradication by 2026 and interruption and certification of cVDPV2 elimination by 2028. Technical updates were received about the situation in the following countries: Afghanistan, Ethiopia, Equatorial Guinea, Kenya, Mali, Niger, Pakistan, Senegal, and Somalia.\nWild poliovirus\nSince the last Emergency Committee meeting, twelve new WPV1 cases were reported, five from Afghanistan and seven from Pakistan bringing the total to 14 in 2024. The number of WPV1 positive environmental samples in Pakistan in 2024 is 186 compared to 126 during all of 2023. The number of WPV1 positive environmental samples in Afghanistan in 2024 is 44 compared to 62 in all of 2023.\nThere has been an upward trend of WPV1 detection in Pakistan since mid-2023, mainly in the environmental samples from Khyber Pakhtunkhwa, Sindh and Balochistan provinces. In Afghanistan, there is increased WPV1 detection in the environmental samples in the South Region since late 2023, in addition to reporting of two WPV1 cases. The committee noted the conclusion of recently held meeting of the Technical Advisory Group (TAG) on polio eradication in Afghanistan and Pakistan that despite overall progress, endemic transmission has been re-established in the historic reservoirs of Kandahar (Afghanistan) and Peshawar (Pakistan) and there is risk of its re-establishment in Karachi and Quetta Block of Pakistan. Review of th
... [truncated, total 30088 chars]
================================================================================

================================================================================
Article ID: WHO_9275a2f76302f6e7 | Attempt: 5
Error: Cannot extract valid JSON from response: line 1 column 1 (char 0)
Raw response (29924 chars):
{
"id": "WHO_9275a2f76302f6e7",
"date_iso": "2024-08-13T00:00:00",
"full_text": "The thirty-ninth meeting of the Emergency Committee under the International Health Regulations (2005) (IHR) on the international spread of poliovirus was convened by the WHO Director-General on 08 July 2024 with committee members and advisers meeting via video conference with affected countries, supported by the WHO Secretariat. The Emergency Committee reviewed the data on wild poliovirus (WPV1) and circulating vaccine derived polioviruses (cVDPV) in the context of the global target of interruption and certification of WPV1 eradication by 2026 and interruption and certification of cVDPV2 elimination by 2028. Technical updates were received about the situation in the following countries: Afghanistan, Ethiopia, Equatorial Guinea, Kenya, Mali, Niger, Pakistan, Senegal, and Somalia.\nWild poliovirus\nSince the last Emergency Committee meeting, twelve new WPV1 cases were reported, five from Afghanistan and seven from Pakistan bringing the total to 14 in 2024. The number of WPV1 positive environmental samples in Pakistan in 2024 is 186 compared to 126 during all of 2023. The number of WPV1 positive environmental samples in Afghanistan in 2024 is 44 compared to 62 in all of 2023.\nThere has been an upward trend of WPV1 detection in Pakistan since mid-2023, mainly in the environmental samples from Khyber Pakhtunkhwa, Sindh and Balochistan provinces. In Afghanistan, there is increased WPV1 detection in the environmental samples in the South Region since late 2023, in addition to reporting of two WPV1 cases. The committee noted the conclusion of recently held meeting of the Technical Advisory Group (TAG) on polio eradication in Afghanistan and Pakistan that despite overall progress, endemic transmission has been re-established in the historic reservoirs of Kandahar (Afghanistan) and Peshawar (Pakistan) and there is risk of its re-establishment in Karachi and Quetta Block of Pakistan. Review of th
... [truncated, total 29924 chars]
================================================================================

================================================================================
Article ID: WHO_a221673051543f36 | Attempt: 1
Error: Cannot extract valid JSON from response: line 1 column 1 (char 0)
Raw response (8390 chars):
{
"id": "WHO_a221673051543f36",
"date_iso": "2024-07-25T00:00:00",
"full_text": "The World Health Organization is taking part in the Paris Olympics in multiple fields, supporting the International Olympic Committee (IOC) and France to help make the world’s leading sport spectacle, which officially starts this Friday, healthy and safe for spectators and athletes alike.\n“Just as athletes and fans around the world have been preparing for the Paris Olympics, WHO has been working with the IOC and the Government of France to make sure these Games are healthy and safe for everyone involved,” said WHO Director-General Dr Tedros Adhanom Ghebreyesus. “From promoting physical activity to protecting people from a range of health threats, WHO has been proud to play its part in making the Paris Olympics a success.”\nWHO and the IOC, close partners through a memorandum of understanding first signed in 2020 and renewed this year, have launched the Let’s Move physical activity promotion campaign, leveraging the power of sport, and the platform of the Paris Olympics, to motivate sports stars and the global public to move for better health.\nIn line with this campaign, the French Government has introduced a programme of 30 minutes of daily physical activity for school students in France to ensure a lasting, healthy legacy is left from the Paris Olympics.\nWHO health security experts at its Geneva-based headquarters and European Regional Office in Copenhagen have also been actively supporting national and regional authorities to safeguard people’s health during the planning and staging of the Games, as well as after. This includes preparing for potential health-related scenarios such as heatwaves, infectious disease outbreaks, food and water safety hazards, terrorism and crowd management.\nJoint public health advice has been developed in collaboration with ECDC and France for travellers attending the Paris Olympics and Paralympics, which start 28 August.\nGuidance on vaccines travelle
... [truncated, total 8390 chars]
================================================================================

================================================================================
Article ID: WHO_a221673051543f36 | Attempt: 2
Error: Cannot extract valid JSON from response: line 1 column 1 (char 0)
Raw response (8371 chars):
{
"id": "WHO_a221673051543f36",
"date_iso": "2024-07-25T00:00:00",
"full_text": "The World Health Organization is taking part in the Paris Olympics in multiple fields, supporting the International Olympic Committee (IOC) and France to help make the world’s leading sport spectacle, which officially starts this Friday, healthy and safe for spectators and athletes alike.\n“Just as athletes and fans around the world have been preparing for the Paris Olympics, WHO has been working with the IOC and the Government of France to make sure these Games are healthy and safe for everyone involved,” said WHO Director-General Dr Tedros Adhanom Ghebreyesus. “From promoting physical activity to protecting people from a range of health threats, WHO has been proud to play its part in making the Paris Olympics a success.”\nWHO and the IOC, close partners through a memorandum of understanding first signed in 2020 and renewed this year, have launched the Let’s Move physical activity promotion campaign, leveraging the power of sport, and the platform of the Paris Olympics, to motivate sports stars and the global public to move for better health.\nIn line with this campaign, the French Government has introduced a programme of 30 minutes of daily physical activity for school students in France to ensure a lasting, healthy legacy is left from the Paris Olympics.\nWHO health security experts at its Geneva-based headquarters and European Regional Office in Copenhagen have also been actively supporting national and regional authorities to safeguard people’s health during the planning and staging of the Games, as well as after. This includes preparing for potential health-related scenarios such as heatwaves, infectious disease outbreaks, food and water safety hazards, terrorism and crowd management.\nJoint public health advice has been developed in collaboration with ECDC and France for travellers attending the Paris Olympics and Paralympics, which start 28 August.\nGuidance on vaccines travelle
... [truncated, total 8371 chars]
================================================================================

================================================================================
Article ID: WHO_a221673051543f36 | Attempt: 3
Error: Cannot extract valid JSON from response: line 1 column 1 (char 0)
Raw response (8117 chars):
{
"id": "WHO_a221673051543f36",
"date_iso": "2024-07-25T00:00:00",
"full_text": "The World Health Organization is taking part in the Paris Olympics in multiple fields, supporting the International Olympic Committee (IOC) and France to help make the world’s leading sport spectacle, which officially starts this Friday, healthy and safe for spectators and athletes alike.\n“Just as athletes and fans around the world have been preparing for the Paris Olympics, WHO has been working with the IOC and the Government of France to make sure these Games are healthy and safe for everyone involved,” said WHO Director-General Dr Tedros Adhanom Ghebreyesus. “From promoting physical activity to protecting people from a range of health threats, WHO has been proud to play its part in making the Paris Olympics a success.”\nWHO and the IOC, close partners through a memorandum of understanding first signed in 2020 and renewed this year, have launched the Let’s Move physical activity promotion campaign, leveraging the power of sport, and the platform of the Paris Olympics, to motivate sports stars and the global public to move for better health.\nIn line with this campaign, the French Government has introduced a programme of 30 minutes of daily physical activity for school students in France to ensure a lasting, healthy legacy is left from the Paris Olympics.\nWHO health security experts at its Geneva-based headquarters and European Regional Office in Copenhagen have also been actively supporting national and regional authorities to safeguard people’s health during the planning and staging of the Games, as well as after. This includes preparing for potential health-related scenarios such as heatwaves, infectious disease outbreaks, food and water safety hazards, terrorism and crowd management.\nJoint public health advice has been developed in collaboration with ECDC and France for travellers attending the Paris Olympics and Paralympics, which start 28 August.\nGuidance on vaccines travelle
... [truncated, total 8117 chars]
================================================================================

================================================================================
Article ID: WHO_234e564ff37d2784 | Attempt: 1
Error: Cannot extract valid JSON from response: line 1 column 1 (char 0)
Raw response (6456 chars):
{
"id": "WHO_234e564ff37d2784",
"date_iso": "2024-07-25T00:00:00",
"full_text": "Your Excellencies Heads of State, Heads of Government,\nMy friend President Bach,\nExcellencies, dear colleagues and friends,\nAt the 1960 Olympic Games in Rome, Abebe Bikila made history by becoming the first black African to win gold in the men’s marathon.\nNot only that, he ran barefoot and broke the world record.\nAbebe Bikila inspired generations of runners, from Africa and around the world.\nThat’s the power of sport: the power to inspire, and the power to change.\nAnd that’s what Pau is doing, and that’s what WHO is doing in our partnership with the IOC, IPC and FIFA: harnessing the power of sport for health, by promoting physical activity, as what my brother Thomas said by the ‘Let’s Move’ campaign, grass-roots sport, good nutrition and more.\nPau and every other elite athlete will tell you that good nutrition is key to their performance.\nAnd it’s essential for the flourishing of every human, athlete or not.\nAccess to nutritious food is a human right, and a cornerstone for sustainable development.\nAnd yet globally, 2.3 billion people face moderate or severe food insecurity.\nAnd as you heard from Pau, millions more live with obesity due to unhealthy and unaffordable diets.\nGlobally, WHO is supporting 32 countries to address obesity through healthier diets as Pau said, physical activity and improved health services.\nWe’re committed to expanding that support to more countries, with the aim of reducing obesity prevalence in each nation by 5% by 2030.\nWHO supports the Paris Agreement for Sport and Sustainable Development, including the commitment to mobilize for nutrition ahead of the fourth Nutrition for Growth Summit in Paris next year.\nIn every country, the vital ingredient is political leadership.\nI thank President Macron for his leadership in global health, for supporting the WHO Academy in Lyon, and for co-hosting the WHO Investment Round.\nExcellencies, dear colleague
... [truncated, total 6456 chars]
================================================================================

================================================================================
Article ID: WHO_234e564ff37d2784 | Attempt: 2
Error: Cannot extract valid JSON from response: line 1 column 1 (char 0)
Raw response (6675 chars):
{
"id": "WHO_234e564ff37d2784",
"date_iso": "2024-07-25T00:00:00",
"full_text": "Your Excellencies Heads of State, Heads of Government,\nMy friend President Bach,\nExcellencies, dear colleagues and friends,\nAt the 1960 Olympic Games in Rome, Abebe Bikila made history by becoming the first black African to win gold in the men’s marathon.\nNot only that, he ran barefoot and broke the world record.\nAbebe Bikila inspired generations of runners, from Africa and around the world.\nThat’s the power of sport: the power to inspire, and the power to change.\nAnd that’s what Pau is doing, and that’s what WHO is doing in our partnership with the IOC, IPC and FIFA: harnessing the power of sport for health, by promoting physical activity, as what my brother Thomas said by the ‘Let’s Move’ campaign, grass-roots sport, good nutrition and more.\nPau and every other elite athlete will tell you that good nutrition is key to their performance.\nAnd it’s essential for the flourishing of every human, athlete or not.\nAccess to nutritious food is a human right, and a cornerstone for sustainable development.\nAnd yet globally, 2.3 billion people face moderate or severe food insecurity.\nAnd as you heard from Pau, millions more live with obesity due to unhealthy and unaffordable diets.\nGlobally, WHO is supporting 32 countries to address obesity through healthier diets as Pau said, physical activity and improved health services.\nWe’re committed to expanding that support to more countries, with the aim of reducing obesity prevalence in each nation by 5% by 2030.\nWHO supports the Paris Agreement for Sport and Sustainable Development, including the commitment to mobilize for nutrition ahead of the fourth Nutrition for Growth Summit in Paris next year.\nIn every country, the vital ingredient is political leadership.\nI thank President Macron for his leadership in global health, for supporting the WHO Academy in Lyon, and for co-hosting the WHO Investment Round.\nExcellencies, dear colleague
... [truncated, total 6675 chars]
================================================================================

================================================================================
Article ID: WHO_234e564ff37d2784 | Attempt: 3
Error: Cannot extract valid JSON from response: line 1 column 1 (char 0)
Raw response (6650 chars):
{
"id": "WHO_234e564ff37d2784",
"date_iso": "2024-07-25T00:00:00",
"full_text": "Your Excellencies Heads of State, Heads of Government,\nMy friend President Bach,\nExcellencies, dear colleagues and friends,\nAt the 1960 Olympic Games in Rome, Abebe Bikila made history by becoming the first black African to win gold in the men’s marathon.\nNot only that, he ran barefoot and broke the world record.\nAbebe Bikila inspired generations of runners, from Africa and around the world.\nThat’s the power of sport: the power to inspire, and the power to change.\nAnd that’s what Pau is doing, and that’s what WHO is doing in our partnership with the IOC, IPC and FIFA: harnessing the power of sport for health, by promoting physical activity, as what my brother Thomas said by the ‘Let’s Move’ campaign, grass-roots sport, good nutrition and more.\nPau and every other elite athlete will tell you that good nutrition is key to their performance.\nAnd it’s essential for the flourishing of every human, athlete or not.\nAccess to nutritious food is a human right, and a cornerstone for sustainable development.\nAnd yet globally, 2.3 billion people face moderate or severe food insecurity.\nAnd as you heard from Pau, millions more live with obesity due to unhealthy and unaffordable diets.\nGlobally, WHO is supporting 32 countries to address obesity through healthier diets as Pau said, physical activity and improved health services.\nWe’re committed to expanding that support to more countries, with the aim of reducing obesity prevalence in each nation by 5% by 2030.\nWHO supports the Paris Agreement for Sport and Sustainable Development, including the commitment to mobilize for nutrition ahead of the fourth Nutrition for Growth Summit in Paris next year.\nIn every country, the vital ingredient is political leadership.\nI thank President Macron for his leadership in global health, for supporting the WHO Academy in Lyon, and for co-hosting the WHO Investment Round.\nExcellencies, dear colleague
... [truncated, total 6650 chars]
================================================================================

================================================================================
Article ID: WHO_e0ec886f9ad85822 | Attempt: 1
Error: Cannot extract valid JSON from response: line 1 column 1 (char 0)
Raw response (16330 chars):
{
"id": "WHO_e0ec886f9ad85822",
"date_iso": "2024-07-24T00:00:00",
"full_text": "1 in 11 people worldwide faced hunger in 2023, 1 in 5 in Africa\nAround 733 million people faced hunger in 2023, equivalent to one in eleven people globally and one in five in Africa, according to the latest State of Food Security and Nutrition in the World (SOFI) report published today by five United Nations specialized agencies.\nThe annual report, launched this year in the context of the G20 Global Alliance against Hunger and Poverty Task Force Ministerial Meeting in Brazil, warns that the world is falling significantly short of achieving Sustainable Development Goal (SDG) 2, Zero Hunger , by 2030. The report shows that the world has been set back 15 years, with levels of undernourishment comparable to those in 2008-2009.\nDespite some progress in specific areas such as stunting and exclusive breastfeeding, an alarming number of people continue to face food insecurity and malnutrition as global hunger levels have plateaued for three consecutive years, with between 713 and 757 million people undernourished in 2023—approximately 152 million more than in 2019 when considering the mid-range (733 million).\nRegional trends vary significantly: the percentage of the population facing hunger continues to rise in Africa (20.4 percent), remains stable in Asia (8.1 percent)—though still representing a significant challenge as the region is home to more than half of those facing hunger worldwide —and shows progress in Latin America (6.2 percent). From 2022 to 2023, hunger increased in Western Asia, the Caribbean, and most African subregions.\nIf current trends continue, about 582 million people will be chronically undernourished in 2030, half of them in Africa, warn the Food and Agriculture Organization of the United Nations (FAO), the International Fund for Agricultural Development (IFAD), the United Nations Children's Fund (UNICEF), the UN World Food Programme (WFP), and the World Health Organ
... [truncated, total 16330 chars]
================================================================================

================================================================================
Article ID: WHO_e0ec886f9ad85822 | Attempt: 2
Error: Cannot extract valid JSON from response: line 1 column 1 (char 0)
Raw response (25650 chars):
{
"id": "WHO_e0ec886f9ad85822",
"date_iso": "2024-07-24T00:00:00",
"full_text": "1 in 11 people worldwide faced hunger in 2023, 1 in 5 in Africa\nAround 733 million people faced hunger in 2023, equivalent to one in eleven people globally and one in five in Africa, according to the latest State of Food Security and Nutrition in the World (SOFI) report published today by five United Nations specialized agencies.\nThe annual report, launched this year in the context of the G20 Global Alliance against Hunger and Poverty Task Force Ministerial Meeting in Brazil, warns that the world is falling significantly short of achieving Sustainable Development Goal (SDG) 2, Zero Hunger , by 2030. The report shows that the world has been set back 15 years, with levels of undernourishment comparable to those in 2008-2009.\nDespite some progress in specific areas such as stunting and exclusive breastfeeding, an alarming number of people continue to face food insecurity and malnutrition as global hunger levels have plateaued for three consecutive years, with between 713 and 757 million people undernourished in 2023—approximately 152 million more than in 2019 when considering the mid-range (733 million).\nRegional trends vary significantly: the percentage of the population facing hunger continues to rise in Africa (20.4 percent), remains stable in Asia (8.1 percent)—though still representing a significant challenge as the region is home to more than half of those facing hunger worldwide —and shows progress in Latin America (6.2 percent). From 2022 to 2023, hunger increased in Western Asia, the Caribbean, and most African subregions.\nIf current trends continue, about 582 million people will be chronically undernourished in 2030, half of them in Africa, warn the Food and Agriculture Organization of the United Nations (FAO), the International Fund for Agricultural Development (IFAD), the United Nations Children's Fund (UNICEF), the UN World Food Programme (WFP), and the World Health Organ
... [truncated, total 25650 chars]
================================================================================

================================================================================
Article ID: WHO_e0ec886f9ad85822 | Attempt: 3
Error: Cannot extract valid JSON from response: line 1 column 1 (char 0)
Raw response (17739 chars):
{
"id": "WHO_e0ec886f9ad85822",
"date_iso": "2024-07-24T00:00:00",
"full_text": "1 in 11 people worldwide faced hunger in 2023, 1 in 5 in Africa\nAround 733 million people faced hunger in 2023, equivalent to one in eleven people globally and one in five in Africa, according to the latest State of Food Security and Nutrition in the World (SOFI) report published today by five United Nations specialized agencies.\nThe annual report, launched this year in the context of the G20 Global Alliance against Hunger and Poverty Task Force Ministerial Meeting in Brazil, warns that the world is falling significantly short of achieving Sustainable Development Goal (SDG) 2, Zero Hunger , by 2030. The report shows that the world has been set back 15 years, with levels of undernourishment comparable to those in 2008-2009.\nDespite some progress in specific areas such as stunting and exclusive breastfeeding, an alarming number of people continue to face food insecurity and malnutrition as global hunger levels have plateaued for three consecutive years, with between 713 and 757 million people undernourished in 2023—approximately 152 million more than in 2019 when considering the mid-range (733 million).\nRegional trends vary significantly: the percentage of the population facing hunger continues to rise in Africa (20.4 percent), remains stable in Asia (8.1 percent)—though still representing a significant challenge as the region is home to more than half of those facing hunger worldwide —and shows progress in Latin America (6.2 percent). From 2022 to 2023, hunger increased in Western Asia, the Caribbean, and most African subregions.\nIf current trends continue, about 582 million people will be chronically undernourished in 2030, half of them in Africa, warn the Food and Agriculture Organization of the United Nations (FAO), the International Fund for Agricultural Development (IFAD), the United Nations Children's Fund (UNICEF), the UN World Food Programme (WFP), and the World Health Organ
... [truncated, total 17739 chars]
================================================================================

================================================================================
Article ID: WHO_ab515e542942c5e4 | Attempt: 1
Error: Cannot extract valid JSON from response: line 1 column 1 (char 0)
Raw response (18078 chars):
{
"id": "WHO_ab515e542942c5e4",
"date_iso": "2024-07-19T00:00:00",
"full_text": "Self-testing was adopted very early in the HIV response and has since changed service delivery across many conditions and disease areas. While initially focused on enabling early diagnosis and treatment of people with HIV, new evidence has highlighted HIV self-testing (HIVST) as a tool to help prevent new infections.\nEvery year there are more than one million new and preventable HIV infections. Testing is essential to increase access to and make effective use of HIV prevention such as pre-exposure prophylaxis (PrEP) and post-exposure prophylaxis (PEP). Despite the strong evidence that PrEP and PEP prevent HIV acquisition, access is suboptimal. It is estimated that only 2.5 million people are taking PrEP, far fewer than the 10 million people needed to achieve global HIV prevention goals to have fewer than 370 000 infections by the end of 2025.\nIn its new HIV testing guidelines , WHO is calling for the expansion of HIVST to support the initiation, continuation, and re-starting of PrEP. HIVST can be integrated with various PrEP delivery methods, including oral PrEP and vaginal ring. Ongoing research is still needed to understand the role of self-testing within long-acting injectable PrEP. This strategy increases flexibility and access by streamlining service delivery, reducing testing requirements and clinic visits, and increasing convenience to suit client needs and preferences.\nAs WHO launches its updated guidelines, the following case studies from 5 countries underscore the potential for HIVST and PrEP integration and illustrate the different ways programmes successfully implement WHO recommendations.\nCreating demand for PrEP with HIVST in Nepal\nThe government of Nepal has rolled out HIVST and PrEP in facilities, communities and via virtual platforms in 6 provinces. Healthcare or community workers generally offer standard testing or self-testing, including online access options. Al
... [truncated, total 18078 chars]
================================================================================

================================================================================
Article ID: WHO_1fecd454d0771f42 | Attempt: 1
Error: Cannot extract valid JSON from response: line 1 column 1 (char 0)
Raw response (17241 chars):
{
"id": "WHO_1fecd454d0771f42",
"date_iso": "2024-07-12T00:00:00",
"full_text": "Sudan and South Sudan have been facing multiple and severe difficulties over the past decades, with people suffering from the devastating impact of armed conflict and harsh environmental conditions such as severe flooding and drought, including the Horn of Africa drought. These crises have led to death, disease and displacement for millions. WHO is working hard with governments and donors to protect and support the health and well-being of extremely vulnerable populations.\nCaption: In flooded areas in South Sudan, WHO personnel use canoes to provide much-needed healthcare services. Photo credit: WHO South Sudan\nSudan\nLifesaving treatment for malnourished children\nAfter conflict erupted in Sudan in April 2023, WHO covered operating costs for 42 stabilization centres, providing a lifeline to children who are severely malnourished and suffering from medical complications. In 2024, WHO is supporting 114 state- and partner-run stabilization centres with provision of medical supplies and technical support. WHO also covers the operating cost of 23 centres, including incentives for cadres, food for caregivers and hygiene supplies. WHO has trained 1942 nutrition cadres (82% female) and distributed over 2300 severe acute malnutrition kits to help treat more than 28 000 children whose health is compromised due to severe acute malnutrition.\nWHO is able to support the life-saving operations of stabilization centres since the start of the war thanks to donations from the Italian Development Cooperation, the Government of Japan, and the United States Agency for International Development’s Bureau for Humanitarian Assistance.\nCaption: An infant with cholera successfully received treatment at a malnutrition centre in Port Sudan Paediatric Teaching Hospital. Photo credit: Ivor Prickett/The New York Times\nLearn more about the WHO providing a lifeline for Sudan's malnourished children\nEmergency medi
... [truncated, total 17241 chars]
================================================================================

================================================================================
Article ID: WHO_a118fefced6b5991 | Attempt: 1
Error: Cannot extract valid JSON from response: line 1 column 1 (char 0)
Raw response (7592 chars):
{
"id": "WHO_a118fefced6b5991",
"date_iso": "2024-07-10T00:00:00",
"full_text": "The World Health Organization (WHO) has prequalified the first hepatitis C virus (HCV) self-test which can provide a critical support in expanding access to testing and diagnosis, accelerating global efforts to eliminate hepatitis C.\nThe product, called OraQuick HCV self-test, manufactured by OraSure Technologies, is an extension of the pre-qualified, OraQuick® HCV Rapid Antibody Test which was initially prequalified by WHO in 2017 for professional use . The self-test version, specifically designed for use by lay users, provides individuals with a single kit containing the components that are needed to perform the self-test.\nWHO recommended HCV self-testing (HCVST) in 2021 , to complement existing HCV testing services in countries. The recommendation was based on evidence demonstrating its ability to increase access to and uptake of services, particularly among people who may not otherwise test.\nNational-level HCVST implementation projects, largely supported by Unitaid, have shown high levels of acceptability and feasibility, as well as empowering people through personal choice, autonomy and access to stigma-free self-care services.\n“Every day 3500 lives are lost to viral hepatitis. Of the 50 million people living with hepatitis C, only 36% had been diagnosed, and 20% have received curative treatment by the end of 2022,” says Dr Meg Doherty, WHO Director for the Department of Global HIV, Hepatitis and STI Programmes. “The addition of this product to the WHO prequalification list provides a safe and effective way to expand HCV testing and treatment services, ensuring more people receive the diagnoses and treatment they need, and ultimately contributing to the global goal of HCV elimination.”\nWHO’s prequalification (PQ) programme for in vitro diagnostics (IVDs) evaluates a range of tests, including those used for the detection of antibodies to HCV. The programme assesses IVDs against
... [truncated, total 7592 chars]
================================================================================

================================================================================
Article ID: WHO_b04dfa5cc6a1de07 | Attempt: 1
Error: Cannot extract valid JSON from response: line 1 column 1 (char 0)
Raw response (12841 chars):
{
"id": "WHO_b04dfa5cc6a1de07",
"date_iso": "2024-07-09T00:00:00",
"full_text": "WHO Global Forum on Advancing Multisectoral and Multistakeholder Engagement and Accountability, #Youth2EndTB Townhall, Annual Stop TB PPM Working Group Meeting and WHO Consultation on Enhanced TB PPM Data Dashboards\nOver 160 participants from around the world joined WHO's first-ever Global Forum on Advancing Multisectoral and Multistakeholder Engagement and Accountability to End TB, held on June 23-24 in Dhaka, Bangladesh. This important event brought together countries, partners, civil society, and key stakeholders within and beyond the health sector to strengthen capacity on multisectoral engagement and accountability as a high-level priority to end TB. The forum put a spotlight on ensuring the alignment and synergy of complementary efforts of different sectors in fighting TB, including addressing the broader determinants of the TB epidemic, and to monitor and report progress as a global review of the TB response.\nThe Global Forum was opened by the Honorable Minister of Health of Bangladesh – Dr Samanta Lal Sen, who delivered the keynote address, alongside interventions from the Honorable State Minister Dr. Rokeya Sultana; and Dr Md. Jahangir Alam, Health Secretary. The opening session featured addresses from an impressive line-up of speakers, including Dr Tereza Kasaeva, Director of WHO’s Global TB Programme; Dr. Saima Wazed, Regional Director, WHO South-East Asia Region; Dr Bardan Jung Rana, WHO Representative in Bangladesh and TB survivor Md. Alif, who shared his personal journey against TB and his call to action for increased accountability to end TB.\nThe Honorable Minister of Health Dr Samanta Lal Sen launched a special campaign titled “Hit TB out of Bangladesh” to accelerate the TB response in the country based on Bangladesh's popular sport - cricket. The Forum brought together representatives from ten ministries beyond health, UN agencies, other high-TB burden countries, par
... [truncated, total 12841 chars]
================================================================================

================================================================================
Article ID: WHO_f73716d14de37c0f | Attempt: 1
Error: Cannot extract valid JSON from response: line 1 column 1 (char 0)
Raw response (9039 chars):
{
"id": "WHO_f73716d14de37c0f",
"date_iso": "2024-06-26T00:00:00",
"full_text": "New data show that nearly one third (31%) of adults worldwide, approximately 1.8 billion people, did not meet the recommended levels of physical activity in 2022. The findings point to a worrying trend of physical inactivity among adults, which has increased by about 5 percentage points between 2010 and 2022.\nIf the trend continues, levels of inactivity are projected to further rise to 35% by 2030, and the world is currently off track from meeting the global target to reduce physical inactivity by 2030. The World Health Organization (WHO) recommends that adults have 150 minutes of moderate-intensity, or 75 minutes of vigorous-intensity physical activity, or equivalent, per week. Physical inactivity puts adults at greater risk of cardiovascular diseases such as heart attacks and strokes, type 2 diabetes, dementia and cancers such as breast and colon.\nThe study was undertaken by researchers from WHO together with academic colleagues and published in The Lancet Global Health journal.\n\"These new findings highlight a lost opportunity to reduce cancer and heart disease, and improve mental health and well-being through increased physical activity,\" said Dr Tedros Adhanom Ghebreyesus, WHO Director-General. \"We must renew our commitment to increasing levels of physical activity and prioritizing bold action, including strengthened policies and increased funding, to reverse this worrying trend.”\nThe highest rates of physical inactivity were observed in the high-income Asia Pacific region (48%) and South Asia (45%), with levels of inactivity in other regions ranging from 28% in high-income Western countries to 14% in Oceania.\nOf concern, disparities remain between gender and age. Physical inactivity is still more common among women globally compared with men, with inactivity rates of 34% compared to 29%. In some countries, this difference is as much as 20 percentage points. Additionally, pe
... [truncated, total 9039 chars]
================================================================================

================================================================================
Article ID: WHO_20bad312a57ae677 | Attempt: 1
Error: Cannot extract valid JSON from response: line 1 column 1 (char 0)
Raw response (9352 chars):
{
"id": "WHO_20bad312a57ae677",
"date_iso": "2024-06-25T00:00:00",
"full_text": "What are the public health impacts of air pollution?\nExposure to high levels of air pollution can cause various health outcomes. Therefore, the short—and long-term public health consequences of air pollution exposure should be carefully assessed, in particular the impacts of fine particles which penetrate deep into the lung passageways and pose a significant threat to public health. Increased health risks, such as respiratory infections, heart disease, stroke, and lung cancer, can severely affect people who are already ill, such as children, the elderly, and poor people. Furthermore, poor air quality increases the risk of stillbirth, miscarriage, and neurological conditions such as cognitive impairment and dementia.\nIn 2019, air pollution caused about 6.7 million deaths . Of these, almost 85% are attributable to noncommunicable diseases (NCDs), including ischemic heart disease, stroke, lung cancer, asthma, chronic obstructive pulmonary disease (COPD), and diabetes. This makes air pollution the second leading cause of NCDs globally after tobacco.\nWhat can we do to protect ourselves?\nSolutions to air pollution are everybody’s responsibility to protect public health. We all need to do more--a lot more--swiftly and proactively to reduce air pollution. Coordinated efforts with active involvement of all sectors are crucial. This includes governments (on national, state, and local levels), cities, communities, and individuals.\nTo national governments : Reduce emissions and set national standards that meet WHO air quality guidelines . Invest in research and education about clean air and pollution—here are some vital tools to tools to evaluate policies and progress on air quality actions policies and progress on air quality actions.\nT o cities and local communities : Different sectors should include health in all policies, with sufficient data and tools to assess health outcomes.\nTo indiv
... [truncated, total 9352 chars]
================================================================================

================================================================================
Article ID: WHO_b32c532aa6af838c | Attempt: 1
Error: Cannot extract valid JSON from response: line 1 column 1 (char 0)
Raw response (8320 chars):
{
"id": "WHO_b32c532aa6af838c",
"date_iso": "2024-06-20T00:00:00",
"full_text": "The World Health Organization (WHO) issued a medical product alert on falsified semaglutides, the type of medicines that are used for treatment of type 2 diabetes and obesity in some countries.\nThe alert addresses 3 falsified batches of product of semaglutide class of medicines (of specific brand Ozempic), which have been detected in Brazil in October 2023, the United Kingdom of Great Britain and Northern Ireland in October 2023, and the United States of America in December 2023. WHO Global Surveillance and Monitoring System (GSMS) has been observing increased reports on falsified semaglutide products in all geographical regions since 2022. This is the first official notice issued by WHO after confirmation of some of the reports.\n“WHO advises healthcare professionals, regulatory authorities and the public be aware of these falsified batches of medicines,” said Dr Yukiko Nakatani, WHO Assistant Director-General for Access to Medicines and Health Products. “We call on stakeholders to stop any usage of suspicious medicines and report to relevant authorities”.\nShortage of supplies and increased falsification\nThe semaglutides, including the specific brand product that has been falsified, are prescribed to people with type 2 diabetes in order to lower their blood sugar levels. Semaglutides also reduce the risk of cardiovascular events. Most semaglutide products must be injected under the skin on a weekly basis but they are also available as tablets taken by mouth daily. These medicines are shown to suppress appetite in addition to lowering blood sugar levels, and therefore are being increasingly prescribed for weight loss in some countries.\nWHO has been observing increased demand for these medicines as well as reports on falsification. These falsified products could have harmful effects to people’s health; if the products don’t have the necessary raw components, falsified medicines can l
... [truncated, total 8320 chars]
================================================================================

================================================================================
Article ID: WHO_9f3b2f002cb5fa51 | Attempt: 1
Error: Cannot extract valid JSON from response: line 1 column 1 (char 0)
Raw response (8069 chars):
{
"id": "WHO_9f3b2f002cb5fa51",
"date_iso": "2024-06-20T00:00:00",
"full_text": "51st country to be recognized by WHO for eliminating a neglected tropical disease, surpassing the halfway mark towards the 100-country target set for 2030\nThe World Health Organization (WHO) congratulates Chad for having eliminated the gambiense form of human African trypanosomiasis, also known as sleeping sickness, as a public health problem. It marks the first neglected tropical disease to be eliminated in the country.\nChad is the first country to be acknowledged for eliminating a neglected tropical disease in 2024, becoming the 51 st country to have achieved such target globally, and marking the first step beyond the midpoint to the global threshold of 100 countries set for 2030. The 100-country target is one of the four global overarching targets set by the Road map for neglected tropical diseases 2021–2030 .\n“I congratulate the government and the people of Chad for this achievement. It is great to see Chad join the growing group of countries that have eliminated at least one NTD. The 100-country target is nearer and within reach” said Dr Tedros Adhanom Ghebreyesus, WHO Director-General.\nSleeping sickness can cause flu-like symptoms initially but eventually causing behaviour change, confusion, sleep cycle disturbances or even coma, often leading to death. Improved access to early diagnosis and treatment, as well as surveillance and response has proven that countries can control and eventually eliminate transmission.\nSo far, seven countries have been validated by WHO for eliminating the gambiense form of human African trypanosomiasis: Togo (2020), Benin (2021), Côte d’Ivoire (2021), Uganda (2022), Equatorial Guinea (2022), Ghana (2023), and Chad (2024). The rhodesiense form of the disease has been eliminated as a public health problem in one country, Rwanda, as validated by WHO in 2022.\n\"The elimination of the gambiense form of human African trypanosomiasis in Chad reflects ou
... [truncated, total 8069 chars]
================================================================================

================================================================================
Article ID: WHO_e70fbdd9a78d432d | Attempt: 1
Error: Cannot extract valid JSON from response: line 1 column 1 (char 0)
Raw response (16459 chars):
{
"id": "WHO_e70fbdd9a78d432d",
"date_iso": "2024-06-20T00:00:00",
"full_text": "Decades of global recognition for health champions by public and private entities as a tribute to eminent personalities from Japan, the Republic of Korea, the State of Kuwait, South Africa, Türkiye and the United Arab Emirates.\nRead the chronology of how six global health awards, established by the founders through the Executive Board and administered by WHO, have been recognizing outstanding contributions to public health throughout decades.\n1980: A paediatrician and an educator from Türkiye: a lifelong supporter of WHO\nİhsan Doğramacı Family Health Foundation Prize\nThe connections between Professor Doğramacı and the World Health Organization go back to WHO’s early history: in 1946 in New York, as a young paediatrician, he signed the Constitution that established the Organization. When he passed away, İhsan Doğramacı was the last surviving signatory of the WHO Constitution. In 1976, he served as the Vice-Chairman of the World Health Assembly and attended Health Assemblies as a delegate of Turkey from 1976 to 1981. He represented Türkiye in the WHO Executive and was also representative of the Global Advisory Committee on Medical Research.\nProfessor Doğramacı established the İhsan Doğramacı Family Health Foundation in 1980 to promote and raise the standards of family health by acknowledging individuals who have delivered family health services in their countries and abroad. To achieve this, the Prize is awarded every two years and the 2024 laureate is its twentieth winner.\n1984: A visionary from Japan who instituted a foundation to help achieve better health and dignity for all\nSasakawa Health Prize\nA renowned Japanese philanthropic foundation with a vision to achieve better health and dignity for all continues the work of Mr Ryoichi Sasakawa, a Japanese industrialist and President of the Sasakawa Memorial Health Foundation (now the Sasakawa Health Foundation). This work aims to 
... [truncated, total 16459 chars]
================================================================================

================================================================================
Article ID: WHO_e70fbdd9a78d432d | Attempt: 2
Error: Cannot extract valid JSON from response: line 1 column 1 (char 0)
Raw response (16573 chars):
{
"id": "WHO_e70fbdd9a78d432d",
"date_iso": "2024-06-20T00:00:00",
"full_text": "Decades of global recognition for health champions by public and private entities as a tribute to eminent personalities from Japan, the Republic of Korea, the State of Kuwait, South Africa, Türkiye and the United Arab Emirates.\nRead the chronology of how six global health awards, established by the founders through the Executive Board and administered by WHO, have been recognizing outstanding contributions to public health throughout decades.\n1980: A paediatrician and an educator from Türkiye: a lifelong supporter of WHO\nİhsan Doğramacı Family Health Foundation Prize\nThe connections between Professor Doğramacı and the World Health Organization go back to WHO’s early history: in 1946 in New York, as a young paediatrician, he signed the Constitution that established the Organization. When he passed away, İhsan Doğramacı was the last surviving signatory of the WHO Constitution. In 1976, he served as the Vice-Chairman of the World Health Assembly and attended Health Assemblies as a delegate of Turkey from 1976 to 1981. He represented Türkiye in the WHO Executive and was also representative of the Global Advisory Committee on Medical Research.\nProfessor Doğramacı established the İhsan Doğramacı Family Health Foundation in 1980 to promote and raise the standards of family health by acknowledging individuals who have delivered family health services in their countries and abroad. To achieve this, the Prize is awarded every two years and the 2024 laureate is its twentieth winner.\n1984: A visionary from Japan who instituted a foundation to help achieve better health and dignity for all\nSasakawa Health Prize\nA renowned Japanese philanthropic foundation with a vision to achieve better health and dignity for all continues the work of Mr Ryoichi Sasakawa, a Japanese industrialist and President of the Sasakawa Memorial Health Foundation (now the Sasakawa Health Foundation). This work aims to 
... [truncated, total 16573 chars]
================================================================================

================================================================================
Article ID: WHO_e70fbdd9a78d432d | Attempt: 3
Error: Cannot extract valid JSON from response: line 1 column 1 (char 0)
Raw response (16757 chars):
{
"id": "WHO_e70fbdd9a78d432d",
"date_iso": "2024-06-20T00:00:00",
"full_text": "Decades of global recognition for health champions by public and private entities as a tribute to eminent personalities from Japan, the Republic of Korea, the State of Kuwait, South Africa, Türkiye and the United Arab Emirates.\nRead the chronology of how six global health awards, established by the founders through the Executive Board and administered by WHO, have been recognizing outstanding contributions to public health throughout decades.\n1980: A paediatrician and an educator from Türkiye: a lifelong supporter of WHO\nİhsan Doğramacı Family Health Foundation Prize\nThe connections between Professor Doğramacı and the World Health Organization go back to WHO’s early history: in 1946 in New York, as a young paediatrician, he signed the Constitution that established the Organization. When he passed away, İhsan Doğramacı was the last surviving signatory of the WHO Constitution. In 1976, he served as the Vice-Chairman of the World Health Assembly and attended Health Assemblies as a delegate of Turkey from 1976 to 1981. He represented Türkiye in the WHO Executive and was also representative of the Global Advisory Committee on Medical Research.\nProfessor Doğramacı established the İhsan Doğramacı Family Health Foundation in 1980 to promote and raise the standards of family health by acknowledging individuals who have delivered family health services in their countries and abroad. To achieve this, the Prize is awarded every two years and the 2024 laureate is its twentieth winner.\n1984: A visionary from Japan who instituted a foundation to help achieve better health and dignity for all\nSasakawa Health Prize\nA renowned Japanese philanthropic foundation with a vision to achieve better health and dignity for all continues the work of Mr Ryoichi Sasakawa, a Japanese industrialist and President of the Sasakawa Memorial Health Foundation (now the Sasakawa Health Foundation). This work aims to 
... [truncated, total 16757 chars]
================================================================================

================================================================================
Article ID: WHO_80b1329e50835994 | Attempt: 1
Error: Cannot extract valid JSON from response: line 1 column 1 (char 0)
Raw response (18795 chars):
{
"id": "WHO_80b1329e50835994",
"date_iso": "2024-06-18T00:00:00",
"full_text": "Communities across 8 countries in Southeast Asia gained better access to COVID-19 services, including vaccinations, and countries are now better prepared for future emerging diseases thanks to a dynamic 3-year project funded by the European Union (EU).\nIn 2021, the EU and the World Health Organization (WHO) agreed to strengthen pandemic response and preparedness in 8 countries from the Association of Southeast Asian Nations (ASEAN) region: Cambodia, Indonesia, Lao People’s Democratic Republic (PDR), Malaysia, Myanmar, the Philippines, Thailand, and Viet Nam.\nFrom 2021-2023, the EU contributed EUR 20 million and adopted a flexible, highly responsive approach to how the funding is spent in view of rapidly changing conditions. This allowed WHO to work closely with national governments, and other partners such as civil society organizations, to identify and provide the services that people needed in real time.\nWHO delivered essential equipment, trained health workers, supported outreach campaigns and mobilised over 600 additional volunteers, consultants and experts to strengthen response and preparedness for COVID-19 and future pandemics.\nIPC nurse Ms Khalsy loads the medical equipment package into the EU-funded autoclave machines in the sterilization room at the Muang Khong hospital, Lao PDR, 2023. Photo credit: WHO/ Blink\nResponding to country needs as they arise\nAt first in 2021, the focus was on meeting the immediate demands of COVID-19, ensuring that people were aware of how to protect themselves, and knowing when and where to get vaccinated. By 2022 and 2023, work focused on research and innovative approaches to strengthen the ASEAN’s regional capabilities to prepare for, detect, and respond to future health emergencies and emerging diseases.\nThe EU understood how the context was changing and agreed for WHO to apply a dynamic approach to address fast evolving nature of pandemic
... [truncated, total 18795 chars]
================================================================================

================================================================================
Article ID: WHO_615a5e7d0a21d235 | Attempt: 1
Error: Cannot extract valid JSON from response: line 1 column 1 (char 0)
Raw response (8794 chars):
{
"id": "WHO_615a5e7d0a21d235",
"date_iso": "2024-06-13T00:00:00",
"full_text": "Gavi, the Vaccine Alliance, in collaboration with partners, is announcing support for human rabies vaccines for post exposure prophylaxis (PEP) as part of routine immunisation. Eligible countries are receiving guidance on how to access these vaccines under Gavi’s cofinancing policy. The first round of applications will be accepted by mid- July 2024. Ninety-five percent of human rabies deaths occur in Africa and Asia, most often in marginalised communities that lack access to care.\nThis development complements ongoing global efforts of the Zero by 30 campaign , led by United Against Rabies partners including the Food and Agriculture Organization (FAO), the World Health Organization (WHO), and the World Organisation for Animal Health (WOAH, formerly OIE) with the goal of eliminating dog-mediated human rabies by 2030.\n“This commitment from Gavi is crucial and will expedite efforts to halt human fatalities caused by dog-mediated rabies,” said Dr Jérôme Salomon, Assistant Director-General for Universal Health Coverage, Communicable and Noncommunicable Diseases at WHO . “WHO will provide technical assistance to countries, not only to support their funding applications to Gavi but to draw up comprehensive plans of action that can deliver real progress towards the Zero by 30 goal.”\nIn more than 150 countries where dog rabies remains a serious public health problem, stocks of human rabies vaccines in public health systems are often extremely limited, especially in marginalised communities. Where human rabies vaccine is available through private facilities, the cost of PEP can impose a catastrophic financial burden on families and communities.\n“Gavi’s aim with this program is to contribute to global rabies efforts and save lives by helping countries ensure that human rabies vaccines are available to anyone who needs them and that vulnerable and marginalised communities have equal access to th
... [truncated, total 8794 chars]
================================================================================

================================================================================
Article ID: WHO_615a5e7d0a21d235 | Attempt: 2
Error: Cannot extract valid JSON from response: line 1 column 1 (char 0)
Raw response (11219 chars):
{
"id": "WHO_615a5e7d0a21d235",
"date_iso": "2024-06-13T00:00:00",
"full_text": "Gavi, the Vaccine Alliance, in collaboration with partners, is announcing support for human rabies vaccines for post exposure prophylaxis (PEP) as part of routine immunisation. Eligible countries are receiving guidance on how to access these vaccines under Gavi’s cofinancing policy. The first round of applications will be accepted by mid- July 2024. Ninety-five percent of human rabies deaths occur in Africa and Asia, most often in marginalised communities that lack access to care.\nThis development complements ongoing global efforts of the Zero by 30 campaign , led by United Against Rabies partners including the Food and Agriculture Organization (FAO), the World Health Organization (WHO), and the World Organisation for Animal Health (WOAH, formerly OIE) with the goal of eliminating dog-mediated human rabies by 2030.\n“This commitment from Gavi is crucial and will expedite efforts to halt human fatalities caused by dog-mediated rabies,” said Dr Jérôme Salomon, Assistant Director-General for Universal Health Coverage, Communicable and Noncommunicable Diseases at WHO . “WHO will provide technical assistance to countries, not only to support their funding applications to Gavi but to draw up comprehensive plans of action that can deliver real progress towards the Zero by 30 goal.”\nIn more than 150 countries where dog rabies remains a serious public health problem, stocks of human rabies vaccines in public health systems are often extremely limited, especially in marginalised communities. Where human rabies vaccine is available through private facilities, the cost of PEP can impose a catastrophic financial burden on families and communities.\n“Gavi’s aim with this program is to contribute to global rabies efforts and save lives by helping countries ensure that human rabies vaccines are available to anyone who needs them and that vulnerable and marginalised communities have equal access to th
... [truncated, total 11219 chars]
================================================================================

================================================================================
Article ID: WHO_b005d460de08d953 | Attempt: 1
Error: Cannot extract valid JSON from response: line 1 column 1 (char 0)
Raw response (9222 chars):
{
"id": "WHO_b005d460de08d953",
"date_iso": "2024-06-07T00:00:00",
"full_text": "The UN-led Tobacco-Free Farms Initiative has been honoured with the Scale Catalyst Grant through the UN Global Pulse Scale Accelerator Programme. This recognition underscores the Initiative's innovative approach to addressing the multifaceted challenges posed by tobacco farming to economic development, food security and nutrition, and climate resilience.\nOver the last two decades, the tobacco industry has increasingly shifted tobacco production to African countries, with a 19.8% increase in production locally compared to a 15.8% global decrease. Kenya is one of the highest tobacco producers in the region, and while tobacco's contribution to GDP is minimal, over 2.8 million Kenyans face acute food insecurity, with smallholder farmers often drawn to tobacco cultivation by promises of high returns and market stability.\nWHO No Tobacco team at headquarters, along with the WHO Regional Office for Africa and WHO Kenya Country Office, joined forces with World Food Programme (WFP), Food and Agriculture Organization (FAO), UN Capital Development Fund (UNCDF), Farm-to-Market-Alliance and Cereal Growers’ Association to launch the Tobacco-Free Farms Initiative in 2021. The Initiative puts the One UN model into practice by leveraging the respective expertise of the health, food, agriculture and finance sectors to shape the market for alternative crops to tobacco. By establishing supportive ecosystems for crop production and viable markets for alternatives, the initiative empowers farmers to transition away from tobacco.\nIn collaboration with national and county governments, the initiative has already made significant strides in supporting over 6000 farmers across four counties in Kenya to shift to cultivating climate-safe and nutritious high-iron beans, which are supplied to various institutions including schools, hospitals and prisons. Notably, farmers are experiencing a gross revenue increase th
... [truncated, total 9222 chars]
================================================================================

================================================================================
Article ID: WHO_c9297a8ac5b83af7 | Attempt: 1
Error: Schema: Missing claims category: NOT_ENOUGH_INFO
Raw response (15730 chars):
{
"id": "WHO_c9297a8ac5b83af7",
"date_iso": "2024-06-07T00:00:00",
"full_text": "University of Massachusetts Chan Medical School\nThank you Mike,\nDuring the Assembly, talking a lot I lost my voice, so it’s a bit difficult.\nI had dinner yesterday and it was a very good time, and Mike asked me to speak about myself and nothing else, so I told my story. Many of you were not there, but I think a good number of you.\nAs Mike indicated earlier, growing up in Ethiopia could be difficult, and in my early childhood I was trapped in a war and my mother’s prayer was for me to survive just one day. She has been very grateful for that one day, and of course, here I am as Director-General of the World Health Organization, and I fully agree with you that hope is the most precious thing, Mike. Probably that was what was going on in my mother’s head, to stay hopeful and be grateful. And that’s it, and here I am.\nSo anything is possible, if we keep hope. Especially now, as our world is getting a bit crazy – not a bit actually, really crazy – but we need to stay hopeful and hope it will be better.\nChancellor Michael Collins, my brother,\nPresident Martin Meehan,\nMadame Vice-Chair Mary Burns,\nCongressman Jim McGovern,\nDistinguished guests, students, faculty, family and friends,\nIt’s such a great honour for me to be here, first to receive this honorary degree, which I accept with a mixture of pride and humility – humility, if there’s one thing that my upbringing taught me;\nAnd second, it’s an honour for me to join you as we open the new education and research building here at the University of Massachusetts Chan Medical School.\nI thank Chancellor Collins for the invitation, and for this great honour – and thank you Maryellen, wherever you are now, for your hospitality in meeting us at the airport yesterday.\nMike has been to visit us at WHO in Geneva, as he said, a couple of times, and we have discussed how WHO and UMass Chan Medical School can work together. So thank you for 
... [truncated, total 15730 chars]
================================================================================

================================================================================
Article ID: WHO_d78a3137bd049f46 | Attempt: 1
Error: Cannot extract valid JSON from response: line 1 column 1 (char 0)
Raw response (6994 chars):
{
"id": "WHO_d78a3137bd049f46",
"date_iso": "2024-06-07T00:00:00",
"full_text": "The World Health Organization (WHO) and the Dementia Observatory (Osservatorio Demenze) have signed a three-year memorandum of understanding (MOU) to formalize a close collaboration and exchange aimed at improving care for healthy ageing.\nThe Dementia Observatory, is part of the National Center for Disease Prevention and Health Promotion (Centro Nazionale per la Prevenzione delle Malattie e la Promozione della Salute) of the Italian National Institute of Health (Istituto Superiore della Sanità).\nThe Dementia Observatory located in Rome, Italy coordinates and supports the national and international public health response to dementia and corresponding efforts for prevention and health promotion through an integrated, evidence-based approach and life-course perspective.\nThe MOU outlines three specific areas of collaboration:\ndevelopment of long-term care standards to enhance the design and organization of the continuum of care for older persons, with a particular focus on those living with cognitive disturbances;\nexploration and summarization of available scientific literature on emerging issues related to healthy ageing to prioritize and guide interventions; and\ndevelopment of materials to address sociocultural diversities in the care approach to older persons.\nBy focusing on these areas, we aim to make significant strides in improving care for older people. This MoU opens significant opportunities as we are coming close to the mid-point of the United Nations Decade of Healthy Ageing.\n“This MoU is aligned with the United Nations Decade of Healthy Ageing, a global collaboration, coordinated by WHO, aimed at transforming the world into a better place to grow older through the multi-stakeholder engagement of governments, civil society, international organizations, professionals, academic institutions, the media, and the private sector,” added Dr Banerjee.\nRelated\nFact sheets",
"cla
... [truncated, total 6994 chars]
================================================================================

================================================================================
Article ID: WHO_08ee51585fccd180 | Attempt: 1
Error: Schema: Missing claims category: NOT_ENOUGH_INFO
Raw response (6345 chars):
{
"id": "WHO_08ee51585fccd180",
"date_iso": "2024-06-01T00:00:00",
"full_text": "Good morning, good afternoon and good evening.\nToday, the nations of the world made history at the World Health Assembly.\nAfter two years of negotiations, they adopted a strong package of amendments to the International Health Regulations, based on the lessons learned from the COVID-19 pandemic.\nThe IHR was last updated 19 years ago. The amendments adopted today strengthen global preparedness, surveillance and response to public health emergencies, including pandemics.\nAnd although the Pandemic Agreement has not yet been finalized, the Health Assembly has charted the way forward.\nIt has agreed to extend the mandate of the Intergovernmental Negotiating Body, to finalize negotiations on the Pandemic Agreement as soon as possible, and by next year’s World Health Assembly at the latest.\nThe success of the IHR amendments demonstrates that in our divided and divisive world, countries can still come together to find common cause, and common ground.\nIn addition to the IHR amendments, Member States also approved the Fourteenth General Programme of Work – the global health strategy for the next four years;\nAnd we also launched the WHO Investment Round, which aims to mobilize the flexible and predictable funds needed to implement that strategy.\nA number of countries have already pledged their support and have started contributing.\nMember States also adopted resolutions on antimicrobial resistance; climate change and health; infection prevention and control; maternal, newborn and child health; mental health in emergencies; social participation in primary health care; transplantation, and more.\nThe theme of this year’s World Health Assembly was All for Health, and Health for All.\nThis week, WHO’s Member States have embodied that theme. They have worked together to find a shared approach to shared threats.\nOf course, they don’t always agree. That is to be expected.\nBut they are united i
... [truncated, total 6345 chars]
================================================================================

================================================================================
Article ID: WHO_03c5f36ea047bc77 | Attempt: 1
Error: Cannot extract valid JSON from response: line 1 column 1 (char 0)
Raw response (10710 chars):
{
"id": "WHO_03c5f36ea047bc77",
"date_iso": "2024-05-31T00:00:00",
"full_text": "Time is running out for millions of people in Sudan who are at imminent risk of famine, displaced from their lands, living under bombardments, and cut off from humanitarian assistance.\nWith the conflict now in its second year, 18 million people are acutely hungry, including 3.6 million children who are acutely malnourished, and famine is quickly closing in on millions of people in Darfur, Kordofan, Aj Jazirah and Khartoum.\nSudan is home to the largest number of internally displaced people in the world at nearly 10 million. A further 2 million people have escaped to neighbouring countries.\nHorrific attacks against civilians – including sexual violence – as well as hospitals and schools are multiplying.\nIn Al Fasher, more than 800,000 civilians are bracing for an imminent large-scale attack, which would unleash catastrophic humanitarian consequences both in the city and across Darfur.\nDespite the tremendous needs, aid workers continue to face systematic obstructions and deliberate denials of access by parties to the conflict. Movements across conflict lines to parts of Khartoum, Darfur, Aj Jazirah and Kordofan have been all but cut off since mid-December. The closure of the Adre border crossing in February – our main route into western Sudan from Chad – means that limited assistance is trickling into Darfur. Aid workers are being killed, injured and harassed, and humanitarian supplies are being looted.\nIn March and April of this year, nearly 860,000 people were denied humanitarian aid in Kordofan, Darfur and Khartoum states. Deliberate hindrances to humanitarian assistance that leave the civilian population without the essentials to survive violate international humanitarian law.\nExtreme hunger is unfolding, and the outlook for food production in 2024 is bleak. We have a rapidly shrinking window to get seeds to farmers before the main planting season ends and the rainy season begin
... [truncated, total 10710 chars]
================================================================================

================================================================================
Article ID: WHO_01388e013fa05c26 | Attempt: 1
Error: Cannot extract valid JSON from response: line 1 column 1 (char 0)
Raw response (24601 chars):
{
"id": "WHO_01388e013fa05c26",
"date_iso": "2024-05-31T00:00:00",
"full_text": "Landmark resolution passed on health and climate change\nIn a resounding call to action, the Seventy-seventh World Health Assembly has recognized climate change as an imminent threat to global health, passing a resolution which underscores the urgent need for decisive measures to confront the profound health risks posed by climate change.\nThe resolution, supported overwhelmingly by Member States, presents an overview of the existential threat that climate change poses to human health. The Health Assembly asserts that radical action is imperative to safeguard the health of the planet, underscoring the interdependence of environmental sustainability and public health.\nUrging the global health community to mobilize on an unprecedented scale, the Health Assembly calls for the amplification and expansion of existing efforts to combat climate change within its core functions. This includes prioritizing health considerations in national and international climate policy frameworks, as well as supporting countries in building climate resilient and low carbon health systems.\nBy strengthening capacity building and providing technical support to national health ministries, the actions agreed at the Health Assembly will empower countries to implement robust climate-resilient health initiatives tailored to their unique circumstances, and to guide cross-sectoral actions that both promote health, and contribute to climate change mitigation and adaptation.\nThe resolution marks a key moment in the fight against climate change, emphasizing the urgent need for collective action to protect both human health and the planet.\nWHO is committed to continuing to lead the global health response to climate change. The Organization plans to scale up its efforts in supporting Member States through leadership, raising awareness, providing technical support and building capacity. Key initiatives include presenting
... [truncated, total 24601 chars]
================================================================================

================================================================================
Article ID: WHO_37ed85a9566c8db3 | Attempt: 1
Error: Cannot extract valid JSON from response: line 1 column 1 (char 0)
Raw response (17706 chars):
{
"id": "WHO_37ed85a9566c8db3",
"date_iso": "2024-05-31T00:00:00",
"full_text": "During a special ceremony at the Seventy-seventh World Health Assembly in Geneva on Friday, 31 May 2024, awards were presented to persons and institutions from around the world for their outstanding contributions to public health.\nEight winners were awarded by the Seventy-seventh World Health Assembly President, Dr Edwin Dikoloti of Botswana, together with high-level representatives of the foundations providing the public health awards and prizes and Dr Tedros Adhanom Ghebreyesus, WHO Director-General, as Administrator for the prizes.\nThe call for nominations of candidates for each prize is sent out each year after closure of the World Health Assembly. Nominations can be made by national health administrations of a WHO Member State and by former recipients of the prizes. At its 154th session in January 2024, the Executive Board designated the 2024 winners of the prizes, on the basis of proposals made by the dedicated selection panel for each prize.\nThe eight laureates have been selected to celebrate their unique role and contribution for public health in their countries and globally. They come from four WHO Regions: Africa, the Eastern-Mediterranean, South-East Asia and the Western Pacific.\nWinners of the 2024 prizes\nDr LEE Jong-wook Memorial Prize for Public Health\n2024 laureate: Dr Bader Al-Rawahi, Oman\nDr Bader Al-Rawahi leads a major public health programme as Director of Communicable Diseases and Control, and Manager of the Expanded Programme of Immunization, at the Ministry of Health of Oman. The high quality of immunization services provided in the country is widely recognized internationally. Dr Al-Rawahi has kept abreast of new scientific, programmatic and policy developments to provide communities with a highly performing immunization programme and to achieve significant major health results. Dr Al-Rawahi has made a considerable effort to leave no one behind, including 
... [truncated, total 17706 chars]
================================================================================

================================================================================
Article ID: WHO_738debc011364ec7 | Attempt: 1
Error: Cannot extract valid JSON from response: line 1 column 1 (char 0)
Raw response (11929 chars):
{
"id": "WHO_738debc011364ec7",
"date_iso": "2024-05-24T00:00:00",
"full_text": "With two recommended vaccines and expanded supply, Gavi, UNICEF, WHO are working closely with governments and partners to increase malaria prevention and protection for children\nUNICEF delivered over 43 000 doses of the R21/Matrix-M malaria vaccine by air to Bangui, Central African Republic, today, with more than 120 000 doses to follow in the next days. It is the first country to receive the R21 malaria vaccine for use in routine childhood immunization, marking another step forward in preventing the disease and saving children’s lives.\nR21 is the second malaria vaccine to be recommended by WHO for children living in endemic areas. Along with the earlier WHO recommendation of the RTS,S vaccine, there is now sufficient vaccine supply to scale up malaria vaccination in Africa. The rollout of both vaccines is funded by Gavi, the Vaccine Alliance.\n“With two products now available to countries, expanded supply of malaria vaccines is a game changer for child survival and health,” said Director of UNICEF Supply Division Leila Pakkala. “Previous concerns about supply meeting demand are firmly behind us. Now our priority is for the vaccines to reach every child at risk.”\nThe R21 and RTS,S vaccines are proven safe and effective in preventing malaria in children. The RTS,S vaccine was delivered to more than 2 million children in Ghana, Kenya, and Malawi in a four-year pilot programme that demonstrated a 13% reduction in all-cause mortality.\nMalaria is one of the world’s most lethal diseases, killing nearly half a million children under 5 years of age each year in Africa.\nThe Central African Republic has one of the highest rates of malaria incidence globally. In 2022, an estimated 1 733 000 malaria cases were reported in the country, averaging about 4747 cases a day. The disease also claimed around 5180 lives over the year, or 14 deaths each day.\n“Having two safe and effective vaccines means
... [truncated, total 11929 chars]
================================================================================

================================================================================
Article ID: WHO_738debc011364ec7 | Attempt: 2
Error: Cannot extract valid JSON from response: line 1 column 1 (char 0)
Raw response (11993 chars):
{
"id": "WHO_738debc011364ec7",
"date_iso": "2024-05-24T00:00:00",
"full_text": "With two recommended vaccines and expanded supply, Gavi, UNICEF, WHO are working closely with governments and partners to increase malaria prevention and protection for children\nUNICEF delivered over 43 000 doses of the R21/Matrix-M malaria vaccine by air to Bangui, Central African Republic, today, with more than 120 000 doses to follow in the next days. It is the first country to receive the R21 malaria vaccine for use in routine childhood immunization, marking another step forward in preventing the disease and saving children’s lives.\nR21 is the second malaria vaccine to be recommended by WHO for children living in endemic areas. Along with the earlier WHO recommendation of the RTS,S vaccine, there is now sufficient vaccine supply to scale up malaria vaccination in Africa. The rollout of both vaccines is funded by Gavi, the Vaccine Alliance.\n“With two products now available to countries, expanded supply of malaria vaccines is a game changer for child survival and health,” said Director of UNICEF Supply Division Leila Pakkala. “Previous concerns about supply meeting demand are firmly behind us. Now our priority is for the vaccines to reach every child at risk.”\nThe R21 and RTS,S vaccines are proven safe and effective in preventing malaria in children. The RTS,S vaccine was delivered to more than 2 million children in Ghana, Kenya, and Malawi in a four-year pilot programme that demonstrated a 13% reduction in all-cause mortality.\nMalaria is one of the world’s most lethal diseases, killing nearly half a million children under 5 years of age each year in Africa.\nThe Central African Republic has one of the highest rates of malaria incidence globally. In 2022, an estimated 1 733 000 malaria cases were reported in the country, averaging about 4747 cases a day. The disease also claimed around 5180 lives over the year, or 14 deaths each day.\n“Having two safe and effective vaccines means
... [truncated, total 11993 chars]
================================================================================

================================================================================
Article ID: WHO_cd0cbd2b6092efbe | Attempt: 1
Error: Cannot extract valid JSON from response: line 1 column 1 (char 0)
Raw response (9544 chars):
{
"id": "WHO_cd0cbd2b6092efbe",
"date_iso": "2024-05-23T00:00:00",
"full_text": "Young people using e-cigarettes at rates higher than adults in many countries\nThe World Health Organization (WHO) and STOP, a global tobacco industry watchdog, are launching today “ Hooking the next generation ,” a report highlighting how the tobacco and nicotine industry designs products, implements marketing campaigns and works to shape policy environments to help them addict the world’s youth.\nThis comes just ahead of World No Tobacco Day marked on 31 May, where WHO is amplifying the voices of young people who are calling on governments to protect them from being targets of the tobacco and nicotine industry.\nThe report shows that globally an estimated 37 million children aged 13–15 years use tobacco, and in many countries, the rate of e-cigarette use among adolescents exceeds that of adults. In the WHO European Region, 20% of 15-year-olds surveyed reported using e-cigarettes in the past 30 days.\nDespite significant progress in reducing tobacco use, the emergence of e-cigarettes and other new tobacco and nicotine products present a grave threat to youth and tobacco control. Studies demonstrate that e-cigarette use increases conventional cigarette use, particularly among non-smoking youth, by nearly three times.\n\"History is repeating, as the tobacco industry tries to sell the same nicotine to our children in different packaging,” said Dr Tedros Adhanom Ghebreyesus, WHO Director-General. “These industries are actively targeting schools, children and young people with new products that are essentially a candy-flavoured trap. How can they talk about harm reduction when they are marketing these dangerous, highly-addictive products to children?”\nThese industries continue to market their products to young people with enticing flavours like candy and fruit. Research in the United States of America found that more than 70% of youth e-cigarette users would quit if the products were only 
... [truncated, total 9544 chars]
================================================================================

================================================================================
Article ID: WHO_fdc6bdefa280714e | Attempt: 1
Error: Cannot extract valid JSON from response: line 1 column 1 (char 0)
Raw response (12627 chars):
{
"id": "WHO_fdc6bdefa280714e",
"date_iso": "2024-05-22T00:00:00",
"full_text": "Today, a comprehensive report was released which captures the key takeaways and action items from the Third Global Consultation on the Health of Refugees and Migrants. The report was co-produced in collaboration with the International Organization for Migration (IOM), the Kingdom of Morocco, and the United Nations High Commissioner for Refugees (UNHCR)--co-hosts of the high-level event which took place on 13-15 June 2023 resulting in the adoption of the Rabat Declaration .\nGlobally, an estimated 1 billion people are on the move within their country or across borders, including 110 million forcibly displaced. These numbers are rising and are likely to further increase due to persecution, conflicts, climate-related disasters, and the search for new opportunities. Despite global commitments to the right to health and universal health coverage (UHC) for all people, many refugees and migrants around the world still struggle to access quality health care and social services.\nThe report summarizes the critical discussions at the consultation and provides actionable steps for consideration by governments, UN agencies, and partners emerging from the sessions. Actions aimed to intensify leadership and commitment to the health of refugees and migrants include:\nincreasing efforts to implement the health-related objectives of the Global Compact for Safe, Orderly and Regular Migration (GCM), to scale up multisectoral responses and concrete pledges for the Global Compact on Refugees (GCR), and to drive progress to implement and monitor the WHO Global Action Plan on promoting the health of refugees and migrants (WHO GAP 2019-2030);\ndeveloping bilateral or regional agreements and international and cross-border collaboration to ensure continuity of care, and developing innovative approaches to move beyond humanitarian assistance towards development-based and longer-term responses;\nengaging refugees 
... [truncated, total 12627 chars]
================================================================================

================================================================================
Article ID: WHO_94230105753e79a7 | Attempt: 1
Error: Cannot extract valid JSON from response: line 1 column 1 (char 0)
Raw response (11154 chars):
{
"id": "WHO_94230105753e79a7",
"date_iso": "2024-05-22T00:00:00",
"full_text": "The World Health Organization’s (WHO) Task Team on Climate Change, Neglected Tropical Diseases (NTDs) and Malaria, in partnership with Reaching the Last Mile (RLM), has released a major scoping review published in Transactions of the Royal Society of Tropical Medicine and Hygiene . The review of 42 693 articles reveals that there is not yet sufficient understanding of the actual and potential impacts of human-induced changes to climate patterns on malaria and NTDs.\nRising temperatures and changing weather patterns are altering the spread of vector-borne diseases, with significant implications for human health and placing additional strain on systems. As the geographic range of disease vectors like mosquitoes expands, so does the risk of introducing – or reintroducing – these diseases to new, unprepared areas. The findings of this review highlight that these shifts in prevalence, incidence, range and intensity of malaria and a number of NTDs may be felt hardest in those communities already disproportionately impacted by them.\n“The findings presented in this major review highlight the need for more comprehensive, collaborative, and standardized modelling, so that we can better understand and predict the effects of climate change on malaria and NTDs, both directly and indirectly,” said Dr Ibrahima Socé Fall, Director of WHO’s Global NTD Programme, who led the study. “This important and timely review reveals alarming trends and is a call to urgent action. Malaria transmission is likely to shift both polewards and to higher altitude, while the mosquito vector responsible for transmission of dengue and chikungunya is predicted to continue to expand its range. If we are to protect and build upon the hard-won victories of the past two decades, the time to mobilize is now.”\nDespite this, the paper highlights that published research has too often focused on low-disease burden countries with Hi
... [truncated, total 11154 chars]
================================================================================

================================================================================
Article ID: WHO_94230105753e79a7 | Attempt: 2
Error: Cannot extract valid JSON from response: line 1 column 1 (char 0)
Raw response (10627 chars):
{
"id": "WHO_94230105753e79a7",
"date_iso": "2024-05-22T00:00:00",
"full_text": "The World Health Organization’s (WHO) Task Team on Climate Change, Neglected Tropical Diseases (NTDs) and Malaria, in partnership with Reaching the Last Mile (RLM), has released a major scoping review published in Transactions of the Royal Society of Tropical Medicine and Hygiene . The review of 42 693 articles reveals that there is not yet sufficient understanding of the actual and potential impacts of human-induced changes to climate patterns on malaria and NTDs.\nRising temperatures and changing weather patterns are altering the spread of vector-borne diseases, with significant implications for human health and placing additional strain on systems. As the geographic range of disease vectors like mosquitoes expands, so does the risk of introducing – or reintroducing – these diseases to new, unprepared areas. The findings of this review highlight that these shifts in prevalence, incidence, range and intensity of malaria and a number of NTDs may be felt hardest in those communities already disproportionately impacted by them.\n“The findings presented in this major review highlight the need for more comprehensive, collaborative, and standardized modelling, so that we can better understand and predict the effects of climate change on malaria and NTDs, both directly and indirectly,” said Dr Ibrahima Socé Fall, Director of WHO’s Global NTD Programme, who led the study. “This important and timely review reveals alarming trends and is a call to urgent action. Malaria transmission is likely to shift both polewards and to higher altitude, while the mosquito vector responsible for transmission of dengue and chikungunya is predicted to continue to expand its range. If we are to protect and build upon the hard-won victories of the past two decades, the time to mobilize is now.”\nDespite this, the paper highlights that published research has too often focused on low-disease burden countries with Hi
... [truncated, total 10627 chars]
================================================================================

================================================================================
Article ID: WHO_94230105753e79a7 | Attempt: 3
Error: Cannot extract valid JSON from response: line 1 column 1 (char 0)
Raw response (11443 chars):
{
"id": "WHO_94230105753e79a7",
"date_iso": "2024-05-22T00:00:00",
"full_text": "The World Health Organization’s (WHO) Task Team on Climate Change, Neglected Tropical Diseases (NTDs) and Malaria, in partnership with Reaching the Last Mile (RLM), has released a major scoping review published in Transactions of the Royal Society of Tropical Medicine and Hygiene . The review of 42 693 articles reveals that there is not yet sufficient understanding of the actual and potential impacts of human-induced changes to climate patterns on malaria and NTDs.\nRising temperatures and changing weather patterns are altering the spread of vector-borne diseases, with significant implications for human health and placing additional strain on systems. As the geographic range of disease vectors like mosquitoes expands, so does the risk of introducing – or reintroducing – these diseases to new, unprepared areas. The findings of this review highlight that these shifts in prevalence, incidence, range and intensity of malaria and a number of NTDs may be felt hardest in those communities already disproportionately impacted by them.\n“The findings presented in this major review highlight the need for more comprehensive, collaborative, and standardized modelling, so that we can better understand and predict the effects of climate change on malaria and NTDs, both directly and indirectly,” said Dr Ibrahima Socé Fall, Director of WHO’s Global NTD Programme, who led the study. “This important and timely review reveals alarming trends and is a call to urgent action. Malaria transmission is likely to shift both polewards and to higher altitude, while the mosquito vector responsible for transmission of dengue and chikungunya is predicted to continue to expand its range. If we are to protect and build upon the hard-won victories of the past two decades, the time to mobilize is now.”\nDespite this, the paper highlights that published research has too often focused on low-disease burden countries with Hi
... [truncated, total 11443 chars]
================================================================================

================================================================================
Article ID: WHO_94230105753e79a7 | Attempt: 4
Error: Cannot extract valid JSON from response: line 1 column 1 (char 0)
Raw response (10895 chars):
{
"id": "WHO_94230105753e79a7",
"date_iso": "2024-05-22T00:00:00",
"full_text": "The World Health Organization’s (WHO) Task Team on Climate Change, Neglected Tropical Diseases (NTDs) and Malaria, in partnership with Reaching the Last Mile (RLM), has released a major scoping review published in Transactions of the Royal Society of Tropical Medicine and Hygiene . The review of 42 693 articles reveals that there is not yet sufficient understanding of the actual and potential impacts of human-induced changes to climate patterns on malaria and NTDs.\nRising temperatures and changing weather patterns are altering the spread of vector-borne diseases, with significant implications for human health and placing additional strain on systems. As the geographic range of disease vectors like mosquitoes expands, so does the risk of introducing – or reintroducing – these diseases to new, unprepared areas. The findings of this review highlight that these shifts in prevalence, incidence, range and intensity of malaria and a number of NTDs may be felt hardest in those communities already disproportionately impacted by them.\n“The findings presented in this major review highlight the need for more comprehensive, collaborative, and standardized modelling, so that we can better understand and predict the effects of climate change on malaria and NTDs, both directly and indirectly,” said Dr Ibrahima Socé Fall, Director of WHO’s Global NTD Programme, who led the study. “This important and timely review reveals alarming trends and is a call to urgent action. Malaria transmission is likely to shift both polewards and to higher altitude, while the mosquito vector responsible for transmission of dengue and chikungunya is predicted to continue to expand its range. If we are to protect and build upon the hard-won victories of the past two decades, the time to mobilize is now.”\nDespite this, the paper highlights that published research has too often focused on low-disease burden countries with Hi
... [truncated, total 10895 chars]
================================================================================

================================================================================
Article ID: WHO_94230105753e79a7 | Attempt: 5
Error: Cannot extract valid JSON from response: line 1 column 1 (char 0)
Raw response (11073 chars):
{
"id": "WHO_94230105753e79a7",
"date_iso": "2024-05-22T00:00:00",
"full_text": "The World Health Organization’s (WHO) Task Team on Climate Change, Neglected Tropical Diseases (NTDs) and Malaria, in partnership with Reaching the Last Mile (RLM), has released a major scoping review published in Transactions of the Royal Society of Tropical Medicine and Hygiene . The review of 42 693 articles reveals that there is not yet sufficient understanding of the actual and potential impacts of human-induced changes to climate patterns on malaria and NTDs.\nRising temperatures and changing weather patterns are altering the spread of vector-borne diseases, with significant implications for human health and placing additional strain on systems. As the geographic range of disease vectors like mosquitoes expands, so does the risk of introducing – or reintroducing – these diseases to new, unprepared areas. The findings of this review highlight that these shifts in prevalence, incidence, range and intensity of malaria and a number of NTDs may be felt hardest in those communities already disproportionately impacted by them.\n“The findings presented in this major review highlight the need for more comprehensive, collaborative, and standardized modelling, so that we can better understand and predict the effects of climate change on malaria and NTDs, both directly and indirectly,” said Dr Ibrahima Socé Fall, Director of WHO’s Global NTD Programme, who led the study. “This important and timely review reveals alarming trends and is a call to urgent action. Malaria transmission is likely to shift both polewards and to higher altitude, while the mosquito vector responsible for transmission of dengue and chikungunya is predicted to continue to expand its range. If we are to protect and build upon the hard-won victories of the past two decades, the time to mobilize is now.”\nDespite this, the paper highlights that published research has too often focused on low-disease burden countries with Hi
... [truncated, total 11073 chars]
================================================================================

================================================================================
Article ID: WHO_0bd3feff4a9e707f | Attempt: 1
Error: Cannot extract valid JSON from response: line 1 column 1 (char 0)
Raw response (11015 chars):
{
"id": "WHO_0bd3feff4a9e707f",
"date_iso": "2024-05-21T00:00:00",
"full_text": "Global HIV, viral hepatitis epidemics and sexually transmitted infections (STIs) continue to pose significant public health challenges, causing 2.5 million deaths each year, according to a new WHO report - Implementing the global health sector strategies on HIV, viral hepatitis and sexually transmitted infections, 2022–2030 .\nNew data show that STIs are increasing in many regions. In 2022, WHO Member States set out an ambitious target of reducing the annual number of adult syphilis infections by ten-fold by 2030, from 7.1 million to 0.71 million. Yet, new syphilis cases among adults aged 15-49 years increased by over 1 million in 2022 reaching 8 million. The highest increases occurred in the Region for the Americas and the African Region.\nCombined with insufficient decline seen in the reduction of new HIV and viral hepatitis infections, the report flags threats to the attainment of the related targets of the Sustainable Development Goals (SDGs) by 2030.\n“The rising incidence of syphilis raises major concerns”, said WHO Director-General Dr Tedros Adhanom Ghebreyesus. “Fortunately, there has been important progress on a number of other fronts including in accelerating access to critical health commodities including diagnostics and treatment. We have the tools required to end these epidemics as public health threats by 2030, but we now need to ensure that, in the context of an increasingly complex world, countries do all they can to achieve the ambitious targets they set themselves”.\nIncreasing incidence of sexually transmitted infections\nFour curable STIs – syphilis ( Treponema pallidum ), gonorrhea ( Neisseria gonorrhoeae ), chlamydia ( Chlamydia trachomatis ), and trichomoniasis ( Trichomonas vaginalis ) – account for over 1 million infections daily. The report notes a surge in adult and maternal syphilis (1.1 million) and associated congenital syphilis (523 cases per 100 000 live 
... [truncated, total 11015 chars]
================================================================================

================================================================================
Article ID: WHO_0bd3feff4a9e707f | Attempt: 2
Error: Cannot extract valid JSON from response: line 1 column 1 (char 0)
Raw response (10805 chars):
{
"id": "WHO_0bd3feff4a9e707f",
"date_iso": "2024-05-21T00:00:00",
"full_text": "Global HIV, viral hepatitis epidemics and sexually transmitted infections (STIs) continue to pose significant public health challenges, causing 2.5 million deaths each year, according to a new WHO report - Implementing the global health sector strategies on HIV, viral hepatitis and sexually transmitted infections, 2022–2030 .\nNew data show that STIs are increasing in many regions. In 2022, WHO Member States set out an ambitious target of reducing the annual number of adult syphilis infections by ten-fold by 2030, from 7.1 million to 0.71 million. Yet, new syphilis cases among adults aged 15-49 years increased by over 1 million in 2022 reaching 8 million. The highest increases occurred in the Region for the Americas and the African Region.\nCombined with insufficient decline seen in the reduction of new HIV and viral hepatitis infections, the report flags threats to the attainment of the related targets of the Sustainable Development Goals (SDGs) by 2030.\n“The rising incidence of syphilis raises major concerns”, said WHO Director-General Dr Tedros Adhanom Ghebreyesus. “Fortunately, there has been important progress on a number of other fronts including in accelerating access to critical health commodities including diagnostics and treatment. We have the tools required to end these epidemics as public health threats by 2030, but we now need to ensure that, in the context of an increasingly complex world, countries do all they can to achieve the ambitious targets they set themselves”.\nIncreasing incidence of sexually transmitted infections\nFour curable STIs – syphilis ( Treponema pallidum ), gonorrhea ( Neisseria gonorrhoeae ), chlamydia ( Chlamydia trachomatis ), and trichomoniasis ( Trichomonas vaginalis ) – account for over 1 million infections daily. The report notes a surge in adult and maternal syphilis (1.1 million) and associated congenital syphilis (523 cases per 100 000 live 
... [truncated, total 10805 chars]
================================================================================

================================================================================
Article ID: WHO_0bd3feff4a9e707f | Attempt: 3
Error: Cannot extract valid JSON from response: line 1 column 1 (char 0)
Raw response (10576 chars):
{
"id": "WHO_0bd3feff4a9e707f",
"date_iso": "2024-05-21T00:00:00",
"full_text": "Global HIV, viral hepatitis epidemics and sexually transmitted infections (STIs) continue to pose significant public health challenges, causing 2.5 million deaths each year, according to a new WHO report - Implementing the global health sector strategies on HIV, viral hepatitis and sexually transmitted infections, 2022–2030 .\nNew data show that STIs are increasing in many regions. In 2022, WHO Member States set out an ambitious target of reducing the annual number of adult syphilis infections by ten-fold by 2030, from 7.1 million to 0.71 million. Yet, new syphilis cases among adults aged 15-49 years increased by over 1 million in 2022 reaching 8 million. The highest increases occurred in the Region for the Americas and the African Region.\nCombined with insufficient decline seen in the reduction of new HIV and viral hepatitis infections, the report flags threats to the attainment of the related targets of the Sustainable Development Goals (SDGs) by 2030.\n“The rising incidence of syphilis raises major concerns”, said WHO Director-General Dr Tedros Adhanom Ghebreyesus. “Fortunately, there has been important progress on a number of other fronts including in accelerating access to critical health commodities including diagnostics and treatment. We have the tools required to end these epidemics as public health threats by 2030, but we now need to ensure that, in the context of an increasingly complex world, countries do all they can to achieve the ambitious targets they set themselves”.\nIncreasing incidence of sexually transmitted infections\nFour curable STIs – syphilis ( Treponema pallidum ), gonorrhea ( Neisseria gonorrhoeae ), chlamydia ( Chlamydia trachomatis ), and trichomoniasis ( Trichomonas vaginalis ) – account for over 1 million infections daily. The report notes a surge in adult and maternal syphilis (1.1 million) and associated congenital syphilis (523 cases per 100 000 live 
... [truncated, total 10576 chars]
================================================================================

================================================================================
Article ID: WHO_0bd3feff4a9e707f | Attempt: 4
Error: Cannot extract valid JSON from response: line 1 column 1 (char 0)
Raw response (11073 chars):
{
"id": "WHO_0bd3feff4a9e707f",
"date_iso": "2024-05-21T00:00:00",
"full_text": "Global HIV, viral hepatitis epidemics and sexually transmitted infections (STIs) continue to pose significant public health challenges, causing 2.5 million deaths each year, according to a new WHO report - Implementing the global health sector strategies on HIV, viral hepatitis and sexually transmitted infections, 2022–2030 .\nNew data show that STIs are increasing in many regions. In 2022, WHO Member States set out an ambitious target of reducing the annual number of adult syphilis infections by ten-fold by 2030, from 7.1 million to 0.71 million. Yet, new syphilis cases among adults aged 15-49 years increased by over 1 million in 2022 reaching 8 million. The highest increases occurred in the Region for the Americas and the African Region.\nCombined with insufficient decline seen in the reduction of new HIV and viral hepatitis infections, the report flags threats to the attainment of the related targets of the Sustainable Development Goals (SDGs) by 2030.\n“The rising incidence of syphilis raises major concerns”, said WHO Director-General Dr Tedros Adhanom Ghebreyesus. “Fortunately, there has been important progress on a number of other fronts including in accelerating access to critical health commodities including diagnostics and treatment. We have the tools required to end these epidemics as public health threats by 2030, but we now need to ensure that, in the context of an increasingly complex world, countries do all they can to achieve the ambitious targets they set themselves”.\nIncreasing incidence of sexually transmitted infections\nFour curable STIs – syphilis ( Treponema pallidum ), gonorrhea ( Neisseria gonorrhoeae ), chlamydia ( Chlamydia trachomatis ), and trichomoniasis ( Trichomonas vaginalis ) – account for over 1 million infections daily. The report notes a surge in adult and maternal syphilis (1.1 million) and associated congenital syphilis (523 cases per 100 000 live 
... [truncated, total 11073 chars]
================================================================================

================================================================================
Article ID: WHO_0bd3feff4a9e707f | Attempt: 5
Error: Cannot extract valid JSON from response: line 1 column 1 (char 0)
Raw response (10579 chars):
{
"id": "WHO_0bd3feff4a9e707f",
"date_iso": "2024-05-21T00:00:00",
"full_text": "Global HIV, viral hepatitis epidemics and sexually transmitted infections (STIs) continue to pose significant public health challenges, causing 2.5 million deaths each year, according to a new WHO report - Implementing the global health sector strategies on HIV, viral hepatitis and sexually transmitted infections, 2022–2030 .\nNew data show that STIs are increasing in many regions. In 2022, WHO Member States set out an ambitious target of reducing the annual number of adult syphilis infections by ten-fold by 2030, from 7.1 million to 0.71 million. Yet, new syphilis cases among adults aged 15-49 years increased by over 1 million in 2022 reaching 8 million. The highest increases occurred in the Region for the Americas and the African Region.\nCombined with insufficient decline seen in the reduction of new HIV and viral hepatitis infections, the report flags threats to the attainment of the related targets of the Sustainable Development Goals (SDGs) by 2030.\n“The rising incidence of syphilis raises major concerns”, said WHO Director-General Dr Tedros Adhanom Ghebreyesus. “Fortunately, there has been important progress on a number of other fronts including in accelerating access to critical health commodities including diagnostics and treatment. We have the tools required to end these epidemics as public health threats by 2030, but we now need to ensure that, in the context of an increasingly complex world, countries do all they can to achieve the ambitious targets they set themselves”.\nIncreasing incidence of sexually transmitted infections\nFour curable STIs – syphilis ( Treponema pallidum ), gonorrhea ( Neisseria gonorrhoeae ), chlamydia ( Chlamydia trachomatis ), and trichomoniasis ( Trichomonas vaginalis ) – account for over 1 million infections daily. The report notes a surge in adult and maternal syphilis (1.1 million) and associated congenital syphilis (523 cases per 100 000 live 
... [truncated, total 10579 chars]
================================================================================

================================================================================
Article ID: WHO_d20a35352d760f38 | Attempt: 1
Error: Cannot extract valid JSON from response: line 1 column 1 (char 0)
Raw response (10815 chars):
{
"id": "WHO_d20a35352d760f38",
"date_iso": "2024-05-17T00:00:00",
"full_text": "The World Health Organization (WHO) today released its updated Bacterial Priority Pathogens List (BPPL) 2024 , featuring 15 families of antibiotic-resistant bacteria grouped into critical, high and medium categories for prioritization. The list provides guidance on the development of new and necessary treatments to stop the spread of antimicrobial resistance (AMR).\nAMR occurs when bacteria, viruses, fungi, and parasites no longer respond to medicines, making people sicker and increasing the risk of disease spread, illness and deaths. AMR is driven in large part by the misuse and overuse of antimicrobials. The updated BPPL incorporates new evidence and expert insights to guide research and development (R&D) for new antibiotics and promote international coordination to foster innovation.\n“By mapping the global burden of drug-resistant bacteria and assessing their impact on public health, this list is key to guiding investment and grappling with the antibiotics pipeline and access crisis,\" said Dr Yukiko Nakatani, WHO’s Assistant Director-General for Antimicrobial Resistance ad interim . “Since the first Bacterial Priority Pathogens List was released in 2017, the threat of antimicrobial resistance has intensified, eroding the efficacy of numerous antibiotics and putting many of the gains of modern medicine at risk.”\nThe critical priority pathogens, such as gram-negative bacteria resistant to last-resort antibiotics, and Mycobacterium tuberculosis resistant to the antibiotic rifampicin, present major global threats due to their high burden, and ability to resist treatment and spread resistance to other bacteria. Gram-negative bacteria have built-in abilities to find new ways to resist treatment and can pass along genetic material that allows other bacteria to become drug-resistant as well.\nHigh priority pathogens, such as Salmonella and Shigella , are of particularly high burden in low
... [truncated, total 10815 chars]
================================================================================

================================================================================
Article ID: WHO_b12e3b9cb19d5adc | Attempt: 1
Error: Cannot extract valid JSON from response: line 1 column 1 (char 0)
Raw response (9207 chars):
{
"id": "WHO_b12e3b9cb19d5adc",
"date_iso": "2024-05-16T00:00:00",
"full_text": "WHO’s Investigations and Studies (Unity Studies) provides the systems, tools and connections to carry out enhanced surveillance and targeted investigations and studies in any resource setting, helping to strengthen influenza and other respiratory pathogen pandemic preparedness.\nThe World Health Organization's (WHO) Investigations and Studies Global Initiative, also known as the Unity Studies, provides a generic preparedness and readiness framework for conducting targeted investigations and studies that are critical to the assessment of emerging or re-emerging respiratory virus of pandemic or epidemic potential.\nThrough this initiative, standardized investigation protocols were developed during the COVID-19 pandemic to support Member States to generate robust and comparable data and inform public health decision-making. It also supported capacity building in low- and middle-income countries (LMICs) across all regions for surveillance and operational research capabilities.\nNow during this interpandemic period, countries are developing sustainable and resilient integrated surveillance strategies to monitor influenza, SARS-CoV-2, and other emerging respiratory viruses with epidemic or pandemic potential. As it is not feasible to address the full complex needs of respiratory virus surveillance with a single system, multiple fit-for-purpose surveillance approaches and complementary investigations must fit together as tiles in a “ Mosaic ”. Within this mosaic, studies and investigation protocols, such as the Unity Studies, can address certain public health objectives that are not efficiently met by other existing systems.\nBuilding on the lessons learned from COVID-19, WHO and technical partners, including the University of Melbourne and SeroTracker, have been working to ensure that the Unity Studies are operational for a future pandemic.\nArchitecture, tools and a global network of sites\n
... [truncated, total 9207 chars]
================================================================================

================================================================================
Article ID: WHO_c5dd45fe4c4c5692 | Attempt: 1
Error: Cannot extract valid JSON from response: line 1 column 1 (char 0)
Raw response (10400 chars):
{
"id": "WHO_c5dd45fe4c4c5692",
"date_iso": "2024-05-16T00:00:00",
"full_text": "Thirty years ago, the International Conference on Population and Development ( ICPD ), held in Cairo, Egypt, underscored the right of all individuals to achieve the highest standard of sexual and reproductive health and rights (SRHR). In 2004, WHO published a reproductive health strategy – ratified by 191 Member States at the Fifty-seventh World Health Assembly – that reinforced the centrality of SRHR to societies and economies (Resolution WHA57.12). These frameworks are grounded in gender equality and recognize the unchanging importance of sexual health in achieving health for all.\nWHO researchers worked with Member States, civil society and communities across all regions to operationalize a Global Strategy to cover the five key pillars for improving SRHR:\nimproving antenatal, perinatal, postpartum and newborn care\nproviding family planning services\neliminating unsafe abortion\ncombatting sexually transmitted infections (STIs)\npromoting sexual health.\nResolution WHA57.12 further informed SRHR policies and guiding documents in several regions and Member States. For example, Latin America’s 2013 Montevideo Consensus and Africa's Maputo Plan of Action from 2016 (building upon the original 2006 plan) both include language and ideas reinforcing and upholding SRHR.\n“The global strategy is the foundational policy document that centres WHO’s mandate for sexual and reproductive health to date,” said Dr Pascale Allotey, Director of the UN Special Programme on Human Reproduction (HRP) and WHO’s Department of Sexual and Reproductive Health. “The text remains important in contributing to guiding research priorities and working with countries to develop useful resources to ensure comprehensive SRHR across the life course.”\nSignificant progress has been made over the last 20 years within each of the five pillars, including these examples.\nThe Global strategy came about as the world was reeli
... [truncated, total 10400 chars]
================================================================================

================================================================================
Article ID: WHO_09b701a5cb1c310d | Attempt: 1
Error: Cannot extract valid JSON from response: line 1 column 1 (char 0)
Raw response (12396 chars):
{
"id": "WHO_09b701a5cb1c310d",
"date_iso": "2024-05-15T00:00:00",
"full_text": "Kate O'Brien, Director of the Department of Immunization, Vaccines and Biologicals at WHO\nLast week, the global health community turned its focus to Geneva for the 77th World Health Assembly (WHA77), as global health leaders and advocates gathered under the inspiring theme \"All for Health, Health for All.\" Member States actively engaged in critical decisions to enhance preparedness for present and future health challenges, including pandemics, climate change, and growing antibiotic resistance, while also championing universal health coverage.\nIn response to the Immunization Agenda 2030 (IA2030) Global Progress Report presented to WHA77, over 50 Member States spoke in strong support of the issues raised in the report and confirmed their unwavering support for Regional Action Plans and National Immunization Strategies, underscoring committed efforts to restore and further strengthen immunization programmes. Key initiatives highlighted included the ‘ Big Catch-up ,’ aimed at recovering ground lost due to the COVID-19 pandemic, and the introduction of new vaccines such as those for malaria and HPV. Please read the summary of Members States’ interventions here .\nThe Assembly reached another milestone with Member States endorsing WHO's Fourteenth General Programme of Work (GPW 14), a four-year strategy aimed at building resilient, fit-for-future health systems and poised to avert 40 million deaths over the next four years. The plan’s six strategic priorities underscore the imperative to address inequities, strengthen health systems, promote preventive approaches, and confront the health impacts of climate change.\nIn addition to strongly aligning with the principles of universal health coverage, Member States emphasized that GPW14’s focus on social determinants of health will require enhanced multisectoral cooperation to achieve its objectives. This recognition highlights the added value
... [truncated, total 12396 chars]
================================================================================

================================================================================
Article ID: WHO_09b701a5cb1c310d | Attempt: 2
Error: Schema: Missing claims category: NOT_ENOUGH_INFO
Raw response (12157 chars):
{
"id": "WHO_09b701a5cb1c310d",
"date_iso": "2024-05-15T00:00:00",
"full_text": "Kate O'Brien, Director of the Department of Immunization, Vaccines and Biologicals at WHO\nLast week, the global health community turned its focus to Geneva for the 77th World Health Assembly (WHA77), as global health leaders and advocates gathered under the inspiring theme \"All for Health, Health for All.\" Member States actively engaged in critical decisions to enhance preparedness for present and future health challenges, including pandemics, climate change, and growing antibiotic resistance, while also championing universal health coverage.\nIn response to the Immunization Agenda 2030 (IA2030) Global Progress Report presented to WHA77, over 50 Member States spoke in strong support of the issues raised in the report and confirmed their unwavering support for Regional Action Plans and National Immunization Strategies, underscoring committed efforts to restore and further strengthen immunization programmes. Key initiatives highlighted included the ‘ Big Catch-up ,’ aimed at recovering ground lost due to the COVID-19 pandemic, and the introduction of new vaccines such as those for malaria and HPV. Please read the summary of Members States’ interventions here .\nThe Assembly reached another milestone with Member States endorsing WHO's Fourteenth General Programme of Work (GPW 14), a four-year strategy aimed at building resilient, fit-for-future health systems and poised to avert 40 million deaths over the next four years. The plan’s six strategic priorities underscore the imperative to address inequities, strengthen health systems, promote preventive approaches, and confront the health impacts of climate change.\nIn addition to strongly aligning with the principles of universal health coverage, Member States emphasized that GPW14’s focus on social determinants of health will require enhanced multisectoral cooperation to achieve its objectives. This recognition highlights the added value
... [truncated, total 12157 chars]
================================================================================

================================================================================
Article ID: WHO_d0d1526c463557c3 | Attempt: 1
Error: Cannot extract valid JSON from response: line 1 column 1 (char 0)
Raw response (8193 chars):
{
"id": "WHO_d0d1526c463557c3",
"date_iso": "2024-05-10T00:00:00",
"full_text": "Governments of the world today agreed to continue working on a proposed pandemic agreement, and to further refine the draft, ahead of the Seventy-seventh World Health Assembly that starts 27 May 2024.\nGovernments meeting at the World Health Organization headquarters in Geneva agreed to resume hybrid and in-person discussions over coming weeks to advance work on critical issues, including around a proposed new global system for pathogen access and benefits sharing (i.e. life-saving vaccines, treatments and diagnostics); pandemic prevention and One Health; and the financial coordination needed to scale up countries’ capacities to prepare for and respond to pandemics.\n\"During more than two years of intensive negotiations, WHO’s Member States have shown unwavering commitment to forging a generational agreement to protect the world from a repeat of the horrors caused by the COVID-19 pandemic,” said Dr Tedros Adhanom Ghebreyesus, WHO Director-General. “I welcome the determination that all countries have shown to continue their work and fulfill the mission on which they embarked.”\nThe Member State-led Intergovernmental Negotiating Body (INB) was established over two years ago to take this effort forward. The Bureau of the INB, which is guiding the process, will submit its outcome for consideration at the World Health Assembly.\nINB Bureau Co-Chair Dr Precious Matsoso, from South Africa, said progress had been made during this latest round of discussions on a wide range of issues contained in the draft agreement.\n“We are witnessing history play out before our eyes during this process, with the coming together of all countries to decide a binding pact to protect all citizens of the world,” said Ms Matsoso. “This is not a simple exercise. This is the first ever process to develop a proposed agreement on pandemic prevention, preparedness and response. Getting this done means getting it right,
... [truncated, total 8193 chars]
================================================================================

================================================================================
Article ID: WHO_06d8514a788763eb | Attempt: 1
Error: Cannot extract valid JSON from response: line 1 column 1 (char 0)
Raw response (7498 chars):
{
"id": "WHO_06d8514a788763eb",
"date_iso": "2024-05-08T00:00:00",
"full_text": "WHO, OECD and the World Bank call for the development of more holistic tools and collaborations in anticipation of future pandemics and epidemics\nThe far-reaching impacts of the COVID-19 pandemic underscore the critical need for evidence-informed, transparent and inclusive decision-making. Policy-makers have grappled with complex choices amidst uncertainty. They have constantly reassessed response measures while navigating their economic implications and unintended consequences on societal well-being. Effective communication of the basis for these decisions has also posed a challenge, requiring transparency and public trust.\nWith the increasing threat of emerging pandemic-prone pathogens, new guidance released jointly by the World Health Organization (WHO), Organisation for Economic Co-operation and Development (OECD) and the World Bank elucidates the role of mathematical modelling – specifically integrated modelling – in addressing these challenges. By combining epidemiological, macroeconomic and behavioural factors in a shared analytical framework, integrated models help to capture the diverse factors influencing policy impacts. These include transmission dynamics and human susceptibility to severe disease, but also socioeconomic vulnerabilities and behavioural drivers.\n“We need tools that allow us to understand and consider the interactions between health and the economy,” said Dr Bruce Aylward, Assistant Director-General of the Universal Health Coverage, Life Course Division at WHO. “We cannot continue modelling the health response on the one side and the social and economic response on the other. These have got to come together because of the huge implications of policy decisions in one sphere for their impacts on the other. We must bridge the gap between health and economic dimensions, integration is essential.”\nProducing and using integrated models to inform policy-making und
... [truncated, total 7498 chars]
================================================================================

================================================================================
Article ID: WHO_aed2002dbcfa31bf | Attempt: 1
Error: Cannot extract valid JSON from response: line 1 column 1 (char 0)
Raw response (10952 chars):
{
"id": "WHO_aed2002dbcfa31bf",
"date_iso": "2024-05-07T00:00:00",
"full_text": "The World Health Organization (WHO) Results Report 2023 , the most comprehensive to date, showcases achievement of key public health milestones, even amid greater global humanitarian health needs driven by conflict, climate change and disease outbreaks.\nThe report is released ahead of the 2024 Seventy-seventh World Health Assembly, which runs 27 May – 1 June 2024. WHO’s revised Programme Budget for 2022–2023 was US$ 6726.1 million, incorporating lessons learned from the pandemic response and addressing emerging health priorities.\nWith 96% of WHO country offices providing 174 country reports on achievements, the report shows progress towards 46 targets and highlights challenges.\nTriple billion targets\n“The world is off track to reach most of the triple billion targets and the health-related Sustainable Development Goals,” said Dr Tedros Adhanom Ghebreyesus, WHO Director-General. “However, with concrete and concerted action to accelerate progress, we could still achieve a substantial subset of them. Our goal is to invest even more resources where they matter most—at the country level—while ensuring sustainable and flexible financing to support our mission.”\nThe report shows advancement in several key areas, including healthier populations, universal health coverage (UHC), and health emergencies protection.\nRelated to healthier populations, the current trajectory indicates the target of 1 billion more people enjoying better health and well-being will likely be met by 2025, driven primarily by improvements in air quality and access to water, sanitation and hygiene measures.\nIn terms of UHC, 30% of countries are moving ahead in coverage of essential health services and providing financial protection. This is largely due to increased HIV service coverage.\nRegarding emergencies protection, though the coverage of vaccinations for high-priority pathogens shows improvement relative to the
... [truncated, total 10952 chars]
================================================================================

================================================================================
Article ID: WHO_aed2002dbcfa31bf | Attempt: 2
Error: Cannot extract valid JSON from response: line 1 column 1 (char 0)
Raw response (11106 chars):
{
"id": "WHO_aed2002dbcfa31bf",
"date_iso": "2024-05-07T00:00:00",
"full_text": "The World Health Organization (WHO) Results Report 2023 , the most comprehensive to date, showcases achievement of key public health milestones, even amid greater global humanitarian health needs driven by conflict, climate change and disease outbreaks.\nThe report is released ahead of the 2024 Seventy-seventh World Health Assembly, which runs 27 May – 1 June 2024. WHO’s revised Programme Budget for 2022–2023 was US$ 6726.1 million, incorporating lessons learned from the pandemic response and addressing emerging health priorities.\nWith 96% of WHO country offices providing 174 country reports on achievements, the report shows progress towards 46 targets and highlights challenges.\nTriple billion targets\n“The world is off track to reach most of the triple billion targets and the health-related Sustainable Development Goals,” said Dr Tedros Adhanom Ghebreyesus, WHO Director-General. “However, with concrete and concerted action to accelerate progress, we could still achieve a substantial subset of them. Our goal is to invest even more resources where they matter most—at the country level—while ensuring sustainable and flexible financing to support our mission.”\nThe report shows advancement in several key areas, including healthier populations, universal health coverage (UHC), and health emergencies protection.\nRelated to healthier populations, the current trajectory indicates the target of 1 billion more people enjoying better health and well-being will likely be met by 2025, driven primarily by improvements in air quality and access to water, sanitation and hygiene measures.\nIn terms of UHC, 30% of countries are moving ahead in coverage of essential health services and providing financial protection. This is largely due to increased HIV service coverage.\nRegarding emergencies protection, though the coverage of vaccinations for high-priority pathogens shows improvement relative to the
... [truncated, total 11106 chars]
================================================================================

================================================================================
Article ID: WHO_dfdb725b2e7dd02a | Attempt: 1
Error: Cannot extract valid JSON from response: line 1 column 1 (char 0)
Raw response (10539 chars):
{
"id": "WHO_dfdb725b2e7dd02a",
"date_iso": "2024-05-06T00:00:00",
"full_text": "Hand hygiene is an important measure in health care that can help prevent infections, unnecessary treatment, and death. On 5 May each year, WHO and its partners around the world mark World Hand Hygiene Day to acknowledge the significance of hand hygiene in helping ensure that everyone has access to safe, effective, and quality health care.\nIn 2024, World Hand Hygiene Day highlights the importance of health workers sharing their knowledge with their peers and the value of innovative and impactful education and training on infection prevention and control (IPC), including hand hygiene. To facilitate this, WHO made a call for stories that highlight the commitment of IPC practitioners and other health workers around the world to developing and running original, creative and impactful IPC and hand hygiene training.\nMany submissions were received and three stories have been selected through a rigorous review process as the best inspiring examples of ongoing effort to improve patient and health worker safety.\nGamifying training\n‘The Ghost Hygienist’ Online Escape Game, The Strasbourg University Hospital, France.\nT hree years into the COVID-19 pandemic, the IPC Team at The Strasbourg University Hospital noted that health workers were reporting fatigue about IPC recommendations and using less alcohol-based handrub solution.\nIn response, the IPC team developed an online IPC game. The team used a free website to create an online ‘Escape Room’ themed around hand hygiene. Players navigated mysterious rooms, thunder and lightning, and side quests whilst testing their knowledge on hand hygiene. The game provided feedback on answers throughout so staff learnt as they played.\nWith the help of an internal promotional campaign and a lottery prize draw for those who played, the escape game had 1000 visits. Feedback from the hospital staff was very positive, though the nature of the project meant the
... [truncated, total 10539 chars]
================================================================================

================================================================================
Article ID: WHO_ca94deae5d4d4d66 | Attempt: 1
Error: Cannot extract valid JSON from response: line 1 column 1 (char 0)
Raw response (7440 chars):
{
"id": "WHO_ca94deae5d4d4d66",
"date_iso": "2024-04-29T00:00:00",
"full_text": "In Madrid, the recent WHO training covered a wide range of topics on climate change and health, equipping participants with practical tools and insights drawn from diverse country experiences.\nThe topics covered included climate change vulnerability and adaptation (V&As) assessments, accessing climate finance, integrating health into Nationally Determined Contributions (NDCs), Health National Adaptation Plans (HNAPs), building climate-resilient and environmentally sustainable health systems and facilities, as well as measuring greenhouse gas (GHG) emissions.\nThroughout the training sessions, emphasis was placed on peer-to-peer learning, fostering dynamic exchanges, and leveraging the expertise of local and regional experts. The training also drew on a Training of Trainers (ToT) approach to strengthen participants’ abilities to provide peer-to-peer training in the future.\nThe WHO training responded to an urgent need and increasing demand for training on climate change and health. Prior to the training, the top priority areas of work on CCH highlighted by participants were:\nMaking healthcare facilities more climate-resilient and environmentally sustainable.\nCreating action plans for Low Carbon Sustainable Health Systems (LCSHS).\nImproving climate-informed health surveillance and Early Warning Systems (EWS).\nPost training feedback echoed a strong appreciation for the relevance and impact of the WHO CCH training to their work. Participants underscored the need for continued technical capacity development, including in emerging topics such as, Long-Term Low-Emission Development Strategies (LT-LEDS), action planning for low carbon sustainable health systems (LCSHS), CCH communication and advocacy, and assessing greenhouse gas emissions in healthcare facilities.\nOverall, the WHO Training on Climate Change and Health in Madrid served as a vital milestone in advancing global efforts to a
... [truncated, total 7440 chars]
================================================================================

================================================================================
Article ID: WHO_ca94deae5d4d4d66 | Attempt: 2
Error: Cannot extract valid JSON from response: line 1 column 1 (char 0)
Raw response (8016 chars):
{
"id": "WHO_ca94deae5d4d4d66",
"date_iso": "2024-04-29T00:00:00",
"full_text": "In Madrid, the recent WHO training covered a wide range of topics on climate change and health, equipping participants with practical tools and insights drawn from diverse country experiences.\nThe topics covered included climate change vulnerability and adaptation (V&As) assessments, accessing climate finance, integrating health into Nationally Determined Contributions (NDCs), Health National Adaptation Plans (HNAPs), building climate-resilient and environmentally sustainable health systems and facilities, as well as measuring greenhouse gas (GHG) emissions.\nThroughout the training sessions, emphasis was placed on peer-to-peer learning, fostering dynamic exchanges, and leveraging the expertise of local and regional experts. The training also drew on a Training of Trainers (ToT) approach to strengthen participants’ abilities to provide peer-to-peer training in the future.\nThe WHO training responded to an urgent need and increasing demand for training on climate change and health. Prior to the training, the top priority areas of work on CCH highlighted by participants were:\nMaking healthcare facilities more climate-resilient and environmentally sustainable.\nCreating action plans for Low Carbon Sustainable Health Systems (LCSHS).\nImproving climate-informed health surveillance and Early Warning Systems (EWS).\nPost training feedback echoed a strong appreciation for the relevance and impact of the WHO CCH training to their work. Participants underscored the need for continued technical capacity development, including in emerging topics such as, Long-Term Low-Emission Development Strategies (LT-LEDS), action planning for low carbon sustainable health systems (LCSHS), CCH communication and advocacy, and assessing greenhouse gas emissions in healthcare facilities.\nOverall, the WHO Training on Climate Change and Health in Madrid served as a vital milestone in advancing global efforts to a
... [truncated, total 8016 chars]
================================================================================

================================================================================
Article ID: WHO_3cef112c09500276 | Attempt: 1
Error: Cannot extract valid JSON from response: line 1 column 1 (char 0)
Raw response (8138 chars):
{
"id": "WHO_3cef112c09500276",
"date_iso": "2024-04-26T00:00:00",
"full_text": "New evidence from the World Health Organization (WHO) shows the extensive overuse of antibiotics during COVID-19 pandemic worldwide, which may have exacerbated \"silent\" spread of antimicrobial resistance (AMR).\nWhile only 8% of hospitalized patients with COVID-19 had bacterial co-infections requiring antibiotics, three out of four or some 75% of patients have been treated with antibiotics ‘just in case’ they help. Antibiotic use ranged from 33% for patients in the Western Pacific Region, to 83% in the Eastern Mediterranean and the African Regions. Between 2020 and 2022, prescriptions decreased over time in Europe and the Americas, while they increased in Africa.\nHighest rate of antibiotic use was seen among patients with severe or critical COVID-19, with a global average of 81%. In mild or moderate cases, there was a considerable variation across regions, with the highest use in the African Region (79%).\nWHO classifies antibiotics as per AWaRe (Access, Watch, Reserve) classification, according to the risk of AMR. Concerningly, the study found that ‘Watch’ antibiotics with higher resistance potential were most frequently prescribed globally.\n“When a patient requires antibiotics, the benefits often outweigh the risks associated with side effects or antibiotic resistance. However, when they are unnecessary, they offer no benefit while posing risks, and their use contributes to the emergence and spread of antimicrobial resistance,” said Dr Silvia Bertagnolio, WHO Unit Head for Surveillance, Evidence and Laboratory Strengthening, Division for AMR.\n“These data call for improvements in the rational use of antibiotics to minimize unnecessary negative consequences for patients and populations.”\nOverall, antibiotic use did not improve clinical outcomes for patients with COVID-19. But rather, it might create harm for people without bacterial infection, compared to those not receiving antib
... [truncated, total 8138 chars]
================================================================================

================================================================================
Article ID: WHO_167d2de5b885981e | Attempt: 1
Error: Cannot extract valid JSON from response: line 1 column 1 (char 0)
Raw response (19424 chars):
{
"id": "WHO_167d2de5b885981e",
"date_iso": "2024-04-26T00:00:00",
"full_text": "Key points\nSARS-CoV-2 continues to circulate and evolve with important genetic and antigenic evolution of the spike protein.\nThe objective of an update to COVID-19 vaccine antigen composition is to enhance vaccine-induced immune responses to circulating SARS-CoV-2 variants.\nAs the virus is expected to continue to evolve from JN.1, the TAG-CO-VAC advises the use of a monovalent JN.1 lineage as the antigen in future formulations of COVID-19 vaccines.\nIn accordance with WHO SAGE policy, vaccination programmes should continue to use any of the WHO emergency-use listed or prequalified COVID-19 vaccines and vaccination should not be delayed in anticipation of access to vaccines with an updated composition.\nThe WHO Technical Advisory Group on COVID-19 Vaccine Composition (TAG-CO-VAC) meets regularly to assess the impact of SARS-CoV-2 evolution on the performance of approved COVID-19 vaccines. This includes meeting in person approximately every six months to determine the implications of SARS-CoV-2 evolution on COVID-19 vaccine antigen composition and to advise WHO on whether changes are needed to the antigen composition of future COVID-19 vaccines. The twice-yearly evidence review by the TAG-CO-VAC is based on the need for continued monitoring of the evolution of SARS-CoV-2 and the kinetics and protection of vaccine-derived immunity.\nIn May 2023, the TAG-CO-VAC recommended the use of a monovalent XBB.1 descendent lineage, such as XBB.1.5 , as the vaccine antigen. In December 2023, the TAG-CO-VAC advised retaining the use of a monovalent XBB.1 descendent lineage, such as XBB.1.5 , as the vaccine antigen. Several manufacturers (using mRNA, protein-based and viral vector vaccine platforms) have developed COVID-19 vaccines with a monovalent XBB.1.5 formulation which have been approved for use by regulatory authorities and introduced into COVID-19 vaccination programmes in some countries. Pre
... [truncated, total 19424 chars]
================================================================================

================================================================================
Article ID: WHO_167d2de5b885981e | Attempt: 2
Error: Cannot extract valid JSON from response: line 1 column 1 (char 0)
Raw response (19644 chars):
{
"id": "WHO_167d2de5b885981e",
"date_iso": "2024-04-26T00:00:00",
"full_text": "Key points\nSARS-CoV-2 continues to circulate and evolve with important genetic and antigenic evolution of the spike protein.\nThe objective of an update to COVID-19 vaccine antigen composition is to enhance vaccine-induced immune responses to circulating SARS-CoV-2 variants.\nAs the virus is expected to continue to evolve from JN.1, the TAG-CO-VAC advises the use of a monovalent JN.1 lineage as the antigen in future formulations of COVID-19 vaccines.\nIn accordance with WHO SAGE policy, vaccination programmes should continue to use any of the WHO emergency-use listed or prequalified COVID-19 vaccines and vaccination should not be delayed in anticipation of access to vaccines with an updated composition.\nThe WHO Technical Advisory Group on COVID-19 Vaccine Composition (TAG-CO-VAC) meets regularly to assess the impact of SARS-CoV-2 evolution on the performance of approved COVID-19 vaccines. This includes meeting in person approximately every six months to determine the implications of SARS-CoV-2 evolution on COVID-19 vaccine antigen composition and to advise WHO on whether changes are needed to the antigen composition of future COVID-19 vaccines. The twice-yearly evidence review by the TAG-CO-VAC is based on the need for continued monitoring of the evolution of SARS-CoV-2 and the kinetics and protection of vaccine-derived immunity.\nIn May 2023, the TAG-CO-VAC recommended the use of a monovalent XBB.1 descendent lineage, such as XBB.1.5 , as the vaccine antigen. In December 2023, the TAG-CO-VAC advised retaining the use of a monovalent XBB.1 descendent lineage, such as XBB.1.5 , as the vaccine antigen. Several manufacturers (using mRNA, protein-based and viral vector vaccine platforms) have developed COVID-19 vaccines with a monovalent XBB.1.5 formulation which have been approved for use by regulatory authorities and introduced into COVID-19 vaccination programmes in some countries. Pre
... [truncated, total 19644 chars]
================================================================================

================================================================================
Article ID: WHO_167d2de5b885981e | Attempt: 3
Error: Cannot extract valid JSON from response: line 1 column 1 (char 0)
Raw response (19500 chars):
{
"id": "WHO_167d2de5b885981e",
"date_iso": "2024-04-26T00:00:00",
"full_text": "Key points\nSARS-CoV-2 continues to circulate and evolve with important genetic and antigenic evolution of the spike protein.\nThe objective of an update to COVID-19 vaccine antigen composition is to enhance vaccine-induced immune responses to circulating SARS-CoV-2 variants.\nAs the virus is expected to continue to evolve from JN.1, the TAG-CO-VAC advises the use of a monovalent JN.1 lineage as the antigen in future formulations of COVID-19 vaccines.\nIn accordance with WHO SAGE policy, vaccination programmes should continue to use any of the WHO emergency-use listed or prequalified COVID-19 vaccines and vaccination should not be delayed in anticipation of access to vaccines with an updated composition.\nThe WHO Technical Advisory Group on COVID-19 Vaccine Composition (TAG-CO-VAC) meets regularly to assess the impact of SARS-CoV-2 evolution on the performance of approved COVID-19 vaccines. This includes meeting in person approximately every six months to determine the implications of SARS-CoV-2 evolution on COVID-19 vaccine antigen composition and to advise WHO on whether changes are needed to the antigen composition of future COVID-19 vaccines. The twice-yearly evidence review by the TAG-CO-VAC is based on the need for continued monitoring of the evolution of SARS-CoV-2 and the kinetics and protection of vaccine-derived immunity.\nIn May 2023, the TAG-CO-VAC recommended the use of a monovalent XBB.1 descendent lineage, such as XBB.1.5 , as the vaccine antigen. In December 2023, the TAG-CO-VAC advised retaining the use of a monovalent XBB.1 descendent lineage, such as XBB.1.5 , as the vaccine antigen. Several manufacturers (using mRNA, protein-based and viral vector vaccine platforms) have developed COVID-19 vaccines with a monovalent XBB.1.5 formulation which have been approved for use by regulatory authorities and introduced into COVID-19 vaccination programmes in some countries. Pre
... [truncated, total 19500 chars]
================================================================================

================================================================================
Article ID: WHO_167d2de5b885981e | Attempt: 4
Error: Cannot extract valid JSON from response: line 1 column 1 (char 0)
Raw response (19415 chars):
{
"id": "WHO_167d2de5b885981e",
"date_iso": "2024-04-26T00:00:00",
"full_text": "Key points\nSARS-CoV-2 continues to circulate and evolve with important genetic and antigenic evolution of the spike protein.\nThe objective of an update to COVID-19 vaccine antigen composition is to enhance vaccine-induced immune responses to circulating SARS-CoV-2 variants.\nAs the virus is expected to continue to evolve from JN.1, the TAG-CO-VAC advises the use of a monovalent JN.1 lineage as the antigen in future formulations of COVID-19 vaccines.\nIn accordance with WHO SAGE policy, vaccination programmes should continue to use any of the WHO emergency-use listed or prequalified COVID-19 vaccines and vaccination should not be delayed in anticipation of access to vaccines with an updated composition.\nThe WHO Technical Advisory Group on COVID-19 Vaccine Composition (TAG-CO-VAC) meets regularly to assess the impact of SARS-CoV-2 evolution on the performance of approved COVID-19 vaccines. This includes meeting in person approximately every six months to determine the implications of SARS-CoV-2 evolution on COVID-19 vaccine antigen composition and to advise WHO on whether changes are needed to the antigen composition of future COVID-19 vaccines. The twice-yearly evidence review by the TAG-CO-VAC is based on the need for continued monitoring of the evolution of SARS-CoV-2 and the kinetics and protection of vaccine-derived immunity.\nIn May 2023, the TAG-CO-VAC recommended the use of a monovalent XBB.1 descendent lineage, such as XBB.1.5 , as the vaccine antigen. In December 2023, the TAG-CO-VAC advised retaining the use of a monovalent XBB.1 descendent lineage, such as XBB.1.5 , as the vaccine antigen. Several manufacturers (using mRNA, protein-based and viral vector vaccine platforms) have developed COVID-19 vaccines with a monovalent XBB.1.5 formulation which have been approved for use by regulatory authorities and introduced into COVID-19 vaccination programmes in some countries. Pre
... [truncated, total 19415 chars]
================================================================================

================================================================================
Article ID: WHO_167d2de5b885981e | Attempt: 5
Error: Cannot extract valid JSON from response: line 1 column 1 (char 0)
Raw response (19681 chars):
{
"id": "WHO_167d2de5b885981e",
"date_iso": "2024-04-26T00:00:00",
"full_text": "Key points\nSARS-CoV-2 continues to circulate and evolve with important genetic and antigenic evolution of the spike protein.\nThe objective of an update to COVID-19 vaccine antigen composition is to enhance vaccine-induced immune responses to circulating SARS-CoV-2 variants.\nAs the virus is expected to continue to evolve from JN.1, the TAG-CO-VAC advises the use of a monovalent JN.1 lineage as the antigen in future formulations of COVID-19 vaccines.\nIn accordance with WHO SAGE policy, vaccination programmes should continue to use any of the WHO emergency-use listed or prequalified COVID-19 vaccines and vaccination should not be delayed in anticipation of access to vaccines with an updated composition.\nThe WHO Technical Advisory Group on COVID-19 Vaccine Composition (TAG-CO-VAC) meets regularly to assess the impact of SARS-CoV-2 evolution on the performance of approved COVID-19 vaccines. This includes meeting in person approximately every six months to determine the implications of SARS-CoV-2 evolution on COVID-19 vaccine antigen composition and to advise WHO on whether changes are needed to the antigen composition of future COVID-19 vaccines. The twice-yearly evidence review by the TAG-CO-VAC is based on the need for continued monitoring of the evolution of SARS-CoV-2 and the kinetics and protection of vaccine-derived immunity.\nIn May 2023, the TAG-CO-VAC recommended the use of a monovalent XBB.1 descendent lineage, such as XBB.1.5 , as the vaccine antigen. In December 2023, the TAG-CO-VAC advised retaining the use of a monovalent XBB.1 descendent lineage, such as XBB.1.5 , as the vaccine antigen. Several manufacturers (using mRNA, protein-based and viral vector vaccine platforms) have developed COVID-19 vaccines with a monovalent XBB.1.5 formulation which have been approved for use by regulatory authorities and introduced into COVID-19 vaccination programmes in some countries. Pre
... [truncated, total 19681 chars]
================================================================================

================================================================================
Article ID: WHO_104595fd055b0ad8 | Attempt: 1
Error: Cannot extract valid JSON from response: line 1 column 1 (char 0)
Raw response (13410 chars):
{
"id": "WHO_104595fd055b0ad8",
"date_iso": "2024-05-06T00:00:00",
"full_text": "WHO recognizes the impact achieved in 2023 thanks to the support of donors through the United Nations Central Emergency Response Fund (CERF). Since its inception in 2006, CERF has been one of WHO’s top longstanding partners in responding to health emergencies. It is the sixth largest donor to WHO’s Outbreak Crisis and Response budget, with US$ 74 million received in 2023. As such, CERF’s role is essential in our pledge that one billion more people are better protected from health emergencies. It not only enabled our timely response to health emergencies caused by earthquakes, cyclones, drought and floods, cholera outbreaks, severe malnutrition, conflicts, and displacement in no less than 30 countries, it also helped crisis and outbreak prevention by increasing countries’ health emergency readiness.\nFrom giving a chance to severely malnourished children and helping curb spread of diseases, to delivering health services to populations affected by natural disasters, we share some of WHO’s success stories from Yemen, Somalia, Ethiopia, Madagascar, Colombia, and Sudan that were possible thanks to CERF support.\nYemen: Giving severely malnourished children a fighting chance\nA mid-upper arm circumference (MUAC) tape is used to measure cases of malnutrition at the therapeutic feeding centre in Jumhuri Hospital in Hajjah, Yemen. Credit: WHO/Comra\nSince the start of armed conflict in Yemen, an estimated 10 200 children have been killed or injured as a direct result of hostilities. The majority of Yemeni children below age 5 are highly likely to suffer the consequences of armed conflict and lack of basic services from their first years of life. With the number of health workers already well below the global WHO standard – 12 health workers per 10 000 people compared with the standard’s 20 per 10 000 – and 37% of functioning hospitals in the country lacking specialist doctors, Yemen’s prolonged 
... [truncated, total 13410 chars]
================================================================================

================================================================================
Article ID: WHO_104595fd055b0ad8 | Attempt: 2
Error: Schema: Missing claims category: NOT_ENOUGH_INFO
Raw response (13407 chars):
{
"id": "WHO_104595fd055b0ad8",
"date_iso": "2024-05-06T00:00:00",
"full_text": "WHO recognizes the impact achieved in 2023 thanks to the support of donors through the United Nations Central Emergency Response Fund (CERF). Since its inception in 2006, CERF has been one of WHO’s top longstanding partners in responding to health emergencies. It is the sixth largest donor to WHO’s Outbreak Crisis and Response budget, with US$ 74 million received in 2023. As such, CERF’s role is essential in our pledge that one billion more people are better protected from health emergencies. It not only enabled our timely response to health emergencies caused by earthquakes, cyclones, drought and floods, cholera outbreaks, severe malnutrition, conflicts, and displacement in no less than 30 countries, it also helped crisis and outbreak prevention by increasing countries’ health emergency readiness.\nFrom giving a chance to severely malnourished children and helping curb spread of diseases, to delivering health services to populations affected by natural disasters, we share some of WHO’s success stories from Yemen, Somalia, Ethiopia, Madagascar, Colombia, and Sudan that were possible thanks to CERF support.\nYemen: Giving severely malnourished children a fighting chance\nA mid-upper arm circumference (MUAC) tape is used to measure cases of malnutrition at the therapeutic feeding centre in Jumhuri Hospital in Hajjah, Yemen. Credit: WHO/Comra\nSince the start of armed conflict in Yemen, an estimated 10 200 children have been killed or injured as a direct result of hostilities. The majority of Yemeni children below age 5 are highly likely to suffer the consequences of armed conflict and lack of basic services from their first years of life. With the number of health workers already well below the global WHO standard – 12 health workers per 10 000 people compared with the standard’s 20 per 10 000 – and 37% of functioning hospitals in the country lacking specialist doctors, Yemen’s prolonged 
... [truncated, total 13407 chars]
================================================================================

================================================================================
Article ID: WHO_104595fd055b0ad8 | Attempt: 3
Error: Cannot extract valid JSON from response: line 1 column 1 (char 0)
Raw response (13193 chars):
{
"id": "WHO_104595fd055b0ad8",
"date_iso": "2024-05-06T00:00:00",
"full_text": "WHO recognizes the impact achieved in 2023 thanks to the support of donors through the United Nations Central Emergency Response Fund (CERF). Since its inception in 2006, CERF has been one of WHO’s top longstanding partners in responding to health emergencies. It is the sixth largest donor to WHO’s Outbreak Crisis and Response budget, with US$ 74 million received in 2023. As such, CERF’s role is essential in our pledge that one billion more people are better protected from health emergencies. It not only enabled our timely response to health emergencies caused by earthquakes, cyclones, drought and floods, cholera outbreaks, severe malnutrition, conflicts, and displacement in no less than 30 countries, it also helped crisis and outbreak prevention by increasing countries’ health emergency readiness.\nFrom giving a chance to severely malnourished children and helping curb spread of diseases, to delivering health services to populations affected by natural disasters, we share some of WHO’s success stories from Yemen, Somalia, Ethiopia, Madagascar, Colombia, and Sudan that were possible thanks to CERF support.\nYemen: Giving severely malnourished children a fighting chance\nA mid-upper arm circumference (MUAC) tape is used to measure cases of malnutrition at the therapeutic feeding centre in Jumhuri Hospital in Hajjah, Yemen. Credit: WHO/Comra\nSince the start of armed conflict in Yemen, an estimated 10 200 children have been killed or injured as a direct result of hostilities. The majority of Yemeni children below age 5 are highly likely to suffer the consequences of armed conflict and lack of basic services from their first years of life. With the number of health workers already well below the global WHO standard – 12 health workers per 10 000 people compared with the standard’s 20 per 10 000 – and 37% of functioning hospitals in the country lacking specialist doctors, Yemen’s prolonged 
... [truncated, total 13193 chars]
================================================================================

================================================================================
Article ID: WHO_104595fd055b0ad8 | Attempt: 4
Error: Schema: Missing claims category: NOT_ENOUGH_INFO
Raw response (13594 chars):
{
"id": "WHO_104595fd055b0ad8",
"date_iso": "2024-05-06T00:00:00",
"full_text": "WHO recognizes the impact achieved in 2023 thanks to the support of donors through the United Nations Central Emergency Response Fund (CERF). Since its inception in 2006, CERF has been one of WHO’s top longstanding partners in responding to health emergencies. It is the sixth largest donor to WHO’s Outbreak Crisis and Response budget, with US$ 74 million received in 2023. As such, CERF’s role is essential in our pledge that one billion more people are better protected from health emergencies. It not only enabled our timely response to health emergencies caused by earthquakes, cyclones, drought and floods, cholera outbreaks, severe malnutrition, conflicts, and displacement in no less than 30 countries, it also helped crisis and outbreak prevention by increasing countries’ health emergency readiness.\nFrom giving a chance to severely malnourished children and helping curb spread of diseases, to delivering health services to populations affected by natural disasters, we share some of WHO’s success stories from Yemen, Somalia, Ethiopia, Madagascar, Colombia, and Sudan that were possible thanks to CERF support.\nYemen: Giving severely malnourished children a fighting chance\nA mid-upper arm circumference (MUAC) tape is used to measure cases of malnutrition at the therapeutic feeding centre in Jumhuri Hospital in Hajjah, Yemen. Credit: WHO/Comra\nSince the start of armed conflict in Yemen, an estimated 10 200 children have been killed or injured as a direct result of hostilities. The majority of Yemeni children below age 5 are highly likely to suffer the consequences of armed conflict and lack of basic services from their first years of life. With the number of health workers already well below the global WHO standard – 12 health workers per 10 000 people compared with the standard’s 20 per 10 000 – and 37% of functioning hospitals in the country lacking specialist doctors, Yemen’s prolonged 
... [truncated, total 13594 chars]
================================================================================

================================================================================
Article ID: WHO_104595fd055b0ad8 | Attempt: 5
Error: Cannot extract valid JSON from response: line 1 column 1 (char 0)
Raw response (13826 chars):
{
"id": "WHO_104595fd055b0ad8",
"date_iso": "2024-05-06T00:00:00",
"full_text": "WHO recognizes the impact achieved in 2023 thanks to the support of donors through the United Nations Central Emergency Response Fund (CERF). Since its inception in 2006, CERF has been one of WHO’s top longstanding partners in responding to health emergencies. It is the sixth largest donor to WHO’s Outbreak Crisis and Response budget, with US$ 74 million received in 2023. As such, CERF’s role is essential in our pledge that one billion more people are better protected from health emergencies. It not only enabled our timely response to health emergencies caused by earthquakes, cyclones, drought and floods, cholera outbreaks, severe malnutrition, conflicts, and displacement in no less than 30 countries, it also helped crisis and outbreak prevention by increasing countries’ health emergency readiness.\nFrom giving a chance to severely malnourished children and helping curb spread of diseases, to delivering health services to populations affected by natural disasters, we share some of WHO’s success stories from Yemen, Somalia, Ethiopia, Madagascar, Colombia, and Sudan that were possible thanks to CERF support.\nYemen: Giving severely malnourished children a fighting chance\nA mid-upper arm circumference (MUAC) tape is used to measure cases of malnutrition at the therapeutic feeding centre in Jumhuri Hospital in Hajjah, Yemen. Credit: WHO/Comra\nSince the start of armed conflict in Yemen, an estimated 10 200 children have been killed or injured as a direct result of hostilities. The majority of Yemeni children below age 5 are highly likely to suffer the consequences of armed conflict and lack of basic services from their first years of life. With the number of health workers already well below the global WHO standard – 12 health workers per 10 000 people compared with the standard’s 20 per 10 000 – and 37% of functioning hospitals in the country lacking specialist doctors, Yemen’s prolonged 
... [truncated, total 13826 chars]
================================================================================

================================================================================
Article ID: WHO_abc0133f81846d63 | Attempt: 1
Error: Schema: Missing claims category: NOT_ENOUGH_INFO
Raw response (7150 chars):
{
"id": "WHO_abc0133f81846d63",
"date_iso": "2024-04-23T00:00:00",
"full_text": "WHO-trained journalists have won first prize in Viet Nam’s annual national road safety media awards.\nThe interactive set of stories on disability inclusive transport won the multimedia category of the prestigious annual awards that are hosted by Viet Nam’s National Traffic and Safety Committee.\n“For people who live with disabilities, accessible transport means so much more than just easy travel. It represents their desire to be fully integrated into society, to access schools, jobs and healthcare, and to reach their full potential,” says Voice of Viet Nam Journalist [Ms] Tang Hai Ha, who led the award-winning team, and took part in a WHO road safety reporting training in December 2022.\nThe report, titled ‘The path to hope,’ was one of the first of its kind in Viet Nam to be fully accessible to visually impaired readers. It notes that despite progress, much of Viet Nam’s public transport remains largely inaccessible for disabled users, who account for seven per cent of the country’s 98 million people.\n\"On rainy days, potholes are flooded so I can’t see them,” says [Ms] Ho Thi Thu Mai, a student and national gold medal-winning athlete from Ho Chi Minh City. “If my [motorized tricycle] hits a pothole, it could flip over into the road and I could be crushed by other vehicles.”\nThe report notes that, ‘Around 10 per cent of Viet Nam’s 10,000 buses have accessible low floors for wheelchair users [At some bus stops] ramps are in place for wheelchair users, however, to stop motorbikes from using them, barriers have been installed that make the ramps inaccessible again. Similarly, many bus stops lack tactile paving and information in Braille for visually impaired people.’\n“People with disabilities hope that everyone involved in traffic planning will listen carefully to us,” says [Mr] Vo Quy, a former journalist who is visually impaired. “Laws must be fully implemented to avoid barriers. I 
... [truncated, total 7150 chars]
================================================================================

================================================================================
Article ID: WHO_5544e137dcfff505 | Attempt: 1
Error: Cannot extract valid JSON from response: line 1 column 1 (char 0)
Raw response (7257 chars):
{
"id": "WHO_5544e137dcfff505",
"date_iso": "2024-04-24T00:00:00",
"full_text": "WHO is conducting a series of technical webinars on various climate change and health topics with the aim of building capacity for implementation at country level. These webinars will integrate training, experience sharing, interactive activities and group discussion.\nThe first series of webinars will explore specific topics related to:\nConducting a climate change and health vulnerability and adaptation assessment\nDeveloping a Health National Adaptation Plan\nAccessing climate finance for health\nClimate resilient and environmentally sustainable health care facilities\nPlease register below to attend the webinars.\nRecordings\nThe webinars will be recorded and the recordings will be made available on this webpage .\nInterpretation\nEach webinar will be conducted twice to accommodate different time zones and interpretation will be available as follows (Geneva time/CEST):\nAM sessions: French and Arabic\nPM sessions: French and Spanish\nYou can register to either the AM session that takes place from 9:30 to 11:00, or the PM session that takes place from 15:00 to 16:30, from each of the individual event page.\nDate & time (CEST)\nTopic*\n24 th April 2024\nGetting started: climate change and health vulnerability & adaptation assessments\n30 th April 2024\nWHO as an Accredited Implementing Entity of the Adaptation Fund; Accessing AF funding for Climate Change and Health\n15 th May 2024\nWHO Operational Framework for Building Climate Resilient and Low Carbon Health Systems\n12 th June 2024\nDeveloping a Health National Adaptation Plan: Introduction\n19 th June 2024\nGIS and risk mapping in climate change and health vulnerability & adaptation assessments\n10 th July 2024\nClimate resilient and environmentally sustainable health care facilities\n17 th July 2024\nQuantitative approaches for Vulnerability & Adaptation assessments: sensitivity analyses and projecting future health risks of clim
... [truncated, total 7257 chars]
================================================================================

================================================================================
Article ID: WHO_9b15696a2848706e | Attempt: 1
Error: Cannot extract valid JSON from response: line 1 column 1 (char 0)
Raw response (12016 chars):
{
"id": "WHO_9b15696a2848706e",
"date_iso": "2024-04-12T00:00:00",
"full_text": "Health workers roll out immunization campaign aiming to reach one million people\nIn a historic move, Nigeria has become the first country in the world to roll out a new vaccine (called Men5CV) recommended by the World Health Organization (WHO), which protects people against five strains of the meningococcus bacteria. The vaccine and emergency vaccination activities are funded by Gavi, the Vaccine Alliance, which funds the global meningitis vaccine stockpile, and supports lower-income countries with routine vaccination against meningitis.\nNigeria is one of the 26 meningitis hyper-endemic countries of Africa, situated in the area known as the African Meningitis Belt. Last year, there was a 50% jump in annual meningitis cases reported across Africa.\nIn Nigeria, an outbreak of Neisseria meningitidis (meningococcus) serogroup C outbreak led to 1742 suspected meningitis cases, including 101 confirmed cases and 153 deaths in seven of 36 Nigerian states (Adamawa, Bauchi, Gombe, Jigawa, Katsina, Yobe, Zamfara) between 1 October 2023 and 11 March 2024. To quell the deadly outbreak, a vaccination campaign has been undertaken on 25--28 March 2024 to initially reach more than one million people aged 1-29 years.\nMeningitis is a serious infection that leads to the inflammation of the membranes (meninges) that surround and protect the brain and spinal cord. There are multiple causes of meningitis, including viral, bacterial, fungal and parasitic pathogens. Symptoms often include headache, fever and stiff neck. Bacterial meningitis is the most serious, can also result in septicaemia (blood poisoning), and can seriously disable or kill within 24 hours those that contract it.\n“Meningitis is an old and deadly foe, but this new vaccine holds the potential to change the trajectory of the disease, preventing future outbreaks and saving many lives,” said Dr Tedros Adhanom Ghebreyesus, WHO Director-General
... [truncated, total 12016 chars]
================================================================================

================================================================================
Article ID: WHO_9b15696a2848706e | Attempt: 2
Error: Cannot extract valid JSON from response: line 1 column 1 (char 0)
Raw response (12232 chars):
{
"id": "WHO_9b15696a2848706e",
"date_iso": "2024-04-12T00:00:00",
"full_text": "Health workers roll out immunization campaign aiming to reach one million people\nIn a historic move, Nigeria has become the first country in the world to roll out a new vaccine (called Men5CV) recommended by the World Health Organization (WHO), which protects people against five strains of the meningococcus bacteria. The vaccine and emergency vaccination activities are funded by Gavi, the Vaccine Alliance, which funds the global meningitis vaccine stockpile, and supports lower-income countries with routine vaccination against meningitis.\nNigeria is one of the 26 meningitis hyper-endemic countries of Africa, situated in the area known as the African Meningitis Belt. Last year, there was a 50% jump in annual meningitis cases reported across Africa.\nIn Nigeria, an outbreak of Neisseria meningitidis (meningococcus) serogroup C outbreak led to 1742 suspected meningitis cases, including 101 confirmed cases and 153 deaths in seven of 36 Nigerian states (Adamawa, Bauchi, Gombe, Jigawa, Katsina, Yobe, Zamfara) between 1 October 2023 and 11 March 2024. To quell the deadly outbreak, a vaccination campaign has been undertaken on 25--28 March 2024 to initially reach more than one million people aged 1-29 years.\nMeningitis is a serious infection that leads to the inflammation of the membranes (meninges) that surround and protect the brain and spinal cord. There are multiple causes of meningitis, including viral, bacterial, fungal and parasitic pathogens. Symptoms often include headache, fever and stiff neck. Bacterial meningitis is the most serious, can also result in septicaemia (blood poisoning), and can seriously disable or kill within 24 hours those that contract it.\n“Meningitis is an old and deadly foe, but this new vaccine holds the potential to change the trajectory of the disease, preventing future outbreaks and saving many lives,” said Dr Tedros Adhanom Ghebreyesus, WHO Director-General
... [truncated, total 12232 chars]
================================================================================

================================================================================
Article ID: WHO_7a3ef91921adebeb | Attempt: 1
Error: Cannot extract valid JSON from response: line 1 column 1 (char 0)
Raw response (10477 chars):
{
"id": "WHO_7a3ef91921adebeb",
"date_iso": "2024-04-12T00:00:00",
"full_text": "WHO and Netherlands Strategic Dialogue in The Hague, Netherlands 10 April 2024. Credit: Michel Mees Photography\nThe WHO and the Netherlands convened in The Hague on 10 April 2024, to discuss joint priorities and alignment between the Dutch Global Health Strategy and WHO’s key strategic goals, marking a new milestone in their longstanding partnership.\nRooted in the Netherlands' unwavering commitment to global health, human rights, and universal access to comprehensive health services, the collaboration between the WHO and the Netherlands is instrumental in addressing global health challenges and fostering health and well-being, worldwide and in the country.\nAgainst the backdrop of ongoing conflicts, disasters, and the escalating impact of climate change, and the interconnectedness of the Dutch public health landscape in the Netherlands with global health challenges, this year’s Strategic Dialogue emerged as a critical platform for reflecting on this partnership’s long-term vision.\n“In this Strategic Dialogue, throughout all sessions, WHO and the Netherlands showed a commitment to cooperation and to deepening their partnership based on the strong alignment between their respective priorities and objectives”, said Ms Marjolijn Sonnema, Director General for Public Health at the Netherlands’ Ministry of Health, Welfare and Sport.\nA key outcome of the Strategic Dialogue was the recognition of the alignment between the Dutch Global Health Strategy and the WHO's forthcoming 14th General Programme of Work, paving the way for synergies in areas such as health system strengthening, pandemic preparedness, climate change and health, anti-microbial resistance (AMR) and mental health support.\n\"At a time when inequity in health and in access to essential health services and financial protection is increasing, disproportionately impacting the poor and most vulnerable, the Netherlands stands as a 
... [truncated, total 10477 chars]
================================================================================

================================================================================
Article ID: WHO_bb7c75e6dd3d5138 | Attempt: 1
Error: Cannot extract valid JSON from response: line 1 column 1 (char 0)
Raw response (8810 chars):
{
"id": "WHO_bb7c75e6dd3d5138",
"date_iso": "2024-03-30T00:00:00",
"full_text": "The following outbreaks, which occurred last year, illustrate the reality of zoonotic influenza, the fact that all ages can be vulnerable, that those with and without comorbidities can be at risk, and that various exposures can lead to swine influenza infection. It is interesting to note the way scientists are able to analyse the viruses and fit them within a phylogenic tree showing their relationships and evolution. The diversity of zoonotic influenza viruses that caused human infections in 2023 is alarming and infections of some types of zoonotic influenza viruses caused severe disease with a high mortality rate. In 2023 they did not transmit easily from person to person, although we never know when this may change, and therefore must be ever-ready for a pandemic.\nWHO will continue to strengthen surveillance, jointly with its partners, in both animal and human populations, thoroughly investigate every zoonotic infection, build up pandemic preparedness planning, and get better readiness for the next influenza pandemic. Here is a summary of some swine influenza outbreaks notified to WHO last year:\nBrazil\nOn 7 June 2023, WHO was notified of a fatal laboratory-confirmed human case of infection with a swine-origin influenza A(H1N1) variant (v) virus in the inner state of Paraná. The patient was a 42-year-old woman with underlying medical conditions who lived near a swine farm. She developed fever, headache, sore throat, and abdominal pain on 1 May 2023 and was hospitalized on 3 May with a severe acute respiratory infection. On 4 May, the patient was admitted to the Intensive Care Unit (ICU) and she passed away on 5 May. Ongoing investigations reported that the patient did not have any direct contact with pigs, however, two of her close contacts worked at a swine farm. The two contacts did not develop respiratory disease and tested negative for influenza. Sporadic human cases of influenz
... [truncated, total 8810 chars]
================================================================================

================================================================================
Article ID: WHO_10d656fc6f15f534 | Attempt: 1
Error: Cannot extract valid JSON from response: line 1 column 1 (char 0)
Raw response (10237 chars):
{
"id": "WHO_10d656fc6f15f534",
"date_iso": "2024-03-28T00:00:00",
"full_text": "The 67 th session of the Commission on Narcotic Drugs (CND), organized by the United Nations Office on Drugs and Crime (UNODC), took place in Vienna from 14–22 March 2024, including the high-level segment (14–15 March) which aimed to review progress made in the implementation of international drug policy commitments. The high-level declaration on the mid-term review of the implementation of international drug policy commitments was adopted by the CND. In his video remarks during the high-level meeting, Dr Tedros Adhanom Ghebreyesus, WHO Director-General, highlighted the 600 000 deaths which occur each year from the non-medical use of psychoactive drugs, primarily due to viral hepatitis, HIV and overdose. These deaths are a tragedy for the individual, their families and their wider community. But through evidence-based approaches to prevention, harm reduction, and treatment, deaths from the non-medical use of psychoactive drugs can be prevented. Dr Tedros also underscored the indispensable role of controlled substances such as opioid and psychotropic medicines in pain management, palliative care and treatment for mental, neurological and substance use disorders. However, access to these medications and treatment of drug use disorders, particularly in low- and middle-income countries, remains limited. WHO will continue to highlight the barriers faced by individuals who use drugs in accessing necessary care. These barriers are exacerbated by stigma, discrimination and punitive policies which prioritize criminal sanctions over public health needs. During the CND 67 th session, WHO recommendations on the international scheduling of psychoactive substances were endorsed by Member State votes. WHO also organized a side event in which different technical activities undertaken by WHO in addressing the world drug problem were described. WHO also co-sponsored and participated in several other side
... [truncated, total 10237 chars]
================================================================================

================================================================================
Article ID: WHO_9fdce586ef02d566 | Attempt: 1
Error: Cannot extract valid JSON from response: line 1 column 1 (char 0)
Raw response (7254 chars):
{
"id": "WHO_9fdce586ef02d566",
"date_iso": "2024-03-28T00:00:00",
"full_text": "Faith communities and faith-based organizations (FBOs) are integral to the provision of comprehensive health care in many countries, including national responses to pandemics. In some countries, a significant proportion of healthcare is delivered by FBOs. Critical roles played by faith partners during the COVID-19 pandemic included inpatient care, community education and engagement to prevent transmission and build confidence in vaccines and advocacy, as well as calling for equity in access to vaccines and other essential health services.\nFaith organizations, including members of the WHO Faith Network for emergency preparedness and response and other partnerships between civil society and faith organizations , have developed and released statements as the Inter-governmental Negotiating Body (INB) of WHO Member States begins its ninth meeting. At this meeting Member States will continue to negotiate a Pandemic Accord ahead of the World Health Assembly in May 2024.\nThese statements support Member States in their progress on developing the pandemic , highlight the key role faith and faith-based organizations play in pandemic and epidemic preparedness and response and make a strong call for equity, justice, collaboration and compassion in the text and any future responses to health emergencies.\nWHO convenes the Faith Network for emergency preparedness and response with the aim of increasing access to accurate and relevant information. The network strives to foster a community of collaborative sharing on topics related to health emergency preparedness and response, as well as the intersection between faith and public health. WHO Faith Network was formalized in early 2022 with over 50 partners representing a diversity of faiths including service providers, faith leaders, faith-based organizations (FBOs), and academic institutions.\nThis statement was developed and circulated by members* of
... [truncated, total 7254 chars]
================================================================================

================================================================================
Article ID: WHO_f264915cea74b596 | Attempt: 1
Error: Cannot extract valid JSON from response: line 1 column 1 (char 0)
Raw response (10632 chars):
{
"id": "WHO_f264915cea74b596",
"date_iso": "2024-03-21T00:00:00",
"full_text": "21 March 2024 -- Experts from over 40 countries across all 6 WHO regions – researchers, policy-makers, practitioners, community organizations, and WHO staff - came together in New Delhi and Jamnagar, India to prioritize collaborations of the WHO Global Traditional Medicine Centre (GTMC) towards the health and well-being of people and the planet.\nThe meeting built on the first WHO Traditional Medicine Global Summit which concluded with the Gujarat Declaration in August 2023. Implementing GTMC activities for 2024-2025 is guided by ongoing Member State and partner consultations to develop WHO’s Fourteenth General Programme of Work 2025-2028 (GPW 14) and WHO’s Traditional Medicine Global Strategy, 2025-2034.\nOpening the meeting, Dr Saima Wazed, WHO Regional Director for South-East Asia (SEARO) said, “We, at SEAR look forward to contributing to the outcomes of this GTMC meeting, which will provide guidance on implementing the Summit’s Gujarat Declaration with workstreams of traditional medicine in research and evidence; ICD-11 based data for primary health care and universal health coverage, indigenous knowledges and biodiversity: and digital health applications, including the all-important development of an evidence-based traditional medicine global knowledge bank that world leaders have called for.”\nDr Vaidya Rajesh Kotecha, Secretary, Ministry of Ayush, Government of India spoke at the opening session welcoming participants to India. He underlined the host country’s continued commitment to the WHO GTMC as a global good, “Vasudhaiva Kutumbhakam – the world is one family. We look forward collaborating with the Centre and with experts from across the world on advancing research methodologies for traditional medicine, advocating for the integration of traditional medicine into national healthcare systems, and utilizing technology and innovation to preserve traditional knowledge and practic
... [truncated, total 10632 chars]
================================================================================

================================================================================
Article ID: WHO_2dc72dd47c6df9cd | Attempt: 1
Error: Cannot extract valid JSON from response: line 1 column 1 (char 0)
Raw response (10085 chars):
{
"id": "WHO_2dc72dd47c6df9cd",
"date_iso": "2024-03-20T00:00:00",
"full_text": "Call from 100+ pantheon of global leaders for urgent agreement on governments to reach ambitious and equitable international deal to prepare for and prevent future pandemics\nA high-powered intervention by 23 former national Presidents, 22 former Prime Ministers, a former UN General Secretary and 3 Nobel Laureates is being made today to press for an urgent agreement from international negotiators on a Pandemic Accord, under the Constitution of the World Health Organizaion, to bolster the world’s collective preparedness and response to future pandemics.\nFormer UN General Secretary Ban-ki Moon, New Zealand’s former Prime Minister Helen Cark, former UK Prime Ministers Gordon Brown and Tony Blair, former Malawi President Joyce Banda, former Peru President Franciso Sagasti, and 3 former Presidents of the UN General Assembly are amongst 100+ global leaders, from all continents and fields of politics, economics and health management who today issued a joint open letter urging accelerated progress in current negotiations to reach the world’s first ever multi-lateral agreement on pandemic preparedness and prevention.\n“A pandemic accord is critical to safeguard our collective future. Only a strong global pact on pandemics can protect future generations from a repeat of the COVID-19 crisis, which led to millions of deaths and caused widespread social and economic devastation, owing not least to insufficient international collaboration,” the leaders write in their joint letter.\nIn the throes of the COVID-19 disaster which, officially, claimed 7 million lives and wiped $2 trillion from the world economy, inter-governmental negotiations to reach international agreement on future pandemic non-proliferation were begun in December 2021 between 194 of the world’s 196 nations. Nations set themselves the deadline of May 2024 by which they should reach agreement on what would be the world’s first ever Pa
... [truncated, total 10085 chars]
================================================================================

================================================================================
Article ID: WHO_2dc72dd47c6df9cd | Attempt: 2
Error: Cannot extract valid JSON from response: line 1 column 1 (char 0)
Raw response (9281 chars):
{
"id": "WHO_2dc72dd47c6df9cd",
"date_iso": "2024-03-20T00:00:00",
"full_text": "Call from 100+ pantheon of global leaders for urgent agreement on governments to reach ambitious and equitable international deal to prepare for and prevent future pandemics\nA high-powered intervention by 23 former national Presidents, 22 former Prime Ministers, a former UN General Secretary and 3 Nobel Laureates is being made today to press for an urgent agreement from international negotiators on a Pandemic Accord, under the Constitution of the World Health Organizaion, to bolster the world’s collective preparedness and response to future pandemics.\nFormer UN General Secretary Ban-ki Moon, New Zealand’s former Prime Minister Helen Cark, former UK Prime Ministers Gordon Brown and Tony Blair, former Malawi President Joyce Banda, former Peru President Franciso Sagasti, and 3 former Presidents of the UN General Assembly are amongst 100+ global leaders, from all continents and fields of politics, economics and health management who today issued a joint open letter urging accelerated progress in current negotiations to reach the world’s first ever multi-lateral agreement on pandemic preparedness and prevention.\n“A pandemic accord is critical to safeguard our collective future. Only a strong global pact on pandemics can protect future generations from a repeat of the COVID-19 crisis, which led to millions of deaths and caused widespread social and economic devastation, owing not least to insufficient international collaboration,” the leaders write in their joint letter.\nIn the throes of the COVID-19 disaster which, officially, claimed 7 million lives and wiped $2 trillion from the world economy, inter-governmental negotiations to reach international agreement on future pandemic non-proliferation were begun in December 2021 between 194 of the world’s 196 nations. Nations set themselves the deadline of May 2024 by which they should reach agreement on what would be the world’s first ever Pa
... [truncated, total 9281 chars]
================================================================================

================================================================================
Article ID: WHO_24c60d1503e76adb | Attempt: 1
Error: Cannot extract valid JSON from response: line 1 column 1 (char 0)
Raw response (8298 chars):
{
"id": "WHO_24c60d1503e76adb",
"date_iso": "2024-03-20T00:00:00",
"full_text": "The World Health Organization (WHO) has just published recommendations on the use of a new class of diagnostic technologies: targeted next-generation sequencing (NGS) tests for the diagnosis of drug-resistant tuberculosis (TB) in the third edition of the Consolidated guidelines on tuberculosis. Module 3: Diagnosis . Rapid diagnostics for tuberculosis detection. The recommendations provide a novel approach for the rapid detection of drug resistance to new anti-TB drugs using the latest technologies.\n“The diagnostic options for people with drug-resistant TB are increasing thanks to manufacturer engagement and research, generating new evidence. Ensuring that everyone in need can obtain a rapid and accurate diagnosis with the latest state-of-the-art technologies, will advance efforts at preventing and finally ending TB,” said Dr Tereza Kasaeva, Director of WHO’s Global TB Programme.\nThe guidelines are accompanied by a WHO operational handbook , which provides laboratory personnel, clinicians and other clinical staff, as well as ministries of health and technical partners, detailed guidance on implementing the evidence-based recommendations, including recent updates on targeted NGS tests. It describes the WHO-recommended tests for the rapid bacteriological diagnosis of TB disease, including procedures for the tests, model algorithms, and the steps and processes required to implement and scale up new tests to diagnose TB and detect resistance to anti-TB drugs.\nTo accompany the new guidance, WHO has also launched a new TB sequencing portal with more than 56,000 sequences. The portal, developed in partnership with FIND and Unitaid, represents the most advanced sequencing and phenotyping knowledgebase for Mycobacterium tuberculosis. The portal includes a dashboard visualising the data used in the WHO mutation catalogue published in November 2023. A search function assists the user to visualiz
... [truncated, total 8298 chars]
================================================================================

================================================================================
Article ID: WHO_c8efd400cb83affe | Attempt: 1
Error: Cannot extract valid JSON from response: line 1 column 1 (char 0)
Raw response (8831 chars):
{
"id": "WHO_c8efd400cb83affe",
"date_iso": "2024-03-15T00:00:00",
"full_text": "In October 2022, the World Health Organization (WHO) convened an expert panel in Lisbon, Portugal in which the 2005 WHO TEFs for chlorinated dioxin-like compounds were reevaluated.\nBackground\nSince the early 1990’s, WHO has organized expert consultations with the objective to harmonize the TEFs for dioxins and dioxin-like compounds on the international level, thereby giving recommendations to national regulatory authorities. TEF expresses the toxicity of dioxins, dibenzofurans and dioxin-like PCBs relative to the most toxic form of dioxin, 2,3,7,8-TCDD. The latest WHO TEFs for dioxin and dioxin-like compounds were established by WHO through a similar expert consultation in 2005.\nSince the previous 2005 consultation, a large amount of congener-specific data has been published on estimates of relative potency (REPs) and potential TEF selections. These relative potency data from individual studies have been added to an updated REP database, and these data have been used in a Bayesian meta-regression approach to determine whether or not changes in TEFs would be warranted. The methods applied for this TEF re-evaluation directly follow recommendations made by the 2005 WHO expert consultation.\nSelection of experts to the expert consultation\nIn May 2022 WHO launched an open call for experts to serve as members of the ad-hoc October 2022 expert consultation.\nThe criteria for the selection of experts were based on basic and essential qualifications together with proven competence and expertise in various areas such as toxicology, pharmacology, biochemistry, pathology, epidemiology, molecular biology or statistics with special emphasis on expertise in the field of dioxin-like compounds. More than 30 experts from various regions indicated their interest to take part in the expert consultation and of which 20 experts from various regions were invited to take part in the meeting.\nOutcome of th
... [truncated, total 8831 chars]
================================================================================

================================================================================
Article ID: WHO_c8efd400cb83affe | Attempt: 2
Error: Cannot extract valid JSON from response: line 1 column 1 (char 0)
Raw response (8778 chars):
{
"id": "WHO_c8efd400cb83affe",
"date_iso": "2024-03-15T00:00:00",
"full_text": "In October 2022, the World Health Organization (WHO) convened an expert panel in Lisbon, Portugal in which the 2005 WHO TEFs for chlorinated dioxin-like compounds were reevaluated.\nBackground\nSince the early 1990’s, WHO has organized expert consultations with the objective to harmonize the TEFs for dioxins and dioxin-like compounds on the international level, thereby giving recommendations to national regulatory authorities. TEF expresses the toxicity of dioxins, dibenzofurans and dioxin-like PCBs relative to the most toxic form of dioxin, 2,3,7,8-TCDD. The latest WHO TEFs for dioxin and dioxin-like compounds were established by WHO through a similar expert consultation in 2005.\nSince the previous 2005 consultation, a large amount of congener-specific data has been published on estimates of relative potency (REPs) and potential TEF selections. These relative potency data from individual studies have been added to an updated REP database, and these data have been used in a Bayesian meta-regression approach to determine whether or not changes in TEFs would be warranted. The methods applied for this TEF re-evaluation directly follow recommendations made by the 2005 WHO expert consultation.\nSelection of experts to the expert consultation\nIn May 2022 WHO launched an open call for experts to serve as members of the ad-hoc October 2022 expert consultation.\nThe criteria for the selection of experts were based on basic and essential qualifications together with proven competence and expertise in various areas such as toxicology, pharmacology, biochemistry, pathology, epidemiology, molecular biology or statistics with special emphasis on expertise in the field of dioxin-like compounds. More than 30 experts from various regions indicated their interest to take part in the expert consultation and of which 20 experts from various regions were invited to take part in the meeting.\nOutcome of th
... [truncated, total 8778 chars]
================================================================================

================================================================================
Article ID: WHO_0c6f6fa095b1427d | Attempt: 1
Error: Cannot extract valid JSON from response: line 1 column 1 (char 0)
Raw response (11257 chars):
{
"id": "WHO_0c6f6fa095b1427d",
"date_iso": "2024-03-18T00:00:00",
"full_text": "In an effort to address the pressing global challenges from environmental risks, the World Health Organization (WHO) has unveiled a comprehensive directory of resources aimed at guiding urban planners, policymakers and communities towards healthier environments. With around one quarter of human deaths globally attributed to environmental factors, and air pollution associated with 7 million premature deaths annually, prioritizing health in the planning and design of urban spaces has never been more critical. The directory, comprising nearly 200 open-access resources, serves as a vital online repository which offers invaluable insights and tools to promote the creation of healthier environments and enhance the well-being of communities worldwide.\n“This directory represents a thoughtfully compiled collection of resources, bridging the worlds of urban planners and policymakers with the expertise of public health professionals,” said Dr Maria Neira, Director, Department of Environment, Climate Change and Heath, World Health Organization. “All contributors are united by a shared vision: to cultivate healthier environments which foster well-being and promote public health.”\nThe directory includes resources such as:\ntools that quantify the health and/or socioeconomic impact of planning and designing urban areas from a health perspective;\nthe description of successful initiatives; and\ntraining materials and webinars on urban planning and health\nEmbracing a multifaceted environmental approach\nIn the face of mounting evidence, it has become unequivocally clear that the environments in which we live and interact play a pivotal role in shaping our health outcomes.\nGlobally, an alarming 24% of human deaths are attributed to environmental risks, which could be prevented through healthier environments. These risks encompass a broad array of factors including, but not limited to, air pollution, 
... [truncated, total 11257 chars]
================================================================================

================================================================================
Article ID: WHO_be00f3953d9da45e | Attempt: 1
Error: Cannot extract valid JSON from response: line 1 column 1 (char 0)
Raw response (11014 chars):
{
"id": "WHO_be00f3953d9da45e",
"date_iso": "2024-03-15T00:00:00",
"full_text": "WHO is in the process of developing a Disability guide for action – a national strategic planning tool that provides a step-by-step guidance for countries to integrate disability inclusion in their existing health systems’ plans. The tool serves as the foundational resource to enable ministries of health to implement the recommendations of the Global report on health equity for persons with disabilities, and to support Member States to meet commitments on the highest attainable standard of health for all people, as outlined in the sustainable development goals (SDGs) and World Health Assembly resolution WHA74.8 .\nImplementing the disability guide for action in Montenegro: where are we now?\nUnder the leadership of Minister of Health, Dr Vojislav Šimun, Montenegro became the first country in the European region to implement the WHO Disability guide for action and ensure persons with disabilities have equitable access to health services. To mark the start of the process, the Ministry of Health, with support from WHO, organized a high-level event in November 2023, attended by Minister of Health Dr Vojislav Šimun, Deputy Prime Minister for Labour, Education, Health and Social Policy Dr Srđan Pavićević, Resident Coordinator of the United Nations System in Montenegro Peter Lundberg, Head of the WHO Office in Montenegro, Mina Brajović, representatives from different governmental bodies, UN agencies, health service providers, civil society, and organizations of persons with disabilities.\nDr Vojislav Šimun, said that he will work “tirelessly” to provide universal health care and access to every citizen. He mentioned: “Recently, the Government adopted the Strategy for the protection of persons with disabilities from discrimination and the promotion of equality, which includes a focus on the accessibility of health services for persons with disabilities and is dedicated to reducing discriminatio
... [truncated, total 11014 chars]
================================================================================

================================================================================
Article ID: WHO_be00f3953d9da45e | Attempt: 2
Error: Cannot extract valid JSON from response: line 1 column 1 (char 0)
Raw response (11103 chars):
{
"id": "WHO_be00f3953d9da45e",
"date_iso": "2024-03-15T00:00:00",
"full_text": "WHO is in the process of developing a Disability guide for action – a national strategic planning tool that provides a step-by-step guidance for countries to integrate disability inclusion in their existing health systems’ plans. The tool serves as the foundational resource to enable ministries of health to implement the recommendations of the Global report on health equity for persons with disabilities, and to support Member States to meet commitments on the highest attainable standard of health for all people, as outlined in the sustainable development goals (SDGs) and World Health Assembly resolution WHA74.8 .\nImplementing the disability guide for action in Montenegro: where are we now?\nUnder the leadership of Minister of Health, Dr Vojislav Šimun, Montenegro became the first country in the European region to implement the WHO Disability guide for action and ensure persons with disabilities have equitable access to health services. To mark the start of the process, the Ministry of Health, with support from WHO, organized a high-level event in November 2023, attended by Minister of Health Dr Vojislav Šimun, Deputy Prime Minister for Labour, Education, Health and Social Policy Dr Srđan Pavićević, Resident Coordinator of the United Nations System in Montenegro Peter Lundberg, Head of the WHO Office in Montenegro, Mina Brajović, representatives from different governmental bodies, UN agencies, health service providers, civil society, and organizations of persons with disabilities.\nDr Vojislav Šimun, said that he will work “tirelessly” to provide universal health care and access to every citizen. He mentioned: “Recently, the Government adopted the Strategy for the protection of persons with disabilities from discrimination and the promotion of equality, which includes a focus on the accessibility of health services for persons with disabilities and is dedicated to reducing discriminatio
... [truncated, total 11103 chars]
================================================================================

================================================================================
Article ID: WHO_be00f3953d9da45e | Attempt: 3
Error: Cannot extract valid JSON from response: line 1 column 1 (char 0)
Raw response (11122 chars):
{
"id": "WHO_be00f3953d9da45e",
"date_iso": "2024-03-15T00:00:00",
"full_text": "WHO is in the process of developing a Disability guide for action – a national strategic planning tool that provides a step-by-step guidance for countries to integrate disability inclusion in their existing health systems’ plans. The tool serves as the foundational resource to enable ministries of health to implement the recommendations of the Global report on health equity for persons with disabilities, and to support Member States to meet commitments on the highest attainable standard of health for all people, as outlined in the sustainable development goals (SDGs) and World Health Assembly resolution WHA74.8 .\nImplementing the disability guide for action in Montenegro: where are we now?\nUnder the leadership of Minister of Health, Dr Vojislav Šimun, Montenegro became the first country in the European region to implement the WHO Disability guide for action and ensure persons with disabilities have equitable access to health services. To mark the start of the process, the Ministry of Health, with support from WHO, organized a high-level event in November 2023, attended by Minister of Health Dr Vojislav Šimun, Deputy Prime Minister for Labour, Education, Health and Social Policy Dr Srđan Pavićević, Resident Coordinator of the United Nations System in Montenegro Peter Lundberg, Head of the WHO Office in Montenegro, Mina Brajović, representatives from different governmental bodies, UN agencies, health service providers, civil society, and organizations of persons with disabilities.\nDr Vojislav Šimun, said that he will work “tirelessly” to provide universal health care and access to every citizen. He mentioned: “Recently, the Government adopted the Strategy for the protection of persons with disabilities from discrimination and the promotion of equality, which includes a focus on the accessibility of health services for persons with disabilities and is dedicated to reducing discriminatio
... [truncated, total 11122 chars]
================================================================================

================================================================================
Article ID: WHO_66c379cfb9112ee6 | Attempt: 1
Error: Cannot extract valid JSON from response: line 1 column 1 (char 0)
Raw response (10299 chars):
{
"id": "WHO_66c379cfb9112ee6",
"date_iso": "2024-03-14T00:00:00",
"full_text": "In Gaborone, Botswana, a three-day meeting, entitled Facilitating Technology Transfer to Promote Local Manufacturing and Access to Vaccines, Medicines, and other Health Technologies in Africa, concluded with a significant step forward for technology transfers in Africa. Focused on facilitating technology transfer for essential health products, the event brought together key stakeholders from government, the private sector, academia, and partners and organizations like AUDA-NEPAD, AVMI, COMESA, DCVMN, FIND, GAVI, MPP, PATH, UNICEF, UNIDO, and UNITAID, among others, to delve into and co-create possible strategies for African countries to overcome bottlenecks in technology transfer and produce their own health products. The Local Production and Assistance (LPA) Unit , led by Dr Jicui Dong, Unit Head of the LPA Unit, at WHO Headquarters, co-organized this event with the Africa Centres for Disease Control and Prevention (Africa CDC), in close collaboration with the WHO Regional Office for Africa, and WHO Country Office in Botswana, and financial support primarily from the European Union (EU).\nHonourable Dr Edwin Dikoloti, Minister of Health of Botswana, opened the meeting in the Opening Session chaired by Dr Jicui Dong. In his remarks, the Honourable Dr Dikoloti highlighted that “ An important aspect … is the need to ensure that production of vaccines, drugs and other medical commodities is brought as close as possible to those in need of the said commodities... ” . This was followed by welcoming speeches from Dr Jens Windhal Pedersen, of the Africa CDC, Mrs Sandra Åslund, of the EU Delegation to Botswana & SADC on behalf of the Head of Cooperation, and Dr Mohamed Ismail, of the WHO Regional Office for Africa.\nThe discussions underscored critical elements for successful technology transfer, including strong political will and commitment from governments, partnership and trust among stakeho
... [truncated, total 10299 chars]
================================================================================

================================================================================
Article ID: WHO_66c379cfb9112ee6 | Attempt: 2
Error: Cannot extract valid JSON from response: line 1 column 1 (char 0)
Raw response (11309 chars):
{
"id": "WHO_66c379cfb9112ee6",
"date_iso": "2024-03-14T00:00:00",
"full_text": "In Gaborone, Botswana, a three-day meeting, entitled Facilitating Technology Transfer to Promote Local Manufacturing and Access to Vaccines, Medicines, and other Health Technologies in Africa, concluded with a significant step forward for technology transfers in Africa. Focused on facilitating technology transfer for essential health products, the event brought together key stakeholders from government, the private sector, academia, and partners and organizations like AUDA-NEPAD, AVMI, COMESA, DCVMN, FIND, GAVI, MPP, PATH, UNICEF, UNIDO, and UNITAID, among others, to delve into and co-create possible strategies for African countries to overcome bottlenecks in technology transfer and produce their own health products. The Local Production and Assistance (LPA) Unit , led by Dr Jicui Dong, Unit Head of the LPA Unit, at WHO Headquarters, co-organized this event with the Africa Centres for Disease Control and Prevention (Africa CDC), in close collaboration with the WHO Regional Office for Africa, and WHO Country Office in Botswana, and financial support primarily from the European Union (EU).\nHonourable Dr Edwin Dikoloti, Minister of Health of Botswana, opened the meeting in the Opening Session chaired by Dr Jicui Dong. In his remarks, the Honourable Dr Dikoloti highlighted that “ An important aspect … is the need to ensure that production of vaccines, drugs and other medical commodities is brought as close as possible to those in need of the said commodities... ” . This was followed by welcoming speeches from Dr Jens Windhal Pedersen, of the Africa CDC, Mrs Sandra Åslund, of the EU Delegation to Botswana & SADC on behalf of the Head of Cooperation, and Dr Mohamed Ismail, of the WHO Regional Office for Africa.\nThe discussions underscored critical elements for successful technology transfer, including strong political will and commitment from governments, partnership and trust among stakeho
... [truncated, total 11309 chars]
================================================================================

================================================================================
Article ID: WHO_66c379cfb9112ee6 | Attempt: 3
Error: Cannot extract valid JSON from response: line 1 column 1 (char 0)
Raw response (10191 chars):
{
"id": "WHO_66c379cfb9112ee6",
"date_iso": "2024-03-14T00:00:00",
"full_text": "In Gaborone, Botswana, a three-day meeting, entitled Facilitating Technology Transfer to Promote Local Manufacturing and Access to Vaccines, Medicines, and other Health Technologies in Africa, concluded with a significant step forward for technology transfers in Africa. Focused on facilitating technology transfer for essential health products, the event brought together key stakeholders from government, the private sector, academia, and partners and organizations like AUDA-NEPAD, AVMI, COMESA, DCVMN, FIND, GAVI, MPP, PATH, UNICEF, UNIDO, and UNITAID, among others, to delve into and co-create possible strategies for African countries to overcome bottlenecks in technology transfer and produce their own health products. The Local Production and Assistance (LPA) Unit , led by Dr Jicui Dong, Unit Head of the LPA Unit, at WHO Headquarters, co-organized this event with the Africa Centres for Disease Control and Prevention (Africa CDC), in close collaboration with the WHO Regional Office for Africa, and WHO Country Office in Botswana, and financial support primarily from the European Union (EU).\nHonourable Dr Edwin Dikoloti, Minister of Health of Botswana, opened the meeting in the Opening Session chaired by Dr Jicui Dong. In his remarks, the Honourable Dr Dikoloti highlighted that “ An important aspect … is the need to ensure that production of vaccines, drugs and other medical commodities is brought as close as possible to those in need of the said commodities... ” . This was followed by welcoming speeches from Dr Jens Windhal Pedersen, of the Africa CDC, Mrs Sandra Åslund, of the EU Delegation to Botswana & SADC on behalf of the Head of Cooperation, and Dr Mohamed Ismail, of the WHO Regional Office for Africa.\nThe discussions underscored critical elements for successful technology transfer, including strong political will and commitment from governments, partnership and trust among stakeho
... [truncated, total 10191 chars]
================================================================================

================================================================================
Article ID: WHO_66c379cfb9112ee6 | Attempt: 4
Error: Cannot extract valid JSON from response: line 1 column 1 (char 0)
Raw response (10915 chars):
{
"id": "WHO_66c379cfb9112ee6",
"date_iso": "2024-03-14T00:00:00",
"full_text": "In Gaborone, Botswana, a three-day meeting, entitled Facilitating Technology Transfer to Promote Local Manufacturing and Access to Vaccines, Medicines, and other Health Technologies in Africa, concluded with a significant step forward for technology transfers in Africa. Focused on facilitating technology transfer for essential health products, the event brought together key stakeholders from government, the private sector, academia, and partners and organizations like AUDA-NEPAD, AVMI, COMESA, DCVMN, FIND, GAVI, MPP, PATH, UNICEF, UNIDO, and UNITAID, among others, to delve into and co-create possible strategies for African countries to overcome bottlenecks in technology transfer and produce their own health products. The Local Production and Assistance (LPA) Unit , led by Dr Jicui Dong, Unit Head of the LPA Unit, at WHO Headquarters, co-organized this event with the Africa Centres for Disease Control and Prevention (Africa CDC), in close collaboration with the WHO Regional Office for Africa, and WHO Country Office in Botswana, and financial support primarily from the European Union (EU).\nHonourable Dr Edwin Dikoloti, Minister of Health of Botswana, opened the meeting in the Opening Session chaired by Dr Jicui Dong. In his remarks, the Honourable Dr Dikoloti highlighted that “ An important aspect … is the need to ensure that production of vaccines, drugs and other medical commodities is brought as close as possible to those in need of the said commodities... ” . This was followed by welcoming speeches from Dr Jens Windhal Pedersen, of the Africa CDC, Mrs Sandra Åslund, of the EU Delegation to Botswana & SADC on behalf of the Head of Cooperation, and Dr Mohamed Ismail, of the WHO Regional Office for Africa.\nThe discussions underscored critical elements for successful technology transfer, including strong political will and commitment from governments, partnership and trust among stakeho
... [truncated, total 10915 chars]
================================================================================

================================================================================
Article ID: WHO_a903ce08fc1d13ea | Attempt: 1
Error: Cannot extract valid JSON from response: line 1 column 1 (char 0)
Raw response (9525 chars):
{
"id": "WHO_a903ce08fc1d13ea",
"date_iso": "2024-03-08T00:00:00",
"full_text": "Mr Hanslall Seebaruth, lives in Port Louis, Republic of Mauritius and previously worked in the Judicial Department of Mauritius and Supreme Court. Today, he is proud to be President of the Senior Citizens Council, which represents over 260 000 older Mauritians.\n“Us older people in Mauritius know we face physical and mental health challenges as we age. Some common problems are diabetes, high blood pressure, osteoporosis, poor hearing and eyesight, reduced mobility, and dementia. As senior citizens in Mauritius, we feel our health and social care needs are understood and taken care of through a holistic approach.”\nOver the past few decades, Mauritius’ population has aged rapidly. In 2000, 9% of people were aged 60 and above. By 2021 this had more than doubled to 18.7%. In 2061, older people are predicted to comprise 36.5% of the population. This population shift requires the health system to adapt to the needs of older people, particularly to promote wellbeing, prevent ill-health, and ensure early diagnosis and care.\nThe Government of Mauritius, with technical support and guidance from WHO, aims to better meet the needs of its older population by adopting a holistic and person-centred approach at the primary health care (PHC) level.\nAccess to quality primary health care services for all older people\nOn 23 March 2023, the Prime Minister of Mauritius, Honourable Pravind Kumar Jugnauth launched the country’s first National Integrated Care for Older People (ICOPE) Strategic and Action Plan (2023-2026), developed with WHO support, to promote healthy ageing.\n“ICOPE is a multi-stakeholder initiative to address the health and social care challenges of an ageing population. It emphasizes a person-centred approach, focusing on maintaining autonomy through older age, coordination of health and social care, and strengthening the PHC system around older people’s needs,” said Dr Shiv Seegobin, Di
... [truncated, total 9525 chars]
================================================================================

================================================================================
Article ID: WHO_bf4348e921e76c3e | Attempt: 1
Error: Cannot extract valid JSON from response: line 1 column 1 (char 0)
Raw response (16144 chars):
{
"id": "WHO_bf4348e921e76c3e",
"date_iso": "2024-03-05T00:00:00",
"full_text": "New country, policy and program commitments, plus nearly US$ 600 million in new funding, at first-ever global forum offer a chance to save hundreds of thousands of lives by 2030.\nGovernments, donors, multilateral institutions, and partners today announced major new policy, programmatic and financial commitments, including nearly US$ 600 million in new funding, to eliminate cervical cancer. If these ambitions to expand vaccine coverage and strengthen screening and treatment programs are fully realized, the world could eliminate a cancer for the first time.\nThese commitments were made at the first-ever Global Cervical Cancer Elimination Forum: Advancing the Call to Action in Cartagena de Indias, Colombia, to catalyse national and global momentum to end this preventable disease.\nEvery two minutes , a woman dies from cervical cancer, although the knowledge and the tools to prevent and even eliminate this disease already exist. Vaccination against human papillomavirus (HPV) – the leading cause of cervical cancer – can prevent the vast majority of cases and, combined with screening and treatment, provides a path to elimination.\nCervical cancer is the fourth most common cancer in women worldwide, and continues to disproportionately impact women and their families in low and middle-income countries (LMICs). In an important shift, the World Health Organization (WHO)’s 2022 global recommendation for one-dose HPV vaccine schedules significantly reduced barriers to scaling up vaccination programs. It was reinforced by a similar recommendation in the Americas Region in 2023. The WHO’s Regional Office for Africa has just followed suit with its own recommendation for countries in the region to adopt the single-dose vaccination schedule. To date, 37 countries have reported switching or intent to switch to a one-dose regimen.\nThe commitments announced at the forum mark a watershed moment to acceler
... [truncated, total 16144 chars]
================================================================================

================================================================================
Article ID: WHO_bf4348e921e76c3e | Attempt: 2
Error: Cannot extract valid JSON from response: line 1 column 1 (char 0)
Raw response (16051 chars):
{
"id": "WHO_bf4348e921e76c3e",
"date_iso": "2024-03-05T00:00:00",
"full_text": "New country, policy and program commitments, plus nearly US$ 600 million in new funding, at first-ever global forum offer a chance to save hundreds of thousands of lives by 2030.\nGovernments, donors, multilateral institutions, and partners today announced major new policy, programmatic and financial commitments, including nearly US$ 600 million in new funding, to eliminate cervical cancer. If these ambitions to expand vaccine coverage and strengthen screening and treatment programs are fully realized, the world could eliminate a cancer for the first time.\nThese commitments were made at the first-ever Global Cervical Cancer Elimination Forum: Advancing the Call to Action in Cartagena de Indias, Colombia, to catalyse national and global momentum to end this preventable disease.\nEvery two minutes , a woman dies from cervical cancer, although the knowledge and the tools to prevent and even eliminate this disease already exist. Vaccination against human papillomavirus (HPV) – the leading cause of cervical cancer – can prevent the vast majority of cases and, combined with screening and treatment, provides a path to elimination.\nCervical cancer is the fourth most common cancer in women worldwide, and continues to disproportionately impact women and their families in low and middle-income countries (LMICs). In an important shift, the World Health Organization (WHO)’s 2022 global recommendation for one-dose HPV vaccine schedules significantly reduced barriers to scaling up vaccination programs. It was reinforced by a similar recommendation in the Americas Region in 2023. The WHO’s Regional Office for Africa has just followed suit with its own recommendation for countries in the region to adopt the single-dose vaccination schedule. To date, 37 countries have reported switching or intent to switch to a one-dose regimen.\nThe commitments announced at the forum mark a watershed moment to acceler
... [truncated, total 16051 chars]
================================================================================

================================================================================
Article ID: WHO_ff803bf7377c982d | Attempt: 1
Error: Cannot extract valid JSON from response: line 1 column 1 (char 0)
Raw response (7967 chars):
{
"id": "WHO_ff803bf7377c982d",
"date_iso": "2024-03-01T00:00:00",
"full_text": "New study released by the Lancet shows that, in 2022, more than 1 billion people in the world are now living with obesity. Worldwide, obesity among adults has more than doubled since 1990, and has quadrupled among children and adolescents (5 to 19 years of age). The data also show that 43% of adults were overweight in 2022.\nThe study also shows that even though the rates of undernutrition have dropped, it is still a public health challenge in many places, particularly in South-East Asia and sub-Saharan Africa.\nCountries with the highest combined rates of underweight and obesity in 2022 were island nations in the Pacific and the Caribbean and those in the Middle East and North Africa.\nMalnutrition, in all its forms, includes undernutrition (wasting, stunting, underweight), inadequate vitamins or minerals, overweight and obesity. Undernutrition is responsible for half of the deaths of children under 5 and obesity can cause noncommunicable diseases such as cardiovascular diseases, diabetes and some cancers.\nWHO has contributed to the data collection and analysis of this study. The full dataset is now also disseminated through the Global Health Observatory.\n“This new study highlights the importance of preventing and managing obesity from early life to adulthood, through diet, physical activity, and adequate care, as needed,” said Dr Tedros Adhanom Ghebreyesus, WHO Director-General. “Getting back on track to meet the global targets for curbing obesity will take the work of governments and communities, supported by evidence-based policies from WHO and national public health agencies. Importantly, it requires the cooperation of the private sector, which must be accountable for the health impacts of their products”.\nObesity is a complex chronic disease. The causes are well understood, as are the interventions needed to contain the crisis, which are backed by strong evidence. However, they
... [truncated, total 7967 chars]
================================================================================

================================================================================
Article ID: WHO_d15c2bfc3d09ce35 | Attempt: 1
Error: Cannot extract valid JSON from response: line 1 column 1 (char 0)
Raw response (7553 chars):
{
"id": "WHO_d15c2bfc3d09ce35",
"date_iso": "2024-02-23T00:00:00",
"full_text": "After three days of intense and constructive discussions, the Annual Coordination Meeting of the Countries Endemic for gambiense human African trypanosomiasis (g-HAT) ended today in Libreville, Gabon. This meeting, which brought together some forty participants from 21 endemic countries, including national programme managers and coordinators, with the technical and financial support of the World Health Organization (WHO), was an opportunity to take stock of the progress made in the fight against g-HAT, as well as the persistent challenges and the opportunities to accelerate the elimination of this disease by 2030.\nDuring the consultation, participants were able to take stock of the progress made in the fight against g-HAT in recent years, highlighting a significant decline in the number of new cases across Africa. However, recognizing the ongoing challenges, the experts also identified strategic priorities to accelerate the elimination of the disease by 2030, including by strengthening epidemiological surveillance, improving access to diagnostics and treatments, and strengthening community mobilization.\nTaking part in the proceedings, the WHO Representative in Gabon, Dr Magaran Monzon Bagayoko, stressed the importance of maintaining the current momentum and redoubling efforts to achieve the ambitious goal of stopping g-HAT transmission, thus achieving its elimination. He also expressed his gratitude to all participants for their commitment and determination to fight this devastating disease. \"Elimination is within reach, the time is no longer for doubt, but for action,\" he said.\nFor his part, the Minister of Health, Prof. Adrien Mougougou, reaffirmed the commitment of the Gabonese government to fight against g-HAT. \"Gabon remains committed to supporting national and international efforts to eliminate human African trypanosomiasis,\" he said. \"Gabon intends to equip itself with a 
... [truncated, total 7553 chars]
================================================================================

================================================================================
Article ID: WHO_d15c2bfc3d09ce35 | Attempt: 2
Error: Cannot extract valid JSON from response: line 1 column 1 (char 0)
Raw response (7590 chars):
{
"id": "WHO_d15c2bfc3d09ce35",
"date_iso": "2024-02-23T00:00:00",
"full_text": "After three days of intense and constructive discussions, the Annual Coordination Meeting of the Countries Endemic for gambiense human African trypanosomiasis (g-HAT) ended today in Libreville, Gabon. This meeting, which brought together some forty participants from 21 endemic countries, including national programme managers and coordinators, with the technical and financial support of the World Health Organization (WHO), was an opportunity to take stock of the progress made in the fight against g-HAT, as well as the persistent challenges and the opportunities to accelerate the elimination of this disease by 2030.\nDuring the consultation, participants were able to take stock of the progress made in the fight against g-HAT in recent years, highlighting a significant decline in the number of new cases across Africa. However, recognizing the ongoing challenges, the experts also identified strategic priorities to accelerate the elimination of the disease by 2030, including by strengthening epidemiological surveillance, improving access to diagnostics and treatments, and strengthening community mobilization.\nTaking part in the proceedings, the WHO Representative in Gabon, Dr Magaran Monzon Bagayoko, stressed the importance of maintaining the current momentum and redoubling efforts to achieve the ambitious goal of stopping g-HAT transmission, thus achieving its elimination. He also expressed his gratitude to all participants for their commitment and determination to fight this devastating disease. \"Elimination is within reach, the time is no longer for doubt, but for action,\" he said.\nFor his part, the Minister of Health, Prof. Adrien Mougougou, reaffirmed the commitment of the Gabonese government to fight against g-HAT. \"Gabon remains committed to supporting national and international efforts to eliminate human African trypanosomiasis,\" he said. \"Gabon intends to equip itself with a 
... [truncated, total 7590 chars]
================================================================================

================================================================================
Article ID: WHO_d15c2bfc3d09ce35 | Attempt: 3
Error: Cannot extract valid JSON from response: line 1 column 1 (char 0)
Raw response (7816 chars):
{
"id": "WHO_d15c2bfc3d09ce35",
"date_iso": "2024-02-23T00:00:00",
"full_text": "After three days of intense and constructive discussions, the Annual Coordination Meeting of the Countries Endemic for gambiense human African trypanosomiasis (g-HAT) ended today in Libreville, Gabon. This meeting, which brought together some forty participants from 21 endemic countries, including national programme managers and coordinators, with the technical and financial support of the World Health Organization (WHO), was an opportunity to take stock of the progress made in the fight against g-HAT, as well as the persistent challenges and the opportunities to accelerate the elimination of this disease by 2030.\nDuring the consultation, participants were able to take stock of the progress made in the fight against g-HAT in recent years, highlighting a significant decline in the number of new cases across Africa. However, recognizing the ongoing challenges, the experts also identified strategic priorities to accelerate the elimination of the disease by 2030, including by strengthening epidemiological surveillance, improving access to diagnostics and treatments, and strengthening community mobilization.\nTaking part in the proceedings, the WHO Representative in Gabon, Dr Magaran Monzon Bagayoko, stressed the importance of maintaining the current momentum and redoubling efforts to achieve the ambitious goal of stopping g-HAT transmission, thus achieving its elimination. He also expressed his gratitude to all participants for their commitment and determination to fight this devastating disease. \"Elimination is within reach, the time is no longer for doubt, but for action,\" he said.\nFor his part, the Minister of Health, Prof. Adrien Mougougou, reaffirmed the commitment of the Gabonese government to fight against g-HAT. \"Gabon remains committed to supporting national and international efforts to eliminate human African trypanosomiasis,\" he said. \"Gabon intends to equip itself with a 
... [truncated, total 7816 chars]
================================================================================

================================================================================
Article ID: WHO_d15c2bfc3d09ce35 | Attempt: 4
Error: Cannot extract valid JSON from response: line 1 column 1 (char 0)
Raw response (7689 chars):
{
"id": "WHO_d15c2bfc3d09ce35",
"date_iso": "2024-02-23T00:00:00",
"full_text": "After three days of intense and constructive discussions, the Annual Coordination Meeting of the Countries Endemic for gambiense human African trypanosomiasis (g-HAT) ended today in Libreville, Gabon. This meeting, which brought together some forty participants from 21 endemic countries, including national programme managers and coordinators, with the technical and financial support of the World Health Organization (WHO), was an opportunity to take stock of the progress made in the fight against g-HAT, as well as the persistent challenges and the opportunities to accelerate the elimination of this disease by 2030.\nDuring the consultation, participants were able to take stock of the progress made in the fight against g-HAT in recent years, highlighting a significant decline in the number of new cases across Africa. However, recognizing the ongoing challenges, the experts also identified strategic priorities to accelerate the elimination of the disease by 2030, including by strengthening epidemiological surveillance, improving access to diagnostics and treatments, and strengthening community mobilization.\nTaking part in the proceedings, the WHO Representative in Gabon, Dr Magaran Monzon Bagayoko, stressed the importance of maintaining the current momentum and redoubling efforts to achieve the ambitious goal of stopping g-HAT transmission, thus achieving its elimination. He also expressed his gratitude to all participants for their commitment and determination to fight this devastating disease. \"Elimination is within reach, the time is no longer for doubt, but for action,\" he said.\nFor his part, the Minister of Health, Prof. Adrien Mougougou, reaffirmed the commitment of the Gabonese government to fight against g-HAT. \"Gabon remains committed to supporting national and international efforts to eliminate human African trypanosomiasis,\" he said. \"Gabon intends to equip itself with a 
... [truncated, total 7689 chars]
================================================================================

================================================================================
Article ID: WHO_a9e5b31b5f8d5b4a | Attempt: 1
Error: API error: AttributeError: 'list' object has no attribute 'get'
Raw response (0 chars):

================================================================================

================================================================================
Article ID: WHO_e1a081ee7466bd18 | Attempt: 1
Error: API error: AttributeError: 'list' object has no attribute 'get'
Raw response (0 chars):

================================================================================

================================================================================
Article ID: WHO_e1a081ee7466bd18 | Attempt: 2
Error: API error: AttributeError: 'list' object has no attribute 'get'
Raw response (0 chars):

================================================================================

================================================================================
Article ID: WHO_e1a081ee7466bd18 | Attempt: 3
Error: API error: AttributeError: 'list' object has no attribute 'get'
Raw response (0 chars):

================================================================================

================================================================================
Article ID: WHO_e1a081ee7466bd18 | Attempt: 4
Error: API error: AttributeError: 'list' object has no attribute 'get'
Raw response (0 chars):

================================================================================

================================================================================
Article ID: WHO_e1a081ee7466bd18 | Attempt: 5
Error: API error: AttributeError: 'list' object has no attribute 'get'
Raw response (0 chars):

================================================================================

================================================================================
Article ID: WHO_595aa856c19c322a | Attempt: 1
Error: API error: AttributeError: 'list' object has no attribute 'get'
Raw response (0 chars):

================================================================================

================================================================================
Article ID: WHO_595aa856c19c322a | Attempt: 2
Error: API error: AttributeError: 'list' object has no attribute 'get'
Raw response (0 chars):

================================================================================

================================================================================
Article ID: WHO_595aa856c19c322a | Attempt: 3
Error: API error: AttributeError: 'list' object has no attribute 'get'
Raw response (0 chars):

================================================================================

================================================================================
Article ID: WHO_595aa856c19c322a | Attempt: 4
Error: API error: AttributeError: 'list' object has no attribute 'get'
Raw response (0 chars):

================================================================================

================================================================================
Article ID: WHO_595aa856c19c322a | Attempt: 5
Error: API error: AttributeError: 'list' object has no attribute 'get'
Raw response (0 chars):

================================================================================

================================================================================
Article ID: WHO_d7837d9d5834cecc | Attempt: 1
Error: API error: AttributeError: 'list' object has no attribute 'get'
Raw response (0 chars):

================================================================================

================================================================================
Article ID: WHO_d7837d9d5834cecc | Attempt: 2
Error: API error: AttributeError: 'list' object has no attribute 'get'
Raw response (0 chars):

================================================================================

================================================================================
Article ID: WHO_d7837d9d5834cecc | Attempt: 3
Error: API error: AttributeError: 'list' object has no attribute 'get'
Raw response (0 chars):

================================================================================

================================================================================
Article ID: WHO_d7837d9d5834cecc | Attempt: 4
Error: API error: AttributeError: 'list' object has no attribute 'get'
Raw response (0 chars):

================================================================================

================================================================================
Article ID: WHO_d7837d9d5834cecc | Attempt: 5
Error: API error: AttributeError: 'list' object has no attribute 'get'
Raw response (0 chars):

================================================================================

================================================================================
Article ID: WHO_7a14367f8e58e60a | Attempt: 1
Error: API error: AttributeError: 'list' object has no attribute 'get'
Raw response (0 chars):

================================================================================

================================================================================
Article ID: WHO_7a14367f8e58e60a | Attempt: 2
Error: API error: AttributeError: 'list' object has no attribute 'get'
Raw response (0 chars):

================================================================================

================================================================================
Article ID: WHO_7a14367f8e58e60a | Attempt: 3
Error: API error: AttributeError: 'list' object has no attribute 'get'
Raw response (0 chars):

================================================================================

================================================================================
Article ID: WHO_7a14367f8e58e60a | Attempt: 4
Error: API error: AttributeError: 'list' object has no attribute 'get'
Raw response (0 chars):

================================================================================

================================================================================
Article ID: WHO_7a14367f8e58e60a | Attempt: 5
Error: API error: AttributeError: 'list' object has no attribute 'get'
Raw response (0 chars):

================================================================================

================================================================================
Article ID: WHO_e1bd170718619109 | Attempt: 1
Error: API error: AttributeError: 'list' object has no attribute 'get'
Raw response (0 chars):

================================================================================

================================================================================
Article ID: WHO_e1bd170718619109 | Attempt: 2
Error: API error: AttributeError: 'list' object has no attribute 'get'
Raw response (0 chars):

================================================================================

================================================================================
Article ID: WHO_e1bd170718619109 | Attempt: 3
Error: API error: AttributeError: 'list' object has no attribute 'get'
Raw response (0 chars):

================================================================================

================================================================================
Article ID: WHO_e1bd170718619109 | Attempt: 4
Error: API error: AttributeError: 'list' object has no attribute 'get'
Raw response (0 chars):

================================================================================

================================================================================
Article ID: WHO_e1bd170718619109 | Attempt: 5
Error: API error: AttributeError: 'list' object has no attribute 'get'
Raw response (0 chars):

================================================================================

================================================================================
Article ID: WHO_2a7a973fa353a764 | Attempt: 1
Error: API error: AttributeError: 'list' object has no attribute 'get'
Raw response (0 chars):

================================================================================

================================================================================
Article ID: WHO_2a7a973fa353a764 | Attempt: 2
Error: API error: AttributeError: 'list' object has no attribute 'get'
Raw response (0 chars):

================================================================================

================================================================================
Article ID: WHO_2a7a973fa353a764 | Attempt: 3
Error: API error: AttributeError: 'list' object has no attribute 'get'
Raw response (0 chars):

================================================================================

================================================================================
Article ID: WHO_2a7a973fa353a764 | Attempt: 4
Error: API error: AttributeError: 'list' object has no attribute 'get'
Raw response (0 chars):

================================================================================

================================================================================
Article ID: WHO_2a7a973fa353a764 | Attempt: 5
Error: API error: AttributeError: 'list' object has no attribute 'get'
Raw response (0 chars):

================================================================================

================================================================================
Article ID: WHO_056e3b8647d140f3 | Attempt: 1
Error: API error: AttributeError: 'list' object has no attribute 'get'
Raw response (0 chars):

================================================================================

================================================================================
Article ID: WHO_056e3b8647d140f3 | Attempt: 2
Error: API error: AttributeError: 'list' object has no attribute 'get'
Raw response (0 chars):

================================================================================

================================================================================
Article ID: WHO_056e3b8647d140f3 | Attempt: 3
Error: API error: AttributeError: 'list' object has no attribute 'get'
Raw response (0 chars):

================================================================================

================================================================================
Article ID: WHO_056e3b8647d140f3 | Attempt: 4
Error: API error: AttributeError: 'list' object has no attribute 'get'
Raw response (0 chars):

================================================================================

================================================================================
Article ID: WHO_056e3b8647d140f3 | Attempt: 5
Error: API error: AttributeError: 'list' object has no attribute 'get'
Raw response (0 chars):

================================================================================

================================================================================
Article ID: WHO_492c40ece5984020 | Attempt: 1
Error: API error: AttributeError: 'list' object has no attribute 'get'
Raw response (0 chars):

================================================================================

================================================================================
Article ID: WHO_492c40ece5984020 | Attempt: 2
Error: API error: AttributeError: 'list' object has no attribute 'get'
Raw response (0 chars):

================================================================================

================================================================================
Article ID: WHO_492c40ece5984020 | Attempt: 3
Error: API error: AttributeError: 'list' object has no attribute 'get'
Raw response (0 chars):

================================================================================

================================================================================
Article ID: WHO_492c40ece5984020 | Attempt: 4
Error: API error: AttributeError: 'list' object has no attribute 'get'
Raw response (0 chars):

================================================================================

================================================================================
Article ID: WHO_492c40ece5984020 | Attempt: 5
Error: API error: AttributeError: 'list' object has no attribute 'get'
Raw response (0 chars):

================================================================================

================================================================================
Article ID: WHO_dea125d6de0096f5 | Attempt: 1
Error: API error: AttributeError: 'list' object has no attribute 'get'
Raw response (0 chars):

================================================================================

================================================================================
Article ID: WHO_dea125d6de0096f5 | Attempt: 2
Error: API error: AttributeError: 'list' object has no attribute 'get'
Raw response (0 chars):

================================================================================

================================================================================
Article ID: WHO_dea125d6de0096f5 | Attempt: 3
Error: API error: AttributeError: 'list' object has no attribute 'get'
Raw response (0 chars):

================================================================================

================================================================================
Article ID: WHO_dea125d6de0096f5 | Attempt: 4
Error: API error: AttributeError: 'list' object has no attribute 'get'
Raw response (0 chars):

================================================================================

================================================================================
Article ID: WHO_dea125d6de0096f5 | Attempt: 5
Error: API error: AttributeError: 'list' object has no attribute 'get'
Raw response (0 chars):

================================================================================

================================================================================
Article ID: WHO_ae967ce63f8394ea | Attempt: 1
Error: API error: AttributeError: 'list' object has no attribute 'get'
Raw response (0 chars):

================================================================================

================================================================================
Article ID: WHO_ae967ce63f8394ea | Attempt: 2
Error: API error: AttributeError: 'list' object has no attribute 'get'
Raw response (0 chars):

================================================================================

================================================================================
Article ID: WHO_ae967ce63f8394ea | Attempt: 3
Error: API error: AttributeError: 'list' object has no attribute 'get'
Raw response (0 chars):

================================================================================

================================================================================
Article ID: WHO_ae967ce63f8394ea | Attempt: 4
Error: API error: AttributeError: 'list' object has no attribute 'get'
Raw response (0 chars):

================================================================================

================================================================================
Article ID: WHO_ae967ce63f8394ea | Attempt: 5
Error: API error: AttributeError: 'list' object has no attribute 'get'
Raw response (0 chars):

================================================================================

================================================================================
Article ID: WHO_f36bb81116171c0a | Attempt: 1
Error: API error: AttributeError: 'list' object has no attribute 'get'
Raw response (0 chars):

================================================================================

================================================================================
Article ID: WHO_f36bb81116171c0a | Attempt: 2
Error: API error: AttributeError: 'list' object has no attribute 'get'
Raw response (0 chars):

================================================================================

================================================================================
Article ID: WHO_f36bb81116171c0a | Attempt: 3
Error: API error: AttributeError: 'list' object has no attribute 'get'
Raw response (0 chars):

================================================================================

================================================================================
Article ID: WHO_f36bb81116171c0a | Attempt: 4
Error: API error: AttributeError: 'list' object has no attribute 'get'
Raw response (0 chars):

================================================================================

================================================================================
Article ID: WHO_f36bb81116171c0a | Attempt: 5
Error: API error: AttributeError: 'list' object has no attribute 'get'
Raw response (0 chars):

================================================================================

================================================================================
Article ID: WHO_480edfe9a5e8296a | Attempt: 1
Error: API error: AttributeError: 'list' object has no attribute 'get'
Raw response (0 chars):

================================================================================

================================================================================
Article ID: WHO_480edfe9a5e8296a | Attempt: 2
Error: API error: AttributeError: 'list' object has no attribute 'get'
Raw response (0 chars):

================================================================================

================================================================================
Article ID: WHO_480edfe9a5e8296a | Attempt: 3
Error: API error: AttributeError: 'list' object has no attribute 'get'
Raw response (0 chars):

================================================================================

================================================================================
Article ID: WHO_480edfe9a5e8296a | Attempt: 4
Error: API error: AttributeError: 'list' object has no attribute 'get'
Raw response (0 chars):

================================================================================

================================================================================
Article ID: WHO_480edfe9a5e8296a | Attempt: 5
Error: API error: AttributeError: 'list' object has no attribute 'get'
Raw response (0 chars):

================================================================================

================================================================================
Article ID: WHO_05967505b45975ba | Attempt: 1
Error: API error: AttributeError: 'list' object has no attribute 'get'
Raw response (0 chars):

================================================================================

================================================================================
Article ID: WHO_05967505b45975ba | Attempt: 2
Error: API error: AttributeError: 'list' object has no attribute 'get'
Raw response (0 chars):

================================================================================

================================================================================
Article ID: WHO_05967505b45975ba | Attempt: 3
Error: API error: AttributeError: 'list' object has no attribute 'get'
Raw response (0 chars):

================================================================================

================================================================================
Article ID: WHO_05967505b45975ba | Attempt: 4
Error: API error: AttributeError: 'list' object has no attribute 'get'
Raw response (0 chars):

================================================================================

================================================================================
Article ID: WHO_05967505b45975ba | Attempt: 5
Error: API error: AttributeError: 'list' object has no attribute 'get'
Raw response (0 chars):

================================================================================

================================================================================
Article ID: WHO_040e85453b1bdd5c | Attempt: 1
Error: API error: AttributeError: 'list' object has no attribute 'get'
Raw response (0 chars):

================================================================================

================================================================================
Article ID: WHO_040e85453b1bdd5c | Attempt: 2
Error: API error: AttributeError: 'list' object has no attribute 'get'
Raw response (0 chars):

================================================================================

================================================================================
Article ID: WHO_040e85453b1bdd5c | Attempt: 3
Error: API error: AttributeError: 'list' object has no attribute 'get'
Raw response (0 chars):

================================================================================

================================================================================
Article ID: WHO_040e85453b1bdd5c | Attempt: 4
Error: API error: AttributeError: 'list' object has no attribute 'get'
Raw response (0 chars):

================================================================================

================================================================================
Article ID: WHO_040e85453b1bdd5c | Attempt: 5
Error: API error: AttributeError: 'list' object has no attribute 'get'
Raw response (0 chars):

================================================================================

================================================================================
Article ID: WHO_0298dc59224b040c | Attempt: 1
Error: API error: AttributeError: 'list' object has no attribute 'get'
Raw response (0 chars):

================================================================================

================================================================================
Article ID: WHO_0298dc59224b040c | Attempt: 2
Error: API error: AttributeError: 'list' object has no attribute 'get'
Raw response (0 chars):

================================================================================

================================================================================
Article ID: WHO_0298dc59224b040c | Attempt: 3
Error: API error: AttributeError: 'list' object has no attribute 'get'
Raw response (0 chars):

================================================================================

================================================================================
Article ID: WHO_0298dc59224b040c | Attempt: 4
Error: API error: AttributeError: 'list' object has no attribute 'get'
Raw response (0 chars):

================================================================================

================================================================================
Article ID: WHO_0298dc59224b040c | Attempt: 5
Error: API error: AttributeError: 'list' object has no attribute 'get'
Raw response (0 chars):

================================================================================

================================================================================
Article ID: WHO_28b93fb40c4c1c1d | Attempt: 1
Error: API error: AttributeError: 'list' object has no attribute 'get'
Raw response (0 chars):

================================================================================

================================================================================
Article ID: WHO_28b93fb40c4c1c1d | Attempt: 2
Error: API error: AttributeError: 'list' object has no attribute 'get'
Raw response (0 chars):

================================================================================

================================================================================
Article ID: WHO_28b93fb40c4c1c1d | Attempt: 3
Error: API error: AttributeError: 'list' object has no attribute 'get'
Raw response (0 chars):

================================================================================

================================================================================
Article ID: WHO_28b93fb40c4c1c1d | Attempt: 4
Error: API error: AttributeError: 'list' object has no attribute 'get'
Raw response (0 chars):

================================================================================

================================================================================
Article ID: WHO_28b93fb40c4c1c1d | Attempt: 5
Error: API error: AttributeError: 'list' object has no attribute 'get'
Raw response (0 chars):

================================================================================

================================================================================
Article ID: WHO_944e882f8681112c | Attempt: 1
Error: API error: AttributeError: 'list' object has no attribute 'get'
Raw response (0 chars):

================================================================================

================================================================================
Article ID: WHO_944e882f8681112c | Attempt: 2
Error: API error: AttributeError: 'list' object has no attribute 'get'
Raw response (0 chars):

================================================================================

================================================================================
Article ID: WHO_944e882f8681112c | Attempt: 3
Error: API error: AttributeError: 'list' object has no attribute 'get'
Raw response (0 chars):

================================================================================

================================================================================
Article ID: WHO_944e882f8681112c | Attempt: 4
Error: API error: AttributeError: 'list' object has no attribute 'get'
Raw response (0 chars):

================================================================================

================================================================================
Article ID: WHO_944e882f8681112c | Attempt: 5
Error: API error: AttributeError: 'list' object has no attribute 'get'
Raw response (0 chars):

================================================================================

================================================================================
Article ID: WHO_d2d94cf2f8a90096 | Attempt: 1
Error: API error: AttributeError: 'list' object has no attribute 'get'
Raw response (0 chars):

================================================================================

================================================================================
Article ID: WHO_d2d94cf2f8a90096 | Attempt: 2
Error: API error: AttributeError: 'list' object has no attribute 'get'
Raw response (0 chars):

================================================================================

================================================================================
Article ID: WHO_d2d94cf2f8a90096 | Attempt: 3
Error: API error: AttributeError: 'list' object has no attribute 'get'
Raw response (0 chars):

================================================================================

================================================================================
Article ID: WHO_d2d94cf2f8a90096 | Attempt: 4
Error: API error: AttributeError: 'list' object has no attribute 'get'
Raw response (0 chars):

================================================================================

================================================================================
Article ID: WHO_d2d94cf2f8a90096 | Attempt: 5
Error: API error: AttributeError: 'list' object has no attribute 'get'
Raw response (0 chars):

================================================================================

================================================================================
Article ID: WHO_6741d093652955ac | Attempt: 1
Error: API error: AttributeError: 'list' object has no attribute 'get'
Raw response (0 chars):

================================================================================

================================================================================
Article ID: WHO_6741d093652955ac | Attempt: 2
Error: API error: AttributeError: 'list' object has no attribute 'get'
Raw response (0 chars):

================================================================================

================================================================================
Article ID: WHO_6741d093652955ac | Attempt: 3
Error: API error: AttributeError: 'list' object has no attribute 'get'
Raw response (0 chars):

================================================================================

================================================================================
Article ID: WHO_6741d093652955ac | Attempt: 4
Error: API error: AttributeError: 'list' object has no attribute 'get'
Raw response (0 chars):

================================================================================

================================================================================
Article ID: WHO_6741d093652955ac | Attempt: 5
Error: API error: AttributeError: 'list' object has no attribute 'get'
Raw response (0 chars):

================================================================================

================================================================================
Article ID: WHO_242b4493cbc2059d | Attempt: 1
Error: API error: AttributeError: 'list' object has no attribute 'get'
Raw response (0 chars):

================================================================================

================================================================================
Article ID: WHO_242b4493cbc2059d | Attempt: 2
Error: API error: AttributeError: 'list' object has no attribute 'get'
Raw response (0 chars):

================================================================================

================================================================================
Article ID: WHO_242b4493cbc2059d | Attempt: 3
Error: API error: AttributeError: 'list' object has no attribute 'get'
Raw response (0 chars):

================================================================================

================================================================================
Article ID: WHO_242b4493cbc2059d | Attempt: 4
Error: API error: AttributeError: 'list' object has no attribute 'get'
Raw response (0 chars):

================================================================================

================================================================================
Article ID: WHO_242b4493cbc2059d | Attempt: 5
Error: API error: AttributeError: 'list' object has no attribute 'get'
Raw response (0 chars):

================================================================================

================================================================================
Article ID: WHO_7f0108cf9ea1078a | Attempt: 1
Error: API error: AttributeError: 'list' object has no attribute 'get'
Raw response (0 chars):

================================================================================

================================================================================
Article ID: WHO_7f0108cf9ea1078a | Attempt: 2
Error: API error: AttributeError: 'list' object has no attribute 'get'
Raw response (0 chars):

================================================================================

================================================================================
Article ID: WHO_7f0108cf9ea1078a | Attempt: 3
Error: API error: AttributeError: 'list' object has no attribute 'get'
Raw response (0 chars):

================================================================================

================================================================================
Article ID: WHO_7f0108cf9ea1078a | Attempt: 4
Error: API error: AttributeError: 'list' object has no attribute 'get'
Raw response (0 chars):

================================================================================

================================================================================
Article ID: WHO_7f0108cf9ea1078a | Attempt: 5
Error: API error: AttributeError: 'list' object has no attribute 'get'
Raw response (0 chars):

================================================================================

================================================================================
Article ID: WHO_82519f7ceb6fe156 | Attempt: 1
Error: API error: AttributeError: 'list' object has no attribute 'get'
Raw response (0 chars):

================================================================================

================================================================================
Article ID: WHO_82519f7ceb6fe156 | Attempt: 2
Error: API error: AttributeError: 'list' object has no attribute 'get'
Raw response (0 chars):

================================================================================

================================================================================
Article ID: WHO_82519f7ceb6fe156 | Attempt: 3
Error: API error: AttributeError: 'list' object has no attribute 'get'
Raw response (0 chars):

================================================================================

================================================================================
Article ID: WHO_82519f7ceb6fe156 | Attempt: 4
Error: API error: AttributeError: 'list' object has no attribute 'get'
Raw response (0 chars):

================================================================================

================================================================================
Article ID: WHO_82519f7ceb6fe156 | Attempt: 5
Error: API error: AttributeError: 'list' object has no attribute 'get'
Raw response (0 chars):

================================================================================

================================================================================
Article ID: WHO_b9d5fe3d529ba6bc | Attempt: 1
Error: API error: AttributeError: 'list' object has no attribute 'get'
Raw response (0 chars):

================================================================================

================================================================================
Article ID: WHO_b9d5fe3d529ba6bc | Attempt: 2
Error: API error: AttributeError: 'list' object has no attribute 'get'
Raw response (0 chars):

================================================================================

================================================================================
Article ID: WHO_b9d5fe3d529ba6bc | Attempt: 3
Error: API error: AttributeError: 'list' object has no attribute 'get'
Raw response (0 chars):

================================================================================

================================================================================
Article ID: WHO_b9d5fe3d529ba6bc | Attempt: 4
Error: API error: AttributeError: 'list' object has no attribute 'get'
Raw response (0 chars):

================================================================================

================================================================================
Article ID: WHO_b9d5fe3d529ba6bc | Attempt: 5
Error: API error: AttributeError: 'list' object has no attribute 'get'
Raw response (0 chars):

================================================================================

================================================================================
Article ID: WHO_b803d60fc0edad1f | Attempt: 1
Error: API error: AttributeError: 'list' object has no attribute 'get'
Raw response (0 chars):

================================================================================

================================================================================
Article ID: WHO_b803d60fc0edad1f | Attempt: 2
Error: API error: AttributeError: 'list' object has no attribute 'get'
Raw response (0 chars):

================================================================================

================================================================================
Article ID: WHO_b803d60fc0edad1f | Attempt: 3
Error: API error: AttributeError: 'list' object has no attribute 'get'
Raw response (0 chars):

================================================================================

================================================================================
Article ID: WHO_b803d60fc0edad1f | Attempt: 4
Error: API error: AttributeError: 'list' object has no attribute 'get'
Raw response (0 chars):

================================================================================

================================================================================
Article ID: WHO_b803d60fc0edad1f | Attempt: 5
Error: API error: AttributeError: 'list' object has no attribute 'get'
Raw response (0 chars):

================================================================================

================================================================================
Article ID: WHO_6daf0daa8d02094e | Attempt: 1
Error: API error: AttributeError: 'list' object has no attribute 'get'
Raw response (0 chars):

================================================================================

================================================================================
Article ID: WHO_6daf0daa8d02094e | Attempt: 2
Error: API error: AttributeError: 'list' object has no attribute 'get'
Raw response (0 chars):

================================================================================

================================================================================
Article ID: WHO_6daf0daa8d02094e | Attempt: 3
Error: API error: AttributeError: 'list' object has no attribute 'get'
Raw response (0 chars):

================================================================================

================================================================================
Article ID: WHO_6daf0daa8d02094e | Attempt: 4
Error: API error: AttributeError: 'list' object has no attribute 'get'
Raw response (0 chars):

================================================================================

================================================================================
Article ID: WHO_6daf0daa8d02094e | Attempt: 5
Error: API error: AttributeError: 'list' object has no attribute 'get'
Raw response (0 chars):

================================================================================

================================================================================
Article ID: WHO_07d720e55296e0ce | Attempt: 1
Error: API error: AttributeError: 'list' object has no attribute 'get'
Raw response (0 chars):

================================================================================

================================================================================
Article ID: WHO_07d720e55296e0ce | Attempt: 2
Error: API error: AttributeError: 'list' object has no attribute 'get'
Raw response (0 chars):

================================================================================

================================================================================
Article ID: WHO_07d720e55296e0ce | Attempt: 3
Error: API error: AttributeError: 'list' object has no attribute 'get'
Raw response (0 chars):

================================================================================

================================================================================
Article ID: WHO_07d720e55296e0ce | Attempt: 4
Error: API error: AttributeError: 'list' object has no attribute 'get'
Raw response (0 chars):

================================================================================

================================================================================
Article ID: WHO_07d720e55296e0ce | Attempt: 5
Error: API error: AttributeError: 'list' object has no attribute 'get'
Raw response (0 chars):

================================================================================

================================================================================
Article ID: WHO_e656ad022373210e | Attempt: 1
Error: API error: AttributeError: 'list' object has no attribute 'get'
Raw response (0 chars):

================================================================================

================================================================================
Article ID: WHO_e656ad022373210e | Attempt: 2
Error: API error: AttributeError: 'list' object has no attribute 'get'
Raw response (0 chars):

================================================================================

================================================================================
Article ID: WHO_e656ad022373210e | Attempt: 3
Error: API error: AttributeError: 'list' object has no attribute 'get'
Raw response (0 chars):

================================================================================

================================================================================
Article ID: WHO_e656ad022373210e | Attempt: 4
Error: API error: AttributeError: 'list' object has no attribute 'get'
Raw response (0 chars):

================================================================================

================================================================================
Article ID: WHO_e656ad022373210e | Attempt: 5
Error: API error: AttributeError: 'list' object has no attribute 'get'
Raw response (0 chars):

================================================================================

================================================================================
Article ID: WHO_21d56757f136fa34 | Attempt: 1
Error: API error: AttributeError: 'list' object has no attribute 'get'
Raw response (0 chars):

================================================================================

================================================================================
Article ID: WHO_21d56757f136fa34 | Attempt: 2
Error: API error: AttributeError: 'list' object has no attribute 'get'
Raw response (0 chars):

================================================================================

================================================================================
Article ID: WHO_21d56757f136fa34 | Attempt: 3
Error: API error: AttributeError: 'list' object has no attribute 'get'
Raw response (0 chars):

================================================================================

================================================================================
Article ID: WHO_21d56757f136fa34 | Attempt: 4
Error: API error: AttributeError: 'list' object has no attribute 'get'
Raw response (0 chars):

================================================================================

================================================================================
Article ID: WHO_21d56757f136fa34 | Attempt: 5
Error: API error: AttributeError: 'list' object has no attribute 'get'
Raw response (0 chars):

================================================================================

================================================================================
Article ID: WHO_ee0ccae1c6798def | Attempt: 1
Error: API error: AttributeError: 'list' object has no attribute 'get'
Raw response (0 chars):

================================================================================

================================================================================
Article ID: WHO_3dc4aa397b4dabe9 | Attempt: 1
Error: API error: AttributeError: 'list' object has no attribute 'get'
Raw response (0 chars):

================================================================================

================================================================================
Article ID: WHO_3dc4aa397b4dabe9 | Attempt: 2
Error: API error: AttributeError: 'list' object has no attribute 'get'
Raw response (0 chars):

================================================================================

================================================================================
Article ID: WHO_3dc4aa397b4dabe9 | Attempt: 1
Error: API error: AttributeError: 'list' object has no attribute 'get'
Raw response (0 chars):

================================================================================

================================================================================
Article ID: WHO_3dc4aa397b4dabe9 | Attempt: 1
Error: API error: AttributeError: 'list' object has no attribute 'get'
Raw response (0 chars):

================================================================================

================================================================================
Article ID: WHO_3dc4aa397b4dabe9 | Attempt: 2
Error: API error: AttributeError: 'list' object has no attribute 'get'
Raw response (0 chars):

================================================================================

================================================================================
Article ID: WHO_3dc4aa397b4dabe9 | Attempt: 1
Error: API error: AttributeError: 'list' object has no attribute 'get'
Raw response (0 chars):

================================================================================

================================================================================
Article ID: WHO_3dc4aa397b4dabe9 | Attempt: 2
Error: API error: AttributeError: 'list' object has no attribute 'get'
Raw response (0 chars):

================================================================================

================================================================================
Article ID: WHO_3dc4aa397b4dabe9 | Attempt: 3
Error: API error: AttributeError: 'list' object has no attribute 'get'
Raw response (0 chars):

================================================================================

================================================================================
Article ID: WHO_3dc4aa397b4dabe9 | Attempt: 4
Error: API error: AttributeError: 'list' object has no attribute 'get'
Raw response (0 chars):

================================================================================

================================================================================
Article ID: WHO_3dc4aa397b4dabe9 | Attempt: 1
Error: API error: AttributeError: 'list' object has no attribute 'get'
Raw response (0 chars):

================================================================================

================================================================================
Article ID: WHO_3dc4aa397b4dabe9 | Attempt: 2
Error: API error: AttributeError: 'list' object has no attribute 'get'
Raw response (0 chars):

================================================================================

================================================================================
Article ID: WHO_3dc4aa397b4dabe9 | Attempt: 1
Error: Cannot extract valid JSON from response: line 1 column 1 (char 0)
Raw response (10814 chars):
{
"id": "WHO_3dc4aa397b4dabe9",
"date_iso": "2025-05-13T00:00:00",
"full_text": "Honourable Minister Dr Jane Aceng,\nDr Carlos Correa,\nExcellencies, honourable ministers, dear colleagues and friends,\nGood afternoon, and I thank Uganda and Minister Aceng for the invitation to join you today.\nMy thanks also to Azerbaijan for their leadership as previous chair of the Non-Aligned Movement and for all their support during their tenure. I look forward to working with Uganda as the new chair.\nThank you all for your continuing commitment to WHO, global health, and multilateralism.\nEvery World Health Assembly is significant, but this year’s Assembly feels especially so.\nNext week, Member States will consider three major agenda items that are of huge importance both now and for the future of WHO and its work.\nFirst, the Pandemic Agreement. If adopted, the Pandemic Agreement will be a landmark instrument of international law, and just the second such instrument to be negotiated under the WHO Constitution – the first being the Framework Convention on Tobacco Control, as you know.\nThe Agreement addresses the gaps in global health security exposed by the COVID-19 pandemic, and is based on the fundamental principle that shared threats demand a shared response.\nThank you all for your commitment to negotiating the Agreement over the past three-and-a-half years, and thank you for the spirit of collaboration in which you worked.\nI know that many of you compromised on things you did not want to – and so did all Member States.\nBut I admire and applaud you for being willing to compromise, to converge, and to reach consensus.\nYou have sent a powerful message that multilateralism is alive and kicking, and that in these divided times, countries can still find a way to find common ground.\n===\nThe second major agenda item to be considered at next week’s Health Assembly is the Programme Budget for the 2026-2027 biennium.\nThe loss of U.S. funding, combined with reductions in offi
... [truncated, total 10814 chars]
================================================================================

================================================================================
Article ID: WHO_3dc4aa397b4dabe9 | Attempt: 2
Error: Cannot extract valid JSON from response: line 1 column 1 (char 0)
Raw response (10733 chars):
{
"id": "WHO_3dc4aa397b4dabe9",
"date_iso": "2025-05-13T00:00:00",
"full_text": "Honourable Minister Dr Jane Aceng,\nDr Carlos Correa,\nExcellencies, honourable ministers, dear colleagues and friends,\nGood afternoon, and I thank Uganda and Minister Aceng for the invitation to join you today.\nMy thanks also to Azerbaijan for their leadership as previous chair of the Non-Aligned Movement and for all their support during their tenure. I look forward to working with Uganda as the new chair.\nThank you all for your continuing commitment to WHO, global health, and multilateralism.\nEvery World Health Assembly is significant, but this year’s Assembly feels especially so.\nNext week, Member States will consider three major agenda items that are of huge importance both now and for the future of WHO and its work.\nFirst, the Pandemic Agreement. If adopted, the Pandemic Agreement will be a landmark instrument of international law, and just the second such instrument to be negotiated under the WHO Constitution – the first being the Framework Convention on Tobacco Control, as you know.\nThe Agreement addresses the gaps in global health security exposed by the COVID-19 pandemic, and is based on the fundamental principle that shared threats demand a shared response.\nThank you all for your commitment to negotiating the Agreement over the past three-and-a-half years, and thank you for the spirit of collaboration in which you worked.\nI know that many of you compromised on things you did not want to – and so did all Member States.\nBut I admire and applaud you for being willing to compromise, to converge, and to reach consensus.\nYou have sent a powerful message that multilateralism is alive and kicking, and that in these divided times, countries can still find a way to find common ground.\n===\nThe second major agenda item to be considered at next week’s Health Assembly is the Programme Budget for the 2026-2027 biennium.\nThe loss of U.S. funding, combined with reductions in offi
... [truncated, total 10733 chars]
================================================================================

================================================================================
Article ID: WHO_3dc4aa397b4dabe9 | Attempt: 3
Error: Cannot extract valid JSON from response: line 1 column 1 (char 0)
Raw response (10962 chars):
{
"id": "WHO_3dc4aa397b4dabe9",
"date_iso": "2025-05-13T00:00:00",
"full_text": "Honourable Minister Dr Jane Aceng,\nDr Carlos Correa,\nExcellencies, honourable ministers, dear colleagues and friends,\nGood afternoon, and I thank Uganda and Minister Aceng for the invitation to join you today.\nMy thanks also to Azerbaijan for their leadership as previous chair of the Non-Aligned Movement and for all their support during their tenure. I look forward to working with Uganda as the new chair.\nThank you all for your continuing commitment to WHO, global health, and multilateralism.\nEvery World Health Assembly is significant, but this year’s Assembly feels especially so.\nNext week, Member States will consider three major agenda items that are of huge importance both now and for the future of WHO and its work.\nFirst, the Pandemic Agreement. If adopted, the Pandemic Agreement will be a landmark instrument of international law, and just the second such instrument to be negotiated under the WHO Constitution – the first being the Framework Convention on Tobacco Control, as you know.\nThe Agreement addresses the gaps in global health security exposed by the COVID-19 pandemic, and is based on the fundamental principle that shared threats demand a shared response.\nThank you all for your commitment to negotiating the Agreement over the past three-and-a-half years, and thank you for the spirit of collaboration in which you worked.\nI know that many of you compromised on things you did not want to – and so did all Member States.\nBut I admire and applaud you for being willing to compromise, to converge, and to reach consensus.\nYou have sent a powerful message that multilateralism is alive and kicking, and that in these divided times, countries can still find a way to find common ground.\n===\nThe second major agenda item to be considered at next week’s Health Assembly is the Programme Budget for the 2026-2027 biennium.\nThe loss of U.S. funding, combined with reductions in offi
... [truncated, total 10962 chars]
================================================================================

================================================================================
Article ID: WHO_3dc4aa397b4dabe9 | Attempt: 4
Error: Cannot extract valid JSON from response: line 1 column 1 (char 0)
Raw response (10944 chars):
{
"id": "WHO_3dc4aa397b4dabe9",
"date_iso": "2025-05-13T00:00:00",
"full_text": "Honourable Minister Dr Jane Aceng,\nDr Carlos Correa,\nExcellencies, honourable ministers, dear colleagues and friends,\nGood afternoon, and I thank Uganda and Minister Aceng for the invitation to join you today.\nMy thanks also to Azerbaijan for their leadership as previous chair of the Non-Aligned Movement and for all their support during their tenure. I look forward to working with Uganda as the new chair.\nThank you all for your continuing commitment to WHO, global health, and multilateralism.\nEvery World Health Assembly is significant, but this year’s Assembly feels especially so.\nNext week, Member States will consider three major agenda items that are of huge importance both now and for the future of WHO and its work.\nFirst, the Pandemic Agreement. If adopted, the Pandemic Agreement will be a landmark instrument of international law, and just the second such instrument to be negotiated under the WHO Constitution – the first being the Framework Convention on Tobacco Control, as you know.\nThe Agreement addresses the gaps in global health security exposed by the COVID-19 pandemic, and is based on the fundamental principle that shared threats demand a shared response.\nThank you all for your commitment to negotiating the Agreement over the past three-and-a-half years, and thank you for the spirit of collaboration in which you worked.\nI know that many of you compromised on things you did not want to – and so did all Member States.\nBut I admire and applaud you for being willing to compromise, to converge, and to reach consensus.\nYou have sent a powerful message that multilateralism is alive and kicking, and that in these divided times, countries can still find a way to find common ground.\n===\nThe second major agenda item to be considered at next week’s Health Assembly is the Programme Budget for the 2026-2027 biennium.\nThe loss of U.S. funding, combined with reductions in offi
... [truncated, total 10944 chars]
================================================================================

================================================================================
Article ID: WHO_3dc4aa397b4dabe9 | Attempt: 5
Error: Cannot extract valid JSON from response: line 1 column 1 (char 0)
Raw response (11334 chars):
{
"id": "WHO_3dc4aa397b4dabe9",
"date_iso": "2025-05-13T00:00:00",
"full_text": "Honourable Minister Dr Jane Aceng,\nDr Carlos Correa,\nExcellencies, honourable ministers, dear colleagues and friends,\nGood afternoon, and I thank Uganda and Minister Aceng for the invitation to join you today.\nMy thanks also to Azerbaijan for their leadership as previous chair of the Non-Aligned Movement and for all their support during their tenure. I look forward to working with Uganda as the new chair.\nThank you all for your continuing commitment to WHO, global health, and multilateralism.\nEvery World Health Assembly is significant, but this year’s Assembly feels especially so.\nNext week, Member States will consider three major agenda items that are of huge importance both now and for the future of WHO and its work.\nFirst, the Pandemic Agreement. If adopted, the Pandemic Agreement will be a landmark instrument of international law, and just the second such instrument to be negotiated under the WHO Constitution – the first being the Framework Convention on Tobacco Control, as you know.\nThe Agreement addresses the gaps in global health security exposed by the COVID-19 pandemic, and is based on the fundamental principle that shared threats demand a shared response.\nThank you all for your commitment to negotiating the Agreement over the past three-and-a-half years, and thank you for the spirit of collaboration in which you worked.\nI know that many of you compromised on things you did not want to – and so did all Member States.\nBut I admire and applaud you for being willing to compromise, to converge, and to reach consensus.\nYou have sent a powerful message that multilateralism is alive and kicking, and that in these divided times, countries can still find a way to find common ground.\n===\nThe second major agenda item to be considered at next week’s Health Assembly is the Programme Budget for the 2026-2027 biennium.\nThe loss of U.S. funding, combined with reductions in offi
... [truncated, total 11334 chars]
================================================================================

================================================================================
Article ID: WHO_565c8d71c3fa7b3c | Attempt: 1
Error: Cannot extract valid JSON from response: line 1 column 1 (char 0)
Raw response (10925 chars):
{
"id": "WHO_565c8d71c3fa7b3c",
"date_iso": "2025-04-23T00:00:00",
"full_text": "Progress and insights from Colombia\nEvery year, an estimated 21 million girls aged 15–19 years in low- and middle-income countries become pregnant. Adolescent pregnancy leads to higher risks of maternal and infant mortality, a greater chance of mental health problems, and constraints for educational and economic prospects, which contributes to cycles of poverty and inequality that can span across generations\nIn many parts of the world, adolescents lack access to the information and resources necessary to make informed decisions about their sexual and reproductive health (SRH). This leaves them vulnerable to unintended pregnancies; child marriage further fuels the risk.\nThe World Health Organization (WHO) recently released an updated guideline for preventing early pregnancy and poor reproductive outcomes among adolescents in low- and middle-income countries, providing evidence-based normative guidance in two key areas: preventing child marriage and improving adolescents’ access to contraception. The recommendations highlight the importance of enabling laws and policies and education to achieve these goals.\nThe power of policy\nMany countries around the world have recently stepped up to make child marriage illegal. Colombia is one of these, with members of congress abolishing a law in November 2024 that allowed marriages from the age of 14. Importantly, the new bill they introduced also includes measures to restore the rights of children and adolescents affected by underage marriages and unions, with a special emphasis on supporting indigenous people and other vulnerable communities.\nA joint effort by authorities and society is required to eradicate this practice and guarantee the protection of girls' rights.\n“The effective implementation of this law shows a change in the social norms that perpetuate child marriage. A joint effort by authorities and society is required to eradicate 
... [truncated, total 10925 chars]
================================================================================

================================================================================
Article ID: WHO_565c8d71c3fa7b3c | Attempt: 2
Error: Cannot extract valid JSON from response: line 1 column 1 (char 0)
Raw response (10360 chars):
{
"id": "WHO_565c8d71c3fa7b3c",
"date_iso": "2025-04-23T00:00:00",
"full_text": "Progress and insights from Colombia\nEvery year, an estimated 21 million girls aged 15–19 years in low- and middle-income countries become pregnant. Adolescent pregnancy leads to higher risks of maternal and infant mortality, a greater chance of mental health problems, and constraints for educational and economic prospects, which contributes to cycles of poverty and inequality that can span across generations\nIn many parts of the world, adolescents lack access to the information and resources necessary to make informed decisions about their sexual and reproductive health (SRH). This leaves them vulnerable to unintended pregnancies; child marriage further fuels the risk.\nThe World Health Organization (WHO) recently released an updated guideline for preventing early pregnancy and poor reproductive outcomes among adolescents in low- and middle-income countries, providing evidence-based normative guidance in two key areas: preventing child marriage and improving adolescents’ access to contraception. The recommendations highlight the importance of enabling laws and policies and education to achieve these goals.\nThe power of policy\nMany countries around the world have recently stepped up to make child marriage illegal. Colombia is one of these, with members of congress abolishing a law in November 2024 that allowed marriages from the age of 14. Importantly, the new bill they introduced also includes measures to restore the rights of children and adolescents affected by underage marriages and unions, with a special emphasis on supporting indigenous people and other vulnerable communities.\nA joint effort by authorities and society is required to eradicate this practice and guarantee the protection of girls' rights.\n“The effective implementation of this law shows a change in the social norms that perpetuate child marriage. A joint effort by authorities and society is required to eradicate 
... [truncated, total 10360 chars]
================================================================================

================================================================================
Article ID: WHO_565c8d71c3fa7b3c | Attempt: 3
Error: Cannot extract valid JSON from response: line 1 column 1 (char 0)
Raw response (10895 chars):
{
"id": "WHO_565c8d71c3fa7b3c",
"date_iso": "2025-04-23T00:00:00",
"full_text": "Progress and insights from Colombia\nEvery year, an estimated 21 million girls aged 15–19 years in low- and middle-income countries become pregnant. Adolescent pregnancy leads to higher risks of maternal and infant mortality, a greater chance of mental health problems, and constraints for educational and economic prospects, which contributes to cycles of poverty and inequality that can span across generations\nIn many parts of the world, adolescents lack access to the information and resources necessary to make informed decisions about their sexual and reproductive health (SRH). This leaves them vulnerable to unintended pregnancies; child marriage further fuels the risk.\nThe World Health Organization (WHO) recently released an updated guideline for preventing early pregnancy and poor reproductive outcomes among adolescents in low- and middle-income countries, providing evidence-based normative guidance in two key areas: preventing child marriage and improving adolescents’ access to contraception. The recommendations highlight the importance of enabling laws and policies and education to achieve these goals.\nThe power of policy\nMany countries around the world have recently stepped up to make child marriage illegal. Colombia is one of these, with members of congress abolishing a law in November 2024 that allowed marriages from the age of 14. Importantly, the new bill they introduced also includes measures to restore the rights of children and adolescents affected by underage marriages and unions, with a special emphasis on supporting indigenous people and other vulnerable communities.\nA joint effort by authorities and society is required to eradicate this practice and guarantee the protection of girls' rights.\n“The effective implementation of this law shows a change in the social norms that perpetuate child marriage. A joint effort by authorities and society is required to eradicate 
... [truncated, total 10895 chars]
================================================================================

================================================================================
Article ID: WHO_565c8d71c3fa7b3c | Attempt: 4
Error: Cannot extract valid JSON from response: line 1 column 1 (char 0)
Raw response (11106 chars):
{
"id": "WHO_565c8d71c3fa7b3c",
"date_iso": "2025-04-23T00:00:00",
"full_text": "Progress and insights from Colombia\nEvery year, an estimated 21 million girls aged 15–19 years in low- and middle-income countries become pregnant. Adolescent pregnancy leads to higher risks of maternal and infant mortality, a greater chance of mental health problems, and constraints for educational and economic prospects, which contributes to cycles of poverty and inequality that can span across generations\nIn many parts of the world, adolescents lack access to the information and resources necessary to make informed decisions about their sexual and reproductive health (SRH). This leaves them vulnerable to unintended pregnancies; child marriage further fuels the risk.\nThe World Health Organization (WHO) recently released an updated guideline for preventing early pregnancy and poor reproductive outcomes among adolescents in low- and middle-income countries, providing evidence-based normative guidance in two key areas: preventing child marriage and improving adolescents’ access to contraception. The recommendations highlight the importance of enabling laws and policies and education to achieve these goals.\nThe power of policy\nMany countries around the world have recently stepped up to make child marriage illegal. Colombia is one of these, with members of congress abolishing a law in November 2024 that allowed marriages from the age of 14. Importantly, the new bill they introduced also includes measures to restore the rights of children and adolescents affected by underage marriages and unions, with a special emphasis on supporting indigenous people and other vulnerable communities.\nA joint effort by authorities and society is required to eradicate this practice and guarantee the protection of girls' rights.\n“The effective implementation of this law shows a change in the social norms that perpetuate child marriage. A joint effort by authorities and society is required to eradicate 
... [truncated, total 11106 chars]
================================================================================

================================================================================
Article ID: WHO_565c8d71c3fa7b3c | Attempt: 5
Error: Cannot extract valid JSON from response: line 1 column 1 (char 0)
Raw response (10717 chars):
{
"id": "WHO_565c8d71c3fa7b3c",
"date_iso": "2025-04-23T00:00:00",
"full_text": "Progress and insights from Colombia\nEvery year, an estimated 21 million girls aged 15–19 years in low- and middle-income countries become pregnant. Adolescent pregnancy leads to higher risks of maternal and infant mortality, a greater chance of mental health problems, and constraints for educational and economic prospects, which contributes to cycles of poverty and inequality that can span across generations\nIn many parts of the world, adolescents lack access to the information and resources necessary to make informed decisions about their sexual and reproductive health (SRH). This leaves them vulnerable to unintended pregnancies; child marriage further fuels the risk.\nThe World Health Organization (WHO) recently released an updated guideline for preventing early pregnancy and poor reproductive outcomes among adolescents in low- and middle-income countries, providing evidence-based normative guidance in two key areas: preventing child marriage and improving adolescents’ access to contraception. The recommendations highlight the importance of enabling laws and policies and education to achieve these goals.\nThe power of policy\nMany countries around the world have recently stepped up to make child marriage illegal. Colombia is one of these, with members of congress abolishing a law in November 2024 that allowed marriages from the age of 14. Importantly, the new bill they introduced also includes measures to restore the rights of children and adolescents affected by underage marriages and unions, with a special emphasis on supporting indigenous people and other vulnerable communities.\nA joint effort by authorities and society is required to eradicate this practice and guarantee the protection of girls' rights.\n“The effective implementation of this law shows a change in the social norms that perpetuate child marriage. A joint effort by authorities and society is required to eradicate 
... [truncated, total 10717 chars]
================================================================================

================================================================================
Article ID: WHO_25e7a38e817d1c8b | Attempt: 1
Error: Cannot extract valid JSON from response: line 1 column 1 (char 0)
Raw response (11660 chars):
{
"id": "WHO_25e7a38e817d1c8b",
"date_iso": "2024-11-01T00:00:00",
"full_text": "The Quadripartite collaboration on One Health – comprising the Food and Agriculture Organization of the United Nations (FAO), the UN Environment Programme (UNEP), the World Health Organization (WHO), and the World Organisation for Animal Health (WOAH) – co-organized the G20 High-Level Meeting on One Health on 30 October 2024. This event featured a panel discussion titled \"Creating an Enabling Environment for One Health Implementation,\" emphasizing the critical need for robust governance and multisectoral coordination to advance the One Health approach, supported by real-life examples from various countries.\nThe One Health approach is essential for achieving optimal health outcomes by integrating efforts across human, animal, plant, and environmental health. Building on the advocacy efforts during the G20 presidencies of Indonesia (2022) and India (2023), Brazil's leadership in 2024 reaffirms the importance of maintaining momentum in One Health implementation and calls on G20 countries to strengthen their commitments.\nThe panel discussion aimed to foster dialogue and create an enabling environment for One Health at global, regional, and national levels. It highlighted the necessity of effective governance, multisectoral coordination, legal frameworks, political commitment, and sustainable financing to tackle global health challenges. Ministerial speakers from G20 countries shared valuable insights and experiences, facilitating knowledge exchange to identify collaborative efforts that can enhance impact. Engaging high-level leaders reinforced the commitment of G20 nations to advance One Health implementation and laid the groundwork for future collaboration.\n“In Brazil, we launched the Interinstitutional Technical Committee for One Health, with the aim to establish a national plan for this subject. This is one of our priority agendas at the G20. We must prepare our countries for the c
... [truncated, total 11660 chars]
================================================================================

================================================================================
Article ID: WHO_dd6d132fb61e3c18 | Attempt: 1
Error: Cannot extract valid JSON from response: line 1 column 1 (char 0)
Raw response (14408 chars):
{
"id": "WHO_dd6d132fb61e3c18",
"date_iso": "2024-09-26T00:00:00",
"full_text": "FAO, UNEP, WHO and WOAH welcome agreement at UN General Assembly meeting, including target to reduce human deaths from AMR by 10% by 2030\nGlobal leaders have approved a political declaration at the 79th United Nations General Assembly (UNGA) High-Level Meeting on Antimicrobial Resistance (AMR) , committing to a clear set of targets and actions, including reducing the estimated 4.95 million human deaths associated with bacterial antimicrobial resistance (AMR) annually by 10% by 2030.\nThe declaration also calls for sustainable national financing and US$100 million in catalytic funding, to help achieve a target of at least 60% of countries having funded national action plans on AMR by 2030. This goal is to be reached through, for example, diversifying funding sources and securing more contributors to the Antimicrobial Resistance Multi-Partner Trust Fund .\nThe Food and Agriculture Organization of the United Nations ( FAO ), the United Nations Environment Programme ( UNEP ), the World Health Organization ( WHO ) and the World Organisation for Animal Health ( WOAH ), known as the Quadripartite, welcome the declaration. The Quadripartite applauds countries for recognising the need for global, regional and national efforts to address AMR through a One Health approach, which recognizes that the health of people, animals, plants and the wider environment, including ecosystems, are closely linked and interdependent.\nGlobal champions involved with the meeting include Prime Minister Mia Mottley of Barbados, AMR survivors, civil society and stakeholder organizations from around the world.\nAMR occurs when bacteria, viruses, fungi and parasites no longer respond to medicines, leading to infections becoming difficult or impossible to treat, increasing the risk of disease spread, severe illness and death.\nGlobal multisectoral action needed to reach targets by 2030\nOn human health , the declaration
... [truncated, total 14408 chars]
================================================================================

================================================================================
Article ID: WHO_dd6d132fb61e3c18 | Attempt: 2
Error: Cannot extract valid JSON from response: line 1 column 1 (char 0)
Raw response (14295 chars):
{
"id": "WHO_dd6d132fb61e3c18",
"date_iso": "2024-09-26T00:00:00",
"full_text": "FAO, UNEP, WHO and WOAH welcome agreement at UN General Assembly meeting, including target to reduce human deaths from AMR by 10% by 2030\nGlobal leaders have approved a political declaration at the 79th United Nations General Assembly (UNGA) High-Level Meeting on Antimicrobial Resistance (AMR) , committing to a clear set of targets and actions, including reducing the estimated 4.95 million human deaths associated with bacterial antimicrobial resistance (AMR) annually by 10% by 2030.\nThe declaration also calls for sustainable national financing and US$100 million in catalytic funding, to help achieve a target of at least 60% of countries having funded national action plans on AMR by 2030. This goal is to be reached through, for example, diversifying funding sources and securing more contributors to the Antimicrobial Resistance Multi-Partner Trust Fund .\nThe Food and Agriculture Organization of the United Nations ( FAO ), the United Nations Environment Programme ( UNEP ), the World Health Organization ( WHO ) and the World Organisation for Animal Health ( WOAH ), known as the Quadripartite, welcome the declaration. The Quadripartite applauds countries for recognising the need for global, regional and national efforts to address AMR through a One Health approach, which recognizes that the health of people, animals, plants and the wider environment, including ecosystems, are closely linked and interdependent.\nGlobal champions involved with the meeting include Prime Minister Mia Mottley of Barbados, AMR survivors, civil society and stakeholder organizations from around the world.\nAMR occurs when bacteria, viruses, fungi and parasites no longer respond to medicines, leading to infections becoming difficult or impossible to treat, increasing the risk of disease spread, severe illness and death.\nGlobal multisectoral action needed to reach targets by 2030\nOn human health , the declaration
... [truncated, total 14295 chars]
================================================================================

================================================================================
Article ID: WHO_66dd8e0929d57e5f | Attempt: 1
Error: Cannot extract valid JSON from response: line 1 column 1 (char 0)
Raw response (38927 chars):
{
"id": "WHO_66dd8e0929d57e5f",
"date_iso": "2024-08-19T00:00:00",
"full_text": "The Director-General of the World Health Organization (WHO), having concurred with the advice offered by the International Health Regulations (2005) (IHR or Regulations) Emergency Committee regarding the upsurge of mpox 2024 during its first meeting, held on 14 August 2024, has determined, on the same date, that the ongoing upsurge of mpox in the Democratic Republic of the Congo (DRC) and in a growing number of countries in Africa constitutes a public health emergency of international concern (PHEIC) under the provisions of the Regulations. The communication of the Director-General regarding the determination of the above-mentioned PHEIC on 14 August 2024 is available here .\nThe Director-General is hereby transmitting the report of the first meeting of the IHR Emergency Committee regarding the upsurge of mpox 2024.\nNoting that the Director-General will be communicating to States Parties a 12-month extension of the current standing recommendations for mpox , the temporary recommendations, issued by the Director-General in relation to the PHEIC associated with the ongoing upsurge of mpox are presented in the last section of this statement and reflect the advice offered by the Committee.\nThe Director-General is taking the opportunity to express his most sincere gratitude to the Chair, Vice-Chair, and Members of the IHR Emergency Committee, as well as to its Advisors.\nProceedings of the meeting\nSixteen (16) Members of, and two Advisors to, the Emergency Committee were convened by teleconference, via Zoom, on Wednesday, 14 August 2024, from 12:00 to 17:00 CEST. Fifteen (15) of the 16 Committee Members and the two Advisors to the Committee participated in the meeting.\nThe Director-General of the World Health Organization (WHO) joined in person and welcomed the participants. The opening remarks by the Director-General are available here .\nThe Representative of the Office of Legal Counse
... [truncated, total 38927 chars]
================================================================================

================================================================================
Article ID: WHO_66dd8e0929d57e5f | Attempt: 2
Error: Cannot extract valid JSON from response: line 1 column 1 (char 0)
Raw response (40203 chars):
{
"id": "WHO_66dd8e0929d57e5f",
"date_iso": "2024-08-19T00:00:00",
"full_text": "The Director-General of the World Health Organization (WHO), having concurred with the advice offered by the International Health Regulations (2005) (IHR or Regulations) Emergency Committee regarding the upsurge of mpox 2024 during its first meeting, held on 14 August 2024, has determined, on the same date, that the ongoing upsurge of mpox in the Democratic Republic of the Congo (DRC) and in a growing number of countries in Africa constitutes a public health emergency of international concern (PHEIC) under the provisions of the Regulations. The communication of the Director-General regarding the determination of the above-mentioned PHEIC on 14 August 2024 is available here .\nThe Director-General is hereby transmitting the report of the first meeting of the IHR Emergency Committee regarding the upsurge of mpox 2024.\nNoting that the Director-General will be communicating to States Parties a 12-month extension of the current standing recommendations for mpox , the temporary recommendations, issued by the Director-General in relation to the PHEIC associated with the ongoing upsurge of mpox are presented in the last section of this statement and reflect the advice offered by the Committee.\nThe Director-General is taking the opportunity to express his most sincere gratitude to the Chair, Vice-Chair, and Members of the IHR Emergency Committee, as well as to its Advisors.\nProceedings of the meeting\nSixteen (16) Members of, and two Advisors to, the Emergency Committee were convened by teleconference, via Zoom, on Wednesday, 14 August 2024, from 12:00 to 17:00 CEST. Fifteen (15) of the 16 Committee Members and the two Advisors to the Committee participated in the meeting.\nThe Director-General of the World Health Organization (WHO) joined in person and welcomed the participants. The opening remarks by the Director-General are available here .\nThe Representative of the Office of Legal Counse
... [truncated, total 40203 chars]
================================================================================

================================================================================
Article ID: WHO_66dd8e0929d57e5f | Attempt: 3
Error: Cannot extract valid JSON from response: line 1 column 1 (char 0)
Raw response (39110 chars):
{
"id": "WHO_66dd8e0929d57e5f",
"date_iso": "2024-08-19T00:00:00",
"full_text": "The Director-General of the World Health Organization (WHO), having concurred with the advice offered by the International Health Regulations (2005) (IHR or Regulations) Emergency Committee regarding the upsurge of mpox 2024 during its first meeting, held on 14 August 2024, has determined, on the same date, that the ongoing upsurge of mpox in the Democratic Republic of the Congo (DRC) and in a growing number of countries in Africa constitutes a public health emergency of international concern (PHEIC) under the provisions of the Regulations. The communication of the Director-General regarding the determination of the above-mentioned PHEIC on 14 August 2024 is available here .\nThe Director-General is hereby transmitting the report of the first meeting of the IHR Emergency Committee regarding the upsurge of mpox 2024.\nNoting that the Director-General will be communicating to States Parties a 12-month extension of the current standing recommendations for mpox , the temporary recommendations, issued by the Director-General in relation to the PHEIC associated with the ongoing upsurge of mpox are presented in the last section of this statement and reflect the advice offered by the Committee.\nThe Director-General is taking the opportunity to express his most sincere gratitude to the Chair, Vice-Chair, and Members of the IHR Emergency Committee, as well as to its Advisors.\nProceedings of the meeting\nSixteen (16) Members of, and two Advisors to, the Emergency Committee were convened by teleconference, via Zoom, on Wednesday, 14 August 2024, from 12:00 to 17:00 CEST. Fifteen (15) of the 16 Committee Members and the two Advisors to the Committee participated in the meeting.\nThe Director-General of the World Health Organization (WHO) joined in person and welcomed the participants. The opening remarks by the Director-General are available here .\nThe Representative of the Office of Legal Counse
... [truncated, total 39110 chars]
================================================================================

================================================================================
Article ID: WHO_66dd8e0929d57e5f | Attempt: 4
Error: Cannot extract valid JSON from response: line 1 column 1 (char 0)
Raw response (39368 chars):
{
"id": "WHO_66dd8e0929d57e5f",
"date_iso": "2024-08-19T00:00:00",
"full_text": "The Director-General of the World Health Organization (WHO), having concurred with the advice offered by the International Health Regulations (2005) (IHR or Regulations) Emergency Committee regarding the upsurge of mpox 2024 during its first meeting, held on 14 August 2024, has determined, on the same date, that the ongoing upsurge of mpox in the Democratic Republic of the Congo (DRC) and in a growing number of countries in Africa constitutes a public health emergency of international concern (PHEIC) under the provisions of the Regulations. The communication of the Director-General regarding the determination of the above-mentioned PHEIC on 14 August 2024 is available here .\nThe Director-General is hereby transmitting the report of the first meeting of the IHR Emergency Committee regarding the upsurge of mpox 2024.\nNoting that the Director-General will be communicating to States Parties a 12-month extension of the current standing recommendations for mpox , the temporary recommendations, issued by the Director-General in relation to the PHEIC associated with the ongoing upsurge of mpox are presented in the last section of this statement and reflect the advice offered by the Committee.\nThe Director-General is taking the opportunity to express his most sincere gratitude to the Chair, Vice-Chair, and Members of the IHR Emergency Committee, as well as to its Advisors.\nProceedings of the meeting\nSixteen (16) Members of, and two Advisors to, the Emergency Committee were convened by teleconference, via Zoom, on Wednesday, 14 August 2024, from 12:00 to 17:00 CEST. Fifteen (15) of the 16 Committee Members and the two Advisors to the Committee participated in the meeting.\nThe Director-General of the World Health Organization (WHO) joined in person and welcomed the participants. The opening remarks by the Director-General are available here .\nThe Representative of the Office of Legal Counse
... [truncated, total 39368 chars]
================================================================================

================================================================================
Article ID: WHO_9275a2f76302f6e7 | Attempt: 1
Error: Cannot extract valid JSON from response: line 1 column 1 (char 0)
Raw response (29149 chars):
{
"id": "WHO_9275a2f76302f6e7",
"date_iso": "2024-08-13T00:00:00",
"full_text": "The thirty-ninth meeting of the Emergency Committee under the International Health Regulations (2005) (IHR) on the international spread of poliovirus was convened by the WHO Director-General on 08 July 2024 with committee members and advisers meeting via video conference with affected countries, supported by the WHO Secretariat. The Emergency Committee reviewed the data on wild poliovirus (WPV1) and circulating vaccine derived polioviruses (cVDPV) in the context of the global target of interruption and certification of WPV1 eradication by 2026 and interruption and certification of cVDPV2 elimination by 2028. Technical updates were received about the situation in the following countries: Afghanistan, Ethiopia, Equatorial Guinea, Kenya, Mali, Niger, Pakistan, Senegal, and Somalia.\nWild poliovirus\nSince the last Emergency Committee meeting, twelve new WPV1 cases were reported, five from Afghanistan and seven from Pakistan bringing the total to 14 in 2024. The number of WPV1 positive environmental samples in Pakistan in 2024 is 186 compared to 126 during all of 2023. The number of WPV1 positive environmental samples in Afghanistan in 2024 is 44 compared to 62 in all of 2023.\nThere has been an upward trend of WPV1 detection in Pakistan since mid-2023, mainly in the environmental samples from Khyber Pakhtunkhwa, Sindh and Balochistan provinces. In Afghanistan, there is increased WPV1 detection in the environmental samples in the South Region since late 2023, in addition to reporting of two WPV1 cases. The committee noted the conclusion of recently held meeting of the Technical Advisory Group (TAG) on polio eradication in Afghanistan and Pakistan that despite overall progress, endemic transmission has been re-established in the historic reservoirs of Kandahar (Afghanistan) and Peshawar (Pakistan) and there is risk of its re-establishment in Karachi and Quetta Block of Pakistan. Review of th
... [truncated, total 29149 chars]
================================================================================

================================================================================
Article ID: WHO_9275a2f76302f6e7 | Attempt: 2
Error: Cannot extract valid JSON from response: line 1 column 1 (char 0)
Raw response (30399 chars):
{
"id": "WHO_9275a2f76302f6e7",
"date_iso": "2024-08-13T00:00:00",
"full_text": "The thirty-ninth meeting of the Emergency Committee under the International Health Regulations (2005) (IHR) on the international spread of poliovirus was convened by the WHO Director-General on 08 July 2024 with committee members and advisers meeting via video conference with affected countries, supported by the WHO Secretariat. The Emergency Committee reviewed the data on wild poliovirus (WPV1) and circulating vaccine derived polioviruses (cVDPV) in the context of the global target of interruption and certification of WPV1 eradication by 2026 and interruption and certification of cVDPV2 elimination by 2028. Technical updates were received about the situation in the following countries: Afghanistan, Ethiopia, Equatorial Guinea, Kenya, Mali, Niger, Pakistan, Senegal, and Somalia.\nWild poliovirus\nSince the last Emergency Committee meeting, twelve new WPV1 cases were reported, five from Afghanistan and seven from Pakistan bringing the total to 14 in 2024. The number of WPV1 positive environmental samples in Pakistan in 2024 is 186 compared to 126 during all of 2023. The number of WPV1 positive environmental samples in Afghanistan in 2024 is 44 compared to 62 in all of 2023.\nThere has been an upward trend of WPV1 detection in Pakistan since mid-2023, mainly in the environmental samples from Khyber Pakhtunkhwa, Sindh and Balochistan provinces. In Afghanistan, there is increased WPV1 detection in the environmental samples in the South Region since late 2023, in addition to reporting of two WPV1 cases. The committee noted the conclusion of recently held meeting of the Technical Advisory Group (TAG) on polio eradication in Afghanistan and Pakistan that despite overall progress, endemic transmission has been re-established in the historic reservoirs of Kandahar (Afghanistan) and Peshawar (Pakistan) and there is risk of its re-establishment in Karachi and Quetta Block of Pakistan. Review of th
... [truncated, total 30399 chars]
================================================================================

================================================================================
Article ID: WHO_9275a2f76302f6e7 | Attempt: 3
Error: Cannot extract valid JSON from response: line 1 column 1 (char 0)
Raw response (28374 chars):
{
"id": "WHO_9275a2f76302f6e7",
"date_iso": "2024-08-13T00:00:00",
"full_text": "The thirty-ninth meeting of the Emergency Committee under the International Health Regulations (2005) (IHR) on the international spread of poliovirus was convened by the WHO Director-General on 08 July 2024 with committee members and advisers meeting via video conference with affected countries, supported by the WHO Secretariat. The Emergency Committee reviewed the data on wild poliovirus (WPV1) and circulating vaccine derived polioviruses (cVDPV) in the context of the global target of interruption and certification of WPV1 eradication by 2026 and interruption and certification of cVDPV2 elimination by 2028. Technical updates were received about the situation in the following countries: Afghanistan, Ethiopia, Equatorial Guinea, Kenya, Mali, Niger, Pakistan, Senegal, and Somalia.\nWild poliovirus\nSince the last Emergency Committee meeting, twelve new WPV1 cases were reported, five from Afghanistan and seven from Pakistan bringing the total to 14 in 2024. The number of WPV1 positive environmental samples in Pakistan in 2024 is 186 compared to 126 during all of 2023. The number of WPV1 positive environmental samples in Afghanistan in 2024 is 44 compared to 62 in all of 2023.\nThere has been an upward trend of WPV1 detection in Pakistan since mid-2023, mainly in the environmental samples from Khyber Pakhtunkhwa, Sindh and Balochistan provinces. In Afghanistan, there is increased WPV1 detection in the environmental samples in the South Region since late 2023, in addition to reporting of two WPV1 cases. The committee noted the conclusion of recently held meeting of the Technical Advisory Group (TAG) on polio eradication in Afghanistan and Pakistan that despite overall progress, endemic transmission has been re-established in the historic reservoirs of Kandahar (Afghanistan) and Peshawar (Pakistan) and there is risk of its re-establishment in Karachi and Quetta Block of Pakistan. Review of th
... [truncated, total 28374 chars]
================================================================================

================================================================================
Article ID: WHO_94230105753e79a7 | Attempt: 1
Error: Cannot extract valid JSON from response: line 1 column 1 (char 0)
Raw response (11115 chars):
{
"id": "WHO_94230105753e79a7",
"date_iso": "2024-05-22T00:00:00",
"full_text": "The World Health Organization’s (WHO) Task Team on Climate Change, Neglected Tropical Diseases (NTDs) and Malaria, in partnership with Reaching the Last Mile (RLM), has released a major scoping review published in Transactions of the Royal Society of Tropical Medicine and Hygiene . The review of 42 693 articles reveals that there is not yet sufficient understanding of the actual and potential impacts of human-induced changes to climate patterns on malaria and NTDs.\nRising temperatures and changing weather patterns are altering the spread of vector-borne diseases, with significant implications for human health and placing additional strain on systems. As the geographic range of disease vectors like mosquitoes expands, so does the risk of introducing – or reintroducing – these diseases to new, unprepared areas. The findings of this review highlight that these shifts in prevalence, incidence, range and intensity of malaria and a number of NTDs may be felt hardest in those communities already disproportionately impacted by them.\n“The findings presented in this major review highlight the need for more comprehensive, collaborative, and standardized modelling, so that we can better understand and predict the effects of climate change on malaria and NTDs, both directly and indirectly,” said Dr Ibrahima Socé Fall, Director of WHO’s Global NTD Programme, who led the study. “This important and timely review reveals alarming trends and is a call to urgent action. Malaria transmission is likely to shift both polewards and to higher altitude, while the mosquito vector responsible for transmission of dengue and chikungunya is predicted to continue to expand its range. If we are to protect and build upon the hard-won victories of the past two decades, the time to mobilize is now.”\nDespite this, the paper highlights that published research has too often focused on low-disease burden countries with Hi
... [truncated, total 11115 chars]
================================================================================

================================================================================
Article ID: WHO_94230105753e79a7 | Attempt: 2
Error: Cannot extract valid JSON from response: line 1 column 1 (char 0)
Raw response (11271 chars):
{
"id": "WHO_94230105753e79a7",
"date_iso": "2024-05-22T00:00:00",
"full_text": "The World Health Organization’s (WHO) Task Team on Climate Change, Neglected Tropical Diseases (NTDs) and Malaria, in partnership with Reaching the Last Mile (RLM), has released a major scoping review published in Transactions of the Royal Society of Tropical Medicine and Hygiene . The review of 42 693 articles reveals that there is not yet sufficient understanding of the actual and potential impacts of human-induced changes to climate patterns on malaria and NTDs.\nRising temperatures and changing weather patterns are altering the spread of vector-borne diseases, with significant implications for human health and placing additional strain on systems. As the geographic range of disease vectors like mosquitoes expands, so does the risk of introducing – or reintroducing – these diseases to new, unprepared areas. The findings of this review highlight that these shifts in prevalence, incidence, range and intensity of malaria and a number of NTDs may be felt hardest in those communities already disproportionately impacted by them.\n“The findings presented in this major review highlight the need for more comprehensive, collaborative, and standardized modelling, so that we can better understand and predict the effects of climate change on malaria and NTDs, both directly and indirectly,” said Dr Ibrahima Socé Fall, Director of WHO’s Global NTD Programme, who led the study. “This important and timely review reveals alarming trends and is a call to urgent action. Malaria transmission is likely to shift both polewards and to higher altitude, while the mosquito vector responsible for transmission of dengue and chikungunya is predicted to continue to expand its range. If we are to protect and build upon the hard-won victories of the past two decades, the time to mobilize is now.”\nDespite this, the paper highlights that published research has too often focused on low-disease burden countries with Hi
... [truncated, total 11271 chars]
================================================================================

================================================================================
Article ID: WHO_167d2de5b885981e | Attempt: 1
Error: Cannot extract valid JSON from response: line 1 column 1 (char 0)
Raw response (19251 chars):
{
"id": "WHO_167d2de5b885981e",
"date_iso": "2024-04-26T00:00:00",
"full_text": "Key points\nSARS-CoV-2 continues to circulate and evolve with important genetic and antigenic evolution of the spike protein.\nThe objective of an update to COVID-19 vaccine antigen composition is to enhance vaccine-induced immune responses to circulating SARS-CoV-2 variants.\nAs the virus is expected to continue to evolve from JN.1, the TAG-CO-VAC advises the use of a monovalent JN.1 lineage as the antigen in future formulations of COVID-19 vaccines.\nIn accordance with WHO SAGE policy, vaccination programmes should continue to use any of the WHO emergency-use listed or prequalified COVID-19 vaccines and vaccination should not be delayed in anticipation of access to vaccines with an updated composition.\nThe WHO Technical Advisory Group on COVID-19 Vaccine Composition (TAG-CO-VAC) meets regularly to assess the impact of SARS-CoV-2 evolution on the performance of approved COVID-19 vaccines. This includes meeting in person approximately every six months to determine the implications of SARS-CoV-2 evolution on COVID-19 vaccine antigen composition and to advise WHO on whether changes are needed to the antigen composition of future COVID-19 vaccines. The twice-yearly evidence review by the TAG-CO-VAC is based on the need for continued monitoring of the evolution of SARS-CoV-2 and the kinetics and protection of vaccine-derived immunity.\nIn May 2023, the TAG-CO-VAC recommended the use of a monovalent XBB.1 descendent lineage, such as XBB.1.5 , as the vaccine antigen. In December 2023, the TAG-CO-VAC advised retaining the use of a monovalent XBB.1 descendent lineage, such as XBB.1.5 , as the vaccine antigen. Several manufacturers (using mRNA, protein-based and viral vector vaccine platforms) have developed COVID-19 vaccines with a monovalent XBB.1.5 formulation which have been approved for use by regulatory authorities and introduced into COVID-19 vaccination programmes in some countries. Pre
... [truncated, total 19251 chars]
================================================================================

================================================================================
Article ID: WHO_167d2de5b885981e | Attempt: 2
Error: Cannot extract valid JSON from response: line 1 column 1 (char 0)
Raw response (19768 chars):
{
"id": "WHO_167d2de5b885981e",
"date_iso": "2024-04-26T00:00:00",
"full_text": "Key points\nSARS-CoV-2 continues to circulate and evolve with important genetic and antigenic evolution of the spike protein.\nThe objective of an update to COVID-19 vaccine antigen composition is to enhance vaccine-induced immune responses to circulating SARS-CoV-2 variants.\nAs the virus is expected to continue to evolve from JN.1, the TAG-CO-VAC advises the use of a monovalent JN.1 lineage as the antigen in future formulations of COVID-19 vaccines.\nIn accordance with WHO SAGE policy, vaccination programmes should continue to use any of the WHO emergency-use listed or prequalified COVID-19 vaccines and vaccination should not be delayed in anticipation of access to vaccines with an updated composition.\nThe WHO Technical Advisory Group on COVID-19 Vaccine Composition (TAG-CO-VAC) meets regularly to assess the impact of SARS-CoV-2 evolution on the performance of approved COVID-19 vaccines. This includes meeting in person approximately every six months to determine the implications of SARS-CoV-2 evolution on COVID-19 vaccine antigen composition and to advise WHO on whether changes are needed to the antigen composition of future COVID-19 vaccines. The twice-yearly evidence review by the TAG-CO-VAC is based on the need for continued monitoring of the evolution of SARS-CoV-2 and the kinetics and protection of vaccine-derived immunity.\nIn May 2023, the TAG-CO-VAC recommended the use of a monovalent XBB.1 descendent lineage, such as XBB.1.5 , as the vaccine antigen. In December 2023, the TAG-CO-VAC advised retaining the use of a monovalent XBB.1 descendent lineage, such as XBB.1.5 , as the vaccine antigen. Several manufacturers (using mRNA, protein-based and viral vector vaccine platforms) have developed COVID-19 vaccines with a monovalent XBB.1.5 formulation which have been approved for use by regulatory authorities and introduced into COVID-19 vaccination programmes in some countries. Pre
... [truncated, total 19768 chars]
================================================================================

================================================================================
Article ID: WHO_2a7a973fa353a764 | Attempt: 1
Error: Cannot extract valid JSON from response: line 1 column 1 (char 0)
Raw response (10859 chars):
{
"id": "WHO_2a7a973fa353a764",
"date_iso": "2024-02-11T00:00:00",
"full_text": "In December 2023, multiple partners 1 conducted an intensive 11-day course on rabies surveillance and control in the capital city of Cameroon, Yaoundé. This training brought together 25 professionals working in different sectors (human health and animal health) and countries (Cameroon, Central African Republic, Chad, Congo, Democratic Republic of the Congo). After completing extensive online preparatory sessions in the preceding months, course participants gathered in person to put their theoretical knowledge into hands-on experience – in the classroom, the laboratory and the field. This covered different elements of a rabies programme including rabies control planning and management, data collection and sharing, diagnostics, post-exposure prophylaxis for exposed individuals, human rabies case management, mass dog vaccination, and community awareness and engagement.\nPhoto credit: WHO/Deborah Nadal\nThe course presented participants with the most common challenges that rabies-endemic countries experience.\nChallenge 1. Provision of post-exposure prophylaxis (PEP) is the emergency response to rabies exposure. It prevents the virus from entering the central nervous system, which would invariably result in death. Depending on the severity of the contact with the suspected rabid animal, PEP may consist of thorough wound washing, the administration of rabies immunoglobulin or monoclonal antibodies for quick passive immunization, and a course of rabies vaccination.\nCountries and their communities are faced with the unavailability of vaccines in remote areas and their unaffordability for low-income individuals. Participants visited the rabies clinic of the Centre Pasteur du Cameroun in Yaoundé, where health professionals guided them through the PEP process, explaining what to do for each of the three rabies exposure categories and demonstrating how to perform intradermal vaccination.\nPhoto c
... [truncated, total 10859 chars]
================================================================================

================================================================================
Article ID: WHO_2a7a973fa353a764 | Attempt: 2
Error: Cannot extract valid JSON from response: line 1 column 1 (char 0)
Raw response (10746 chars):
{
"id": "WHO_2a7a973fa353a764",
"date_iso": "2024-02-11T00:00:00",
"full_text": "In December 2023, multiple partners 1 conducted an intensive 11-day course on rabies surveillance and control in the capital city of Cameroon, Yaoundé. This training brought together 25 professionals working in different sectors (human health and animal health) and countries (Cameroon, Central African Republic, Chad, Congo, Democratic Republic of the Congo). After completing extensive online preparatory sessions in the preceding months, course participants gathered in person to put their theoretical knowledge into hands-on experience – in the classroom, the laboratory and the field. This covered different elements of a rabies programme including rabies control planning and management, data collection and sharing, diagnostics, post-exposure prophylaxis for exposed individuals, human rabies case management, mass dog vaccination, and community awareness and engagement.\nPhoto credit: WHO/Deborah Nadal\nThe course presented participants with the most common challenges that rabies-endemic countries experience.\nChallenge 1. Provision of post-exposure prophylaxis (PEP) is the emergency response to rabies exposure. It prevents the virus from entering the central nervous system, which would invariably result in death. Depending on the severity of the contact with the suspected rabid animal, PEP may consist of thorough wound washing, the administration of rabies immunoglobulin or monoclonal antibodies for quick passive immunization, and a course of rabies vaccination.\nCountries and their communities are faced with the unavailability of vaccines in remote areas and their unaffordability for low-income individuals. Participants visited the rabies clinic of the Centre Pasteur du Cameroun in Yaoundé, where health professionals guided them through the PEP process, explaining what to do for each of the three rabies exposure categories and demonstrating how to perform intradermal vaccination.\nPhoto c
... [truncated, total 10746 chars]
================================================================================

================================================================================
Article ID: WHO_944e882f8681112c | Attempt: 1
Error: Cannot extract valid JSON from response: line 1 column 1 (char 0)
Raw response (8883 chars):
{
"id": "WHO_944e882f8681112c",
"date_iso": "2024-02-06T00:00:00",
"full_text": "The World Health Organization (WHO) has released a report following a virtual roundtable meeting held on 4 October 2023, focused on exploring guiding principles for developmentally-appropriate online mental health content for young people.\nThe WHO and BMJ convened 22 global health experts with backgrounds in digital media, child and adolescent mental health and suicide prevention participated in the discussions. Participants were diverse in gender and geographic locations, joining online from 16 different countries.\nPrior to the meeting, WHO commissioned a rapid review to explore the existing literature and perspectives of young people through focus group discussions. The review explored evidence and young people’s views on what online content can best promote young people’s well-being and mental health.\nDue to limited research on audiences under 13 years, the meeting experts focused on discussing evidence and experience primarily in relation to young people aged 13-17 years.\nNo formal WHO guidelines and recommendations were established during the meeting; rather, agreed actionable points were proposed that would benefit young people and inform further work in this area.\nThe guiding principles\nFrom the rapid review, 10 guiding principles for developmentally-appropriate online mental health content were identified. These were ranked by experts in the pre-meeting survey, and key considerations for the implementation of guiding principles were discussed during the roundtable.\nThe 10 guiding principles cover areas of emotional relevance, practical advice, cognitive fit, relatable language, diversity and inclusivity, real-life stories, visual engagement, evidence-based clarity, accessibility, and alignment to human rights standards.\nKey takeaways for applying the guiding principles\nThe several key takeaways for defining and applying the guiding principles emerging from the roundtabl
... [truncated, total 8883 chars]
================================================================================

================================================================================
Article ID: WHO_944e882f8681112c | Attempt: 2
Error: Cannot extract valid JSON from response: line 1 column 1 (char 0)
Raw response (8838 chars):
{
"id": "WHO_944e882f8681112c",
"date_iso": "2024-02-06T00:00:00",
"full_text": "The World Health Organization (WHO) has released a report following a virtual roundtable meeting held on 4 October 2023, focused on exploring guiding principles for developmentally-appropriate online mental health content for young people.\nThe WHO and BMJ convened 22 global health experts with backgrounds in digital media, child and adolescent mental health and suicide prevention participated in the discussions. Participants were diverse in gender and geographic locations, joining online from 16 different countries.\nPrior to the meeting, WHO commissioned a rapid review to explore the existing literature and perspectives of young people through focus group discussions. The review explored evidence and young people’s views on what online content can best promote young people’s well-being and mental health.\nDue to limited research on audiences under 13 years, the meeting experts focused on discussing evidence and experience primarily in relation to young people aged 13-17 years.\nNo formal WHO guidelines and recommendations were established during the meeting; rather, agreed actionable points were proposed that would benefit young people and inform further work in this area.\nThe guiding principles\nFrom the rapid review, 10 guiding principles for developmentally-appropriate online mental health content were identified. These were ranked by experts in the pre-meeting survey, and key considerations for the implementation of guiding principles were discussed during the roundtable.\nThe 10 guiding principles cover areas of emotional relevance, practical advice, cognitive fit, relatable language, diversity and inclusivity, real-life stories, visual engagement, evidence-based clarity, accessibility, and alignment to human rights standards.\nKey takeaways for applying the guiding principles\nThe several key takeaways for defining and applying the guiding principles emerging from the roundtabl
... [truncated, total 8838 chars]
================================================================================

================================================================================
Article ID: WHO_f359e62f19181722 | Attempt: 1
Error: Cannot extract valid JSON from response: line 1 column 1 (char 0)
Raw response (7952 chars):
{
"id": "WHO_f359e62f19181722",
"date_iso": "2024-01-23T00:00:00",
"full_text": "Three new Regional Directors were appointed today by WHO’s Executive Board to lead the Organization in the Eastern Mediterranean, South-East Asia, and Western Pacific Regions. Regional Directors are nominated by Regional Committees and appointed by the Executive Board.\nDr Hanan Hassan Balkhy will serve as Regional Director for the Eastern Mediterranean, Ms Saima Wazed will serve as Regional Director for South-East Asia, and Dr Saia Ma’u Piukala will serve as Regional Director for the Western Pacific, all starting on 1 February 2024. Each Regional Director serves for a five-year term.\n“I congratulate our three new Regional Directors on their appointment. I wish them much luck in their new roles and look forward to working with them to advance our mission to achieve Health for All.” WHO Director-General Dr Tedros Adhanom Ghebreyesus said.\nFrom the Eastern Mediterranean Regional Office in Cairo, Egypt, Dr Hanan Balkhy will direct international health work in 22 countries and territories with 745 million people. A graduate of King Abdulaziz University in Jeddah, Dr Balkhy completed her paediatric residency training at Massachusetts General Hospital in Boston, USA, and completed a paediatric infectious diseases fellowship with the Cleveland Clinic Foundation and Case Western Reserve University, also in the USA. She has served as Assistant Director-General for Antimicrobial Resistance at WHO headquarters since 2019. Over 20 years of her career, she has led many public health initiatives in her country, the Kingdom of Saudi Arabia. Previously, she was Executive Director for Infection Prevention and Control at the Saudi Arabian Ministry of National Guard. She led the Gulf Cooperation Council Centre for Infection Control and the WHO Collaborating Centre on Infection Prevention and Control and Antimicrobial Resistance.\nFrom the South-East Asia Regional Office in New Delhi, India, Ms Saima Waz
... [truncated, total 7952 chars]
================================================================================

================================================================================
Article ID: WHO_f208a10cfad20e86 | Attempt: 1
Error: Cannot extract valid JSON from response: line 1 column 1 (char 0)
Raw response (8154 chars):
{
"id": "WHO_f208a10cfad20e86",
"date_iso": "2024-01-16T00:00:00",
"full_text": "Globally there are 1.25 billion adult tobacco users, according to the latest estimates in the World Health Organization (WHO) tobacco trends report out today.\nTrends in 2022 show a continued decline in tobacco use rates globally. With about 1 in 5 adults worldwide consuming tobacco compared to 1 in 3 in 2000.\nThe report shows that 150 countries are successfully reducing tobacco use. Brazil and the Netherlands are seeing success after they implemented MPOWER tobacco control measures, with Brazil making a relative reduction of 35% since 2010 and the Netherlands on the verge of reaching the 30% target.\n“Good progress has been made in tobacco control in recent years, but there is no time for complacency. I’m astounded at the depths the tobacco industry will go to pursue profits at the expense of countless lives. We see that the minute a government thinks they have won the fight against tobacco the tobacco industry seizes the opportunity to manipulate health policies and sell their deadly products,\" says Dr Ruediger Krech, Director of WHO Department of Health Promotion.\nWHO urges countries to continue putting in place tobacco control policies and continue to fight against tobacco industry interference.\nCurrently the WHO South-East Asian Region has the highest percentage of population using tobacco at 26.5% with the European Region not far behind at 25.3%. The report shows that by 2030 the WHO European Region is projected to have the highest rates globally with a prevalence of just over 23%. Tobacco use rates among women in WHO’s European region are more than double the global average and are reducing much slower than in all other regions.\nWhile the numbers have steadily decreased over the years the world will make it to a 25% relative reduction in tobacco use by 2025, missing the voluntary global goal of 30% reduction from the 2010 baseline. Only 56 countries globally will reach this 
... [truncated, total 8154 chars]
================================================================================

================================================================================
Article ID: WHO_f208a10cfad20e86 | Attempt: 2
Error: Cannot extract valid JSON from response: line 1 column 1 (char 0)
Raw response (7964 chars):
{
"id": "WHO_f208a10cfad20e86",
"date_iso": "2024-01-16T00:00:00",
"full_text": "Globally there are 1.25 billion adult tobacco users, according to the latest estimates in the World Health Organization (WHO) tobacco trends report out today.\nTrends in 2022 show a continued decline in tobacco use rates globally. With about 1 in 5 adults worldwide consuming tobacco compared to 1 in 3 in 2000.\nThe report shows that 150 countries are successfully reducing tobacco use. Brazil and the Netherlands are seeing success after they implemented MPOWER tobacco control measures, with Brazil making a relative reduction of 35% since 2010 and the Netherlands on the verge of reaching the 30% target.\n“Good progress has been made in tobacco control in recent years, but there is no time for complacency. I’m astounded at the depths the tobacco industry will go to pursue profits at the expense of countless lives. We see that the minute a government thinks they have won the fight against tobacco the tobacco industry seizes the opportunity to manipulate health policies and sell their deadly products,\" says Dr Ruediger Krech, Director of WHO Department of Health Promotion.\nWHO urges countries to continue putting in place tobacco control policies and continue to fight against tobacco industry interference.\nCurrently the WHO South-East Asian Region has the highest percentage of population using tobacco at 26.5% with the European Region not far behind at 25.3%. The report shows that by 2030 the WHO European Region is projected to have the highest rates globally with a prevalence of just over 23%. Tobacco use rates among women in WHO’s European region are more than double the global average and are reducing much slower than in all other regions.\nWhile the numbers have steadily decreased over the years the world will make it to a 25% relative reduction in tobacco use by 2025, missing the voluntary global goal of 30% reduction from the 2010 baseline. Only 56 countries globally will reach this 
... [truncated, total 7964 chars]
================================================================================

================================================================================
Article ID: WHO_c613d4be6ffbeeab | Attempt: 1
Error: Cannot extract valid JSON from response: line 1 column 1 (char 0)
Raw response (17191 chars):
{
"id": "WHO_c613d4be6ffbeeab",
"date_iso": "2024-01-16T00:00:00",
"full_text": "Distinguished Chair Feng Yong,\nEsteemed Members of the PBAC, dear colleagues and friends,\nGood morning, and a very happy New Year to all of you.\n2023 was another year of achievements and challenges for our Organization, as we celebrated our 75 th anniversary.\nIt was also a year tinged with sadness, as we lost our dear sister Dr Carissa Etienne, the former Regional Director for the Americas.\nDr Etienne was a greatly loved, respected and admired member of the WHO family, and her untimely passing leaves a hole in our hearts, and in global health.\nAnd just two months ago, we lost our colleague Dima Alhaj, who worked as a patient administrator at the Limb Reconstruction Centre in Gaza.\nDima was killed alongside her husband, their six-month-old son, her two brothers and dozens of extended family when the house they were sheltering in was bombed.\n2024 promises to be another very important year for our WHO, with the pandemic agreement, amendments to the International Health Regulations, the 14 th General Programme of Work and the first Investment Round – and that’s just for starters.\nIt’s a pleasure to welcome you once again to PBAC – a PBAC with a difference.\nMember States have made clear that they want more time for more in-depth discussion on the most important issues.\nSo for the first time, this PBAC is four days instead of three, with this first day dedicated to deep-dive discussions on the 14 th General Programme of Work and the Investment Round.\nAnother innovation is that for the first time we will have a facilitator for those deep-dive discussions, Björn Kummel of Germany, who is well known to all of you.\nI thank Member States for their engagement with the development of the 14 th General Programme of Work over the past six months.\nGPW14 builds on GPW13, and there is much continuity between them.\nIt incorporates lessons learned from the GPW13 evaluation, as well as the re
... [truncated, total 17191 chars]
================================================================================

================================================================================
Article ID: WHO_4a2c517c46cf0413 | Attempt: 1
Error: Cannot extract valid JSON from response: line 1 column 1 (char 0)
Raw response (9847 chars):
{
"id": "WHO_4a2c517c46cf0413",
"date_iso": "2024-01-12T00:00:00",
"full_text": "Communiqué on snakebite and climate change\nSnakebite burdens the health systems of most tropical countries, with thousands of deaths and disabilities every year. Our knowledge of where venomous snakes live and their impact on human populations is currently insufficient. Climate change will only exacerbate the issue by affecting where, when, and how snakes share space with people. This is because snakes will shift their distributions as temperatures rise and extreme events become more common. They will become either more or less abundant and change their activity patterns. Humans will change farming practices, and there will be greater pressures to migrate or be displaced. As a result, human–snake contact and conflict are expected to become more pronounced or frequent in some regions.\nGiven the substantial investment required to supply resources such as antivenom to communities in need, any mitigation strategies that are planned to control this neglected tropical disease (NTD) need to be ‘future-proofed’ and potential crisis situations anticipated.\nThe World Health Organization (WHO) is using geographic information systems (GIS) and state-of- the-art modelling techniques to map snake distributions and snakebite incidence to predict the future changes in snake–human conflict expected because of climate change.\nSnake distribution mapping\nThe WHO NTD team, in collaboration with the Division of Data, Analytics and Delivery for Impact, has collaborated with snake experts to define the distribution of hundreds of medically relevant snake species and created species distribution models showing the suitability of habitat at 1 km resolution for all these snakes under current and future climate conditions (2050 and 2090). The team overlayed these models with human population data and snakebite risk factors to find areas where humans and snakes have the most contact and how these contact zones
... [truncated, total 9847 chars]
================================================================================

================================================================================
Article ID: WHO_d6d330213c4c2019 | Attempt: 1
Error: Cannot extract valid JSON from response: line 1 column 1 (char 0)
Raw response (10130 chars):
{
"id": "WHO_d6d330213c4c2019",
"date_iso": "2024-01-10T00:00:00",
"full_text": "In the Western Pacific Region behavioural sciences are being recognized, and integrated, in strategies to improve health outcomes. Leaders at the World Health Organization (WHO) Regional Committee for the Western Pacific’s seventy-fourth session (held 16 to 20 October 2023) endorsed two frameworks which embrace behavioural sciences within both communication for health and strengthening health security.\nAlongside other health challenges, the Western Pacific Region confronts public health emergencies from wide-ranging hazards such as emerging infectious diseases, antimicrobial resistance, extreme weather events and earthquakes. These threats, along with knowledge gained from the COVID-19 pandemic, reinforce the value of investing in health security and advancing comprehensive, integrated and forward-looking approaches to address challenges and improve health outcomes.\nInclusion of behavioural sciences as part of regional health approaches builds on substantial work by the WHO Regional Office for Western Pacific , working closely with the Behavioural Insights Unit at headquarters, to advance the use of behavioural insights to inform effective policies and interventions.\nCommunicating for health impact\nTo communicate effectively to influence behaviours, it is necessary to pay attention to factors that shape how people perceive, interpret and react to messages delivered. Behavioural insights (BI) can help better understand these influencing factors to inform health-related communication. WHO Regional Office for Western Pacific’s Communication for Health (C4H ) approach brings together varied theories, tools and techniques, including from social and behavioural sciences, storytelling and evidence-based planning, monitoring and learning – to develop communication intended to support improving health-related behaviours.\nThe C4H approach underpins the regional Communication for Health resol
... [truncated, total 10130 chars]
================================================================================

================================================================================
Article ID: WHO_da219dcb3f42a853 | Attempt: 1
Error: Cannot extract valid JSON from response: line 1 column 1 (char 0)
Raw response (10676 chars):
{
"id": "WHO_da219dcb3f42a853",
"date_iso": "2024-01-10T00:00:00",
"full_text": "July - September 2023\nFood safety incidents\nThe INFOSAN Secretariat was involved in 46 food safety incidents concerning WHO Member States (MS) and territories from all WHO regions during this third quarter of the year. There were thirty-two incidents involving a biological hazard [ Salmonella spp. (12), Listeria monocytogenes (10), Clostridium botulinum (3), Bacillus cereus (2), Shigella spp. (2) E. coli (1), Norovirus (1) Staphylococcus aureus (1)]; eight involving an undeclared allergen/ingredient [gluten (4), almonds (2), egg (1), peanuts (1)]; four involving a physical hazard [plastic (2), metal (1), stones (1)]; two involving a chemical hazard [capsaicin (1), chlorpyrifos (1)].\nThe food categories most commonly involved in the 46 incidents during the third quarter of 2023 were composite food (9), meat and meats products (5), vegetables and vegetable products (5), fish and other seafood (4), fruit and fruit products (4), snacks, desserts, and other foods (4), Herbs, spices and condiments (3), milk and dairy products (3), nuts and oil seeds (3), eggs and egg products (2), cereals and cereal-based products (1), non-alcoholic drinks (1), sugar and confectionary (1) and one unknown.\nDue to the active engagement of INFOSAN members and partners, 41% of incidents were reported to the INFOSAN Secretariat by INFOSAN members (Emergency Contact Points and Focal Points), 35% of those incidents were communicated to the Secretariat through the European Commission’s Rapid Alert System for Food and Feed (RASFF), and 24% through various WHO channels.\nBotulism cases detected in France linked to homemade canned fish.\nDuring the third quarter, on 12 September 2023, French local public health authorities identified a suspected cluster of botulism cases (n=10) . Initial reports stated that one individual lost their life, and eight were hospitalized in Bordeaux University Hospital. As of 14 Septembe
... [truncated, total 10676 chars]
================================================================================

================================================================================
Article ID: WHO_da219dcb3f42a853 | Attempt: 2
Error: Cannot extract valid JSON from response: line 1 column 1 (char 0)
Raw response (10148 chars):
{
"id": "WHO_da219dcb3f42a853",
"date_iso": "2024-01-10T00:00:00",
"full_text": "July - September 2023\nFood safety incidents\nThe INFOSAN Secretariat was involved in 46 food safety incidents concerning WHO Member States (MS) and territories from all WHO regions during this third quarter of the year. There were thirty-two incidents involving a biological hazard [ Salmonella spp. (12), Listeria monocytogenes (10), Clostridium botulinum (3), Bacillus cereus (2), Shigella spp. (2) E. coli (1), Norovirus (1) Staphylococcus aureus (1)]; eight involving an undeclared allergen/ingredient [gluten (4), almonds (2), egg (1), peanuts (1)]; four involving a physical hazard [plastic (2), metal (1), stones (1)]; two involving a chemical hazard [capsaicin (1), chlorpyrifos (1)].\nThe food categories most commonly involved in the 46 incidents during the third quarter of 2023 were composite food (9), meat and meats products (5), vegetables and vegetable products (5), fish and other seafood (4), fruit and fruit products (4), snacks, desserts, and other foods (4), Herbs, spices and condiments (3), milk and dairy products (3), nuts and oil seeds (3), eggs and egg products (2), cereals and cereal-based products (1), non-alcoholic drinks (1), sugar and confectionary (1) and one unknown.\nDue to the active engagement of INFOSAN members and partners, 41% of incidents were reported to the INFOSAN Secretariat by INFOSAN members (Emergency Contact Points and Focal Points), 35% of those incidents were communicated to the Secretariat through the European Commission’s Rapid Alert System for Food and Feed (RASFF), and 24% through various WHO channels.\nBotulism cases detected in France linked to homemade canned fish.\nDuring the third quarter, on 12 September 2023, French local public health authorities identified a suspected cluster of botulism cases (n=10) . Initial reports stated that one individual lost their life, and eight were hospitalized in Bordeaux University Hospital. As of 14 Septembe
... [truncated, total 10148 chars]
================================================================================

================================================================================
Article ID: WHO_46af9e5c7309ac6a | Attempt: 1
Error: Schema: Missing claims category: NOT_ENOUGH_INFO
Raw response (11615 chars):
{
"id": "WHO_46af9e5c7309ac6a",
"date_iso": "2024-01-10T00:00:00",
"full_text": "Good morning, good afternoon and good evening.\nWhile many of us celebrated the dawning of the new year with family and friends, for millions of people across the world, 2024 is not a happy New Year.\nThis Sunday marks the 100 th day of the conflict in Israel and the occupied Palestinian territory.\nThe situation is indescribable.\nAlmost 90% of the population of Gaza – 1.9 million people – have been displaced, and many have been forced to move multiple times.\nPeople are standing in line for hours for a small amount of water, which may not be clean, or bread, which alone is not sufficiently nutritious.\nOnly 15 hospitals are functioning even partially.\nThe lack of clean water and sanitation, and overcrowded living conditions are creating the ideal environment for diseases to spread.\nDelivering humanitarian aid in Gaza continues to face nearly insurmountable challenges.\nIntense bombardment, restrictions on movement, fuel shortages, and interrupted communications make it impossible for WHO and our partners to reach those in need.\nWe have the supplies, the teams and the plans in place. What we don’t have is access.\nWHO has had to cancel 6 planned missions to northern Gaza since the 26th of December, when we had our last mission, because our requests were rejected and assurances of safe passage were not provided.\nA mission planned for today has also been cancelled.\nThe barrier to delivering humanitarian aid to the people of Gaza is not the capabilities of the UN, WHO or our partners. The barrier is access.\nWe call on Israel to approve requests by WHO and other partners to deliver humanitarian aid.\nWe continue to call for a ceasefire, but even without one, corridors can be established to allow the safe passage of humanitarian aid and workers.\nWe continue to call for the release of the remaining hostages.\nAnd we continue to call on all sides to protect healthcare, in accordance wi
... [truncated, total 11615 chars]
================================================================================

================================================================================
Article ID: WHO_69016a4b5f9d9d54 | Attempt: 1
Error: Cannot extract valid JSON from response: line 1 column 1 (char 0)
Raw response (23152 chars):
{
"id": "WHO_69016a4b5f9d9d54",
"date_iso": "2024-01-05T00:00:00",
"full_text": "Thomas Barns\nA life of adventure and service\nBorn in 1919, Dr Barns graduated from Oxford University, England as a medical doctor in 1944. He was immediately drafted into the British Army during the second World War. He married while waiting for his posting, but three days into the honeymoon, he received his embarkation orders.\nHe was stationed in India where he served as an anesthetist in a frontline mobile surgical unit. He returned to Oxford three years later to specialize in obstetrics and gynecology, gaining experience while researching his PhD in pelvic tuberculosis, which won him the Blair Bell Memorial Lecture at the Royal College of Obstetricians and Gynaecologists in London.\nIn 1952 he was appointed as State obstetrician and gynecologist for Johore, Malaysia, and as a personal physician to the Sultan. There, he developed the Flying Squad Service to deliver emergency obstetrics services to remote locations regardless of communist insurgency.\nDr Barns' life was not without risks. During his time in Malaysia, he worked in the red zone and drove his specially designed jeep, with medical supplies and operating space on board, to provide emergency care wherever it was needed.\nDr Barns in 1969, during travel from India to the United Kingdom, with the special jeep that he built from scratch . Credit: WHO\nServing the most vulnerable at WHO\nDr Barns worked for the WHO Regional Office of South-East Asia (SEARO) in Delhi, India from 1971 to 1978, and with the WHO Country Office in Sri Lanka. He also worked in Vellore, India, training nurses in Hindi. Notably, he had the memorable opportunity of meeting and working with Mother Teresa in Delhi.\nHis career took him around the world, to war zones and remote villages, where he developed emergency and outreach systems that are still used today.\nDr Barns celebrating his 100th birthday with colleagues at the WHO Office in Thailand, in 2
... [truncated, total 23152 chars]
================================================================================

================================================================================
Article ID: WHO_fbd90ba864d2459a | Attempt: 1
Error: Cannot extract valid JSON from response: line 1 column 1 (char 0)
Raw response (8392 chars):
{
"id": "WHO_fbd90ba864d2459a",
"date_iso": "2023-12-26T00:00:00",
"full_text": "The World Health Organization (WHO) will move forward with its plans to develop a set of standards and recommendations that can be adopted and adapted for the medical (care) planning of mass gatherings following the conclusion of a successful two-day consultation that was held at the WHO office in Lyon, France, in November 2023, to explore the proposal further.\nA technical working group will now be set up to develop and discuss an early draft of the model in the first half of 2024, with the Emergency Medical Teams (EMT) methodology of principles, standards and quality domains forming the bedrock of the work. This will then be followed by further consultations and testing of the agreed model with key stakeholders.\nThe workshop, which was organized by the WHO EMT and other Rapid Response Capacities Unit and Border Health and Mass Gatherings Unit, came on the back of work done in 2022 – including activities delivered as part of the Sport for Health partnership with the Ministry of Public Health of Qatar – which had identified that there are no minimum standards for the medical planning of mass gatherings, and that the EMT methodology, with adaptions, is well suited to respond to this need.\nIn attendance to discuss this proposal and share their experiences, insights, approaches and real-life challenges with the medical care planning of mass gatherings were senior professionals and leaders from 14 Member States representing all six WHO regions, representatives from international organizations including the International Olympic Committee (IOC), the Fédération Internationale de Football Association (FIFA) and the International Criminal Police Organization (Interpol), and experts from WHO Collaborating Centres on Mass Gatherings and Health Security.\nThis unique gathering of experts from across borders, specialisms, and sectors “underscored the collaborative and interdisciplinary nature of 
... [truncated, total 8392 chars]
================================================================================

================================================================================
Article ID: WHO_1b8c402462f77eea | Attempt: 1
Error: Cannot extract valid JSON from response: line 1 column 1 (char 0)
Raw response (28751 chars):
{
"id": "WHO_1b8c402462f77eea",
"date_iso": "2023-12-22T00:00:00",
"full_text": "The thirty-seventh meeting of the Emergency Committee under the International Health Regulations (2005) (IHR) on the international spread of poliovirus was convened by the WHO Director-General on 12 December 2023 with Committee members and advisers meeting face to face, and via video conference with affected countries, supported by the WHO Secretariat. The Emergency Committee reviewed the data on wild poliovirus (WPV1) and circulating vaccine derived polioviruses (cVDPV) in the context of the global target of eradication of WPV and cessation of outbreaks of cVDPV2. Technical updates were received about the situation in the following countries: Afghanistan, Egypt, Guinea, Mauritania, Nigeria, Pakistan and Zimbabwe.\nWild poliovirus\nThere have been four new cases of WPV1 in Pakistan since the last meeting, bringing the total to six in 2023. Furthermore, there has been a large increase in environmental detections, with 60 positive samples found in the three months from September to November, bringing the total in 2023 to 82. After a period of non-detection, new transmission is occurring in the Quetta Block in Balochistan, in Karachi in Sindh, Islamabad / Rawalpindi and in Peshawar in Khyber Pakhtunkhwa (KP) province. Although implementation of a polio action plan in southern KP has resulted in 160,000 more children being vaccinated, the context remains challenging: political instability, insecurity in some areas, with front line workers requiring police patrols to accompany them, and vaccination boycotts where communities make demands for other services in exchange for allowing polio vaccination. The programme continues to miss a significant number of children in Pakistan.\nSince the last meeting, there have been no new WPV1 cases reported from Afghanistan, where the total number of cases remains six, all from Nangarhar province. However, there have been 46 WPV1 positive environmental sam
... [truncated, total 28751 chars]
================================================================================

================================================================================
Article ID: WHO_1b8c402462f77eea | Attempt: 2
Error: Cannot extract valid JSON from response: line 1 column 1 (char 0)
Raw response (28764 chars):
{
"id": "WHO_1b8c402462f77eea",
"date_iso": "2023-12-22T00:00:00",
"full_text": "The thirty-seventh meeting of the Emergency Committee under the International Health Regulations (2005) (IHR) on the international spread of poliovirus was convened by the WHO Director-General on 12 December 2023 with Committee members and advisers meeting face to face, and via video conference with affected countries, supported by the WHO Secretariat. The Emergency Committee reviewed the data on wild poliovirus (WPV1) and circulating vaccine derived polioviruses (cVDPV) in the context of the global target of eradication of WPV and cessation of outbreaks of cVDPV2. Technical updates were received about the situation in the following countries: Afghanistan, Egypt, Guinea, Mauritania, Nigeria, Pakistan and Zimbabwe.\nWild poliovirus\nThere have been four new cases of WPV1 in Pakistan since the last meeting, bringing the total to six in 2023. Furthermore, there has been a large increase in environmental detections, with 60 positive samples found in the three months from September to November, bringing the total in 2023 to 82. After a period of non-detection, new transmission is occurring in the Quetta Block in Balochistan, in Karachi in Sindh, Islamabad / Rawalpindi and in Peshawar in Khyber Pakhtunkhwa (KP) province. Although implementation of a polio action plan in southern KP has resulted in 160,000 more children being vaccinated, the context remains challenging: political instability, insecurity in some areas, with front line workers requiring police patrols to accompany them, and vaccination boycotts where communities make demands for other services in exchange for allowing polio vaccination. The programme continues to miss a significant number of children in Pakistan.\nSince the last meeting, there have been no new WPV1 cases reported from Afghanistan, where the total number of cases remains six, all from Nangarhar province. However, there have been 46 WPV1 positive environmental sam
... [truncated, total 28764 chars]
================================================================================

================================================================================
Article ID: WHO_1b8c402462f77eea | Attempt: 3
Error: Cannot extract valid JSON from response: line 1 column 1 (char 0)
Raw response (29466 chars):
{
"id": "WHO_1b8c402462f77eea",
"date_iso": "2023-12-22T00:00:00",
"full_text": "The thirty-seventh meeting of the Emergency Committee under the International Health Regulations (2005) (IHR) on the international spread of poliovirus was convened by the WHO Director-General on 12 December 2023 with Committee members and advisers meeting face to face, and via video conference with affected countries, supported by the WHO Secretariat. The Emergency Committee reviewed the data on wild poliovirus (WPV1) and circulating vaccine derived polioviruses (cVDPV) in the context of the global target of eradication of WPV and cessation of outbreaks of cVDPV2. Technical updates were received about the situation in the following countries: Afghanistan, Egypt, Guinea, Mauritania, Nigeria, Pakistan and Zimbabwe.\nWild poliovirus\nThere have been four new cases of WPV1 in Pakistan since the last meeting, bringing the total to six in 2023. Furthermore, there has been a large increase in environmental detections, with 60 positive samples found in the three months from September to November, bringing the total in 2023 to 82. After a period of non-detection, new transmission is occurring in the Quetta Block in Balochistan, in Karachi in Sindh, Islamabad / Rawalpindi and in Peshawar in Khyber Pakhtunkhwa (KP) province. Although implementation of a polio action plan in southern KP has resulted in 160,000 more children being vaccinated, the context remains challenging: political instability, insecurity in some areas, with front line workers requiring police patrols to accompany them, and vaccination boycotts where communities make demands for other services in exchange for allowing polio vaccination. The programme continues to miss a significant number of children in Pakistan.\nSince the last meeting, there have been no new WPV1 cases reported from Afghanistan, where the total number of cases remains six, all from Nangarhar province. However, there have been 46 WPV1 positive environmental sam
... [truncated, total 29466 chars]
================================================================================

================================================================================
Article ID: WHO_1b8c402462f77eea | Attempt: 4
Error: Cannot extract valid JSON from response: line 1 column 1 (char 0)
Raw response (29041 chars):
{
"id": "WHO_1b8c402462f77eea",
"date_iso": "2023-12-22T00:00:00",
"full_text": "The thirty-seventh meeting of the Emergency Committee under the International Health Regulations (2005) (IHR) on the international spread of poliovirus was convened by the WHO Director-General on 12 December 2023 with Committee members and advisers meeting face to face, and via video conference with affected countries, supported by the WHO Secretariat. The Emergency Committee reviewed the data on wild poliovirus (WPV1) and circulating vaccine derived polioviruses (cVDPV) in the context of the global target of eradication of WPV and cessation of outbreaks of cVDPV2. Technical updates were received about the situation in the following countries: Afghanistan, Egypt, Guinea, Mauritania, Nigeria, Pakistan and Zimbabwe.\nWild poliovirus\nThere have been four new cases of WPV1 in Pakistan since the last meeting, bringing the total to six in 2023. Furthermore, there has been a large increase in environmental detections, with 60 positive samples found in the three months from September to November, bringing the total in 2023 to 82. After a period of non-detection, new transmission is occurring in the Quetta Block in Balochistan, in Karachi in Sindh, Islamabad / Rawalpindi and in Peshawar in Khyber Pakhtunkhwa (KP) province. Although implementation of a polio action plan in southern KP has resulted in 160,000 more children being vaccinated, the context remains challenging: political instability, insecurity in some areas, with front line workers requiring police patrols to accompany them, and vaccination boycotts where communities make demands for other services in exchange for allowing polio vaccination. The programme continues to miss a significant number of children in Pakistan.\nSince the last meeting, there have been no new WPV1 cases reported from Afghanistan, where the total number of cases remains six, all from Nangarhar province. However, there have been 46 WPV1 positive environmental sam
... [truncated, total 29041 chars]
================================================================================

================================================================================
Article ID: WHO_1b8c402462f77eea | Attempt: 5
Error: Cannot extract valid JSON from response: line 1 column 1 (char 0)
Raw response (29194 chars):
{
"id": "WHO_1b8c402462f77eea",
"date_iso": "2023-12-22T00:00:00",
"full_text": "The thirty-seventh meeting of the Emergency Committee under the International Health Regulations (2005) (IHR) on the international spread of poliovirus was convened by the WHO Director-General on 12 December 2023 with Committee members and advisers meeting face to face, and via video conference with affected countries, supported by the WHO Secretariat. The Emergency Committee reviewed the data on wild poliovirus (WPV1) and circulating vaccine derived polioviruses (cVDPV) in the context of the global target of eradication of WPV and cessation of outbreaks of cVDPV2. Technical updates were received about the situation in the following countries: Afghanistan, Egypt, Guinea, Mauritania, Nigeria, Pakistan and Zimbabwe.\nWild poliovirus\nThere have been four new cases of WPV1 in Pakistan since the last meeting, bringing the total to six in 2023. Furthermore, there has been a large increase in environmental detections, with 60 positive samples found in the three months from September to November, bringing the total in 2023 to 82. After a period of non-detection, new transmission is occurring in the Quetta Block in Balochistan, in Karachi in Sindh, Islamabad / Rawalpindi and in Peshawar in Khyber Pakhtunkhwa (KP) province. Although implementation of a polio action plan in southern KP has resulted in 160,000 more children being vaccinated, the context remains challenging: political instability, insecurity in some areas, with front line workers requiring police patrols to accompany them, and vaccination boycotts where communities make demands for other services in exchange for allowing polio vaccination. The programme continues to miss a significant number of children in Pakistan.\nSince the last meeting, there have been no new WPV1 cases reported from Afghanistan, where the total number of cases remains six, all from Nangarhar province. However, there have been 46 WPV1 positive environmental sam
... [truncated, total 29194 chars]
================================================================================

================================================================================
Article ID: WHO_47e60c939bf35293 | Attempt: 1
Error: Schema: Missing claims category: NOT_ENOUGH_INFO
Raw response (12111 chars):
{
"id": "WHO_47e60c939bf35293",
"date_iso": "2023-12-21T00:00:00",
"full_text": "Kate O'Brien, Director of the Department of Immunization, Vaccines and Biologicals at WHO\nDespite multiple health-related crises, the year 2023 will be remembered as a triumph in global health, with countries coming together to stamp out infectious diseases through dedicated efforts and collaborative action. As the World Health Organization (WHO), celebrated its 75th year in April 2023 , a spirit of unity prevailed, reminding us that together, we can provide everyone with the best chance for a healthy life.\nOn May 5, 2023, WHO Director-General, Dr Tedros Adhanom Ghebreyesus, declared the end of the COVID-19 global health emergency . This momentous occasion highlighted the innovation of vaccine researchers, the grit and resolve of vaccine delivery programmes around the world, political commitment by government leaders, and the incredible dedication of health and care workers.\n\" The Big Catch-up \" initiative announced earlier in the year by WHO and key partners marked a coordinated effort to reverse the historic declines in childhood vaccination resulting from the pandemic and resume the hard-fought gains that will put communities and countries on the path to the Immunization Agenda 2030 (IA2030) goals which have been committed to at the World Health Assembly. Promising signs of recovery in childhood immunization levels were apparent though unevenly felt across countries, offering hope for being able to reach a future where no child dies of a vaccine-preventable disease.\nSeptember brought a pivotal moment with the meeting of the Strategic Advisory Group of Experts on Immunization (SAGE) issuing crucial new recommendations for vaccines against malaria, dengue, and meningitis . In a key milestone for malaria vaccines, the Malaria Vaccine Implementation Programme (MVIP), will be completed this December. This is a time to acknowledge the lessons learned and celebrate the substantial hea
... [truncated, total 12111 chars]
================================================================================

================================================================================
Article ID: WHO_47e60c939bf35293 | Attempt: 2
Error: Cannot extract valid JSON from response: line 1 column 1 (char 0)
Raw response (12231 chars):
{
"id": "WHO_47e60c939bf35293",
"date_iso": "2023-12-21T00:00:00",
"full_text": "Kate O'Brien, Director of the Department of Immunization, Vaccines and Biologicals at WHO\nDespite multiple health-related crises, the year 2023 will be remembered as a triumph in global health, with countries coming together to stamp out infectious diseases through dedicated efforts and collaborative action. As the World Health Organization (WHO), celebrated its 75th year in April 2023 , a spirit of unity prevailed, reminding us that together, we can provide everyone with the best chance for a healthy life.\nOn May 5, 2023, WHO Director-General, Dr Tedros Adhanom Ghebreyesus, declared the end of the COVID-19 global health emergency . This momentous occasion highlighted the innovation of vaccine researchers, the grit and resolve of vaccine delivery programmes around the world, political commitment by government leaders, and the incredible dedication of health and care workers.\n\" The Big Catch-up \" initiative announced earlier in the year by WHO and key partners marked a coordinated effort to reverse the historic declines in childhood vaccination resulting from the pandemic and resume the hard-fought gains that will put communities and countries on the path to the Immunization Agenda 2030 (IA2030) goals which have been committed to at the World Health Assembly. Promising signs of recovery in childhood immunization levels were apparent though unevenly felt across countries, offering hope for being able to reach a future where no child dies of a vaccine-preventable disease.\nSeptember brought a pivotal moment with the meeting of the Strategic Advisory Group of Experts on Immunization (SAGE) issuing crucial new recommendations for vaccines against malaria, dengue, and meningitis . In a key milestone for malaria vaccines, the Malaria Vaccine Implementation Programme (MVIP), will be completed this December. This is a time to acknowledge the lessons learned and celebrate the substantial hea
... [truncated, total 12231 chars]
================================================================================

================================================================================
Article ID: WHO_5c8ac1aa87f68c62 | Attempt: 1
Error: Cannot extract valid JSON from response: line 1 column 1 (char 0)
Raw response (5804 chars):
{
"id": "WHO_5c8ac1aa87f68c62",
"date_iso": "2023-12-20T00:00:00",
"full_text": "Today WHO releases a new quiz challenge on noncommunicable diseases (NCDs), as an innovative way to raise global awareness of the issues.\nNCDs, including cardiovascular diseases, cancer, diabetes, and chronic respiratory diseases, account for nearly three quarters of global deaths every year. Recognizing the urgent need to raise public awareness of the conditions and their modifiable risk factors, WHO has developed an interactive course featuring a global quiz challenge on what NCDs are, why they matter, and how they can be prevented.\nHosted on Kahoot!, a global learning platform, the course seeks to increase awareness about the true scale of the threat posed by NCDs and their risk factors, using interactive questions and engaging content. The new quiz challenge draws on insights from an international poll on public perceptions of NCDs , conducted by the global polling company Gallup in partnership with WHO and Bloomberg Philanthropies. It is a part of a broader educational campaign that will continue to promote new ways of reaching different audiences with health content on NCDs and other global health issues.\nJoin the movement towards a healthier world in 2024. Take the NCD quiz, share your new knowledge, and help everyone enjoy longer, healthier lives.\nVisit for more information .\nRelated\nNoncommunicable diseases\nNoncommunicable diseases Q&A\nInvisible numbers: The true extent of noncommunicable diseases and what to do about them\nFact sheets",
"claims": {
"SUPPORTED": [
{
"claim": "Tổ chức Y tế Thế giới (WHO) phát hành một thử thách đố vui toàn cầu mới về các bệnh không lây nhiễm nhằm nâng cao nhận thức.",
"label": "SUPPORTED",
"evidence": [
{
"type": "text",
"quote": ["Today WHO releases a new quiz challenge on noncommunicable diseases (NCDs), as an innovative way to raise global awareness of the issues."],
"article_id": "WHO_5c8ac1aa87f68c62",
"url": "https://www.who.int/ne
... [truncated, total 5804 chars]
================================================================================

================================================================================
Article ID: WHO_c5081ca33f753705 | Attempt: 1
Error: Cannot extract valid JSON from response: line 1 column 1 (char 0)
Raw response (10020 chars):
{
"id": "WHO_c5081ca33f753705",
"date_iso": "2023-12-18T00:00:00",
"full_text": "The urgent need to address the social factors impacting the health of migrants\nAnna*, a hairdresser from Benin City in Nigeria, experienced abuse at the hands of her father. Unable to receive justice due to lack of strong evidence, she decided to flee. Tempted by promises of better economic opportunities, Anna embarked on an irregular migration journey, unaware of the dangers that awaited her.\n“It was at my workplace that I got information [about migration],” she said. “My boss claimed his brother’s wife was abroad and I could work for her, and if I migrated out of the country now that I had all these hairdressing skills, I was going to make a lot of money in just a week, enough to pay off my [new] boss (madam).”\nLoaded into overcrowded trucks with poor hygiene conditions, Anna was smuggled from Nigeria to Libya. The conditions were deplorable, and she faced physical and sexual abuse from traffickers.\n“... When I asked what in was doing here, one of the traffickers slapped me in the face. ... I was dumped in the desert for two days. On the third day, another pickup truck came with four men. Each of them took turns on me. They all raped me in the desert.”\nEven upon reaching Libya, her health deteriorated. Despite her illness, she was forced into prostitution.\nAfter enduring four years and eight months of despair with no hope of returning home, and determined to search for better life conditions, she made the decision to attempt an irregular journey to Italy. However, she was intercepted at sea, and ultimately sent back to Nigeria.\nPhoto credits: Jibril Olamide Baruma\nReturning to her home country, Anna faced stigma and discrimination, exacerbating her already fragile health conditions. Mocked and isolated, she lost her appetite and suffered of poor physical and mental health.\n“Neighbours laughed at me because I returned in the same state I went away [in poverty]. I suffered a lo
... [truncated, total 10020 chars]
================================================================================

================================================================================
Article ID: WHO_598beb4183d8e85d | Attempt: 1
Error: Cannot extract valid JSON from response: line 1 column 1 (char 0)
Raw response (11320 chars):
{
"id": "WHO_598beb4183d8e85d",
"date_iso": "2023-12-12T00:00:00",
"full_text": "WHO reiterates its call for the protection of health care and humanitarian assistance in Gaza, following military checkpoint delays and detention of health partners during a mission to transfer critically-ill patients and deliver supplies to a hospital in northern Gaza. During the mission, a patient reportedly died.\nOn 9 December 2023, a WHO team, in collaboration with the Palestine Red Crescent Society (PRCS) and the United Nations Office for the Coordination of Humanitarian Affairs (OCHA), and with support from the United Nations Department of Safety and Security (UNDSS), completed a high-risk mission to Al-Ahli Hospital in Gaza City to deliver medical supplies, assess the situation in the hospital, and transfer critically-injured patients to a hospital in the south. The mission delivered trauma and surgical supplies, enough to treat 1500 patients, to the hospital, and transferred 19 critical patients with 14 companions to Nasser Medical Complex in south Gaza, where they can receive a higher level of care.\nOn the way north, the UN convoy was inspected at the Wadi Gaza checkpoint, and ambulance crew members had to leave the vehicles for identification. Two PRCS staff were detained for over an hour, further delaying the mission. WHO staff saw one of them being made to kneel at gunpoint and then taken out of sight, where he was reportedly harassed, beaten, stripped and searched.\nAs the mission entered Gaza City, the aid truck carrying the medical supplies and one of the ambulances were hit by bullets.\nOn the way back towards southern Gaza, with the patients from Al-Ahli Hospital on board, the convoy was again stopped at the Wadi Gaza checkpoint, where PRCS staff and most of the patients had to leave the ambulances for security checks. Critical patients remaining in the ambulances were searched by armed soldiers.\nOne of the same two PRCS staff temporarily detained earlier on the way 
... [truncated, total 11320 chars]
================================================================================

================================================================================
Article ID: WHO_898712970dd9917f | Attempt: 1
Error: Cannot extract valid JSON from response: line 1 column 1 (char 0)
Raw response (14159 chars):
{
"id": "WHO_898712970dd9917f",
"date_iso": "2023-12-11T00:00:00",
"full_text": "The World Health Organization (WHO) has published the 2023 global health expenditure report, which sheds new light on the evolution of global health spending at the height of the COVID-19 pandemic. Released ahead of Universal Health Coverage (UHC) Day, the report reveals that in 2021 global spending on health reached a new high of US$ 9.8 trillion or 10.3% of global gross domestic product (GDP). Nevertheless, the distribution of spending remained grossly unequal. Public spending on health had increased across the world, except in low-income countries where government health spending decreased and external health aid played an essential supporting role. In 2021, about 11% of the world's population lived in countries that spent less than US$ 50 per person per year, while the average per capita spending on health was around US$ 4 000 in high-income countries. Low-income countries accounted for only 0.24% of global health expenditure, despite having an 8% share of the world’s population. Investments in health need to continue The record spending on health in 2021 demonstrated how countries prioritized public health during the pandemic even as economies and societies reeled from the massive disruptions it caused. However, the report also highlights that the scale of growth in public spending on health observed during this period is unlikely to be sustained, as countries shift focus to handle other economic priorities such as slowing growth, high inflation rates and increased debt servicing obligations associated with rising indebtedness. “Sustained public financing on health is urgently needed to progress towards universal health coverage. It is especially critical at this time when the world is confronted by the climate crisis, conflicts and other complex emergencies. People’s health and well-being need to be protected by resilient health systems that can also withstand these shocks,” said 
... [truncated, total 14159 chars]
================================================================================

================================================================================
Article ID: WHO_3dc4aa397b4dabe9 | Attempt: 1
Error: Cannot extract valid JSON from response: line 1 column 1 (char 0)
Raw response (10808 chars):
{
"id": "WHO_3dc4aa397b4dabe9",
"date_iso": "2025-05-13T00:00:00",
"full_text": "Honourable Minister Dr Jane Aceng,\nDr Carlos Correa,\nExcellencies, honourable ministers, dear colleagues and friends,\nGood afternoon, and I thank Uganda and Minister Aceng for the invitation to join you today.\nMy thanks also to Azerbaijan for their leadership as previous chair of the Non-Aligned Movement and for all their support during their tenure. I look forward to working with Uganda as the new chair.\nThank you all for your continuing commitment to WHO, global health, and multilateralism.\nEvery World Health Assembly is significant, but this year’s Assembly feels especially so.\nNext week, Member States will consider three major agenda items that are of huge importance both now and for the future of WHO and its work.\nFirst, the Pandemic Agreement. If adopted, the Pandemic Agreement will be a landmark instrument of international law, and just the second such instrument to be negotiated under the WHO Constitution – the first being the Framework Convention on Tobacco Control, as you know.\nThe Agreement addresses the gaps in global health security exposed by the COVID-19 pandemic, and is based on the fundamental principle that shared threats demand a shared response.\nThank you all for your commitment to negotiating the Agreement over the past three-and-a-half years, and thank you for the spirit of collaboration in which you worked.\nI know that many of you compromised on things you did not want to – and so did all Member States.\nBut I admire and applaud you for being willing to compromise, to converge, and to reach consensus.\nYou have sent a powerful message that multilateralism is alive and kicking, and that in these divided times, countries can still find a way to find common ground.\n===\nThe second major agenda item to be considered at next week’s Health Assembly is the Programme Budget for the 2026-2027 biennium.\nThe loss of U.S. funding, combined with reductions in offi
... [truncated, total 10808 chars]
================================================================================

================================================================================
Article ID: WHO_3dc4aa397b4dabe9 | Attempt: 2
Error: Cannot extract valid JSON from response: line 1 column 1 (char 0)
Raw response (10690 chars):
{
"id": "WHO_3dc4aa397b4dabe9",
"date_iso": "2025-05-13T00:00:00",
"full_text": "Honourable Minister Dr Jane Aceng,\nDr Carlos Correa,\nExcellencies, honourable ministers, dear colleagues and friends,\nGood afternoon, and I thank Uganda and Minister Aceng for the invitation to join you today.\nMy thanks also to Azerbaijan for their leadership as previous chair of the Non-Aligned Movement and for all their support during their tenure. I look forward to working with Uganda as the new chair.\nThank you all for your continuing commitment to WHO, global health, and multilateralism.\nEvery World Health Assembly is significant, but this year’s Assembly feels especially so.\nNext week, Member States will consider three major agenda items that are of huge importance both now and for the future of WHO and its work.\nFirst, the Pandemic Agreement. If adopted, the Pandemic Agreement will be a landmark instrument of international law, and just the second such instrument to be negotiated under the WHO Constitution – the first being the Framework Convention on Tobacco Control, as you know.\nThe Agreement addresses the gaps in global health security exposed by the COVID-19 pandemic, and is based on the fundamental principle that shared threats demand a shared response.\nThank you all for your commitment to negotiating the Agreement over the past three-and-a-half years, and thank you for the spirit of collaboration in which you worked.\nI know that many of you compromised on things you did not want to – and so did all Member States.\nBut I admire and applaud you for being willing to compromise, to converge, and to reach consensus.\nYou have sent a powerful message that multilateralism is alive and kicking, and that in these divided times, countries can still find a way to find common ground.\n===\nThe second major agenda item to be considered at next week’s Health Assembly is the Programme Budget for the 2026-2027 biennium.\nThe loss of U.S. funding, combined with reductions in offi
... [truncated, total 10690 chars]
================================================================================

================================================================================
Article ID: WHO_3dc4aa397b4dabe9 | Attempt: 3
Error: Cannot extract valid JSON from response: line 1 column 1 (char 0)
Raw response (11029 chars):
{
"id": "WHO_3dc4aa397b4dabe9",
"date_iso": "2025-05-13T00:00:00",
"full_text": "Honourable Minister Dr Jane Aceng,\nDr Carlos Correa,\nExcellencies, honourable ministers, dear colleagues and friends,\nGood afternoon, and I thank Uganda and Minister Aceng for the invitation to join you today.\nMy thanks also to Azerbaijan for their leadership as previous chair of the Non-Aligned Movement and for all their support during their tenure. I look forward to working with Uganda as the new chair.\nThank you all for your continuing commitment to WHO, global health, and multilateralism.\nEvery World Health Assembly is significant, but this year’s Assembly feels especially so.\nNext week, Member States will consider three major agenda items that are of huge importance both now and for the future of WHO and its work.\nFirst, the Pandemic Agreement. If adopted, the Pandemic Agreement will be a landmark instrument of international law, and just the second such instrument to be negotiated under the WHO Constitution – the first being the Framework Convention on Tobacco Control, as you know.\nThe Agreement addresses the gaps in global health security exposed by the COVID-19 pandemic, and is based on the fundamental principle that shared threats demand a shared response.\nThank you all for your commitment to negotiating the Agreement over the past three-and-a-half years, and thank you for the spirit of collaboration in which you worked.\nI know that many of you compromised on things you did not want to – and so did all Member States.\nBut I admire and applaud you for being willing to compromise, to converge, and to reach consensus.\nYou have sent a powerful message that multilateralism is alive and kicking, and that in these divided times, countries can still find a way to find common ground.\n===\nThe second major agenda item to be considered at next week’s Health Assembly is the Programme Budget for the 2026-2027 biennium.\nThe loss of U.S. funding, combined with reductions in offi
... [truncated, total 11029 chars]
================================================================================

================================================================================
Article ID: WHO_3dc4aa397b4dabe9 | Attempt: 4
Error: Cannot extract valid JSON from response: line 1 column 1 (char 0)
Raw response (10913 chars):
{
"id": "WHO_3dc4aa397b4dabe9",
"date_iso": "2025-05-13T00:00:00",
"full_text": "Honourable Minister Dr Jane Aceng,\nDr Carlos Correa,\nExcellencies, honourable ministers, dear colleagues and friends,\nGood afternoon, and I thank Uganda and Minister Aceng for the invitation to join you today.\nMy thanks also to Azerbaijan for their leadership as previous chair of the Non-Aligned Movement and for all their support during their tenure. I look forward to working with Uganda as the new chair.\nThank you all for your continuing commitment to WHO, global health, and multilateralism.\nEvery World Health Assembly is significant, but this year’s Assembly feels especially so.\nNext week, Member States will consider three major agenda items that are of huge importance both now and for the future of WHO and its work.\nFirst, the Pandemic Agreement. If adopted, the Pandemic Agreement will be a landmark instrument of international law, and just the second such instrument to be negotiated under the WHO Constitution – the first being the Framework Convention on Tobacco Control, as you know.\nThe Agreement addresses the gaps in global health security exposed by the COVID-19 pandemic, and is based on the fundamental principle that shared threats demand a shared response.\nThank you all for your commitment to negotiating the Agreement over the past three-and-a-half years, and thank you for the spirit of collaboration in which you worked.\nI know that many of you compromised on things you did not want to – and so did all Member States.\nBut I admire and applaud you for being willing to compromise, to converge, and to reach consensus.\nYou have sent a powerful message that multilateralism is alive and kicking, and that in these divided times, countries can still find a way to find common ground.\n===\nThe second major agenda item to be considered at next week’s Health Assembly is the Programme Budget for the 2026-2027 biennium.\nThe loss of U.S. funding, combined with reductions in offi
... [truncated, total 10913 chars]
================================================================================

================================================================================
Article ID: WHO_3dc4aa397b4dabe9 | Attempt: 5
Error: Cannot extract valid JSON from response: line 1 column 1 (char 0)
Raw response (11036 chars):
{
"id": "WHO_3dc4aa397b4dabe9",
"date_iso": "2025-05-13T00:00:00",
"full_text": "Honourable Minister Dr Jane Aceng,\nDr Carlos Correa,\nExcellencies, honourable ministers, dear colleagues and friends,\nGood afternoon, and I thank Uganda and Minister Aceng for the invitation to join you today.\nMy thanks also to Azerbaijan for their leadership as previous chair of the Non-Aligned Movement and for all their support during their tenure. I look forward to working with Uganda as the new chair.\nThank you all for your continuing commitment to WHO, global health, and multilateralism.\nEvery World Health Assembly is significant, but this year’s Assembly feels especially so.\nNext week, Member States will consider three major agenda items that are of huge importance both now and for the future of WHO and its work.\nFirst, the Pandemic Agreement. If adopted, the Pandemic Agreement will be a landmark instrument of international law, and just the second such instrument to be negotiated under the WHO Constitution – the first being the Framework Convention on Tobacco Control, as you know.\nThe Agreement addresses the gaps in global health security exposed by the COVID-19 pandemic, and is based on the fundamental principle that shared threats demand a shared response.\nThank you all for your commitment to negotiating the Agreement over the past three-and-a-half years, and thank you for the spirit of collaboration in which you worked.\nI know that many of you compromised on things you did not want to – and so did all Member States.\nBut I admire and applaud you for being willing to compromise, to converge, and to reach consensus.\nYou have sent a powerful message that multilateralism is alive and kicking, and that in these divided times, countries can still find a way to find common ground.\n===\nThe second major agenda item to be considered at next week’s Health Assembly is the Programme Budget for the 2026-2027 biennium.\nThe loss of U.S. funding, combined with reductions in offi
... [truncated, total 11036 chars]
================================================================================

================================================================================
Article ID: WHO_565c8d71c3fa7b3c | Attempt: 1
Error: Cannot extract valid JSON from response: line 1 column 1 (char 0)
Raw response (10703 chars):
{
"id": "WHO_565c8d71c3fa7b3c",
"date_iso": "2025-04-23T00:00:00",
"full_text": "Progress and insights from Colombia\nEvery year, an estimated 21 million girls aged 15–19 years in low- and middle-income countries become pregnant. Adolescent pregnancy leads to higher risks of maternal and infant mortality, a greater chance of mental health problems, and constraints for educational and economic prospects, which contributes to cycles of poverty and inequality that can span across generations\nIn many parts of the world, adolescents lack access to the information and resources necessary to make informed decisions about their sexual and reproductive health (SRH). This leaves them vulnerable to unintended pregnancies; child marriage further fuels the risk.\nThe World Health Organization (WHO) recently released an updated guideline for preventing early pregnancy and poor reproductive outcomes among adolescents in low- and middle-income countries, providing evidence-based normative guidance in two key areas: preventing child marriage and improving adolescents’ access to contraception. The recommendations highlight the importance of enabling laws and policies and education to achieve these goals.\nThe power of policy\nMany countries around the world have recently stepped up to make child marriage illegal. Colombia is one of these, with members of congress abolishing a law in November 2024 that allowed marriages from the age of 14. Importantly, the new bill they introduced also includes measures to restore the rights of children and adolescents affected by underage marriages and unions, with a special emphasis on supporting indigenous people and other vulnerable communities.\nA joint effort by authorities and society is required to eradicate this practice and guarantee the protection of girls' rights.\n“The effective implementation of this law shows a change in the social norms that perpetuate child marriage. A joint effort by authorities and society is required to eradicate 
... [truncated, total 10703 chars]
================================================================================

================================================================================
Article ID: WHO_565c8d71c3fa7b3c | Attempt: 2
Error: Cannot extract valid JSON from response: line 1 column 1 (char 0)
Raw response (10503 chars):
{
"id": "WHO_565c8d71c3fa7b3c",
"date_iso": "2025-04-23T00:00:00",
"full_text": "Progress and insights from Colombia\nEvery year, an estimated 21 million girls aged 15–19 years in low- and middle-income countries become pregnant. Adolescent pregnancy leads to higher risks of maternal and infant mortality, a greater chance of mental health problems, and constraints for educational and economic prospects, which contributes to cycles of poverty and inequality that can span across generations\nIn many parts of the world, adolescents lack access to the information and resources necessary to make informed decisions about their sexual and reproductive health (SRH). This leaves them vulnerable to unintended pregnancies; child marriage further fuels the risk.\nThe World Health Organization (WHO) recently released an updated guideline for preventing early pregnancy and poor reproductive outcomes among adolescents in low- and middle-income countries, providing evidence-based normative guidance in two key areas: preventing child marriage and improving adolescents’ access to contraception. The recommendations highlight the importance of enabling laws and policies and education to achieve these goals.\nThe power of policy\nMany countries around the world have recently stepped up to make child marriage illegal. Colombia is one of these, with members of congress abolishing a law in November 2024 that allowed marriages from the age of 14. Importantly, the new bill they introduced also includes measures to restore the rights of children and adolescents affected by underage marriages and unions, with a special emphasis on supporting indigenous people and other vulnerable communities.\nA joint effort by authorities and society is required to eradicate this practice and guarantee the protection of girls' rights.\n“The effective implementation of this law shows a change in the social norms that perpetuate child marriage. A joint effort by authorities and society is required to eradicate 
... [truncated, total 10503 chars]
================================================================================

================================================================================
Article ID: WHO_565c8d71c3fa7b3c | Attempt: 3
Error: Cannot extract valid JSON from response: line 1 column 1 (char 0)
Raw response (10790 chars):
{
"id": "WHO_565c8d71c3fa7b3c",
"date_iso": "2025-04-23T00:00:00",
"full_text": "Progress and insights from Colombia\nEvery year, an estimated 21 million girls aged 15–19 years in low- and middle-income countries become pregnant. Adolescent pregnancy leads to higher risks of maternal and infant mortality, a greater chance of mental health problems, and constraints for educational and economic prospects, which contributes to cycles of poverty and inequality that can span across generations\nIn many parts of the world, adolescents lack access to the information and resources necessary to make informed decisions about their sexual and reproductive health (SRH). This leaves them vulnerable to unintended pregnancies; child marriage further fuels the risk.\nThe World Health Organization (WHO) recently released an updated guideline for preventing early pregnancy and poor reproductive outcomes among adolescents in low- and middle-income countries, providing evidence-based normative guidance in two key areas: preventing child marriage and improving adolescents’ access to contraception. The recommendations highlight the importance of enabling laws and policies and education to achieve these goals.\nThe power of policy\nMany countries around the world have recently stepped up to make child marriage illegal. Colombia is one of these, with members of congress abolishing a law in November 2024 that allowed marriages from the age of 14. Importantly, the new bill they introduced also includes measures to restore the rights of children and adolescents affected by underage marriages and unions, with a special emphasis on supporting indigenous people and other vulnerable communities.\nA joint effort by authorities and society is required to eradicate this practice and guarantee the protection of girls' rights.\n“The effective implementation of this law shows a change in the social norms that perpetuate child marriage. A joint effort by authorities and society is required to eradicate 
... [truncated, total 10790 chars]
================================================================================

================================================================================
Article ID: WHO_565c8d71c3fa7b3c | Attempt: 4
Error: Cannot extract valid JSON from response: line 1 column 1 (char 0)
Raw response (10988 chars):
{
"id": "WHO_565c8d71c3fa7b3c",
"date_iso": "2025-04-23T00:00:00",
"full_text": "Progress and insights from Colombia\nEvery year, an estimated 21 million girls aged 15–19 years in low- and middle-income countries become pregnant. Adolescent pregnancy leads to higher risks of maternal and infant mortality, a greater chance of mental health problems, and constraints for educational and economic prospects, which contributes to cycles of poverty and inequality that can span across generations\nIn many parts of the world, adolescents lack access to the information and resources necessary to make informed decisions about their sexual and reproductive health (SRH). This leaves them vulnerable to unintended pregnancies; child marriage further fuels the risk.\nThe World Health Organization (WHO) recently released an updated guideline for preventing early pregnancy and poor reproductive outcomes among adolescents in low- and middle-income countries, providing evidence-based normative guidance in two key areas: preventing child marriage and improving adolescents’ access to contraception. The recommendations highlight the importance of enabling laws and policies and education to achieve these goals.\nThe power of policy\nMany countries around the world have recently stepped up to make child marriage illegal. Colombia is one of these, with members of congress abolishing a law in November 2024 that allowed marriages from the age of 14. Importantly, the new bill they introduced also includes measures to restore the rights of children and adolescents affected by underage marriages and unions, with a special emphasis on supporting indigenous people and other vulnerable communities.\nA joint effort by authorities and society is required to eradicate this practice and guarantee the protection of girls' rights.\n“The effective implementation of this law shows a change in the social norms that perpetuate child marriage. A joint effort by authorities and society is required to eradicate 
... [truncated, total 10988 chars]
================================================================================

================================================================================
Article ID: WHO_565c8d71c3fa7b3c | Attempt: 5
Error: Cannot extract valid JSON from response: line 1 column 1 (char 0)
Raw response (10860 chars):
{
"id": "WHO_565c8d71c3fa7b3c",
"date_iso": "2025-04-23T00:00:00",
"full_text": "Progress and insights from Colombia\nEvery year, an estimated 21 million girls aged 15–19 years in low- and middle-income countries become pregnant. Adolescent pregnancy leads to higher risks of maternal and infant mortality, a greater chance of mental health problems, and constraints for educational and economic prospects, which contributes to cycles of poverty and inequality that can span across generations\nIn many parts of the world, adolescents lack access to the information and resources necessary to make informed decisions about their sexual and reproductive health (SRH). This leaves them vulnerable to unintended pregnancies; child marriage further fuels the risk.\nThe World Health Organization (WHO) recently released an updated guideline for preventing early pregnancy and poor reproductive outcomes among adolescents in low- and middle-income countries, providing evidence-based normative guidance in two key areas: preventing child marriage and improving adolescents’ access to contraception. The recommendations highlight the importance of enabling laws and policies and education to achieve these goals.\nThe power of policy\nMany countries around the world have recently stepped up to make child marriage illegal. Colombia is one of these, with members of congress abolishing a law in November 2024 that allowed marriages from the age of 14. Importantly, the new bill they introduced also includes measures to restore the rights of children and adolescents affected by underage marriages and unions, with a special emphasis on supporting indigenous people and other vulnerable communities.\nA joint effort by authorities and society is required to eradicate this practice and guarantee the protection of girls' rights.\n“The effective implementation of this law shows a change in the social norms that perpetuate child marriage. A joint effort by authorities and society is required to eradicate 
... [truncated, total 10860 chars]
================================================================================

================================================================================
Article ID: WHO_1b8c402462f77eea | Attempt: 1
Error: Cannot extract valid JSON from response: line 1 column 1 (char 0)
Raw response (28702 chars):
{
"id": "WHO_1b8c402462f77eea",
"date_iso": "2023-12-22T00:00:00",
"full_text": "The thirty-seventh meeting of the Emergency Committee under the International Health Regulations (2005) (IHR) on the international spread of poliovirus was convened by the WHO Director-General on 12 December 2023 with Committee members and advisers meeting face to face, and via video conference with affected countries, supported by the WHO Secretariat. The Emergency Committee reviewed the data on wild poliovirus (WPV1) and circulating vaccine derived polioviruses (cVDPV) in the context of the global target of eradication of WPV and cessation of outbreaks of cVDPV2. Technical updates were received about the situation in the following countries: Afghanistan, Egypt, Guinea, Mauritania, Nigeria, Pakistan and Zimbabwe.\nWild poliovirus\nThere have been four new cases of WPV1 in Pakistan since the last meeting, bringing the total to six in 2023. Furthermore, there has been a large increase in environmental detections, with 60 positive samples found in the three months from September to November, bringing the total in 2023 to 82. After a period of non-detection, new transmission is occurring in the Quetta Block in Balochistan, in Karachi in Sindh, Islamabad / Rawalpindi and in Peshawar in Khyber Pakhtunkhwa (KP) province. Although implementation of a polio action plan in southern KP has resulted in 160,000 more children being vaccinated, the context remains challenging: political instability, insecurity in some areas, with front line workers requiring police patrols to accompany them, and vaccination boycotts where communities make demands for other services in exchange for allowing polio vaccination. The programme continues to miss a significant number of children in Pakistan.\nSince the last meeting, there have been no new WPV1 cases reported from Afghanistan, where the total number of cases remains six, all from Nangarhar province. However, there have been 46 WPV1 positive environmental sam
... [truncated, total 28702 chars]
================================================================================

================================================================================
Article ID: WHO_1b8c402462f77eea | Attempt: 2
Error: Cannot extract valid JSON from response: line 1 column 1 (char 0)
Raw response (29222 chars):
{
"id": "WHO_1b8c402462f77eea",
"date_iso": "2023-12-22T00:00:00",
"full_text": "The thirty-seventh meeting of the Emergency Committee under the International Health Regulations (2005) (IHR) on the international spread of poliovirus was convened by the WHO Director-General on 12 December 2023 with Committee members and advisers meeting face to face, and via video conference with affected countries, supported by the WHO Secretariat. The Emergency Committee reviewed the data on wild poliovirus (WPV1) and circulating vaccine derived polioviruses (cVDPV) in the context of the global target of eradication of WPV and cessation of outbreaks of cVDPV2. Technical updates were received about the situation in the following countries: Afghanistan, Egypt, Guinea, Mauritania, Nigeria, Pakistan and Zimbabwe.\nWild poliovirus\nThere have been four new cases of WPV1 in Pakistan since the last meeting, bringing the total to six in 2023. Furthermore, there has been a large increase in environmental detections, with 60 positive samples found in the three months from September to November, bringing the total in 2023 to 82. After a period of non-detection, new transmission is occurring in the Quetta Block in Balochistan, in Karachi in Sindh, Islamabad / Rawalpindi and in Peshawar in Khyber Pakhtunkhwa (KP) province. Although implementation of a polio action plan in southern KP has resulted in 160,000 more children being vaccinated, the context remains challenging: political instability, insecurity in some areas, with front line workers requiring police patrols to accompany them, and vaccination boycotts where communities make demands for other services in exchange for allowing polio vaccination. The programme continues to miss a significant number of children in Pakistan.\nSince the last meeting, there have been no new WPV1 cases reported from Afghanistan, where the total number of cases remains six, all from Nangarhar province. However, there have been 46 WPV1 positive environmental sam
... [truncated, total 29222 chars]
================================================================================

================================================================================
Article ID: WHO_b04e3d6c7f8e5e88 | Attempt: 1
Error: Cannot extract valid JSON from response: line 1 column 1 (char 0)
Raw response (7959 chars):
{
"id": "WHO_b04e3d6c7f8e5e88",
"date_iso": "2023-12-08T00:00:00",
"full_text": "©WHO/Chris B.\nGeneva – His Excellency Jérôme Bonnafont, Permanent Representative of France to the United Nations in Geneva, and Dr Tedros Adhanom Ghebreyesus, WHO Director-General, today signed several funding agreements totaling € 25.5 million to support critical health priorities.\nThe agreements include € 4.5 million of funding for the Core Voluntary Contribution Account (CVCA) of WHO; these are fully flexible funds which allow WHO to allocate resources to key priorities outlined in its General Programme of Work. An additional € 15 million will be used to deliver on specific key priorities, such as One Health, the advancement of universal health coverage, and primary health care, communicable and noncommunicable diseases, the medical countermeasure initiative, and the country readiness strengthening through WHO’s office in Lyon.\nA large part of the contribution (€ 6 million) is aimed at covering the humanitarian response on several fronts: € 2 million will go towards enhancing mental health initiatives in Ukraine; € 0.35 million is to support the response to the cholera outbreak in Malawi; € 1 million will support WHO’s humanitarian response in Gaza, with an additional € 2 million dedicated to strengthening the technical and human activities of the WHO Office in the occupied Palestinian territory. Finally, € 0.65 million will go to the Contingency Fund for Emergencies, to be used as needs arise.\n“As one of the world’s largest economies, France has a critical role to play in global health. France's financial contributions and agreements, signed today, provide flexibility and align well with WHO’s priorities to promote, provide, protect, power and perform for health” said Dr Tedros Adhanom Ghebreyesus, WHO Director-General.\nFrance’s WHO Framework Agreement for the period 2020-2025 ensures sustainable funding for priority health programmes, aligned with WHO priorities.\nSome of the 
... [truncated, total 7959 chars]
================================================================================

================================================================================
Article ID: WHO_037fba8f0720f544 | Attempt: 1
Error: Cannot extract valid JSON from response: line 1 column 1 (char 0)
Raw response (9861 chars):
{
"id": "WHO_037fba8f0720f544",
"date_iso": "2023-12-07T00:00:00",
"full_text": "Beyond pregnancy: experts call for greater attention to the long-term health challenges of women and girls in special Lancet Series\nEvery year, at least 40 million women are likely to experience a long-term health problem caused by childbirth, according to a new study published today in The Lancet Global Health. Part of a special Series on maternal health, the study shows a high burden of postnatal conditions that persist in the months or even years after giving birth. These include pain during sexual intercourse (dyspareunia), affecting more than a third (35%) of postpartum women, low back pain (32%), anal incontinence (19%), urinary incontinence (8-31%), anxiety (9-24%), depression (11-17%), perineal pain (11%), fear of childbirth (tokophobia) (6-15%) and secondary infertility (11%).\nThe authors of the paper call for greater recognition within the healthcare system of these common problems, many of which occur beyond the point where women typically have access to postnatal services. Effective care throughout pregnancy and childbirth is also a critical preventive factor, they argue, to detect risks and avert complications that can lead to lasting health issues after birth.\n“Many postpartum conditions cause considerable suffering in women’s daily life long after birth, both emotionally and physically, and yet they are largely underappreciated, underrecognized, and underreported,” said Dr Pascale Allotey, Director of Sexual and Reproductive Health and Research at WHO. “Throughout their lives, and beyond motherhood, women need access to a range of services from health-care providers who listen to their concerns and meet their needs - so they not only survive childbirth but can enjoy good health and quality of life.”\nDespite their prevalence, these conditions have been largely neglected in clinical research, practice and policy, the paper notes. During a literature review spanning the 
... [truncated, total 9861 chars]
================================================================================

================================================================================
Article ID: WHO_037fba8f0720f544 | Attempt: 2
Error: Cannot extract valid JSON from response: line 1 column 1 (char 0)
Raw response (10455 chars):
{
"id": "WHO_037fba8f0720f544",
"date_iso": "2023-12-07T00:00:00",
"full_text": "Beyond pregnancy: experts call for greater attention to the long-term health challenges of women and girls in special Lancet Series\nEvery year, at least 40 million women are likely to experience a long-term health problem caused by childbirth, according to a new study published today in The Lancet Global Health. Part of a special Series on maternal health, the study shows a high burden of postnatal conditions that persist in the months or even years after giving birth. These include pain during sexual intercourse (dyspareunia), affecting more than a third (35%) of postpartum women, low back pain (32%), anal incontinence (19%), urinary incontinence (8-31%), anxiety (9-24%), depression (11-17%), perineal pain (11%), fear of childbirth (tokophobia) (6-15%) and secondary infertility (11%).\nThe authors of the paper call for greater recognition within the healthcare system of these common problems, many of which occur beyond the point where women typically have access to postnatal services. Effective care throughout pregnancy and childbirth is also a critical preventive factor, they argue, to detect risks and avert complications that can lead to lasting health issues after birth.\n“Many postpartum conditions cause considerable suffering in women’s daily life long after birth, both emotionally and physically, and yet they are largely underappreciated, underrecognized, and underreported,” said Dr Pascale Allotey, Director of Sexual and Reproductive Health and Research at WHO. “Throughout their lives, and beyond motherhood, women need access to a range of services from health-care providers who listen to their concerns and meet their needs - so they not only survive childbirth but can enjoy good health and quality of life.”\nDespite their prevalence, these conditions have been largely neglected in clinical research, practice and policy, the paper notes. During a literature review spanning the 
... [truncated, total 10455 chars]
================================================================================

================================================================================
Article ID: WHO_2c4e2e72a270fd8b | Attempt: 1
Error: Cannot extract valid JSON from response: line 1 column 1 (char 0)
Raw response (11998 chars):
{
"id": "WHO_2c4e2e72a270fd8b",
"date_iso": "2023-12-07T00:00:00",
"full_text": "WHO collaborating centres in the WHO European Region\nFor NCDs, “We are working with WHO collaborating centres for a range of topics for NCDs over a range of modalities in our Region,” said Dr Kremlin Wickramasinghe, WHO Regional Adviser for Nutrition, Physical Activity and Obesity.\nIn July 2023, a group of more than 10 WHO collaborating centres (CCs) culminated years of effort with an “In-focus” joint training course on noncommunicable diseases (NCDs).\nThe project was initiated in 2018 as a priority during the meeting of WHO CCs focused on NCDs. The course is developed for early- and mid-career NCD professionals, including researchers, policy-makers and postgraduate students. The course was initially conceptualized as a summer course, but became virtual due to COVID-19.\nAround a third of WHO collaborating centres (270 out of more than 800) are located in 34 countries in the WHO European Region. The Region has the biggest number, and also some of the oldest WHO CCs. The first WHO CC was the Department of Biological Standardization at the State Serum Institute in Copenhagen, Denmark, originally designated in 1948. The countries in the Region hosting the largest numbers of CCs are the United Kingdom, Italy, Germany, the Russian Federation and Switzerland.\nTwo main activities for WHO CCs at the WHO Europe Region are training and evidence generation.\nExamples given are of a largely multidisciplinary and multisectoral nature, such as trans fat and salt lab measurement, school health promotion, material development for policy dialogue and symposium, a digital tool to assess and monitor advertisements of unhealthy food to children, alcohol and tobacco interventions, physical activity measurement and policy analysis, cardiovascular diseases management, and monitoring and implementing research. Many WHO CCs have also supported implementation activities in other countries, including countrie
... [truncated, total 11998 chars]
================================================================================

================================================================================
Article ID: WHO_2c4e2e72a270fd8b | Attempt: 2
Error: Cannot extract valid JSON from response: line 1 column 1 (char 0)
Raw response (12336 chars):
{
"id": "WHO_2c4e2e72a270fd8b",
"date_iso": "2023-12-07T00:00:00",
"full_text": "WHO collaborating centres in the WHO European Region\nFor NCDs, “We are working with WHO collaborating centres for a range of topics for NCDs over a range of modalities in our Region,” said Dr Kremlin Wickramasinghe, WHO Regional Adviser for Nutrition, Physical Activity and Obesity.\nIn July 2023, a group of more than 10 WHO collaborating centres (CCs) culminated years of effort with an “In-focus” joint training course on noncommunicable diseases (NCDs).\nThe project was initiated in 2018 as a priority during the meeting of WHO CCs focused on NCDs. The course is developed for early- and mid-career NCD professionals, including researchers, policy-makers and postgraduate students. The course was initially conceptualized as a summer course, but became virtual due to COVID-19.\nAround a third of WHO collaborating centres (270 out of more than 800) are located in 34 countries in the WHO European Region. The Region has the biggest number, and also some of the oldest WHO CCs. The first WHO CC was the Department of Biological Standardization at the State Serum Institute in Copenhagen, Denmark, originally designated in 1948. The countries in the Region hosting the largest numbers of CCs are the United Kingdom, Italy, Germany, the Russian Federation and Switzerland.\nTwo main activities for WHO CCs at the WHO Europe Region are training and evidence generation.\nExamples given are of a largely multidisciplinary and multisectoral nature, such as trans fat and salt lab measurement, school health promotion, material development for policy dialogue and symposium, a digital tool to assess and monitor advertisements of unhealthy food to children, alcohol and tobacco interventions, physical activity measurement and policy analysis, cardiovascular diseases management, and monitoring and implementing research. Many WHO CCs have also supported implementation activities in other countries, including countrie
... [truncated, total 12336 chars]
================================================================================
