
================================================================================
Article ID: VAFC_603b27f5c1c72ec2 | Attempt: 1
Error: Cannot extract valid JSON from response: line 1 column 1 (char 0)
Raw response (6290 chars):
{
"id": "VAFC_603b27f5c1c72ec2",
"date_iso": "2022-01-23T00:00:00",
"full_text": "Người phát ngôn Lê Thị Thu Hằng khẳng định thông tin Việt Nam đang xây dựng lực lượng dân quân tự vệ trên biển là sai sự thật và kiên quyết bác bỏ.\nTại họp báo thường kỳ ngày 9/12, trả lời câu hỏi của phóng viên về thông tin Campuchia, Chủ tịch ASEAN 2022, muốn mời Thống tướng Myanmar dự họp ASEAN, Người phát ngôn Bộ Ngoại giao Lê Thị Thu Hằng khẳng định:\nViệt Nam ủng hộ Campuchia đảm nhiệm tốt vai trò Chủ tịch ASEAN 2022. Công việc của ASEAN vẫn luôn được các nước thành viên trao đổi, thống nhất theo quy trình, thủ tục và quy định của Hiến chương ASEAN.\nViệt Nam và các nước ASEAN luôn coi Myanmar là một thành viên quan trọng trong gia đình ASEAN, mong muốn Myanmar đóng góp tích cực vào tiến trình xây dựng cộng đồng ASEAN cũng như hòa bình, an ninh và ổn định của khu vực.\nNgười phát ngôn Bộ Ngoại giao Lê Thị Thu Hằng tại họp báo thường kỳ Bộ Ngoại giao, ngày 9/12/2021. (Ảnh: Nguyễn Hồng)\nLiên quan tới tình hình doanh nghiệp và công dân Việt Nam tại Myanmar, thời gian qua, Bộ Ngoại giao cũng như Đại sứ quán Việt Nam tại Myanmar luôn theo dõi sát diễn biến nước sở tại, tình hình của doanh nghiệp và công dân tại đây, đồng thời triển khai nhiều biện pháp bảo hộ công dân, lãnh sự cần thiết để đảm bảo an toàn tính mạng, tài sản, quyền và lợi ích hợp pháp của công dân, doanh nghiệp tại Myanmar.\nBộ Ngoại giao và Đại sứ quán Việt Nam tại Myanmar cũng đã nhiều lần đề nghị các cơ quan chức năng của Myanmar quan tâm, tăng cường các biện pháp bảo đảm an toàn tính mạng, tài sản của công dân Việt Nam, doanh nghiệp và người lao động thuộc doanh nghiệp Việt Nam tại Myanmar, phù hợp với thỏa thuận hai bên, cũng như luật pháp và thông lệ quốc tế.\nTheo Minh Quân/Báo Thế giới và Việt Nam\nhttps://baoquocte.vn/baoquocte.vn/bo-ngoai-giao-san-sang-ho-tro-doanh-nghiep-va-nguoi-viet-tai-myanmar-167428.html",
"claims": {
"SUPPORTED": [
{
"claim": "Người phát ngôn Lê Thị Thu Hằng khẳng định thông tin Việt 
... [truncated, total 6290 chars]
================================================================================

================================================================================
Article ID: VAFC_3efe40af3ca0ed12 | Attempt: 1
Error: Cannot extract valid JSON from response: line 1 column 1 (char 0)
Raw response (6250 chars):
{
"id": "VAFC_3efe40af3ca0ed12",
"date_iso": "2022-01-23T00:00:00",
"full_text": "Giám đốc một công ty trên địa bàn huyện Đam Rông (Lâm Đồng), đăng tải thông tin sai sự thật trên mạng xã hội, cho rằng “Công an tỉnh Lâm Đồng không cho phép người nước ngoài đầu tư vào Đam Rông”, vừa bị cơ quan chức năng xử phạt.\nLàm việc với cơ quan chức năng, bà L.T.M.D thừa nhận đã đăng tải thông tin sai sự thật trên mạng xã hội.\nSáng 22/1, Phòng An ninh mạng và phòng, chống tội phạm sử dụng công nghệ cao (PA05), Công an tỉnh Lâm Đồng, cho biết, Công an tỉnh vừa quyết định xử phạt vi phạm hành chính 7,5 triệu đồng đối với bà L.T.M.D (ngụ huyện Đam Rông, Lâm Đồng), về hành vi đăng tải thông tin sai sự thật trên mạng xã hội.\nThông tin lan truyền\nQua công tác bảo đảm an ninh mạng, cơ quan chức năng phát hiện Fanpage “Đ.L.V” đăng tải thông tin, cho rằng “chính sách của Công an tỉnh Lâm Đồng không chào đón người nước ngoài đầu tư vào Đam Rông” và đưa ra yêu cầu “một văn bản trả lời cụ thể từ Phòng Cảnh sát kinh tế, Công an tỉnh Lâm Đồng để môi trường đầu tư được trở nên lành mạnh và phát triển tốt hơn trong thời điểm khó khăn kinh tế do đại dịch Covid-19 gây ra”; đồng thời, “cảnh báo cho các nhà đầu tư nước ngoài khác trước khi rót tiền vào đầu tư du lịch”.\nKiểm chứng thông tin\nNhận thấy hành vi đăng tải thông tin trên có dấu hiệu vi phạm pháp luật, ảnh hưởng nghiêm trọng môi trường đầu tư địa phương, uy tín của Công an tỉnh Lâm Đồng, PA05 Công an tỉnh Lâm Đồng triệu tập bà L.T.M.D, quản trị viên Fanpage “Đ.L.V”, để làm rõ về hành vi đăng tải thông tin sai sự thật.\nLàm việc với cơ quan chức năng, bà L.T.M.D trình bày, bà là giám đốc một công ty trên địa bàn huyện Đam Rông. Do không bảo đảm các điều kiện theo quy định, nên hồ sơ góp vốn của nhà đầu tư nước ngoài vào công ty của bà D không được cơ quan chức năng xét duyệt. Sau khi nhận được văn bản trả lời của cơ quan chức năng, bà D đã chụp ảnh văn bản này và đăng tải trên Fanpage “Đ.L.V”, cùng bài viết cho rằng “Công an tỉnh Lâm Đ
... [truncated, total 6250 chars]
================================================================================

================================================================================
Article ID: VAFC_46db511111c61ec5 | Attempt: 1
Error: Cannot extract valid JSON from response: line 1 column 1 (char 0)
Raw response (7348 chars):
{
"id": "VAFC_46db511111c61ec5",
"date_iso": "2022-01-23T00:00:00",
"full_text": "Trong khoảng thời gian chưa bị phát hiện, các đối tượng đã thực hiện lừa đảo, chiếm đoạt tài sản của nhiều bị hại trên toàn quốc\nThông tin từ công an tỉnh Quảng Bình cho biết, phòng An ninh mạng và phòng chống tội phạm sử dụng công nghệ cao Công an Quảng Bình phối hợp Công an huyện Tuyên Hóa bắt 02 đối tượng Trần Duy Tùng (SN 2002, trú tại xã Xuân Kiều, huyện Xuân Trường, tỉnh Nam Định) và Trịnh Quang Huy (SN 2002, quê quán Xuân Trường, tỉnh Nam Định, cu trú tại Cổ Nhuế, Quận Bắc Từ Liêm, TP Hà Nội) về hành vi lừa đảo chiếm đoạt tài sản trên không gian mạng với số tiền giao dịch xác định gần 5 tỷ đồng.\nTrước đó, ngày 07/09/2021, Cơ quan Cảnh sát Công an huyện Tuyên Hóa đã ra quyết định khởi tố vụ án lừa đảo chiếm đoạt tài sản xảy ra ngày 01/04/2021 tại xã Đức Hóa, huyện Tuyên Hóa, tỉnh Quảng Bình nhưng do chưa xác định được người phạm tội và hết thời hạn điều tra, nên ngày 08/01/2022, CQĐT đã ra quyết định tạm đình chỉ điều tra vụ án.\nĐến ngày 18/01/2022, đã ra quyết định phục hồi điều tra vụ án để tiếp tục điều tra.\nĐối tượng Trịnh Quang Huy tại cơ quan Công an.\nTại cơ quan CSĐT các đối tượng Trần Duy Tùng và Trịnh Quang Huy khai nhận đã sử dụng tài khoản Facebook “Nguyễn Khánh Hùng” giả mạo tài khoản Facebook của ông Nguyễn Thanh Hùng (SN 1984, trú tại thôn Phúc Tùng, xã Đức Hóa, huyện Tuyên Hóa, tỉnh Quảng Bình) để nhắn tin và lừa đảo ông Nguyễn Trí Phương số tiền 12 triệu đồng vào ngày 01/04/2021. Bên cạnh đó, Hùng đã sử dụng nhiều tài khoản ngân hàng khác để thực hiện hành vi phạm tội của mình.\nLực lượng Công an đọc lệnh khám xét nơi ở của đối tượng Trần Duy Tùng tại Nam Định.\nTrong khoảng thời gian chưa bị phát hiện, các đối tượng đã thực hiện lừa đảo, chiếm đoạt tài sản của nhiều bị hại trên toàn quốc, trong đó có một bị hại trú tại xã Đức Hóa, huyện Tuyên Hóa, tỉnh Quảng Bình.\nSố tiền trong các giao dịch của nhiều tài khoản ngân hàng liên quan đến hành vi vi phạm pháp l
... [truncated, total 7348 chars]
================================================================================

================================================================================
Article ID: VAFC_093d2b0eda0bca56 | Attempt: 1
Error: Cannot extract valid JSON from response: line 1 column 1 (char 0)
Raw response (6258 chars):
{
"id": "VAFC_093d2b0eda0bca56",
"date_iso": "2021-10-03T00:00:00",
"full_text": "Công an thành phố Cần Thơ vừa tống đạt quyết định xử phạt vi phạm hành chính 5 triệu đồng đối với B.Q.G (35 tuổi, trú tại xã Tân Thới, huyện Phong Điền, thành phố Cần Thơ) về hành vi “Chia sẻ thông tin sai sự thật, xúc phạm uy tín của cơ quan, tổ chức”.\nCông an thành phố Cần Thơ tống đạt quyết định xử phạt vi phạm hành chính đối với B.Q.G. Ảnh: TTXVN phát\nTrước đó, ngày 20/7, qua công tác nắm tình hình trên không gian mạng, Phòng An ninh mạng và Phòng, chống tội phạm sử dụng công nghệ cao Công an thành phố Cần Thơ phát hiện B.Q.G dùng tài khoản Tiktok cá nhân “gioi.tay.do.180286.al” chia sẻ video và ghi thêm tiêu đề “cán bộ ức hiếp dân nghèo thì xin lỗi - dân nói lý lẽ thì bắt nhốt, luật vì dân nghèo hay là bảo vệ cán bộ” sau đó tài khoản này còn tiếp tục bình luận “Đúng là luật đặc ra là để nhốt dân”.\nNội dung chia sẻ, bình luận của B.Q.G là không đúng sự thật, xúc phạm đến uy tín của cơ quan, tổ chức. Nội dung trên đã thu hút hàng trăm lượt thích, bình luận, gây hoang mang trong dư luận, ảnh hưởng đến công tác bảo đảm an ninh trật tự, phòng, chống dịch COVID-19 trên địa bàn.\nQua làm việc với cơ quan Công an, B.Q.G thừa nhận hành vi sai phạm, nội dung đăng tải nhằm tạo sự thu hút, chú ý của mọi người để thuận tiện cho việc buôn bán của mình. B.Q.G đã tự gỡ bỏ bài đăng, cam kết không tái phạm.\nCăn cứ điểm a, khoản 1, Điều 101 Nghị định 15/2020/NĐ-CP quy định xử phạt vi phạm hành chính trong lĩnh vực bưu chính, viễn thông, tần số vô tuyến điện, công nghệ thông tin và giao dịch điện tử, Công an thành phố Cần Thơ đã ra quyết định xử phạt vi phạm hành chính đối với B.Q.G.\nTheo Thanh Liêm/Thông tấn xã Việt Nam\nhttps://baotintuc.vn/an-ninh-trat-tu/xu-phat-thanh-nien-chia-se-thong-tin-sai-su-that-tren-tiktok-de-cau-khach-20210930105926314.htm",
"claims": {
"SUPPORTED": [
{
"claim": "Công an thành phố Cần Thơ đã tống đạt quyết định xử phạt vi phạm hành chính 5 triệu đồng đối với nam tha
... [truncated, total 6258 chars]
================================================================================

================================================================================
Article ID: VAFC_62acb40d06239ee0 | Attempt: 1
Error: Cannot extract valid JSON from response: line 1 column 1 (char 0)
Raw response (5620 chars):
{
"id": "VAFC_62acb40d06239ee0",
"date_iso": "2021-09-21T00:00:00",
"full_text": "Chiều 20/9, Phó Giám đốc Sở Thông tin và Truyền thông Hải Phòng Lê Văn Kiên cho hay, văn bản được lan truyền trên mạng xã hội được cho là chỉ đạo của UBND TP Hải Phòng về phòng, chống dịch Covid-19 là thông tin giả mạo, đề nghị người dân không lan truyền.\nHình ảnh văn bản giả mạo lan truyền trên mạng xã hội.\nThông tin lan truyền\nTheo hình ảnh văn bản lan truyền trên mạng xã hội thì văn bản được gắn số 4844/UBND-VX ghi ngày 20/9/2021, với nội dung \"V/v bổ sung một số biện pháp cấp bách phòng, chống dịch Covid-19\". Hình ảnh văn bản này được lan truyền trên mạng mang nội dung không đúng, thậm chí trái ngược với chỉ đạo nới lỏng nhiều hoạt động dịch vụ của UBND TP Hải Phòng tại văn bản ban hành ngày 14/9.\nKhẳng định\nSở Thông tin và Truyền thông TP Hải Phòng đã xác định hình ảnh văn bản lan truyền trên mạng xã hội là giả mạo và đề nghị người dân chủ động phát hiện, cung cấp thông tin sai phạm cho cơ quan chức năng xử lý theo quy định.\nTheo Ngô Quang Dũng/Báo Nhân dân\nhttps://nhandan.vn/factcheck/van-ban-ve-phong-dich-cua-hai-phong-tren-mang-xa-hoi-la-gia-mao-665850/",
"claims": {
"SUPPORTED": [
{
"claim": "Vào chiều ngày 20/9, ông Lê Văn Kiên là Phó Giám đốc Sở Thông tin và Truyền thông Hải Phòng đã thông tin rằng văn bản phòng chống dịch lan truyền trên mạng là giả mạo.",
"label": "SUPPORTED",
"evidence": [
{
"type": "text",
"quote": ["Chiều 20/9, Phó Giám đốc Sở Thông tin và Truyền thông Hải Phòng Lê Văn Kiên cho hay, văn bản được lan truyền trên mạng xã hội được cho là chỉ đạo của UBND TP Hải Phòng về phòng, chống dịch Covid-19 là thông tin giả mạo, đề nghị người dân không lan truyền."],
"article_id": "VAFC_62acb40d06239ee0",
"url": "https://tingia.gov.vn/van-ban-ve-phong-dich-cua-hai-phong-tren-mang-xa-hoi-la-gia-mao.html"
}
],
"reason": "Bài viết xác nhận rõ thời gian, chức vụ, tên người phát biểu và nội dung khẳng định văn bản trên mạng là giả mạo."
},
{
"claim": "Hình ảnh vă
... [truncated, total 5620 chars]
================================================================================

================================================================================
Article ID: VAFC_35392262befb6a2c | Attempt: 1
Error: Cannot extract valid JSON from response: line 1 column 1 (char 0)
Raw response (8771 chars):
{
"id": "VAFC_35392262befb6a2c",
"date_iso": "2021-09-13T00:00:00",
"full_text": "Sự kiện mới đây TTXVN đoạt giải Vàng Dự án chống tin giả của \"Giải thưởng Truyền thông Digital Châu Á 2020\" của WAN-IFRA, đã cho thấy đây là giải thưởng cao quý, niềm tự hào đại diện của báo chí, truyền thông Việt Nam ngày càng phát triển lớn mạnh.\nCụ thể, Dự án của TTXVN với tên gọi \"Cuộc chiến chống tin giả - Những ý tưởng sáng tạo và giải pháp hiệu quả\" gồm 3 cấu phần: Bài hát chống Fake News bằng 15 ngôn ngữ; tài khoản Factcheckvn trên mạng xã hội TikTok hướng vào giới trẻ; dự án \"Nói không với Fake News\" đào tạo kỹ năng phòng tránh tin giả cho học sinh từ tiểu học cơ sở đến trung học phổ thông, đã triển khai tại nhiều tỉnh thành trong toàn quốc.\nDự án ra đời với mục tiêu nhằm tăng cường nhận thức và hiểu rõ cách thức phòng chống tin giả cho cộng đồng, đồng thời hướng tới nâng cao trách nhiệm xã hội của cơ quan báo chí thông qua những hoạt động bên ngoài tòa soạn.\nTờ rơi Nói không với Fake News. Ảnh: Vietnam+.\nChia sẻ những kinh nghiệm thành công cũng như các phương thức khi triển khai dự án, Nhà báo Lê Quốc Minh, Phó Tổng Giám đốc TTXVN, nhấn mạnh, đây là lần đầu tiên một cơ quan báo chí Việt Nam có riêng một kênh kiểm chứng thông tin và cũng là lần đầu tiên trên tất cả các nền tảng thuộc TTXV sử dụng các video ngắn để bóc trần nhiều nội dung giả mạo, không chính thống.\nTTXVN là đơn vị báo chí đi tiên phong tại Việt Nam trong cuộc chiến chống tin giả, bởi chúng tôi đề cập tới vấn đề này khá sớm (khoảng năm 2015-2016) thông qua rất nhiều bài báo đánh động nguy cơ và hướng dẫn cách phát hiện tin giả, cũng như tham luận tại các hội nghị báo chí & truyền thông, vào thời điểm mà ít người quan tâm và chưa thực sự hiểu về tin giả, thậm chí coi thường fake news.\n\"TTXVN đã có nhận định rằng tin giả sẽ phát triển mạnh mẽ, nếu không tìm cách ngăn chặn sẽ gây tác hại khủng khiếp tới xã hội, đặc biệt là khi công nghệ phát triển quá nhanh chóng và người ta thậm chí có thể sử dụng t
... [truncated, total 8771 chars]
================================================================================

================================================================================
Article ID: VAFC_363516d454d22563 | Attempt: 1
Error: Cannot extract valid JSON from response: line 1 column 1 (char 0)
Raw response (14160 chars):
{
"id": "VAFC_363516d454d22563",
"date_iso": "2021-09-13T00:00:00",
"full_text": "Nghiên cứu mới về tin giả (fake news) cho thấy tiếp xúc với những thông tin giả mạo về COVID-19 đã tác động đến nhận thức và hành vi của mọi người như thế nào.\nNghiên cứu về tác động của tin giả với dịch COVID-19\nCiara M. Greene ở trường Đại học University College Dublin và Gillian Murphy, thuộc trường University College Cork của Ireland đã tiến hành nghiên cứu về những tác động này. Họ nhận thấy, trong một số trường hợp, việc tiếp xúc với thông tin sai lệch về đại dịch có thể thay đổi hành động của con người - nhưng mức độ ảnh hưởng khá nhỏ, ít nhất là ở Ireland.\nCụ thể, các nhà nghiên cứu cho biết để thực hiện dự án, họ để những người tham gia tiếp cận với những câu chuyện, thông tin giả mạo, chẳng hạn như tin về một số loại thực phẩm có thể giúp chống lại COVID-19, hay một loại vắc xin không an toàn sắp ra mắt. Quan sát cho thấy, tác động của những thông tin giả mạo này lên người đọc rất ít, họ hầu như không có ý định thực hiện hay tin tưởng vào những thông tin này.\nBên cạnh đó, các nhà nghiên cứu cũng thử nghiệm xem liệu những khuyến cáo về tin giả có khiến người đọc giảm bớt sự nghi ngờ đối với tính xác thực của thông tin. Kết quả cho thấy chính những lời cảnh báo của chính phủ và báo chí, truyền thông đã giúp người dùng, người đọc tỉnh táo hơn trước \"ma trận thông tin\".\nGreene và Murphy đã tuyển chọn 3.746 người tham gia vào nghiên cứu của họ. Phần lớn những người tham gia đều có nền tảng giáo dục tốt, 2.395 người tham gia (64%) có ít nhất một bằng đại học.\nNhững người tham gia đã được xem các áp phích cảnh báo về sức khỏe cộng đồng, cũng như được tuyên truyền trước về việc các thông tin sai lệch \"thường được thiết kế bắt chước hình thức và phong cách giống như các thông điệp y tế công cộng do chính phủ ban hành liên quan đến COVID-19 ở Ireland\". Họ cũng được cho đọc bốn câu chuyện giả và bốn câu chuyện thật. Trong quá trình nghiên cứu, họ không được báo trước câu chuyệ
... [truncated, total 14160 chars]
================================================================================

================================================================================
Article ID: VAFC_363516d454d22563 | Attempt: 2
Error: Cannot extract valid JSON from response: line 1 column 1 (char 0)
Raw response (13648 chars):
{
"id": "VAFC_363516d454d22563",
"date_iso": "2021-09-13T00:00:00",
"full_text": "Nghiên cứu mới về tin giả (fake news) cho thấy tiếp xúc với những thông tin giả mạo về COVID-19 đã tác động đến nhận thức và hành vi của mọi người như thế nào.\nNghiên cứu về tác động của tin giả với dịch COVID-19\nCiara M. Greene ở trường Đại học University College Dublin và Gillian Murphy, thuộc trường University College Cork của Ireland đã tiến hành nghiên cứu về những tác động này. Họ nhận thấy, trong một số trường hợp, việc tiếp xúc với thông tin sai lệch về đại dịch có thể thay đổi hành động của con người - nhưng mức độ ảnh hưởng khá nhỏ, ít nhất là ở Ireland.\nCụ thể, các nhà nghiên cứu cho biết để thực hiện dự án, họ để những người tham gia tiếp cận với những câu chuyện, thông tin giả mạo, chẳng hạn như tin về một số loại thực phẩm có thể giúp chống lại COVID-19, hay một loại vắc xin không an toàn sắp ra mắt. Quan sát cho thấy, tác động của những thông tin giả mạo này lên người đọc rất ít, họ hầu như không có ý định thực hiện hay tin tưởng vào những thông tin này.\nBên cạnh đó, các nhà nghiên cứu cũng thử nghiệm xem liệu những khuyến cáo về tin giả có khiến người đọc giảm bớt sự nghi ngờ đối với tính xác thực của thông tin. Kết quả cho thấy chính những lời cảnh báo của chính phủ và báo chí, truyền thông đã giúp người dùng, người đọc tỉnh táo hơn trước \"ma trận thông tin\".\nGreene và Murphy đã tuyển chọn 3.746 người tham gia vào nghiên cứu của họ. Phần lớn những người tham gia đều có nền tảng giáo dục tốt, 2.395 người tham gia (64%) có ít nhất một bằng đại học.\nNhững người tham gia đã được xem các áp phích cảnh báo về sức khỏe cộng đồng, cũng như được tuyên truyền trước về việc các thông tin sai lệch \"thường được thiết kế bắt chước hình thức và phong cách giống như các thông điệp y tế công cộng do chính phủ ban hành liên quan đến COVID-19 ở Ireland\". Họ cũng được cho đọc bốn câu chuyện giả và bốn câu chuyện thật. Trong quá trình nghiên cứu, họ không được báo trước câu chuyệ
... [truncated, total 13648 chars]
================================================================================

================================================================================
Article ID: VAFC_363516d454d22563 | Attempt: 3
Error: Cannot extract valid JSON from response: line 1 column 1 (char 0)
Raw response (14271 chars):
{
"id": "VAFC_363516d454d22563",
"date_iso": "2021-09-13T00:00:00",
"full_text": "Nghiên cứu mới về tin giả (fake news) cho thấy tiếp xúc với những thông tin giả mạo về COVID-19 đã tác động đến nhận thức và hành vi của mọi người như thế nào.\nNghiên cứu về tác động của tin giả với dịch COVID-19\nCiara M. Greene ở trường Đại học University College Dublin và Gillian Murphy, thuộc trường University College Cork của Ireland đã tiến hành nghiên cứu về những tác động này. Họ nhận thấy, trong một số trường hợp, việc tiếp xúc với thông tin sai lệch về đại dịch có thể thay đổi hành động của con người - nhưng mức độ ảnh hưởng khá nhỏ, ít nhất là ở Ireland.\nCụ thể, các nhà nghiên cứu cho biết để thực hiện dự án, họ để những người tham gia tiếp cận với những câu chuyện, thông tin giả mạo, chẳng hạn như tin về một số loại thực phẩm có thể giúp chống lại COVID-19, hay một loại vắc xin không an toàn sắp ra mắt. Quan sát cho thấy, tác động của những thông tin giả mạo này lên người đọc rất ít, họ hầu như không có ý định thực hiện hay tin tưởng vào những thông tin này.\nBên cạnh đó, các nhà nghiên cứu cũng thử nghiệm xem liệu những khuyến cáo về tin giả có khiến người đọc giảm bớt sự nghi ngờ đối với tính xác thực của thông tin. Kết quả cho thấy chính những lời cảnh báo của chính phủ và báo chí, truyền thông đã giúp người dùng, người đọc tỉnh táo hơn trước \"ma trận thông tin\".\nGreene và Murphy đã tuyển chọn 3.746 người tham gia vào nghiên cứu của họ. Phần lớn những người tham gia đều có nền tảng giáo dục tốt, 2.395 người tham gia (64%) có ít nhất một bằng đại học.\nNhững người tham gia đã được xem các áp phích cảnh báo về sức khỏe cộng đồng, cũng như được tuyên truyền trước về việc các thông tin sai lệch \"thường được thiết kế bắt chước hình thức và phong cách giống như các thông điệp y tế công cộng do chính phủ ban hành liên quan đến COVID-19 ở Ireland\". Họ cũng được cho đọc bốn câu chuyện giả và bốn câu chuyện thật. Trong quá trình nghiên cứu, họ không được báo trước câu chuyệ
... [truncated, total 14271 chars]
================================================================================

================================================================================
Article ID: VAFC_06be6beac3c91760 | Attempt: 1
Error: Cannot extract valid JSON from response: line 1 column 1 (char 0)
Raw response (13293 chars):
{
"id": "VAFC_06be6beac3c91760",
"date_iso": "2021-08-21T00:00:00",
"full_text": "Thiết lập “vùng xanh” trên không gian mạng cũng cần thiết không kém “vùng xanh” trong cộng đồng. Để thực hiện có hiệu quả công tác phòng, chống tin giả trên mạng xã hội, tránh việc người dân bị hoang mang, dao động đối với công tác phòng, chống dịch COVID-19 của Nhà nước ta, đã đến lúc chúng ta cần thiết lập một “vùng xanh” trên Internet theo hướng nhận diện tin giả và “vùng xanh”…\nTin giả độc hại xâm lấn không gian mạng\nTừ tháng 4/2021 đến nay, lợi dụng diễn biến tình hình phức tạp, khó lường của đợt bùng phát dịch bệnh COVID-19 lần thứ 4, số đối tượng phản động, chống đối và một số cá nhân trong, ngoài nước gia tăng hoạt động tuyên truyền chống phá Đảng, Nhà nước trên không gian mạng như: Tung tin xuyên tạc, sai sự thật về tình hình dịch bệnh COVID-19, về công dụng của thuốc, vật tư y tế phòng, chống dịch bệnh; kêu gọi tự điều trị, chẩn đoán tại nhà, không theo chỉ dẫn của Bộ Y tế; xuyên tạc chính sách phân bổ vaccine của Bộ Y tế; bịa đặt thông tin về công dụng, hiệu quả vaccine COVID-19 có nguồn gốc từ Trung Quốc; bài xích quan hệ ngoại giao của Việt Nam với một số quốc gia; công kích, bôi nhọ, hạ uy tín các đồng chí lãnh đạo Đảng, Nhà nước và chính quyền các cấp trong công tác phòng, chống dịch.\nNhiều bài viết xúc phạm nhân phẩm, danh dự của nhân viên Y tế, Công an, Quân đội, những người tham gia phòng chống dịch bệnh, xuyên tạc về tình hình, diễn biến người mắc bệnh, tử vong, người có nguy cơ lây nhiễm. Cùng với đó là thông tin kích động công nhân đình công tập thể tại các công ty, thậm chí kích động chống phá tại khu công nghiệp có yếu tố nước ngoài, các công ty không đáp ứng yêu cầu “ba tại chỗ”.\nTung tin về việc thiếu lương thực, thực phẩm trầm trọng, gây tâm lý hoảng loạn trong quần chúng nhân dân. Nhiều đối tượng trục lợi thông qua bán, làm giả vật tư, thiết bị y tế phòng dịch, đầu cơ, kinh doanh qua mạng. Các tổ chức thù địch, phản động lợi dụng dịch bệnh để gia tăng hoạ
... [truncated, total 13293 chars]
================================================================================

================================================================================
Article ID: VAFC_0e9cc5a59a037a74 | Attempt: 1
Error: Cannot extract valid JSON from response: line 1 column 1 (char 0)
Raw response (6203 chars):
{
"id": "VAFC_0e9cc5a59a037a74",
"date_iso": "2021-08-21T00:00:00",
"full_text": "Ngày 20/8, cơ quan chức năng tại Nghệ An đã triệu tập một số cá nhân đăng thông tin sai sự thật trên mạng xã hội về việc thành phố Vinh (Nghệ An) sẽ thực hiện Chỉ thị 16+.\nLực lượng chức năng kiểm tra người, phương tiện ra vào thành phố Vinh tại Chốt kiểm soát trên tại cầu Bến Thủy 1. Ảnh: Văn Tý/TTXVN\nQuá trình làm việc, các cá nhân này đã thừa nhận hành vi vi phạm của mình, cam kết không tái phạm.\nTrước đó, từ trưa 19/8, nhiều tài khoản Facebook đã đăng tải, chia sẻ các thông tin cho biết, thành phố Vinh sẽ thực hiện Chỉ thị 16+ từ 0 giờ ngày 20/8. Đơn cử, có tài khoản Facebook đã đăng tải: “Do diễn biến phức tạp của dịch bệnh, từ 0 giờ đêm nay, thành phố Vinh sẽ thực hiện chỉ thị 16+!. Sẽ phong tỏa toàn thành phố và siết chặt hơn việc di chuyển của nhân dan nhằm lấy mẫu xét nghiệm cộng đồng trên diện rộng !. Chỉ có lực lượng chức năng phòng chống dịch mới được hoạt động trên đường còn lại sẽ phạt hết !”; “Ngày mai, chỉ thị 16+ nên toàn thể người dân không được ra khỏi nhà kể cả síp bơ đi giao hàng…”.\nTrong khi đó, trên thực tế, thành phố Vinh đang thực hiện Chỉ thị 16/CT-TTg và đến 0 giờ ngày 20/8, thành phố Vinh cũng không thực hiện Chỉ thị 16+ như nhiều tài khoản Facebook đăng tải, chia sẻ.\nViệc nhiều tài khoản Facebook đăng tải, chia sẻ thông tin cho rằng thành phố Vinh thực hiện Chỉ thị 16+ đã gây tâm lý hoang mang, bất ổn tại địa phương. Nhiều người lo sợ khi thực hiện Chỉ thị 16+, thành phố Vinh sẽ siết chặt hơn việc ra đường và lo lắng sẽ không có hàng để mua nên trong chiều và tối 19/8 đã có rất nhiều người dân thành phố Vinh đến các cửa hàng, chợ, siêu thị… để tìm mua hàng, làm cho lượng người đến tại những nơi này tăng đột biến, kéo theo nhiều nguy cơ không đảm bảo an toàn trong phòng, chống dịch. Một số cửa hàng và các mặt hàng rơi vào tình trạng “cháy” hàng.\nTheo Nguyễn Văn Nhật/Thông tấn xã Việt Nam\nhttps://baotintuc.vn/an-ninh-trat-tu/thong-tin-sai-su-that-ve-vi
... [truncated, total 6203 chars]
================================================================================

================================================================================
Article ID: VAFC_83e64c1e23e1bba9 | Attempt: 1
Error: Cannot extract valid JSON from response: line 1 column 1 (char 0)
Raw response (7672 chars):
{
"id": "VAFC_83e64c1e23e1bba9",
"date_iso": "2021-08-18T00:00:00",
"full_text": "Ngay sau khi nhận chỉ đạo từ Bí thư Thành ủy Đà Nẵng Nguyễn Văn Quảng, lực lượng chức năng Q.Liên Chiểu đã vào cuộc xác minh thông tin phản ánh sai sự thật về việc phân phối mì gói.\nBí thư Thành ủy Đà Nẵng yêu cầu phải đảm bảo việc cung cáp lương thực, thực phẩm cho người dân trong 7 ngày phong tỏa TP để chống dịch Covid-19 ẢNH: HOÀNG SƠN\nChiều 16.8, Văn phòng Thành ủy Đà Nẵng thông tin đã có kết quả xử lý vụ việc một người dân phản ánh thông tin sai sự thật lên mạng xã hội Facebook cho rằng “chất đống mì tôm chỗ nhà ông tổ trưởng rồi chia nhau”. Đây là sự việc được ông Nguyễn Văn Quảng, Bí thư Thành ủy Đà Nẵng , yêu cầu xác minh, kiểm tra sau khi Văn phòng Thành ủy báo cáo.\nCụ thể, chủ tài khoản Facebook “Long Phú Khang” đã bình luận trên trang Facebook Quản lý đô thị Đà Nẵng: “Nói hay lắm chứ đợt vừa rồi kiệt 137 Tô Hiệu (thuộc Q.Liên Chiểu - PV) bị phong tỏa 21 ngày mà thấy có được gói mì tôm nào đâu, thấy chất đống mì tôm chỗ nhà ông tổ trưởng rồi chia nhau chứ làm gì tới người nhà ở thuê”.\nTiếp nhận thông tin phản ánh này, Bí thư Thành ủy Đà Nẵng đã yêu cầu Bí thư Quận ủy Liên Chiểu chỉ đạo Công an Q.Liên Chiểu xác minh kiểm tra và báo cáo vụ việc ngay trong ngày.\nTheo báo cáo của Công an Q.Liên Chiểu, sáng nay 16.8, chủ tài khoản Facebook “Long Phú Khang” của ông Phạm Quốc Long (30 tuổi, trú xã Tiên Thọ, H.Tiên Phước, Quảng Nam) đã đăng tải bình luận với nội dung như đã nêu vào trang Facebook Quản lý đô thị Đà Nẵng.\nKhai nhận với công an, ông Long cho biết ngày 2.7 vừa qua, khi ông Long đưa lương thực vào gửi ở kiệt 137 Tô Hiệu thì thấy chốt kiểm soát dịch có số lượng lớn mì gói, trứng gà và nghĩ đây là lương thực hỗ trợ người dân trong khu phong tỏa.\nSau khi giao lương thực cho người thân mình tại địa chỉ nêu trên, ông Long trở về Tiên Phước (Quảng Nam) rồi gọi điện thoại cho người thân để hỏi thăm có nhận được mì gói hỗ trợ từ chính quyền địa phương hay không. Do người t
... [truncated, total 7672 chars]
================================================================================

================================================================================
Article ID: VAFC_ff478894e348194c | Attempt: 1
Error: Cannot extract valid JSON from response: line 1 column 1 (char 0)
Raw response (9423 chars):
{
"id": "VAFC_ff478894e348194c",
"date_iso": "2021-08-18T00:00:00",
"full_text": "Hình ảnh 4 người dân huyện Than Uyên, tỉnh Lai Châu mắc lán ngủ gần khu vực chốt kiểm soát dịch Covid-19 trong lúc chờ cơ quan chức năng xác minh yếu tố dịch tễ thu hút sự quan tâm của dư luận.\nChủ tịch UBND huyện Than Uyên Lò Văn Hương sáng nay (16/8) xác nhận với VietNamNet, tại chốt kiểm soát dịch số 2, xã Mường Kim mới đây có trường hợp 4 công dân về từ vùng dịch mắc lán ngủ gần chốt kiểm soát.\nCụ thể, khoảng 3h sáng 15/8, tổ công tác tại chốt Mường Kim tiếp nhận làm việc với nhóm 4 công dân đi trên 2 chiếc xe máy hướng từ Yên Bái theo quốc lộ 32 về huyện Than Uyên.\nBốn người gồm anh Lò Văn Nguyên (SN 1992, trú tại xã Hua Nà), anh Lò Văn Luấn (SN 1998, trú tại xã Pắc Ta), anh Lò Văn Thương (SN 1998, trú tại xã Pắc Ta) và Lò Văn Hải (SN 2000, trú tại xã Phúc Than). Cả bốn người đều là công dân huyện Than Uyên.\nHình ảnh nhóm công dân mắc lán ở ven đường lan truyền trên các trang mạng xã hội. Ảnh: XĐ\nTại chốt kiểm soát, do có 3/4 người khai báo y tế không trung thực và có yếu tố dịch tễ phức tạp (đi từ vùng dịch và vùng cách ly y tế theo Chỉ thị 16 của Chính phủ) nên tổ công tác yêu cầu nhóm công dân trên dừng tại chốt để rà soát lịch trình và xác minh kĩ yếu tố dịch tễ.\nTrong quá trình chờ đợi xác minh kéo dài nhiều giờ đồng hồ, khoảng 8h sáng cùng ngày, nhóm 4 người rời khỏi chốt để dựng lán cách đó khoảng 400m để chờ hoàn tất các thủ tục.\nĐến 19h cùng ngày, sau quá trình xác minh, tổ công tác lập biên bản vi phạm hành chính với 3 người gồm anh Luấn, Thương và Nguyên vì cố tình ra khỏi vùng phong tỏa y tế và khai báo không trung thực. Sau đó, cả 3 người được đưa đến khu cách ly tập trung của huyện để thực hiện cách ly theo quy định.\nNgay sau khi xảy ra vụ việc, theo lãnh đạo huyện Than Uyên, hình ảnh mắc lán ngủ ven đường quốc lộ của nhóm 4 người nêu trên được đăng tải lên các trạng mạng xã hội kèm theo các bình luận về việc \"chính quyền tỉnh Lai Châu đóng cửa không tiếp nh
... [truncated, total 9423 chars]
================================================================================

================================================================================
Article ID: VAFC_ff478894e348194c | Attempt: 2
Error: Cannot extract valid JSON from response: line 1 column 1 (char 0)
Raw response (9079 chars):
{
"id": "VAFC_ff478894e348194c",
"date_iso": "2021-08-18T00:00:00",
"full_text": "Hình ảnh 4 người dân huyện Than Uyên, tỉnh Lai Châu mắc lán ngủ gần khu vực chốt kiểm soát dịch Covid-19 trong lúc chờ cơ quan chức năng xác minh yếu tố dịch tễ thu hút sự quan tâm của dư luận.\nChủ tịch UBND huyện Than Uyên Lò Văn Hương sáng nay (16/8) xác nhận với VietNamNet, tại chốt kiểm soát dịch số 2, xã Mường Kim mới đây có trường hợp 4 công dân về từ vùng dịch mắc lán ngủ gần chốt kiểm soát.\nCụ thể, khoảng 3h sáng 15/8, tổ công tác tại chốt Mường Kim tiếp nhận làm việc với nhóm 4 công dân đi trên 2 chiếc xe máy hướng từ Yên Bái theo quốc lộ 32 về huyện Than Uyên.\nBốn người gồm anh Lò Văn Nguyên (SN 1992, trú tại xã Hua Nà), anh Lò Văn Luấn (SN 1998, trú tại xã Pắc Ta), anh Lò Văn Thương (SN 1998, trú tại xã Pắc Ta) và Lò Văn Hải (SN 2000, trú tại xã Phúc Than). Cả bốn người đều là công dân huyện Than Uyên.\nHình ảnh nhóm công dân mắc lán ở ven đường lan truyền trên các trang mạng xã hội. Ảnh: XĐ\nTại chốt kiểm soát, do có 3/4 người khai báo y tế không trung thực và có yếu tố dịch tễ phức tạp (đi từ vùng dịch và vùng cách ly y tế theo Chỉ thị 16 của Chính phủ) nên tổ công tác yêu cầu nhóm công dân trên dừng tại chốt để rà soát lịch trình và xác minh kĩ yếu tố dịch tễ.\nTrong quá trình chờ đợi xác minh kéo dài nhiều giờ đồng hồ, khoảng 8h sáng cùng ngày, nhóm 4 người rời khỏi chốt để dựng lán cách đó khoảng 400m để chờ hoàn tất các thủ tục.\nĐến 19h cùng ngày, sau quá trình xác minh, tổ công tác lập biên bản vi phạm hành chính với 3 người gồm anh Luấn, Thương và Nguyên vì cố tình ra khỏi vùng phong tỏa y tế và khai báo không trung thực. Sau đó, cả 3 người được đưa đến khu cách ly tập trung của huyện để thực hiện cách ly theo quy định.\nNgay sau khi xảy ra vụ việc, theo lãnh đạo huyện Than Uyên, hình ảnh mắc lán ngủ ven đường quốc lộ của nhóm 4 người nêu trên được đăng tải lên các trạng mạng xã hội kèm theo các bình luận về việc \"chính quyền tỉnh Lai Châu đóng cửa không tiếp nh
... [truncated, total 9079 chars]
================================================================================

================================================================================
Article ID: VAFC_ff478894e348194c | Attempt: 3
Error: Cannot extract valid JSON from response: line 1 column 1 (char 0)
Raw response (9101 chars):
{
"id": "VAFC_ff478894e348194c",
"date_iso": "2021-08-18T00:00:00",
"full_text": "Hình ảnh 4 người dân huyện Than Uyên, tỉnh Lai Châu mắc lán ngủ gần khu vực chốt kiểm soát dịch Covid-19 trong lúc chờ cơ quan chức năng xác minh yếu tố dịch tễ thu hút sự quan tâm của dư luận.\nChủ tịch UBND huyện Than Uyên Lò Văn Hương sáng nay (16/8) xác nhận với VietNamNet, tại chốt kiểm soát dịch số 2, xã Mường Kim mới đây có trường hợp 4 công dân về từ vùng dịch mắc lán ngủ gần chốt kiểm soát.\nCụ thể, khoảng 3h sáng 15/8, tổ công tác tại chốt Mường Kim tiếp nhận làm việc với nhóm 4 công dân đi trên 2 chiếc xe máy hướng từ Yên Bái theo quốc lộ 32 về huyện Than Uyên.\nBốn người gồm anh Lò Văn Nguyên (SN 1992, trú tại xã Hua Nà), anh Lò Văn Luấn (SN 1998, trú tại xã Pắc Ta), anh Lò Văn Thương (SN 1998, trú tại xã Pắc Ta) và Lò Văn Hải (SN 2000, trú tại xã Phúc Than). Cả bốn người đều là công dân huyện Than Uyên.\nHình ảnh nhóm công dân mắc lán ở ven đường lan truyền trên các trang mạng xã hội. Ảnh: XĐ\nTại chốt kiểm soát, do có 3/4 người khai báo y tế không trung thực và có yếu tố dịch tễ phức tạp (đi từ vùng dịch và vùng cách ly y tế theo Chỉ thị 16 của Chính phủ) nên tổ công tác yêu cầu nhóm công dân trên dừng tại chốt để rà soát lịch trình và xác minh kĩ yếu tố dịch tễ.\nTrong quá trình chờ đợi xác minh kéo dài nhiều giờ đồng hồ, khoảng 8h sáng cùng ngày, nhóm 4 người rời khỏi chốt để dựng lán cách đó khoảng 400m để chờ hoàn tất các thủ tục.\nĐến 19h cùng ngày, sau quá trình xác minh, tổ công tác lập biên bản vi phạm hành chính với 3 người gồm anh Luấn, Thương và Nguyên vì cố tình ra khỏi vùng phong tỏa y tế và khai báo không trung thực. Sau đó, cả 3 người được đưa đến khu cách ly tập trung của huyện để thực hiện cách ly theo quy định.\nNgay sau khi xảy ra vụ việc, theo lãnh đạo huyện Than Uyên, hình ảnh mắc lán ngủ ven đường quốc lộ của nhóm 4 người nêu trên được đăng tải lên các trạng mạng xã hội kèm theo các bình luận về việc \"chính quyền tỉnh Lai Châu đóng cửa không tiếp nh
... [truncated, total 9101 chars]
================================================================================

================================================================================
Article ID: VAFC_ff478894e348194c | Attempt: 4
Error: Cannot extract valid JSON from response: line 1 column 1 (char 0)
Raw response (9025 chars):
{
"id": "VAFC_ff478894e348194c",
"date_iso": "2021-08-18T00:00:00",
"full_text": "Hình ảnh 4 người dân huyện Than Uyên, tỉnh Lai Châu mắc lán ngủ gần khu vực chốt kiểm soát dịch Covid-19 trong lúc chờ cơ quan chức năng xác minh yếu tố dịch tễ thu hút sự quan tâm của dư luận.\nChủ tịch UBND huyện Than Uyên Lò Văn Hương sáng nay (16/8) xác nhận với VietNamNet, tại chốt kiểm soát dịch số 2, xã Mường Kim mới đây có trường hợp 4 công dân về từ vùng dịch mắc lán ngủ gần chốt kiểm soát.\nCụ thể, khoảng 3h sáng 15/8, tổ công tác tại chốt Mường Kim tiếp nhận làm việc với nhóm 4 công dân đi trên 2 chiếc xe máy hướng từ Yên Bái theo quốc lộ 32 về huyện Than Uyên.\nBốn người gồm anh Lò Văn Nguyên (SN 1992, trú tại xã Hua Nà), anh Lò Văn Luấn (SN 1998, trú tại xã Pắc Ta), anh Lò Văn Thương (SN 1998, trú tại xã Pắc Ta) và Lò Văn Hải (SN 2000, trú tại xã Phúc Than). Cả bốn người đều là công dân huyện Than Uyên.\nHình ảnh nhóm công dân mắc lán ở ven đường lan truyền trên các trang mạng xã hội. Ảnh: XĐ\nTại chốt kiểm soát, do có 3/4 người khai báo y tế không trung thực và có yếu tố dịch tễ phức tạp (đi từ vùng dịch và vùng cách ly y tế theo Chỉ thị 16 của Chính phủ) nên tổ công tác yêu cầu nhóm công dân trên dừng tại chốt để rà soát lịch trình và xác minh kĩ yếu tố dịch tễ.\nTrong quá trình chờ đợi xác minh kéo dài nhiều giờ đồng hồ, khoảng 8h sáng cùng ngày, nhóm 4 người rời khỏi chốt để dựng lán cách đó khoảng 400m để chờ hoàn tất các thủ tục.\nĐến 19h cùng ngày, sau quá trình xác minh, tổ công tác lập biên bản vi phạm hành chính với 3 người gồm anh Luấn, Thương và Nguyên vì cố tình ra khỏi vùng phong tỏa y tế và khai báo không trung thực. Sau đó, cả 3 người được đưa đến khu cách ly tập trung của huyện để thực hiện cách ly theo quy định.\nNgay sau khi xảy ra vụ việc, theo lãnh đạo huyện Than Uyên, hình ảnh mắc lán ngủ ven đường quốc lộ của nhóm 4 người nêu trên được đăng tải lên các trạng mạng xã hội kèm theo các bình luận về việc \"chính quyền tỉnh Lai Châu đóng cửa không tiếp nh
... [truncated, total 9025 chars]
================================================================================

================================================================================
Article ID: VAFC_ff478894e348194c | Attempt: 5
Error: Cannot extract valid JSON from response: line 1 column 1 (char 0)
Raw response (9188 chars):
{
"id": "VAFC_ff478894e348194c",
"date_iso": "2021-08-18T00:00:00",
"full_text": "Hình ảnh 4 người dân huyện Than Uyên, tỉnh Lai Châu mắc lán ngủ gần khu vực chốt kiểm soát dịch Covid-19 trong lúc chờ cơ quan chức năng xác minh yếu tố dịch tễ thu hút sự quan tâm của dư luận.\nChủ tịch UBND huyện Than Uyên Lò Văn Hương sáng nay (16/8) xác nhận với VietNamNet, tại chốt kiểm soát dịch số 2, xã Mường Kim mới đây có trường hợp 4 công dân về từ vùng dịch mắc lán ngủ gần chốt kiểm soát.\nCụ thể, khoảng 3h sáng 15/8, tổ công tác tại chốt Mường Kim tiếp nhận làm việc với nhóm 4 công dân đi trên 2 chiếc xe máy hướng từ Yên Bái theo quốc lộ 32 về huyện Than Uyên.\nBốn người gồm anh Lò Văn Nguyên (SN 1992, trú tại xã Hua Nà), anh Lò Văn Luấn (SN 1998, trú tại xã Pắc Ta), anh Lò Văn Thương (SN 1998, trú tại xã Pắc Ta) và Lò Văn Hải (SN 2000, trú tại xã Phúc Than). Cả bốn người đều là công dân huyện Than Uyên.\nHình ảnh nhóm công dân mắc lán ở ven đường lan truyền trên các trang mạng xã hội. Ảnh: XĐ\nTại chốt kiểm soát, do có 3/4 người khai báo y tế không trung thực và có yếu tố dịch tễ phức tạp (đi từ vùng dịch và vùng cách ly y tế theo Chỉ thị 16 của Chính phủ) nên tổ công tác yêu cầu nhóm công dân trên dừng tại chốt để rà soát lịch trình và xác minh kĩ yếu tố dịch tễ.\nTrong quá trình chờ đợi xác minh kéo dài nhiều giờ đồng hồ, khoảng 8h sáng cùng ngày, nhóm 4 người rời khỏi chốt để dựng lán cách đó khoảng 400m để chờ hoàn tất các thủ tục.\nĐến 19h cùng ngày, sau quá trình xác minh, tổ công tác lập biên bản vi phạm hành chính với 3 người gồm anh Luấn, Thương và Nguyên vì cố tình ra khỏi vùng phong tỏa y tế và khai báo không trung thực. Sau đó, cả 3 người được đưa đến khu cách ly tập trung của huyện để thực hiện cách ly theo quy định.\nNgay sau khi xảy ra vụ việc, theo lãnh đạo huyện Than Uyên, hình ảnh mắc lán ngủ ven đường quốc lộ của nhóm 4 người nêu trên được đăng tải lên các trạng mạng xã hội kèm theo các bình luận về việc \"chính quyền tỉnh Lai Châu đóng cửa không tiếp nh
... [truncated, total 9188 chars]
================================================================================

================================================================================
Article ID: VAFC_43c45144d12b8f89 | Attempt: 1
Error: Schema: Missing claims category: NOT_ENOUGH_INFO
Raw response (6693 chars):
{
"id": "VAFC_43c45144d12b8f89",
"date_iso": "2021-08-15T00:00:00",
"full_text": "Phòng An ninh mạng và phòng chống tội phạm sử dụng công nghệ cao Công an tỉnh Lâm Đồng vừa làm rõ thông tin \"cò cách ly y tế\".\nHôm 21/7, mạng xã hội lan truyền đoạn clip lại ghi hình ảnh một người đang hướng dẫn quy định và chi phí cách ly y tế cho người dân từ vùng dịch về địa phương tại chốt kiểm soát dịch bệnh Đèo Chuối (huyện Đạ Huoai, tỉnh Lâm Đồng).\nCụ thể, người đàn ông trong clip giải thích về việc UBND TP Bảo Lộc chủ trương ưu tiên ai có hộ khẩu tại Bảo Lộc sẽ được bố trí cách ly tập trung ở cơ sở miễn phí. Còn những trường hợp trở về địa phương nhưng không có hộ khẩu thường trú tại TP Bảo Lộc thì sẽ bố trí cách ly y tế tại 2 cơ sở lưu trú có trả phí với tổng chi phí khoảng 800 nghìn đồng/người/ngày.\nClip này sau khi xuất hiện trên mạng xã hội nhận được nhiều lượt chia sẻ kèm thông tin cho rằng xuất hiện \"cò cách ly\" y tế đối với người dân từ TP.HCM về tỉnh Lâm Đồng với giá cả đắt đỏ.\nQuá trình xác minh, cơ quan chức năng xác định người đàn ông xuất hiện trong clip là ông Đặng Ngọc Hải - nhân viên lái xe của Văn phòng HĐND và UBND TP Bảo Lộc.\nKhoảng 16h đến 20h ngày 20/7, một nhóm công dân 6 người (có hộ khẩu ở huyện Bảo Lâm) đi xe máy từ TP.HCM về tỉnh Lâm Đồng. Khi đến chốt kiểm soát dịch bệnh Đèo Chuối (huyện Đạ Huoai) thì được nhân viên y tế hướng dẫn về quy định cách ly y tế.\nLực lượng chức năng làm việc với ông T.V.N - Quản trị viên fanpage Người Lâm Đồng. (Ảnh: Công an cung cấp)\nVì số lượng công dân về đông nên việc tư vấn của đội ngũ y tế quá tải. Mặc dù không được giao nhiệm vụ nhưng ông Hải vẫn hỗ trợ lực lượng y tế giải thích các quy định cho người dân, bao gồm cả nhóm người nói trên.\nToàn bộ quá trình hướng dẫn của ông Hải là đúng quy định về công tác phòng chống dịch COVID-19 của UBND TP Bảo Lộc. Tuy nhiên clip trên mạng chỉ ghi hình một phần, không phản ánh đầy đủ toàn bộ quá trình diễn biến vụ việc nên không đảm bảo sự khách quan.\nLực lượng chức năn
... [truncated, total 6693 chars]
================================================================================

================================================================================
Article ID: VAFC_b968d52d98cdd385 | Attempt: 1
Error: Cannot extract valid JSON from response: line 1 column 1 (char 0)
Raw response (6891 chars):
{
"id": "VAFC_b968d52d98cdd385",
"date_iso": "2021-08-09T00:00:00",
"full_text": "Thanh tra Sở TT&TT đã xử phạt hai chủ thể đăng ký và sử dụng tài khoản Facebook “Nguyễn Đức Hiển” và “Hoàng Nguyên Vũ” mỗi người 5 triệu vì cung cấp thông tin vụ \"bác sĩ rút ống thở\" có nội dung không đúng sự thật.\nTheo ông Nguyễn Đức Thọ, Chánh Thanh tra Sở Thông tin và Truyền thông (TT&TT) TP.HCM, chiều ngày 9/8, Sở đã làm việc với chủ thể đăng ký và sử dụng tài khoản Facebook “Nguyễn Đức Hiển” và “Hoàng Nguyên Vũ” về việc cung cấp thông tin \"bác sĩ rút ống thở\" của người nhà để nhường cho sản phụ, có nội dung không đúng sự thật trên mạng Internet.\nThông tin \"rút ống thở người nhà nhường cho sản phụ\" là tin giả\nTại buổi làm việc, hai chủ tài khoản Facebook này thông tin là do mong muốn chia sẻ cảm xúc đối với sự hy sinh của “bác sĩ Khoa”, nhưng do thiếu kiểm chứng thấu đáo nguồn tin, đã vô ý chia sẻ thông tin theo nội dung đăng tải trên tài khoản Facebook “Trần Khoa” là không có thật. Sau đó, hai tài khoản cũng đã kịp thời gỡ bài và đăng lời xin lỗi.\nÔng Thọ cũng cho biết, các cơ quan chức năng có thẩm quyền đã xác định nội dung tin nêu trên là tin giả, không có thật.\nNgay trong ngày, Thanh tra Sở TT&TT đã tiến hành thủ tục xử lý vi phạm, ban hành Quyết định xử phạt vi phạm hành chính đối với hai chủ thể tài khoản này về hành vi cung cấp, chia sẻ thông tin sai sự thật trên mạng xã hội theo điểm a, khoản 1 Điều 101, Nghị định số 15/2020/NĐ-CP ngày 03/02/2020 của Chính phủ quy định xử phạt vi phạm hành chính trong lĩnh vực bưu chính, viễn thông, tần số vô tuyến điện, công nghệ thông tin và giao dịch điện tử.\nTheo đó, Thanh tra Sở đã xử phạt hai chủ tài khoản mỗi người 5 triệu đồng.\nTrước đó, ngày 8/8, Sở Y tế TPHCM khẳng định thông tin lan truyền về trường hợp một bác sĩ rút ống thở của cha mẹ, nhường máy thở cho mẹ con sản phụ là hư cấu. Sở Y tế đang phối hợp với các cơ quan chức năng xác minh làm rõ nguồn gốc bài đăng này để xử lý theo quy định của pháp luật.\nĐại diện t
... [truncated, total 6891 chars]
================================================================================

================================================================================
Article ID: VAFC_b968d52d98cdd385 | Attempt: 2
Error: Cannot extract valid JSON from response: line 1 column 1 (char 0)
Raw response (6926 chars):
{
"id": "VAFC_b968d52d98cdd385",
"date_iso": "2021-08-09T00:00:00",
"full_text": "Thanh tra Sở TT&TT đã xử phạt hai chủ thể đăng ký và sử dụng tài khoản Facebook “Nguyễn Đức Hiển” và “Hoàng Nguyên Vũ” mỗi người 5 triệu vì cung cấp thông tin vụ \"bác sĩ rút ống thở\" có nội dung không đúng sự thật.\nTheo ông Nguyễn Đức Thọ, Chánh Thanh tra Sở Thông tin và Truyền thông (TT&TT) TP.HCM, chiều ngày 9/8, Sở đã làm việc với chủ thể đăng ký và sử dụng tài khoản Facebook “Nguyễn Đức Hiển” và “Hoàng Nguyên Vũ” về việc cung cấp thông tin \"bác sĩ rút ống thở\" của người nhà để nhường cho sản phụ, có nội dung không đúng sự thật trên mạng Internet.\nThông tin \"rút ống thở người nhà nhường cho sản phụ\" là tin giả\nTại buổi làm việc, hai chủ tài khoản Facebook này thông tin là do mong muốn chia sẻ cảm xúc đối với sự hy sinh của “bác sĩ Khoa”, nhưng do thiếu kiểm chứng thấu đáo nguồn tin, đã vô ý chia sẻ thông tin theo nội dung đăng tải trên tài khoản Facebook “Trần Khoa” là không có thật. Sau đó, hai tài khoản cũng đã kịp thời gỡ bài và đăng lời xin lỗi.\nÔng Thọ cũng cho biết, các cơ quan chức năng có thẩm quyền đã xác định nội dung tin nêu trên là tin giả, không có thật.\nNgay trong ngày, Thanh tra Sở TT&TT đã tiến hành thủ tục xử lý vi phạm, ban hành Quyết định xử phạt vi phạm hành chính đối với hai chủ thể tài khoản này về hành vi cung cấp, chia sẻ thông tin sai sự thật trên mạng xã hội theo điểm a, khoản 1 Điều 101, Nghị định số 15/2020/NĐ-CP ngày 03/02/2020 của Chính phủ quy định xử phạt vi phạm hành chính trong lĩnh vực bưu chính, viễn thông, tần số vô tuyến điện, công nghệ thông tin và giao dịch điện tử.\nTheo đó, Thanh tra Sở đã xử phạt hai chủ tài khoản mỗi người 5 triệu đồng.\nTrước đó, ngày 8/8, Sở Y tế TPHCM khẳng định thông tin lan truyền về trường hợp một bác sĩ rút ống thở của cha mẹ, nhường máy thở cho mẹ con sản phụ là hư cấu. Sở Y tế đang phối hợp với các cơ quan chức năng xác minh làm rõ nguồn gốc bài đăng này để xử lý theo quy định của pháp luật.\nĐại diện t
... [truncated, total 6926 chars]
================================================================================

================================================================================
Article ID: VAFC_710e05c00946b534 | Attempt: 1
Error: Schema: Missing claims category: NOT_ENOUGH_INFO
Raw response (9386 chars):
{
"id": "VAFC_710e05c00946b534",
"date_iso": "2021-08-04T00:00:00",
"full_text": "Hành vi tung tin giả liên quan đến vaccine gây ảnh hưởng nghiêm trọng đến công tác phòng chống dịch COVID-19 sẽ bị xử phạt hành chính, thậm chí bị truy cứu trách nhiệm hình sự.\nNhững ngày qua, thông tin giả liên quan đến vaccine liên tục xuất hiện trên mạng xã hội. Cạnh đó, nhiều người cũng đăng những thông tin có nội dung xúc phạm đến những người làm nhiệm vụ phòng chống dịch. Những hành vi này đã gây ảnh hưởng lớn đến hiệu quả của việc phòng chống dịch COVID-19.\nTin giả về “vùng xanh” và tin giả về vaccine\nCụ thể, ngày 30-7, hình ảnh một tấm bảng hiệu được cho là của Ban chỉ đạo phòng chống dịch COVID-19 phường 10, TP Vũng Tàu (Bà Rịa-Vũng Tàu) với nội dung “Bảo vệ vùng kín” xuất hiện tràn ngập trên mạng xã hội. Nhiều người chia sẻ và để lại những bình luận giễu cợt.\nThực ra nội dung phản cảm ở tấm bảng trên được “chế” lại từ nội dung “Bảo vệ vùng xanh” vốn được ghi trên băng rôn dựng ở những khu vực an toàn, không có dịch. Các ban chỉ đạo phòng chống dịch địa phương phát động phong trào “Mở rộng vùng xanh trên bản đồ COVID-19” nhằm vận động toàn bộ hệ thống chính trị, nhân dân đồng lòng, chung sức, nỗ lực tham gia đẩy lùi dịch bệnh.\nViệc tung tin giả về vaccine gây ảnh hưởng công tác phòng chống dịch sẽ bị xử phạt hành chính, thậm chí bị truy cứu trách nhiệm hình sự. Trong ảnh: Tiêm vaccine phòng dịch COVID-19 cho người dân tại TP.HCM. Ảnh: HOÀNG GIANG\nSau đó, một người ngụ phường 11, TP Vũng Tàu đang cách ly trong khu phong tỏa ở phường 11 được xác định là người đăng tải, chia sẻ hình ảnh phản cảm này. Bước đầu người này thừa nhận hành vi. Khi người này kết thúc việc cách ly, công an sẽ thực hiện các thủ tục cần thiết để xử lý theo quy định.\nMột hành vi vi phạm khác xuất hiện rầm rộ mấy ngày qua là việc tung tin giả liên quan đến vaccine Vero Cell của Sinopharm (Trung Quốc).\nTheo đó, thông tin ngày 31-7, TP.HCM đã nhận được 1 triệu liều vaccine trong tổng số 5 triệu liều mà
... [truncated, total 9386 chars]
================================================================================

================================================================================
Article ID: VAFC_6e3da6534f1b53ef | Attempt: 1
Error: Cannot extract valid JSON from response: line 1 column 1 (char 0)
Raw response (6354 chars):
{
"id": "VAFC_6e3da6534f1b53ef",
"date_iso": "2021-08-01T00:00:00",
"full_text": "Ngày 31/7, Phòng An ninh chính trị nội bộ, Công an tỉnh Vĩnh Long quyết định xử phạt vi phạm hành chính 7,5 triệu đồng đối với V.K.L (sinh năm 1989, ngụ xã Lộc Hòa, huyện Long Hồ) về hành vi sử dụng tài khoản mạng xã hội Facebook để cung cấp, chia sẻ thông tin bịa đặt, gây hoang mang trong nhân dân.\nĐối tượng V.K.L tại cơ quan công an. Ảnh: TTXVN phát\nTrước đó, ngày 25/7, Phòng An ninh chính trị nội bộ, Công an tỉnh Vĩnh Long phối hợp với Sở Thông tin và Truyền thông, Công an huyện Long Hồ làm việc với V.K.L là chủ tài khoản Facebook “Tan Dat Cao”, vì đã đăng tải nhiều thông tin, video bịa đặt, sai sự thật gây hoang mang trong nhân dân.\nLàm việc với cơ quan chức năng, V.K.L đã khai nhận, thời gian qua L. dùng Facebook mang tên chồng để đăng video clip từ nước ngoài có nội dung tuyên truyền xuyên tạc về công tác phòng, chống dịch ở Việt Nam; đăng bài viết về “Phương pháp chữa bệnh COVID-19 tại nhà” mà chưa có căn cứ khoa học hay xác nhận của cơ quan chuyên môn, gây hoang mang trong dư luận xã hội và sự chủ quan cho nhân dân.\nQua vụ việc, Phòng An ninh chính trị nội bộ, Công an tỉnh Vĩnh Long cũng mong muốn người dân khi sử dụng mạng xã hội cần nhận thức rõ nội dung, lựa chọn những nguồn thông tin chính thống để đăng tải, chia sẻ góp phần phổ biến thông tin tích cực, có ý nghĩa trong cuộc sống, nhất là thông tin liên quan đến phòng, chống dịch COVID-19.\nTheo Phạm Minh Tuấn/Thông tấn xã Việt Nam\nhttps://baotintuc.vn/van-de-quan-tam/vinh-long-xu-phat-nguoi-dang-tin-sai-su-that-ve-cong-tac-phong-chong-dich-covid19-20210731165149751.htm",
"claims": {
"SUPPORTED": [
{
"claim": "Vào ngày 31/7, Phòng An ninh chính trị nội bộ thuộc Công an tỉnh Vĩnh Long đã quyết định xử phạt vi phạm hành chính đối với V.K.L số tiền 7,5 triệu đồng.",
"label": "SUPPORTED",
"evidence": [
{
"type": "text",
"quote": [
"Ngày 31/7, Phòng An ninh chính trị nội bộ, Công an tỉnh Vĩnh Long quyết định xử phạt vi phạm
... [truncated, total 6354 chars]
================================================================================

================================================================================
Article ID: VAFC_6e3da6534f1b53ef | Attempt: 2
Error: Cannot extract valid JSON from response: line 1 column 1 (char 0)
Raw response (5946 chars):
{
"id": "VAFC_6e3da6534f1b53ef",
"date_iso": "2021-08-01T00:00:00",
"full_text": "Ngày 31/7, Phòng An ninh chính trị nội bộ, Công an tỉnh Vĩnh Long quyết định xử phạt vi phạm hành chính 7,5 triệu đồng đối với V.K.L (sinh năm 1989, ngụ xã Lộc Hòa, huyện Long Hồ) về hành vi sử dụng tài khoản mạng xã hội Facebook để cung cấp, chia sẻ thông tin bịa đặt, gây hoang mang trong nhân dân.\nĐối tượng V.K.L tại cơ quan công an. Ảnh: TTXVN phát\nTrước đó, ngày 25/7, Phòng An ninh chính trị nội bộ, Công an tỉnh Vĩnh Long phối hợp với Sở Thông tin và Truyền thông, Công an huyện Long Hồ làm việc với V.K.L là chủ tài khoản Facebook “Tan Dat Cao”, vì đã đăng tải nhiều thông tin, video bịa đặt, sai sự thật gây hoang mang trong nhân dân.\nLàm việc với cơ quan chức năng, V.K.L đã khai nhận, thời gian qua L. dùng Facebook mang tên chồng để đăng video clip từ nước ngoài có nội dung tuyên truyền xuyên tạc về công tác phòng, chống dịch ở Việt Nam; đăng bài viết về “Phương pháp chữa bệnh COVID-19 tại nhà” mà chưa có căn cứ khoa học hay xác nhận của cơ quan chuyên môn, gây hoang mang trong dư luận xã hội và sự chủ quan cho nhân dân.\nQua vụ việc, Phòng An ninh chính trị nội bộ, Công an tỉnh Vĩnh Long cũng mong muốn người dân khi sử dụng mạng xã hội cần nhận thức rõ nội dung, lựa chọn những nguồn thông tin chính thống để đăng tải, chia sẻ góp phần phổ biến thông tin tích cực, có ý nghĩa trong cuộc sống, nhất là thông tin liên quan đến phòng, chống dịch COVID-19.\nTheo Phạm Minh Tuấn/Thông tấn xã Việt Nam\nhttps://baotintuc.vn/van-de-quan-tam/vinh-long-xu-phat-nguoi-dang-tin-sai-su-that-ve-cong-tac-phong-chong-dich-covid19-20210731165149751.htm",
"claims": {
"SUPPORTED": [
{
"claim": "Ngày 31/7, Công an tỉnh Vĩnh Long đã quyết định xử phạt vi phạm hành chính 7,5 triệu đồng đối với V.K.L sinh năm 1989.",
"label": "SUPPORTED",
"evidence": [
{
"type": "text",
"quote": [
"Ngày 31/7, Phòng An ninh chính trị nội bộ, Công an tỉnh Vĩnh Long quyết định xử phạt vi phạm hành chính 7,5 triệu đồng đối với 
... [truncated, total 5946 chars]
================================================================================

================================================================================
Article ID: VAFC_3b9000b26e96691a | Attempt: 1
Error: Cannot extract valid JSON from response: line 1 column 1 (char 0)
Raw response (11090 chars):
{
"id": "VAFC_3b9000b26e96691a",
"date_iso": "2021-07-30T00:00:00",
"full_text": "Trong khi cả xã hội đang căng mình đối phó với dịch bệnh COVID -19, những kẻ tung “tin giả” không những vi phạm pháp luật mà còn khiếm khuyến về đạo đức, gây hậu quả khôn lường.\nHình minh họa\n\"Anh ơi, anh ơi, nguy hiểm quá, nguy hiểm quá...\" người phụ nữ gọi chồng giật cục làm người nghe đến phát hoảng, giọng của cô rất to và vang làm cho những người có mặt ở cửa hàng nghe rất rõ, cô ấy nói: “Anh ơi, dịch bệnh ở thành phố Hồ Chính Minh nghiêm trọng quá, mỗi ngày có tới hàng chục nghìn người nhiễm mới, công tác phòng chống dịch bị vỡ trận rồi. Trên mạng người ta đăng đầy thông tin đây này, khủng khiếp lắm: “M ột ngườ i dân ph ẫ n u ấ t, ngay gi ữa đườ ng b ứ c bách… t ự thiêu”; “S ử d ụ ng 5 máy bay tr ự c thăng đ ể phun ch ấ t kh ử trùng vào không khí để di ệ t tr ừ virus...”; “Hình ả nh xác ch ế t c ủ a b ệ nh nhân COVID - 19 t ạ i thành ph ố H ồ Chí Minh...” , đây là mẩu chuyện tôi nghe được khi đứng chờ mua hàng tại một cửa hàng thực phẩm.\nThông tin người phụ kia đưa ra làm cho những người có mặt ở cửa hàng phát hoảng. Có lẽ, không chỉ riêng tôi mà hầu như mọi người đều thi thoảng lại nghe được, lại thấy những tin kiểu giật gân tương tự như người phụ nữ ở cửa hàng thực phẩm trong câu chuyện trên, ai cũng vậy, với tâm lý hoang mang, bán tín bán nghi giữa cái thật - giả trước mớ hỗn độn thông tin là không thể tránh khỏi. Cho đến khi cơ quan chức năng công bố hàng loạt tin giả thì sự lan truyền của nó đã rộng khắp cộng đồng, dĩ nhiên không ai có thể kiểm soát được hậu quả của những tin giả đến đâu, nhưng không ít tin giả đã gây cho cộng đồng những phen hoảng hốt không nhỏ.\nVấn nạn tin giả không những làm nhiễu loạn thông tin và ảnh hưởng xấu trong cộng đồng xã hội, nó còn gây hoang mang cho cộng đồng, nhất là những thông tin về tình hình dịch bệnh và công tác phòng chống dịch bệnh COVID -19. Nguy hiểm hơn là âm mưu chống phá của các thế lực thù địch, bằng thủ đoạn dùng tin giả để
... [truncated, total 11090 chars]
================================================================================

================================================================================
Article ID: VAFC_3b9000b26e96691a | Attempt: 2
Error: Cannot extract valid JSON from response: line 1 column 1 (char 0)
Raw response (11377 chars):
{
"id": "VAFC_3b9000b26e96691a",
"date_iso": "2021-07-30T00:00:00",
"full_text": "Trong khi cả xã hội đang căng mình đối phó với dịch bệnh COVID -19, những kẻ tung “tin giả” không những vi phạm pháp luật mà còn khiếm khuyến về đạo đức, gây hậu quả khôn lường.\nHình minh họa\n\"Anh ơi, anh ơi, nguy hiểm quá, nguy hiểm quá...\" người phụ nữ gọi chồng giật cục làm người nghe đến phát hoảng, giọng của cô rất to và vang làm cho những người có mặt ở cửa hàng nghe rất rõ, cô ấy nói: “Anh ơi, dịch bệnh ở thành phố Hồ Chính Minh nghiêm trọng quá, mỗi ngày có tới hàng chục nghìn người nhiễm mới, công tác phòng chống dịch bị vỡ trận rồi. Trên mạng người ta đăng đầy thông tin đây này, khủng khiếp lắm: “M ột ngườ i dân ph ẫ n u ấ t, ngay gi ữa đườ ng b ứ c bách… t ự thiêu”; “S ử d ụ ng 5 máy bay tr ự c thăng đ ể phun ch ấ t kh ử trùng vào không khí để di ệ t tr ừ virus...”; “Hình ả nh xác ch ế t c ủ a b ệ nh nhân COVID - 19 t ạ i thành ph ố H ồ Chí Minh...” , đây là mẩu chuyện tôi nghe được khi đứng chờ mua hàng tại một cửa hàng thực phẩm.\nThông tin người phụ kia đưa ra làm cho những người có mặt ở cửa hàng phát hoảng. Có lẽ, không chỉ riêng tôi mà hầu như mọi người đều thi thoảng lại nghe được, lại thấy những tin kiểu giật gân tương tự như người phụ nữ ở cửa hàng thực phẩm trong câu chuyện trên, ai cũng vậy, với tâm lý hoang mang, bán tín bán nghi giữa cái thật - giả giữa mớ hỗn độn thông tin là không thể tránh khỏi. Cho đến khi cơ quan chức năng công bố hàng loạt tin giả thì sự lan truyền của nó đã rộng khắp cộng đồng, dĩ nhiên không ai có thể kiểm soát được hậu quả của những tin giả đến đâu, nhưng không ít tin giả đã gây cho cộng đồng những phen hoảng hốt không nhỏ.\nVấn nạn tin giả không những làm nhiễu loạn thông tin và ảnh hưởng xấu trong cộng đồng xã hội, nó còn gây hoang mang cho cộng đồng, nhất là những thông tin về tình hình dịch bệnh và công tác phòng chống dịch bệnh COVID -19. Nguy hiểm hơn là âm mưu chống phá của các thế lực thù địch, bằng thủ đoạn dùng tin giả để 
... [truncated, total 11377 chars]
================================================================================

================================================================================
Article ID: VAFC_3b9000b26e96691a | Attempt: 3
Error: Cannot extract valid JSON from response: line 1 column 1 (char 0)
Raw response (11066 chars):
{
"id": "VAFC_3b9000b26e96691a",
"date_iso": "2021-07-30T00:00:00",
"full_text": "Trong khi cả xã hội đang căng mình đối phó với dịch bệnh COVID -19, những kẻ tung “tin giả” không những vi phạm pháp luật mà còn khiếm khuyến về đạo đức, gây hậu quả khôn lường.\nHình minh họa\n\"Anh ơi, anh ơi, nguy hiểm quá, nguy hiểm quá...\" người phụ nữ gọi chồng giật cục làm người nghe đến phát hoảng, giọng của cô rất to và vang làm cho những người có mặt ở cửa hàng nghe rất rõ, cô ấy nói: “Anh ơi, dịch bệnh ở thành phố Hồ Chính Minh nghiêm trọng quá, mỗi ngày có tới hàng chục nghìn người nhiễm mới, công tác phòng chống dịch bị vỡ trận rồi. Trên mạng người ta đăng đầy thông tin đây này, khủng khiếp lắm: “M ột ngườ i dân ph ẫ n u ấ t, ngay gi ữa đườ ng b ứ c bách… t ự thiêu”; “S ử d ụ ng 5 máy bay tr ự c thăng đ ể phun ch ấ t kh ử trùng vào không khí để di ệ t tr ừ virus...”; “Hình ả nh xác ch ế t c ủ a b ệ nh nhân COVID - 19 t ạ i thành ph ố H ồ Chí Minh...” , đây là mẩu chuyện tôi nghe được khi đứng chờ mua hàng tại một cửa hàng thực phẩm.\nThông tin người phụ kia đưa ra làm cho những người có mặt ở cửa hàng phát hoảng. Có lẽ, không chỉ riêng tôi mà hầu như mọi người đều thi thoảng lại nghe được, lại thấy những tin kiểu giật gân tương tự như người phụ nữ ở cửa hàng thực phẩm trong câu chuyện trên, ai cũng vậy, với tâm lý hoang mang, bán tín bán nghi giữa cái thật - giả trước mớ hỗn độn thông tin là không thể tránh khỏi. Cho đến khi cơ quan chức năng công bố hàng loạt tin giả thì sự lan truyền của nó đã rộng khắp cộng đồng, dĩ nhiên không ai có thể kiểm soát được hậu quả của những tin giả đến đâu, nhưng không ít tin giả đã gây cho cộng đồng những phen hoảng hốt không nhỏ.\nVấn nạn tin giả không những làm nhiễu loạn thông tin và ảnh hưởng xấu trong cộng đồng xã hội, nó còn gây hoang mang cho cộng đồng, nhất là những thông tin về tình hình dịch bệnh và công tác phòng chống dịch bệnh COVID -19. Nguy hiểm hơn là âm mưu chống phá của các thế lực thù địch, bằng thủ đoạn dùng tin giả để
... [truncated, total 11066 chars]
================================================================================

================================================================================
Article ID: VAFC_3b9000b26e96691a | Attempt: 4
Error: Cannot extract valid JSON from response: line 1 column 1 (char 0)
Raw response (11253 chars):
{
"id": "VAFC_3b9000b26e96691a",
"date_iso": "2021-07-30T00:00:00",
"full_text": "Trong khi cả xã hội đang căng mình đối phó với dịch bệnh COVID -19, những kẻ tung “tin giả” không những vi phạm pháp luật mà còn khiếm khuyến về đạo đức, gây hậu quả khôn lường.\nHình minh họa\n\"Anh ơi, anh ơi, nguy hiểm quá, nguy hiểm quá...\" người phụ nữ gọi chồng giật cục làm người nghe đến phát hoảng, giọng của cô rất to và vang làm cho những người có mặt ở cửa hàng nghe rất rõ, cô ấy nói: “Anh ơi, dịch bệnh ở thành phố Hồ Chính Minh nghiêm trọng quá, mỗi ngày có tới hàng chục nghìn người nhiễm mới, công tác phòng chống dịch bị vỡ trận rồi. Trên mạng người ta đăng đầy thông tin đây này, khủng khiếp lắm: “M ột ngườ i dân ph ẫ n u ấ t, ngay gi ữa đườ ng b ứ c bách… t ự thiêu”; “S ử d ụ ng 5 máy bay tr ự c thăng đ ể phun ch ấ t kh ử trùng vào không khí để di ệ t tr ừ virus...”; “Hình ả nh xác ch ế t c ủ a b ệ nh nhân COVID - 19 t ạ i thành ph ố H ồ Chí Minh...” , đây là mẩu chuyện tôi nghe được khi đứng chờ mua hàng tại một cửa hàng thực phẩm.\nThông tin người phụ kia đưa ra làm cho những người có mặt ở cửa hàng phát hoảng. Có lẽ, không chỉ riêng tôi mà hầu như mọi người đều thi thoảng lại nghe được, lại thấy những tin kiểu giật gân tương tự như người phụ nữ ở cửa hàng thực phẩm trong câu chuyện trên, ai cũng vậy, với tâm lý hoang mang, bán tín bán nghi giữa cái thật - giả trước mớ hỗn độn thông tin là không thể tránh khỏi. Cho đến khi cơ quan chức năng công bố hàng loạt tin giả thì sự lan truyền của nó đã rộng khắp cộng đồng, dĩ nhiên không ai có thể kiểm soát được hậu quả của những tin giả đến đâu, nhưng không ít tin giả đã gây cho cộng đồng những phen hoảng hốt không nhỏ.\nVấn nạn tin giả không những làm nhiễu loạn thông tin và ảnh hưởng xấu trong cộng đồng xã hội, nó còn gây hoang mang cho cộng đồng, nhất là những thông tin về tình hình dịch bệnh và công tác phòng chống dịch bệnh COVID -19. Nguy hiểm hơn là âm mưu chống phá của các thế lực thù địch, bằng thủ đoạn dùng tin giả để
... [truncated, total 11253 chars]
================================================================================

================================================================================
Article ID: VAFC_3b9000b26e96691a | Attempt: 5
Error: Cannot extract valid JSON from response: line 1 column 1 (char 0)
Raw response (11252 chars):
{
"id": "VAFC_3b9000b26e96691a",
"date_iso": "2021-07-30T00:00:00",
"full_text": "Trong khi cả xã hội đang căng mình đối phó với dịch bệnh COVID -19, những kẻ tung “tin giả” không những vi phạm pháp luật mà còn khiếm khuyến về đạo đức, gây hậu quả khôn lường.\nHình minh họa\n\"Anh ơi, anh ơi, nguy hiểm quá, nguy hiểm quá...\" người phụ nữ gọi chồng giật cục làm người nghe đến phát hoảng, giọng của cô rất to và vang làm cho những người có mặt ở cửa hàng nghe rất rõ, cô ấy nói: “Anh ơi, dịch bệnh ở thành phố Hồ Chính Minh nghiêm trọng quá, mỗi ngày có tới hàng chục nghìn người nhiễm mới, công tác phòng chống dịch bị vỡ trận rồi. Trên mạng người ta đăng đầy thông tin đây này, khủng khiếp lắm: “M ột ngườ i dân ph ẫ n u ấ t, ngay gi ữa đườ ng b ứ c bách… t ự thiêu”; “S ử d ụ ng 5 máy bay tr ự c thăng đ ể phun ch ấ t kh ử trùng vào không khí để di ệ t tr ừ virus...”; “Hình ả nh xác ch ế t c ủ a b ệ nh nhân COVID - 19 t ạ i thành ph ố H ồ Chí Minh...” , đây là mẩu chuyện tôi nghe được khi đứng chờ mua hàng tại một cửa hàng thực phẩm.\nThông tin người phụ kia đưa ra làm cho những người có mặt ở cửa hàng phát hoảng. Có lẽ, không chỉ riêng tôi mà hầu như mọi người đều thi thoảng lại nghe được, lại thấy những tin kiểu giật gân tương tự như người phụ nữ ở cửa hàng thực phẩm trong câu chuyện trên, ai cũng vậy, với tâm lý hoang mang, bán tín bán nghi giữa cái thật - giả trước mớ hỗn độn thông tin là không thể tránh khỏi. Cho đến khi cơ quan chức năng công bố hàng loạt tin giả thì sự lan truyền của nó đã rộng khắp cộng đồng, dĩ nhiên không ai có thể kiểm soát được hậu quả của những tin giả đến đâu, nhưng không ít tin giả đã gây cho cộng đồng những phen hoảng hốt không nhỏ.\nVấn nạn tin giả không những làm nhiễu loạn thông tin và ảnh hưởng xấu trong cộng đồng xã hội, nó còn gây hoang mang cho cộng đồng, nhất là những thông tin về tình hình dịch bệnh và công tác phòng chống dịch bệnh COVID -19. Nguy hiểm hơn là âm mưu chống phá của các thế lực thù địch, bằng thủ đoạn dùng tin giả để
... [truncated, total 11252 chars]
================================================================================

================================================================================
Article ID: VAFC_7cd7f06e1baa3d08 | Attempt: 1
Error: Cannot extract valid JSON from response: line 1 column 1 (char 0)
Raw response (7643 chars):
{
"id": "VAFC_7cd7f06e1baa3d08",
"date_iso": "2021-07-27T00:00:00",
"full_text": "Thời gian vừa qua, một số trang mạng ở nước ngoài đăng tải thông tin “Việt Nam chính thức cấm nhập cảnh hết năm 2021 với người nước ngoài, người Việt hồi hương từ 28/07”. Đây là thông tin giả mạo, không chính xác, gây ảnh hưởng xấu đến hình ảnh và chính sách của Việt Nam.\nTheo thông tin từ Bộ Ngoại giao, tính tới ngày 23/7, Việt Nam đã tổ chức 504 chuyến bay đưa hơn 131 nghìn người Việt từ 60 quốc gia và vùng lãnh thổ về nước.\nCho đến nay, nhằm bảo đảm công tác phòng chống dịch bệnh COVID-19 trong bối cảnh dịch bệnh tiếp tục diễn biến phức tạp trong khu vực, trên thế giới và trong nước, Việt Nam vẫn thực hiện việc nhập cảnh nhưng có điều kiện (có hạn chế) đối với người nước ngoài theo Thông báo kết luận số 118/TB-VPCP ngày 21/3/2020 về phòng, chống dịch COVID-19.\nThực hiện chỉ đạo của Thủ tướng Chính phủ, thời gian qua, căn cứ diễn biến dịch bệnh trong nước và quốc tế, các cơ quan chức năng của Việt Nam đã có các hướng dẫn cụ thể để tạo điều kiện, hỗ trợ chuyên gia, người nước ngoài và thân nhân nhập cảnh vào Việt Nam để làm việc, đảm bảo đúng đối tượng, nhu cầu và mục đích, đồng thời tăng cường công tác kiểm soát, quản lý chặt chẽ, đáp ứng yêu cầu phòng, chống dịch…\nThời gian vừa qua, các cơ quan chức năng Việt Nam cũng đã phối hợp chặt chẽ với các hãng hàng không trong, ngoài nước tổ chức nhiều chuyến bay đưa công dân Việt Nam về nước trên cơ sở diễn biến dịch bệnh trong nước và quốc tế, nguyện vọng về nước của công dân và năng lực cách ly tại các địa phương.\nThông báo số 118/TB-VPCP ngày 21/3/2020 nêu rõ: Tạm dừng nhập cảnh đối với tất cả người nước ngoài vào Việt Nam từ ngày 22/3/2020, trừ trường hợp nhập cảnh với mục đích ngoại giao, công vụ và các trường hợp đặc biệt (khách nước ngoài tham dự, phục vụ các hoạt động đối ngoại quan trọng; chuyên gia, nhà quản lý doanh nghiệp, lao động kỹ thuật cao...). Với các trường hợp đặc biệt này, Bộ Công an, Bộ Quốc phòng chủ trì, phối hợ
... [truncated, total 7643 chars]
================================================================================

================================================================================
Article ID: VAFC_8f68cdd365323b85 | Attempt: 1
Error: Schema: Missing claims category: NOT_ENOUGH_INFO
Raw response (11833 chars):
{
"id": "VAFC_8f68cdd365323b85",
"date_iso": "2021-07-21T00:00:00",
"full_text": "Trên mạng xã hội hiện đang lan truyền nhiều thông tin chưa đúng, thậm chí xuyên tạc về tình hình dịch bệnh COVID-19. Điều này đã gây hoang mang, lo sợ cho người dân cũng như gây khó khăn cho công tác phòng, chống dịch bệnh của chúng ta.\nLực lượng công an xử lý nhiều trường hợp thông tin thất thiệt về dịch COVID-19. Ảnh:cand.com.vn\nMạng xã hội với nhiều tiện ích đang trở thành một trong những kênh giao tiếp thông dụng đối với rất nhiều người trên thế giới nói chung và Việt Nam nói riêng. Tuy nhiên, bên cạnh những giá trị và lợi ích đem lại thì sự phát triển nhanh chóng của mạng xã hội đã kéo theo khá nhiều hệ lụy. Điều này chúng ta thấy rất rõ hiện nay, khi đã có nhiều đối tượng lợi dụng tình hình dịch bệnh COVID-19 đang phức tạp để tung tin đồn, tin giả, xuyên tạc về tình hình dịch bệnh và công tác chỉ đạo điều hành của các cơ quan chức năng nhằm gây hoang mang, lo sợ, kích động quần chúng nhân dân. Thêm vào đó, cũng có một bộ phận người dân, do chưa nhận thức được đúng đắn đâu là thông tin chính thống, đâu là thông tin giả mạo nên vô tình đã tiếp tay, làm lan truyền với tốc độ “chóng mặt” các nội dung thất thiệt này.\nĐặc biệt tại TP Hồ Chí Minh, trong lúc cả Thành phố đang gồng mình chống dịch COVID-19 nhằm nhanh chóng đẩy lùi dịch bệnh, đảm bảo an toàn cho người dân thì những ngày vừa qua đã xuất hiện rất nhiều tin đồn sai sự thật, thậm chí hoàn toàn bịa đặt. Ngày 13 và 14/7, xuất hiện tin đồn “Từ 0 giờ ngày 15/7, TP Hồ Chí Minh sẽ giới nghiêm người dân, ngưng tất cả các ngành nghề, cấm người dân di chuyển ra ngoài và kêu gọi người dân mua trữ lương thực\". Tiếp nhận thông tin chưa kiểm chứng này, một số người dân đã vô cùng hoang mang và đổ xô đi mua hàng hóa tích trữ, gây ảnh hưởng nghiêm trọng tới công tác phòng, chống dịch bệnh của Thành phố. Mặc dù sau đó, lãnh đạo Thành phố đã khẳng định đây là thông tin không đúng, hoàn toàn sai sự thật, là những thông tin bịa đặt nhưng một
... [truncated, total 11833 chars]
================================================================================

================================================================================
Article ID: VAFC_8f68cdd365323b85 | Attempt: 2
Error: Cannot extract valid JSON from response: line 1 column 1 (char 0)
Raw response (11246 chars):
{
"id": "VAFC_8f68cdd365323b85",
"date_iso": "2021-07-21T00:00:00",
"full_text": "Trên mạng xã hội hiện đang lan truyền nhiều thông tin chưa đúng, thậm chí xuyên tạc về tình hình dịch bệnh COVID-19. Điều này đã gây hoang mang, lo sợ cho người dân cũng như gây khó khăn cho công tác phòng, chống dịch bệnh của chúng ta.\nLực lượng công an xử lý nhiều trường hợp thông tin thất thiệt về dịch COVID-19. Ảnh:cand.com.vn\nMạng xã hội với nhiều tiện ích đang trở thành một trong những kênh giao tiếp thông dụng đối với rất nhiều người trên thế giới nói chung và Việt Nam nói riêng. Tuy nhiên, bên cạnh những giá trị và lợi ích đem lại thì sự phát triển nhanh chóng của mạng xã hội đã kéo theo khá nhiều hệ lụy. Điều này chúng ta thấy rất rõ hiện nay, khi đã có nhiều đối tượng lợi dụng tình hình dịch bệnh COVID-19 đang phức tạp để tung tin đồn, tin giả, xuyên tạc về tình hình dịch bệnh và công tác chỉ đạo điều hành của các cơ quan chức năng nhằm gây hoang mang, lo sợ, kích động quần chúng nhân dân. Thêm vào đó, cũng có một bộ phận người dân, do chưa nhận thức được đúng đắn đâu là thông tin chính thống, đâu là thông tin giả mạo nên vô tình đã tiếp tay, làm lan truyền với tốc độ “chóng mặt” các nội dung thất thiệt này.\nĐặc biệt tại TP Hồ Chí Minh, trong lúc cả Thành phố đang gồng mình chống dịch COVID-19 nhằm nhanh chóng đẩy lùi dịch bệnh, đảm bảo an toàn cho người dân thì những ngày vừa qua đã xuất hiện rất nhiều tin đồn sai sự thật, thậm chí hoàn toàn bịa đặt. Ngày 13 và 14/7, xuất hiện tin đồn “Từ 0 giờ ngày 15/7, TP Hồ Chí Minh sẽ giới nghiêm người dân, ngưng tất cả các ngành nghề, cấm người dân di chuyển ra ngoài và kêu gọi người dân mua trữ lương thực\". Tiếp nhận thông tin chưa kiểm chứng này, một số người dân đã vô cùng hoang mang và đổ xô đi mua hàng hóa tích trữ, gây ảnh hưởng nghiêm trọng tới công tác phòng, chống dịch bệnh của Thành phố. Mặc dù sau đó, lãnh đạo Thành phố đã khẳng định đây là thông tin không đúng, hoàn toàn sai sự thật, là những thông tin bịa đặt nhưng một
... [truncated, total 11246 chars]
================================================================================

================================================================================
Article ID: VAFC_8f68cdd365323b85 | Attempt: 3
Error: Cannot extract valid JSON from response: line 1 column 1 (char 0)
Raw response (11514 chars):
{
"id": "VAFC_8f68cdd365323b85",
"date_iso": "2021-07-21T00:00:00",
"full_text": "Trên mạng xã hội hiện đang lan truyền nhiều thông tin chưa đúng, thậm chí xuyên tạc về tình hình dịch bệnh COVID-19. Điều này đã gây hoang mang, lo sợ cho người dân cũng như gây khó khăn cho công tác phòng, chống dịch bệnh của chúng ta.\nLực lượng công an xử lý nhiều trường hợp thông tin thất thiệt về dịch COVID-19. Ảnh:cand.com.vn\nMạng xã hội với nhiều tiện ích đang trở thành một trong những kênh giao tiếp thông dụng đối với rất nhiều người trên thế giới nói chung và Việt Nam nói riêng. Tuy nhiên, bên cạnh những giá trị và lợi ích đem lại thì sự phát triển nhanh chóng của mạng xã hội đã kéo theo khá nhiều hệ lụy. Điều này chúng ta thấy rất rõ hiện nay, khi đã có nhiều đối tượng lợi dụng tình hình dịch bệnh COVID-19 đang phức tạp để tung tin đồn, tin giả, xuyên tạc về tình hình dịch bệnh và công tác chỉ đạo điều hành của các cơ quan chức năng nhằm gây hoang mang, lo sợ, kích động quần chúng nhân dân. Thêm vào đó, cũng có một bộ phận người dân, do chưa nhận thức được đúng đắn đâu là thông tin chính thống, đâu là thông tin giả mạo nên vô tình đã tiếp tay, làm lan truyền với tốc độ “chóng mặt” các nội dung thất thiệt này.\nĐặc biệt tại TP Hồ Chí Minh, trong lúc cả Thành phố đang gồng mình chống dịch COVID-19 nhằm nhanh chóng đẩy lùi dịch bệnh, đảm bảo an toàn cho người dân thì những ngày vừa qua đã xuất hiện rất nhiều tin đồn sai sự thật, thậm chí hoàn toàn bịa đặt. Ngày 13 và 14/7, xuất hiện tin đồn “Từ 0 giờ ngày 15/7, TP Hồ Chí Minh sẽ giới nghiêm người dân, ngưng tất cả các ngành nghề, cấm người dân di chuyển ra ngoài và kêu gọi người dân mua trữ lương thực\". Tiếp nhận thông tin chưa kiểm chứng này, một số người dân đã vô cùng hoang mang và đổ xô đi mua hàng hóa tích trữ, gây ảnh hưởng nghiêm trọng tới công tác phòng, chống dịch bệnh của Thành phố. Mặc dù sau đó, lãnh đạo Thành phố đã khẳng định đây là thông tin không đúng, hoàn toàn sai sự thật, là những thông tin bịa đặt nhưng một
... [truncated, total 11514 chars]
================================================================================

================================================================================
Article ID: VAFC_97ba7504bd492941 | Attempt: 1
Error: Cannot extract valid JSON from response: line 1 column 1 (char 0)
Raw response (5352 chars):
{
"id": "VAFC_97ba7504bd492941",
"date_iso": "2021-07-21T00:00:00",
"full_text": "Trên mạng xã hội facebook đang lan truyền hình ảnh một người ở TP.HCM tự thiêu và bình luận nguyên nhân là do phẫn uất với cách chống dịch covid-19.\nQua xác minh từ Sở Thông tin và Truyền thông TP.HCM và UBND phường Trường Thọ, TP Thủ Đức, TP.HCM, thông tin người đàn ông tự thiêu do phẫn uất với cách chống dịch covid-19 là sai sự thật.\nSự thật là, vào lúc 14 giờ 50 ngày 19/7, tại đường số 2, khu phố 8, phường Trường Thọ, Thành phố Thủ Đức có một thanh niên tự đốt thân thể, được người dân dập lửa đưa đi cấp cứu. Gia đình người thanh niên này cho biết: N.M.H (tên người thanh niên) có giấy chứng nhận khuyết tật thần kinh – tâm thần 2, thời gian qua N.M.H không có mâu thuẫn với gia đình và hàng xóm.\nVAFC khuyến cáo người dân, cộng đồng mạng không chia sẻ clip và thông tin sai sự thật trên, tránh gây hoang mang trong cộng đồng, ảnh hưởng tới công tác phòng, chống dịch covid-19.\nVụ việc sẽ được VAFC chuyển cơ quan chức năng để xem xét, xử lý theo quy định của pháp luật.\nVAFC",
"claims": {
"SUPPORTED": [
{
"claim": "Vào lúc 14 giờ 50 ngày 19/7 tại đường số 2 khu phố 8 phường Trường Thọ Thành phố Thủ Đức có một thanh niên tự đốt thân thể và được người dân dập lửa đưa đi cấp cứu.",
"label": "SUPPORTED",
"evidence": [
{
"type": "text",
"quote": ["Sự thật là, vào lúc 14 giờ 50 ngày 19/7, tại đường số 2, khu phố 8, phường Trường Thọ, Thành phố Thủ Đức có một thanh niên tự đốt thân thể, được người dân dập lửa đưa đi cấp cứu."],
"article_id": "VAFC_97ba7504bd492941",
"url": "https://tingia.gov.vn/mot-nguoi-dan-phan-uat-vua-voi-cach-chong-dich-covid-19-ngay-giua-duong-buc-bach-tu-thieu-la-tin-sai-su-that.html"
}
],
"reason": "Bài viết khẳng định rõ thời gian, địa điểm và sự việc thanh niên tự đốt thân thể được người dân hỗ trợ dập lửa đưa đi cấp cứu."
},
{
"claim": "Gia đình cho biết thanh niên N.M.H có giấy chứng nhận khuyết tật thần kinh tâm thần 2 và thời gian qua không có mâu thuẫn với gia đ
... [truncated, total 5352 chars]
================================================================================

================================================================================
Article ID: VAFC_baf7ebc1fe8cbd58 | Attempt: 1
Error: Schema: Missing claims category: NOT_ENOUGH_INFO
Raw response (6819 chars):
{
"id": "VAFC_baf7ebc1fe8cbd58",
"date_iso": "2021-05-12T00:00:00",
"full_text": "Một phát biểu của PTT Vũ Đức Đam về dịch COVID-19 đang lan truyền trên các tài khoản mạng xã hội với thông điệp “nghe đi để biết sợ” là tin giả.\nMạng xã hội Facebook đang lan truyền bài đăng nhan đề “Lời bác Đam, nghe đi để biết sợ” xuyên tạc lời Phó Thủ tướng Võ Đức Đam, đưa ra những thông tin mang tính hù dọa khiến nhiều người hoang mang.\nBài đăng viết: “Lời bác Đam! Nghe đi để biết sợ! Việt Nam ta có hơn 96 triệu dân nhưng chỉ có khoảng 4.000 máy thở đặt nội khí quản thôi. Trong khi đó Hà Nội 11 triệu dân chỉ có khoáng 300 cái. Dịch bùng ra một cái, chắc chắn VN sẽ bứt lên đua top 1 ngay! Không còn có chuyện Nhà nước lo và ra viện được tặng hoa nữa đâu. Lúc này, đất nước chỉ cần bạn biết sợ, thế là đủ! Đừng nghĩ virus nó chừa bạn ra.\nGương châu Âu, châu Mỹ, Ấn Độ... chủ quan chưa biết sợ vẫn còn nguyên đó! Tiền hôm nay ko kiếm thì mai kiếm. Nhưng mạng sống chỉ có một…”\nThông tin giả bịa đặt phát biểu của Phó Thủ tướng Vũ Đức Đam xuất hiện trên mạng.\nTheo xác minh của chúng tôi, phát biểu trên là bịa đặt, Phó Thủ tướng Vũ Đức Đam không phát biểu như vậy.\nĐây không phải là lần đầu tiên mạng xã hội xuất hiện những thông tin giả liên quan đến khuyến cáo, phát biểu của Phó Thủ tướng Vũ Đức Đam về chống dịch.\nTháng 7/2020, trên Facebook xuất hiện phát ngôn được cho là của Phó Thủ tướng Vũ Đức Đam: “Nếu ai đó có ý định đi du lịch khi vé đang rẻ thì hãy suy nghĩ lại bằng sự thấu đáo của mình. Tình hình đang rất căng thẳng, lúc này nếu rảnh làm ơn hãy ngồi yên một chỗ. Y tế của mình giỏi nhưng điều kiện mình yếu lắm. Bây giờ mà bùng dịch mình không chống đỡ được đâu. Chúng ta có tầm 4-6 ngày để nó chuyển giai đoạn từ 75 ca lên mức 100-500 ca ! Và có khoảng 8-12 ngày (sau khi thiết lập mốc 500) để lên mức 1000-5000 ca! Rất cần truyền thông để bà con ở nhà ! Hạn chế đi lại 1 tuần để đợt sóng này biểu hiện lâm sàng hết và khoanh lại”.\nChủ tài khoản Facebook “Vương Huyền Túi”, người tung
... [truncated, total 6819 chars]
================================================================================

================================================================================
Article ID: VAFC_287bfadb8bb67a6b | Attempt: 1
Error: Cannot extract valid JSON from response: line 1 column 1 (char 0)
Raw response (5972 chars):
{
"id": "VAFC_287bfadb8bb67a6b",
"date_iso": "2021-05-11T00:00:00",
"full_text": "Thanh niên 28 tuổi bị phạt 7,5 triệu đồng vì viết và đăng video thất thiệt về ông Trịnh Văn Quyết, Chủ tịch Công ty Cổ phần Tập đoàn FLC, trên TikTok.\nQuyết định xử phạt hành chính với nam thanh niên 28 tuổi, trú xã Đức Lĩnh, huyện Vũ Quang về hành vi \"đưa thông tin sai sự thật, xuyên tạc, xúc phạm danh dự, nhân phẩm cá nhân, tổ chức\" được Sở Thông tin và Truyền thông Hà Tĩnh ban hành ngày 6/5.\nNgày 9/1, nam thanh niên sử dụng tài khoản TikTok \"Hùng Pro\" đăng video kèm nội dung: \"Biến căng, tỷ phú Trịnh Văn Quyết (Quyết nổ) đã bị bắt giạm giam về tội Lừa đảo, chiếm đoạt tài sản \". Bài đăng trong một ngày thu hút hơn 100.000 lượt xem, hàng trăm bình luận và chia sẻ.\nTheo nhà chức trách, chủ tài khoản này không cung cấp được chứng cứ khi bị công an mời làm việc. Anh khai muốn tăng lượng tương tác, lượt xem và lượt thích cho tài khoản TikTok cá nhân nên đăng thông tin sai về ông Quyết. Anh cam kết không tái phạm.\nSáng 7/5, đại diện FLC cho biết, thấy nam thanh niên đăng thông tin thất thiệt, gây tổn hại hình ảnh của ông Quyết nên báo cơ quan chức năng truy tìm, xử lý. Đây là lần đầu tiên FLC \"phải lên tiếng\" trước những thông tin không chính xác.\nÔng Quyết, 46 tuổi, là Chủ tịch Hội đồng quản trị Công ty Cổ phần Tập đoàn FLC, kiêm Chủ tịch hãng hàng không Bamboo Airways.\nTheo Đức Hùng/Báo điện tử VnExpress\nhttps://vnexpress.net/dang-tin-that-thiet-ve-chu-tich-flc-tren-tiktok-4274087.html",
"claims": {
"SUPPORTED": [
{
"claim": "Sở Thông tin và Truyền thông Hà Tĩnh đã ban hành quyết định xử phạt hành chính 7,5 triệu đồng đối với nam thanh niên 28 tuổi vào ngày 6/5 vì đăng video thất thiệt về ông Trịnh Văn Quyết trên TikTok.",
"label": "SUPPORTED",
"evidence": [
{
"type": "text",
"quote": [
"Thanh niên 28 tuổi bị phạt 7,5 triệu đồng vì viết và đăng video thất thiệt về ông Trịnh Văn Quyết, Chủ tịch Công ty Cổ phần Tập đoàn FLC, trên TikTok.",
"Quyết định xử phạt hành chính với 
... [truncated, total 5972 chars]
================================================================================

================================================================================
Article ID: VAFC_287bfadb8bb67a6b | Attempt: 2
Error: Cannot extract valid JSON from response: line 1 column 1 (char 0)
Raw response (5983 chars):
{
"id": "VAFC_287bfadb8bb67a6b",
"date_iso": "2021-05-11T00:00:00",
"full_text": "Thanh niên 28 tuổi bị phạt 7,5 triệu đồng vì viết và đăng video thất thiệt về ông Trịnh Văn Quyết, Chủ tịch Công ty Cổ phần Tập đoàn FLC, trên TikTok.\nQuyết định xử phạt hành chính với nam thanh niên 28 tuổi, trú xã Đức Lĩnh, huyện Vũ Quang về hành vi \"đưa thông tin sai sự thật, xuyên tạc, xúc phạm danh dự, nhân phẩm cá nhân, tổ chức\" được Sở Thông tin và Truyền thông Hà Tĩnh ban hành ngày 6/5.\nNgày 9/1, nam thanh niên sử dụng tài khoản TikTok \"Hùng Pro\" đăng video kèm nội dung: \"Biến căng, tỷ phú Trịnh Văn Quyết (Quyết nổ) đã bị bắt giạm giam về tội Lừa đảo, chiếm đoạt tài sản \". Bài đăng trong một ngày thu hút hơn 100.000 lượt xem, hàng trăm bình luận và chia sẻ.\nTheo nhà chức trách, chủ tài khoản này không cung cấp được chứng cứ khi bị công an mời làm việc. Anh khai muốn tăng lượng tương tác, lượt xem và lượt thích cho tài khoản TikTok cá nhân nên đăng thông tin sai về ông Quyết. Anh cam kết không tái phạm.\nSáng 7/5, đại diện FLC cho biết, thấy nam thanh niên đăng thông tin thất thiệt, gây tổn hại hình ảnh của ông Quyết nên báo cơ quan chức năng truy tìm, xử lý. Đây là lần đầu tiên FLC \"phải lên tiếng\" trước những thông tin không chính xác.\nÔng Quyết, 46 tuổi, là Chủ tịch Hội đồng quản trị Công ty Cổ phần Tập đoàn FLC, kiêm Chủ tịch hãng hàng không Bamboo Airways.\nTheo Đức Hùng/Báo điện tử VnExpress\nhttps://vnexpress.net/dang-tin-that-thiet-ve-chu-tich-flc-tren-tiktok-4274087.html",
"claims": {
"SUPPORTED": [
{
"claim": "Nam thanh niên 28 tuổi trú tại xã Đức Lĩnh, huyện Vũ Quang bị Sở Thông tin và Truyền thông Hà Tĩnh ban hành quyết định xử phạt hành chính số tiền 7,5 triệu đồng vào ngày 6/5 vì đăng video thất thiệt về ông Trịnh Văn Quyết trên TikTok.",
"label": "SUPPORTED",
"evidence": [
{
"type": "text",
"quote": [
"Thanh niên 28 tuổi bị phạt 7,5 triệu đồng vì viết và đăng video thất thiệt về ông Trịnh Văn Quyết, Chủ tịch Công ty Cổ phần Tập đoàn FLC, trên TikTok.",
... [truncated, total 5983 chars]
================================================================================

================================================================================
Article ID: VAFC_376f34d27c3af371 | Attempt: 1
Error: Cannot extract valid JSON from response: line 1 column 1 (char 0)
Raw response (7656 chars):
{
"id": "VAFC_376f34d27c3af371",
"date_iso": "2021-05-05T00:00:00",
"full_text": "Trường hợp Dương Thị Tuyết T. bị xử lý vì đăng tin sai sự thật về dịch COVID-19. Ảnh: Sở TT&TT Hà Nội\nSở Thông tin và Truyền thông Hà Nội vừa tiếp tục xử phạt thêm 3 trường hợp sử dụng mạng xã hội đăng thông tin sai sự thật về dịch COVID-19 với tổng số tiền 22,5 triệu đồng.\nNgày 4.2, Sở Thông tin và Truyền thông Hà Nội cho biết, đơn vị vừa phối hợp với Phòng An ninh mạng phòng chống tội phạm công nghệ cao (Công an Hà Nội) tiếp tục xử phạt thêm 3 trường hợp sử dụng mạng xã hội đăng thông tin sai sự thật về dịch COVID-19.\nCụ thể, trường hợp thứ nhất là anh T.V.Q. (1989) trú tại ngõ 6, Đội Nhân, Vĩnh Phúc, Ba Đình, Hà Nội. Vào hồi 9h38 ngày 28,1, anh Trần Văn Q. đăng tải bài viết thông tin sai sự thật, bịa đặt, gây hoang mang trong dư luận, nội dung bài viết chưa được các cơ quan chức năng kiểm chứng về tình hình dịch bệnh COVID-19.\nKhông những vậy, người này còn đang tải cùng ảnh có thông tin về lịch trình di chuyển của bệnh nhân nhiễm COVID-19 tại Quảng Ninh có đi hát karaoke (có tay vịn)” trên tài khoản mạng xã hội facebook có tên “Quyền Smile (Tiệm Bánh Smile)\", đường dẫn: facebook.com/quyen.kevin.\nChị N.T.T. (1994) trú tại ngõ 36, Giang Chính, Biên Giang, Hà Đông, Hà Nội. Vào hồi 21h46 ngày 28.1, chị N.T.T. đăng tải bài viết với nội dung thông tin sai sự thật, bịa đặt, gây hoang mang trong dư luận. Nội dung bài viết chưa được các cơ quan chức năng kiểm chứng về tình hình dịch bệnh COVID-19\nChị D.T.T.T. (1995) trú tại Kim Hoa, Phương Liên, Đống Đa, Hà Nội. Vào hồi 4h25 ngày 28.1, chị T. đăng tải bài viết có nội dung thông tin sai sự thật, bịa đặt, gây hoang mang trong dư luận. Nội dung bài viết chưa được các cơ quan chức năng kiểm chứng về tình hình dịch bệnh COVID-19.\nCác trường hợp trên đã vi phạm quy định tại Điều 5 Nghị định số 72/2013/NĐ-CP ngày 15.7.2013 của Chính phủ quản lý, cung cấp, sử dụng dịch vụ Internet và thông tin trên mạng.\nCăn cứ kết quả xác minh và các tài 
... [truncated, total 7656 chars]
================================================================================

================================================================================
Article ID: VAFC_a818a070ec5531bc | Attempt: 1
Error: Cannot extract valid JSON from response: line 1 column 1 (char 0)
Raw response (5466 chars):
{
"id": "VAFC_a818a070ec5531bc",
"date_iso": "2021-02-03T00:00:00",
"full_text": "Ngày 01/01/2021, Trung tâm Xử lý tin giả Việt Nam (VAFC) kiểm tra rà soát và phát hiện một số tài khoản facebook đã đăng tải, chia sẻ thông tin được cho là của BS Thùy Trang về “cách điều trị phòng trường hợp Covid ghé thăm, trường hợp không có khả năng tới Bệnh viện…).
Theo đại diện của Bộ Y tế cho biết nội dung thông tin trên không có cơ sở khoa học và chưa được cơ quan chức năng có chuyên môn thẩm định, áp dụng. Đề nghị người dân thận trọng, cần tìm hiểu thông tin liên quan đến dịch bệnh từ các nguồn tin chính thức tại website của Bộ Y tế: https://ncov.moh.gov.vn, Sở Y tế các tỉnh thành phố; không tự chữa trị bệnh covid theo các hướng dẫn không chính thức trên mạng xã hội; chủ động thực hiện khai báo y tế khi đi đến, trở về từ các vùng dịch với cán bộ y tế địa phương để được hướng dẫn và hỗ trợ.
VAFC",
"claims": {
"SUPPORTED": [
{
"claim": "Vào ngày 01/01/2021, Trung tâm Xử lý tin giả Việt Nam đã phát hiện thông tin không có cơ sở khoa học về điều trị Covid-19 tại nhà được lan truyền trên mạng xã hội.",
"label": "SUPPORTED",
"evidence": [
{
"type": "text",
"quote": ["Ngày 01/01/2021, Trung tâm Xử lý tin giả Việt Nam (VAFC) kiểm tra rà soát và phát hiện một số tài khoản facebook đã đăng tải, chia sẻ thông tin được cho là của BS Thùy Trang về “cách điều trị phòng trường hợp Covid ghé thăm, trường hợp không có khả năng tới Bệnh viện…)."],
"article_id": "VAFC_a818a070ec5531bc",
"url": "https://tingia.gov.vn/tung-tin-sai-su-that-ve-viec-dieu-tri-covid-19-tai-nha.html"
}
],
"reason": "Thông tin về thời gian, cơ quan phát hiện và nội dung bài đăng trùng khớp hoàn toàn với văn bản."
},
{
"claim": "Bộ Y tế khẳng định nội dung hướng dẫn điều trị Covid-19 được cho là của BS Thùy Trang chưa được cơ quan chức năng thẩm định và không có cơ sở khoa học.",
"label": "SUPPORTED",
"evidence": [
{
"type": "text",
"quote": ["Theo đại diện của Bộ Y tế cho biết nội dung thông tin trên không có cơ sở khoa 
... [truncated, total 5466 chars]
================================================================================

================================================================================
Article ID: VAFC_a818a070ec5531bc | Attempt: 2
Error: Cannot extract valid JSON from response: line 1 column 1 (char 0)
Raw response (5024 chars):
{
"id": "VAFC_a818a070ec5531bc",
"date_iso": "2021-02-03T00:00:00",
"full_text": "Ngày 01/01/2021, Trung tâm Xử lý tin giả Việt Nam (VAFC) kiểm tra rà soát và phát hiện một số tài khoản facebook đã đăng tải, chia sẻ thông tin được cho là của BS Thùy Trang về “cách điều trị phòng trường hợp Covid ghé thăm, trường hợp không có khả năng tới Bệnh viện…).
Theo đại diện của Bộ Y tế cho biết nội dung thông tin trên không có cơ sở khoa học và chưa được cơ quan chức năng có chuyên môn thẩm định, áp dụng. Đề nghị người dân thận trọng, cần tìm hiểu thông tin liên quan đến dịch bệnh từ các nguồn tin chính thức tại website của Bộ Y tế: https://ncov.moh.gov.vn, Sở Y tế các tỉnh thành phố; không tự chữa trị bệnh covid theo các hướng dẫn không chính thức trên mạng xã hội; chủ động thực hiện khai báo y tế khi đi đến, trở về từ các vùng dịch với cán bộ y tế địa phương để được hướng dẫn và hỗ trợ.
VAFC",
"claims": {
"SUPPORTED": [
{
"claim": "Vào ngày 01/01/2021, Trung tâm Xử lý tin giả Việt Nam (VAFC) đã phát hiện một số tài khoản facebook đăng tải thông tin được cho là của BS Thùy Trang về cách điều trị phòng trường hợp Covid-19.",
"label": "SUPPORTED",
"evidence": [
{
"type": "text",
"quote": ["Ngày 01/01/2021, Trung tâm Xử lý tin giả Việt Nam (VAFC) kiểm tra rà soát và phát hiện một số tài khoản facebook đã đăng tải, chia sẻ thông tin được cho là của BS Thùy Trang về “cách điều trị phòng trường hợp Covid ghé thăm, trường hợp không có khả năng tới Bệnh viện…)."],
"article_id": "VAFC_a818a070ec5531bc",
"url": "https://tingia.gov.vn/tung-tin-sai-su-that-ve-viec-dieu-tri-covid-19-tai-nha.html"
}
],
"reason": "Thông tin về ngày tháng, cơ quan phát hiện (VAFC), nền tảng (facebook), nhân vật được cho là nguồn tin (BS Thùy Trang) và nội dung bài viết hoàn toàn khớp với văn bản gốc."
},
{
"claim": "Đại diện Bộ Y tế cho biết nội dung thông tin về cách điều trị Covid-19 được chia sẻ trên mạng không có cơ sở khoa học và chưa được cơ quan chức năng thẩm định.",
"label": "SUPPORTED",
"evidence"
... [truncated, total 5024 chars]
================================================================================

================================================================================
Article ID: VAFC_609c4d15ba5f1070 | Attempt: 1
Error: Cannot extract valid JSON from response: line 1 column 1 (char 0)
Raw response (5621 chars):
{
"id": "VAFC_609c4d15ba5f1070",
"date_iso": "2021-01-28T00:00:00",
"full_text": "Ngày 27/01/2021, Cục Phát thanh, truyền hình và thông tin điện tử tiếp tục nhận được văn bản số 62/TCTHK-TT của Tổng Công ty Hàng không Việt Nam (Vietnam Airlines) phản ánh website có tên miền www.vietnamairlineshanoi.com cũng làm giả website www.vietnamairlines.com của Vietnam Airlines. Trước đó, ngày 16/01/2021, Trung tâm xử lý tin giả Việt Nam (VAFC) đã công bố một website www.vietnamairslines.com làm giả website www.vietnamairlines.com của Vietnam Airlines. Tính đến thời điểm này, Vietnam Airlines đã xác nhận có 02 website www.vietnamairslines.com và www.vietnamairlineshanoi.com làm giả website chính thức vietnamairlines.com của Vietnam Airlines, đồng thời, đã đề nghị cơ quan quản lý nhà nước xem xét xử lý vi phạm vì website này đã sử dụng hình ảnh, nhãn hiệu của Vietnam Airlines để gây nhầm lẫn cho khách hàng. Cục Phát thanh, truyền hình và thông tin điện tử sẽ chuyển vụ việc này đến cơ quan có thẩm quyền để xem xét xử lý theo luật định hiện hành.\nMột lần nữa, VAFC khuyến cáo các cơ quan, tổ chức, cá nhân hãy chọn đúng website www.vietnamairlines.com khi đặt mua vé máy bay, không mua tại các website giả mạo, tránh bị lừa đảo, thiệt hại về kinh tế.\nVAFC",
"claims": {
"SUPPORTED": [
{
"claim": "Vào ngày 27/01/2021, Cục Phát thanh, truyền hình và thông tin điện tử đã nhận được văn bản số 62/TCTHK-TT từ Tổng Công ty Hàng không Việt Nam.",
"label": "SUPPORTED",
"evidence": [
{
"type": "text",
"quote": ["Ngày 27/01/2021, Cục Phát thanh, truyền hình và thông tin điện tử tiếp tục nhận được văn bản số 62/TCTHK-TT của Tổng Công ty Hàng không Việt Nam (Vietnam Airlines) phản ánh website có tên miền www.vietnamairlineshanoi.com cũng làm giả website www.vietnamairlines.com của Vietnam Airlines."],
"article_id": "VAFC_609c4d15ba5f1070",
"url": "https://tingia.gov.vn/website-www-vietnamairlineshanoi-com-lam-gia-website-cua-hang-hang-khong-vietnam-airlines.html"
}
],
"reason": "Thông tin về ngà
... [truncated, total 5621 chars]
================================================================================

================================================================================
Article ID: VAFC_ef0401e418228c3d | Attempt: 1
Error: Cannot extract valid JSON from response: line 1 column 1 (char 0)
Raw response (4850 chars):
{
"id": "VAFC_ef0401e418228c3d",
"date_iso": "2021-01-16T00:00:00",
"full_text": "Trung tâm Xử lý tin giả Việt Nam (VAFC) nhận được phản ánh về website www.vietnamairslines.com , giả mạo là đại lý cấp 2 của Hãng hàng Không Quốc gia Việt Nam (Hãng hàng Không), có số điện thoại tổng đài 08 19006088.\nĐể xác minh thông tin trên, VAFC đã liên hệ với Hãng hàng Không Quốc gia Việt Nam. Đại diện Lãnh đạo Phòng An ninh của Hãng hàng Không cho biết: Hãng chỉ có duy nhất một website tên miền là www.vietnamairlines.com và không ủy quyền cho bất kỳ cá nhân, tổ chức không thuộc Hãng hàng Không Quốc gia Việt Nam làm đại lý.\nTrung tâm Xử lý tin giả Việt Nam khuyến cáo các cơ quan, tổ chức, cá nhân hãy chọn đúng trang web www.vietnamairlines.com, khi đặt mua vé máy bay, không mua tại các website giả mạo.",
"claims": {
"SUPPORTED": [
{
"claim": "Website www.vietnamairslines.com giả mạo là đại lý cấp 2 của Hãng hàng Không Quốc gia Việt Nam với số điện thoại tổng đài là 08 19006088.",
"label": "SUPPORTED",
"evidence": [
{
"type": "text",
"quote": [
"Trung tâm Xử lý tin giả Việt Nam (VAFC) nhận được phản ánh về website www.vietnamairslines.com , giả mạo là đại lý cấp 2 của Hãng hàng Không Quốc gia Việt Nam (Hãng hàng Không), có số điện thoại tổng đài 08 19006088."
],
"article_id": "VAFC_ef0401e418228c3d",
"url": "https://tingia.gov.vn/vietnamairslines-com-lam-gia-website-cua-vietnam-airlines.html"
}
],
"reason": "Thông tin về website giả mạo và số điện thoại tổng đài được nêu chính xác trong bài viết."
},
{
"claim": "Hãng hàng Không Quốc gia Việt Nam chỉ có duy nhất một website tên miền là www.vietnamairlines.com và không ủy quyền làm đại lý.",
"label": "SUPPORTED",
"evidence": [
{
"type": "text",
"quote": [
"Đại diện Lãnh đạo Phòng An ninh của Hãng hàng Không cho biết: Hãng chỉ có duy nhất một website tên miền là www.vietnamairlines.com và không ủy quyền cho bất kỳ cá nhân, tổ chức không thuộc Hãng hàng Không Quốc gia Việt Nam làm đại lý."
],
"article_id": "VAFC_ef0401e418228c3d",
"u
... [truncated, total 4850 chars]
================================================================================

================================================================================
Article ID: VAFC_4c0c0affe6d1bbec | Attempt: 1
Error: Cannot extract valid JSON from response: line 1 column 1 (char 0)
Raw response (4801 chars):
{
"id": "VAFC_4c0c0affe6d1bbec",
"date_iso": "2021-01-11T00:00:00",
"full_text": "Tài khoản giả mạo đăng các thông tin không kiểm chứng liên quan đến dự báo, cảnh báo và truyền tin thiên tai khí tượng thủy văn, gây hoang mang, xáo trộn, ảnh hưởng lớn đến đời sống sinh hoạt của người dân.\nTheo văn bản xác nhận từ Tổng cục Khí tượng Thủy văn, tài khoản trang Facebook https://www.facebook.com/TrungTamKttvQuocGia/about giả mạo Trung tâm Dự báo Khí tượng Thủy văn quốc gia.\Hình ảnh tài khoản giả mạo\nTrung tâm Xử lý Tin giả Việt Nam đề nghị cẩn trọng khi tiếp nhận và chia sẻ thông tin liên quan tới thiên tai, khí tượng thủy văn từ các nguồn tin không chính thức.\nVAFC",
"claims": {
"SUPPORTED": [
{
"claim": "Tài khoản trang Facebook https://www.facebook.com/TrungTamKttvQuocGia/about đã giả mạo Trung tâm Dự báo Khí tượng Thủy văn quốc gia theo văn bản xác nhận từ Tổng cục Khí tượng Thủy văn.",
"label": "SUPPORTED",
"evidence": [
{
"type": "text",
"quote": ["Theo văn bản xác nhận từ Tổng cục Khí tượng Thủy văn, tài khoản trang Facebook https://www.facebook.com/TrungTamKttvQuocGia/about giả mạo Trung tâm Dự báo Khí tượng Thủy văn quốc gia."],
"article_id": "VAFC_4c0c0affe6d1bbec",
"url": "https://tingia.gov.vn/tai-khoan-gia-mao-trung-tam-khi-tuong-thuy-van-quoc-gia-1.html"
}
],
"reason": "Thông tin về việc tài khoản Facebook giả mạo được nêu rõ trong văn bản xác nhận từ Tổng cục Khí tượng Thủy văn."
},
{
"claim": "Trung tâm Xử lý Tin giả Việt Nam đã đưa ra đề nghị mọi người cần cẩn trọng khi tiếp nhận và chia sẻ thông tin liên quan tới thiên tai từ các nguồn tin không chính thức.",
"label": "SUPPORTED",
"evidence": [
{
"type": "text",
"quote": ["Trung tâm Xử lý Tin giả Việt Nam đề nghị cẩn trọng khi tiếp nhận và chia sẻ thông tin liên quan tới thiên tai, khí tượng thủy văn từ các nguồn tin không chính thức."],
"article_id": "VAFC_4c0c0affe6d1bbec",
"url": "https://tingia.gov.vn/tai-khoan-gia-mao-trung-tam-khi-tuong-thuy-van-quoc-gia-1.html"
}
],
"reason": "Bài viết trích d
... [truncated, total 4801 chars]
================================================================================

================================================================================
Article ID: VAFC_4c0c0affe6d1bbec | Attempt: 2
Error: Cannot extract valid JSON from response: line 1 column 1 (char 0)
Raw response (4833 chars):
{
"id": "VAFC_4c0c0affe6d1bbec",
"date_iso": "2021-01-11T00:00:00",
"full_text": "Tài khoản giả mạo đăng các thông tin không kiểm chứng liên quan đến dự báo, cảnh báo và truyền tin thiên tai khí tượng thủy văn, gây hoang mang, xáo trộn, ảnh hưởng lớn đến đời sống sinh hoạt của người dân.\nTheo văn bản xác nhận từ Tổng cục Khí tượng Thủy văn, tài khoản trang Facebook https://www.facebook.com/TrungTamKttvQuocGia/about giả mạo Trung tâm Dự báo Khí tượng Thủy văn quốc gia.\Hình ảnh tài khoản giả mạo\nTrung tâm Xử lý Tin giả Việt Nam đề nghị cẩn trọng khi tiếp nhận và chia sẻ thông tin liên quan tới thiên tai, khí tượng thủy văn từ các nguồn tin không chính thức.\nVAFC",
"claims": {
"SUPPORTED": [
{
"claim": "Tài khoản trang Facebook https://www.facebook.com/TrungTamKttvQuocGia/about đã giả mạo Trung tâm Dự báo Khí tượng Thủy văn quốc gia theo văn bản xác nhận từ Tổng cục Khí tượng Thủy văn.",
"label": "SUPPORTED",
"evidence": [
{
"type": "text",
"quote": ["Theo văn bản xác nhận từ Tổng cục Khí tượng Thủy văn, tài khoản trang Facebook https://www.facebook.com/TrungTamKttvQuocGia/about giả mạo Trung tâm Dự báo Khí tượng Thủy văn quốc gia."],
"article_id": "VAFC_4c0c0affe6d1bbec",
"url": "https://tingia.gov.vn/tai-khoan-gia-mao-trung-tam-khi-tuong-thuy-van-quoc-gia-1.html"
}
],
"reason": "Thông tin về việc tài khoản Facebook giả mạo được nêu rõ trong văn bản xác nhận của Tổng cục Khí tượng Thủy văn."
},
{
"claim": "Trung tâm Xử lý Tin giả Việt Nam đưa ra đề nghị người dân cần cẩn trọng khi tiếp nhận và chia sẻ thông tin liên quan tới thiên tai, khí tượng thủy văn từ các nguồn tin không chính thức.",
"label": "SUPPORTED",
"evidence": [
{
"type": "text",
"quote": ["Trung tâm Xử lý Tin giả Việt Nam đề nghị cẩn trọng khi tiếp nhận và chia sẻ thông tin liên quan tới thiên tai, khí tượng thủy văn từ các nguồn tin không chính thức."],
"article_id": "VAFC_4c0c0affe6d1bbec",
"url": "https://tingia.gov.vn/tai-khoan-gia-mao-trung-tam-khi-tuong-thuy-van-quoc-gia-1.html"
}
],
"reason":
... [truncated, total 4833 chars]
================================================================================

================================================================================
Article ID: VAFC_4c0c0affe6d1bbec | Attempt: 3
Error: Cannot extract valid JSON from response: line 1 column 1 (char 0)
Raw response (4939 chars):
{
"id": "VAFC_4c0c0affe6d1bbec",
"date_iso": "2021-01-11T00:00:00",
"full_text": "Tài khoản giả mạo đăng các thông tin không kiểm chứng liên quan đến dự báo, cảnh báo và truyền tin thiên tai khí tượng thủy văn, gây hoang mang, xáo trộn, ảnh hưởng lớn đến đời sống sinh hoạt của người dân.\nTheo văn bản xác nhận từ Tổng cục Khí tượng Thủy văn, tài khoản trang Facebook https://www.facebook.com/TrungTamKttvQuocGia/about giả mạo Trung tâm Dự báo Khí tượng Thủy văn quốc gia.\Hình ảnh tài khoản giả mạo\nTrung tâm Xử lý Tin giả Việt Nam đề nghị cẩn trọng khi tiếp nhận và chia sẻ thông tin liên quan tới thiên tai, khí tượng thủy văn từ các nguồn tin không chính thức.\nVAFC",
"claims": {
"SUPPORTED": [
{
"claim": "Tài khoản trang Facebook https://www.facebook.com/TrungTamKttvQuocGia/about được xác nhận là giả mạo Trung tâm Dự báo Khí tượng Thủy văn quốc gia theo văn bản từ Tổng cục Khí tượng Thủy văn.",
"label": "SUPPORTED",
"evidence": [
{
"type": "text",
"quote": ["Theo văn bản xác nhận từ Tổng cục Khí tượng Thủy văn, tài khoản trang Facebook https://www.facebook.com/TrungTamKttvQuocGia/about giả mạo Trung tâm Dự báo Khí tượng Thủy văn quốc gia."],
"article_id": "VAFC_4c0c0affe6d1bbec",
"url": "https://tingia.gov.vn/tai-khoan-gia-mao-trung-tam-khi-tuong-thuy-van-quoc-gia-1.html"
}
],
"reason": "Thông tin trong claim phản ánh chính xác nội dung bài viết về việc Tổng cục Khí tượng Thủy văn xác nhận tài khoản Facebook giả mạo."
},
{
"claim": "Trung tâm Xử lý Tin giả Việt Nam đưa ra đề nghị mọi người cần cẩn trọng khi tiếp nhận và chia sẻ thông tin về thiên tai, khí tượng thủy văn từ các nguồn tin không chính thức.",
"label": "SUPPORTED",
"evidence": [
{
"type": "text",
"quote": ["Trung tâm Xử lý Tin giả Việt Nam đề nghị cẩn trọng khi tiếp nhận và chia sẻ thông tin liên quan tới thiên tai, khí tượng thủy văn từ các nguồn tin không chính thức."],
"article_id": "VAFC_4c0c0affe6d1bbec",
"url": "https://tingia.gov.vn/tai-khoan-gia-mao-trung-tam-khi-tuong-thuy-van-quoc-gia-1.html"
}
... [truncated, total 4939 chars]
================================================================================

================================================================================
Article ID: VAFC_4c0c0affe6d1bbec | Attempt: 4
Error: Cannot extract valid JSON from response: line 1 column 1 (char 0)
Raw response (4789 chars):
{
"id": "VAFC_4c0c0affe6d1bbec",
"date_iso": "2021-01-11T00:00:00",
"full_text": "Tài khoản giả mạo đăng các thông tin không kiểm chứng liên quan đến dự báo, cảnh báo và truyền tin thiên tai khí tượng thủy văn, gây hoang mang, xáo trộn, ảnh hưởng lớn đến đời sống sinh hoạt của người dân.\nTheo văn bản xác nhận từ Tổng cục Khí tượng Thủy văn, tài khoản trang Facebook https://www.facebook.com/TrungTamKttvQuocGia/about giả mạo Trung tâm Dự báo Khí tượng Thủy văn quốc gia.\Hình ảnh tài khoản giả mạo\nTrung tâm Xử lý Tin giả Việt Nam đề nghị cẩn trọng khi tiếp nhận và chia sẻ thông tin liên quan tới thiên tai, khí tượng thủy văn từ các nguồn tin không chính thức.\nVAFC",
"claims": {
"SUPPORTED": [
{
"claim": "Tài khoản trang Facebook https://www.facebook.com/TrungTamKttvQuocGia/about đã giả mạo Trung tâm Dự báo Khí tượng Thủy văn quốc gia theo văn bản xác nhận từ Tổng cục Khí tượng Thủy văn.",
"label": "SUPPORTED",
"evidence": [
{
"type": "text",
"quote": ["Theo văn bản xác nhận từ Tổng cục Khí tượng Thủy văn, tài khoản trang Facebook https://www.facebook.com/TrungTamKttvQuocGia/about giả mạo Trung tâm Dự báo Khí tượng Thủy văn quốc gia."],
"article_id": "VAFC_4c0c0affe6d1bbec",
"url": "https://tingia.gov.vn/tai-khoan-gia-mao-trung-tam-khi-tuong-thuy-van-quoc-gia-1.html"
}
],
"reason": "Thông tin này được nêu trực tiếp và chính xác trong văn bản của bài viết."
},
{
"claim": "Trung tâm Xử lý Tin giả Việt Nam đã đưa ra đề nghị mọi người cần cẩn trọng khi tiếp nhận và chia sẻ thông tin liên quan tới thiên tai, khí tượng thủy văn từ các nguồn tin không chính thức.",
"label": "SUPPORTED",
"evidence": [
{
"type": "text",
"quote": ["Trung tâm Xử lý Tin giả Việt Nam đề nghị cẩn trọng khi tiếp nhận và chia sẻ thông tin liên quan tới thiên tai, khí tượng thủy văn từ các nguồn tin không chính thức."],
"article_id": "VAFC_4c0c0affe6d1bbec",
"url": "https://tingia.gov.vn/tai-khoan-gia-mao-trung-tam-khi-tuong-thuy-van-quoc-gia-1.html"
}
],
"reason": "Nội dung hoàn toàn trùng khớp với 
... [truncated, total 4789 chars]
================================================================================

================================================================================
Article ID: VAFC_4c0c0affe6d1bbec | Attempt: 5
Error: Cannot extract valid JSON from response: line 1 column 1 (char 0)
Raw response (4884 chars):
{
"id": "VAFC_4c0c0affe6d1bbec",
"date_iso": "2021-01-11T00:00:00",
"full_text": "Tài khoản giả mạo đăng các thông tin không kiểm chứng liên quan đến dự báo, cảnh báo và truyền tin thiên tai khí tượng thủy văn, gây hoang mang, xáo trộn, ảnh hưởng lớn đến đời sống sinh hoạt của người dân.\nTheo văn bản xác nhận từ Tổng cục Khí tượng Thủy văn, tài khoản trang Facebook https://www.facebook.com/TrungTamKttvQuocGia/about giả mạo Trung tâm Dự báo Khí tượng Thủy văn quốc gia.\Hình ảnh tài khoản giả mạo\nTrung tâm Xử lý Tin giả Việt Nam đề nghị cẩn trọng khi tiếp nhận và chia sẻ thông tin liên quan tới thiên tai, khí tượng thủy văn từ các nguồn tin không chính thức.\nVAFC",
"claims": {
"SUPPORTED": [
{
"claim": "Tổng cục Khí tượng Thủy văn có văn bản xác nhận tài khoản trang Facebook https://www.facebook.com/TrungTamKttvQuocGia/about là giả mạo Trung tâm Dự báo Khí tượng Thủy văn quốc gia.",
"label": "SUPPORTED",
"evidence": [
{
"type": "text",
"quote": ["Theo văn bản xác nhận từ Tổng cục Khí tượng Thủy văn, tài khoản trang Facebook https://www.facebook.com/TrungTamKttvQuocGia/about giả mạo Trung tâm Dự báo Khí tượng Thủy văn quốc gia."],
"article_id": "VAFC_4c0c0affe6d1bbec",
"url": "https://tingia.gov.vn/tai-khoan-gia-mao-trung-tam-khi-tuong-thuy-van-quoc-gia-1.html"
}
],
"reason": "Thông tin về việc Tổng cục Khí tượng Thủy văn xác nhận tài khoản Facebook giả mạo được nêu trực tiếp trong văn bản."
},
{
"claim": "Trung tâm Xử lý Tin giả Việt Nam đưa ra đề nghị mọi người cần cẩn trọng khi tiếp nhận và chia sẻ thông tin liên quan tới thiên tai, khí tượng thủy văn từ các nguồn tin không chính thức.",
"label": "SUPPORTED",
"evidence": [
{
"type": "text",
"quote": ["Trung tâm Xử lý Tin giả Việt Nam đề nghị cẩn trọng khi tiếp nhận và chia sẻ thông tin liên quan tới thiên tai, khí tượng thủy văn từ các nguồn tin không chính thức."],
"article_id": "VAFC_4c0c0affe6d1bbec",
"url": "https://tingia.gov.vn/tai-khoan-gia-mao-trung-tam-khi-tuong-thuy-van-quoc-gia-1.html"
}
],
"reason": "
... [truncated, total 4884 chars]
================================================================================

================================================================================
Article ID: VAFC_8a2a9f39931981f1 | Attempt: 1
Error: Cannot extract valid JSON from response: line 1 column 1 (char 0)
Raw response (5786 chars):
{
"id": "VAFC_8a2a9f39931981f1",
"date_iso": "2021-01-11T00:00:00",
"full_text": "Fanpage Bích Thủy TV (https://www.facebook.com/BichThuyTV) do Bà Nguyễn Thị Bích Thủy (quê quán Đồng Nai) sở hữu, đã đăng tải về việc công an đánh rồi tạm giữ 02 phóng viên ở Bình Dương, gây bức xúc trong cộng đồng mạng,\nTheo thông tin từ phía công an phường An Phú, thành phố Thuận An, tỉnh Bình Dương, thông tin nêu trên là sai sự thật. Ngày 8/9/2020, Bà Thủy cùng 02 người khác xưng là phóng viên đến phường An Phú, thành phố Thuận An, tỉnh Bình Dương để \"giải quyết\" việc tranh chấp giữa hai hộ dân. Khi nhận được tin báo, Công an phường An Phú đã có mặt và phát hiện có người dùng flycam bay trên nhà người dân nên đã đề nghị không sử dụng flycam do khu vực này đã được các cơ quan thẩm quyền cấm bay flycam. Tuy nhiên, những người này không hợp tác, cản trở, chống đối nên đã bị công an lập biên bản tạm giữ tang vật... Sau đó, Bà Thủy là người đã dùng điện thoại ghi hình phát trực tiếp trên mạng xã hội về thông tin hai phóng viên bị công an phường đánh nhập viện. Ngoài ra, khi làm việc với công an, hai thanh niên trên nói họ chỉ là người dân chứ không phải là phóng viên như thông tin chia sẻ trên mạng xã hội.\nNhư vậy, thông tin công an đánh rồi tạm giữ 02 phóng viên ở Bình Dương do Fanpage Bích Thủy TV đăng tải là sai sự thật.\nHình ảnh Fanpage Bích Thủy TV\nVAFC",
"claims": {
"SUPPORTED": [
{
"claim": "Fanpage Bích Thủy TV do Bà Nguyễn Thị Bích Thủy sở hữu đã đăng tải thông tin sai sự thật về việc công an đánh và tạm giữ 02 phóng viên ở Bình Dương.",
"label": "SUPPORTED",
"evidence": [
{
"type": "text",
"quote": [
"Fanpage Bích Thủy TV (https://www.facebook.com/BichThuyTV) do Bà Nguyễn Thị Bích Thủy (quê quán Đồng Nai) sở hữu, đã đăng tải về việc công an đánh rồi tạm giữ 02 phóng viên ở Bình Dương, gây bức xúc trong cộng đồng mạng,"
],
"article_id": "VAFC_8a2a9f39931981f1",
"url": "https://tingia.gov.vn/fanpage-bich-thuy-tv-da-dang-tai-thong-tin-sai-su-that-ve-viec-cong-an-danh-va-tam-
... [truncated, total 5786 chars]
================================================================================

================================================================================
Article ID: VAFC_4800ae892bc296c8 | Attempt: 1
Error: Cannot extract valid JSON from response: line 1 column 1 (char 0)
Raw response (10509 chars):
{
"id": "VAFC_4800ae892bc296c8",
"date_iso": "2021-01-11T00:00:00",
"full_text": "Theo Bộ Thông tin và Truyền thông, từ 7/2019 đến hết 9/2020, Google đã ngăn chặn truy cập từ Việt Nam vào 24/62 kênh Youtube phản động thường xuyên đăng tải nội dung chống phá Nhà nước Việt Nam (tổng số 24 kênh này chứa 11.212 video clip vi phạm).\nBáo cáo của Bộ Thông tin và Truyền thông cho biết, thời gian qua, Bộ đã yêu cầu các mạng xã hội thực hiện các yêu cầu của cơ quan quản lý về việc chặn, gỡ các tài khoản giả mạo, bài viết xuyên tạc, đưa thông tin sai lệch, quảng cáo game cờ bạc, đổi thưởng.\nCụ thể, Facebook đã gỡ 286 tài khoản giả mạo, trong đó tài khoản giả mạo các vị Lãnh đạo Đảng nhà nước 50 tài khoản, còn lại tài khoản tuyên truyền thông tin giả mạo, xấu độc kích động chống phá nhà nước, gỡ hơn 2786 bài viết phát ngôn gây thù hận, bôi nhọ các Lãnh đạo Đảng và nhà nước, các thương hiệu, cá nhân, tổ chức (tính đến đầu tháng 10/2020 Facebook đã gỡ gần 2036 bài viết, tăng 500% so với cả năm 2019, tỷ lệ gỡ chặn 95%).\nTrong thời gian gian cao điểm chống dịch Covid-19, Facebook đã gỡ 11 tài khoản giả mạo Bộ Y tế; 141 bài viết đưa tin xuyên tạc về tình hình dịch bệnh và virus corona (thông tin sai về dịch Covid-19 gỡ 100%).\nTừ tháng 7/2019 đến hết tháng 9/2020, Google hiện đã ngăn chặn truy cập từ Việt Nam vào 24/62 kênh Youtube phản động thường xuyên đăng tải nội dung chống phá Nhà nước Việt Nam (tổng số 24 kênh này chứa 11.212 video clip vi phạm). Ảnh minh họa .\nTrong khi đó với Google, tỷ lệ chặn gỡ nội dung vi phạm đạt 90%. Từ năm 2017-tháng 9/2020, YouTube/Google đã ngăn chặn và gỡ bỏ 24.617 video vi phạm (riêng 9 tháng đầu năm 2020 gỡ 10.877 video). Đặc biệt, theo báo cáo của Bộ Thông tin và Truyền thông, từ tháng 7/2019 đến hết tháng 9/2020, Google hiện đã ngăn chặn truy cập từ Việt Nam vào 24/62 kênh Youtube phản động thường xuyên đăng tải nội dung chống phá Nhà nước Việt Nam (tổng số 24 kênh này chứa 11.212 video clip vi phạm).\nVới AppStore, kho ứng dụng này cũng đã
... [truncated, total 10509 chars]
================================================================================

================================================================================
Article ID: VAFC_4800ae892bc296c8 | Attempt: 2
Error: Cannot extract valid JSON from response: line 1 column 1 (char 0)
Raw response (10171 chars):
{
"id": "VAFC_4800ae892bc296c8",
"date_iso": "2021-01-11T00:00:00",
"full_text": "Theo Bộ Thông tin và Truyền thông, từ 7/2019 đến hết 9/2020, Google đã ngăn chặn truy cập từ Việt Nam vào 24/62 kênh Youtube phản động thường xuyên đăng tải nội dung chống phá Nhà nước Việt Nam (tổng số 24 kênh này chứa 11.212 video clip vi phạm).\nBáo cáo của Bộ Thông tin và Truyền thông cho biết, thời gian qua, Bộ đã yêu cầu các mạng xã hội thực hiện các yêu cầu của cơ quan quản lý về việc chặn, gỡ các tài khoản giả mạo, bài viết xuyên tạc, đưa thông tin sai lệch, quảng cáo game cờ bạc, đổi thưởng.\nCụ thể, Facebook đã gỡ 286 tài khoản giả mạo, trong đó tài khoản giả mạo các vị Lãnh đạo Đảng nhà nước 50 tài khoản, còn lại tài khoản tuyên truyền thông tin giả mạo, xấu độc kích động chống phá nhà nước, gỡ hơn 2786 bài viết phát ngôn gây thù hận, bôi nhọ các Lãnh đạo Đảng và nhà nước, các thương hiệu, cá nhân, tổ chức (tính đến đầu tháng 10/2020 Facebook đã gỡ gần 2036 bài viết, tăng 500% so với cả năm 2019, tỷ lệ gỡ chặn 95%).\nTrong thời gian gian cao điểm chống dịch Covid-19, Facebook đã gỡ 11 tài khoản giả mạo Bộ Y tế; 141 bài viết đưa tin xuyên tạc về tình hình dịch bệnh và virus corona (thông tin sai về dịch Covid-19 gỡ 100%).\nTừ tháng 7/2019 đến hết tháng 9/2020, Google hiện đã ngăn chặn truy cập từ Việt Nam vào 24/62 kênh Youtube phản động thường xuyên đăng tải nội dung chống phá Nhà nước Việt Nam (tổng số 24 kênh này chứa 11.212 video clip vi phạm). Ảnh minh họa .\nTrong khi đó với Google, tỷ lệ chặn gỡ nội dung vi phạm đạt 90%. Từ năm 2017-tháng 9/2020, YouTube/Google đã ngăn chặn và gỡ bỏ 24.617 video vi phạm (riêng 9 tháng đầu năm 2020 gỡ 10.877 video). Đặc biệt, theo báo cáo của Bộ Thông tin và Truyền thông, từ tháng 7/2019 đến hết tháng 9/2020, Google hiện đã ngăn chặn truy cập từ Việt Nam vào 24/62 kênh Youtube phản động thường xuyên đăng tải nội dung chống phá Nhà nước Việt Nam (tổng số 24 kênh này chứa 11.212 video clip vi phạm).\nVới AppStore, kho ứng dụng này cũng đã
... [truncated, total 10171 chars]
================================================================================

================================================================================
Article ID: VAFC_4800ae892bc296c8 | Attempt: 3
Error: Cannot extract valid JSON from response: line 1 column 1 (char 0)
Raw response (10872 chars):
{
"id": "VAFC_4800ae892bc296c8",
"date_iso": "2021-01-11T00:00:00",
"full_text": "Theo Bộ Thông tin và Truyền thông, từ 7/2019 đến hết 9/2020, Google đã ngăn chặn truy cập từ Việt Nam vào 24/62 kênh Youtube phản động thường xuyên đăng tải nội dung chống phá Nhà nước Việt Nam (tổng số 24 kênh này chứa 11.212 video clip vi phạm).\nBáo cáo của Bộ Thông tin và Truyền thông cho biết, thời gian qua, Bộ đã yêu cầu các mạng xã hội thực hiện các yêu cầu của cơ quan quản lý về việc chặn, gỡ các tài khoản giả mạo, bài viết xuyên tạc, đưa thông tin sai lệch, quảng cáo game cờ bạc, đổi thưởng.\nCụ thể, Facebook đã gỡ 286 tài khoản giả mạo, trong đó tài khoản giả mạo các vị Lãnh đạo Đảng nhà nước 50 tài khoản, còn lại tài khoản tuyên truyền thông tin giả mạo, xấu độc kích động chống phá nhà nước, gỡ hơn 2786 bài viết phát ngôn gây thù hận, bôi nhọ các Lãnh đạo Đảng và nhà nước, các thương hiệu, cá nhân, tổ chức (tính đến đầu tháng 10/2020 Facebook đã gỡ gần 2036 bài viết, tăng 500% so với cả năm 2019, tỷ lệ gỡ chặn 95%).\nTrong thời gian gian cao điểm chống dịch Covid-19, Facebook đã gỡ 11 tài khoản giả mạo Bộ Y tế; 141 bài viết đưa tin xuyên tạc về tình hình dịch bệnh và virus corona (thông tin sai về dịch Covid-19 gỡ 100%).\nTừ tháng 7/2019 đến hết tháng 9/2020, Google hiện đã ngăn chặn truy cập từ Việt Nam vào 24/62 kênh Youtube phản động thường xuyên đăng tải nội dung chống phá Nhà nước Việt Nam (tổng số 24 kênh này chứa 11.212 video clip vi phạm). Ảnh minh họa .\nTrong khi đó với Google, tỷ lệ chặn gỡ nội dung vi phạm đạt 90%. Từ năm 2017-tháng 9/2020, YouTube/Google đã ngăn chặn và gỡ bỏ 24.617 video vi phạm (riêng 9 tháng đầu năm 2020 gỡ 10.877 video). Đặc biệt, theo báo cáo của Bộ Thông tin và Truyền thông, từ tháng 7/2019 đến hết tháng 9/2020, Google hiện đã ngăn chặn truy cập từ Việt Nam vào 24/62 kênh Youtube phản động thường xuyên đăng tải nội dung chống phá Nhà nước Việt Nam (tổng số 24 kênh này chứa 11.212 video clip vi phạm).\nVới AppStore, kho ứng dụng này cũng đã
... [truncated, total 10872 chars]
================================================================================

================================================================================
Article ID: VAFC_836491da6e5f2cde | Attempt: 1
Error: Cannot extract valid JSON from response: line 1 column 1 (char 0)
Raw response (7201 chars):
{
"id": "VAFC_836491da6e5f2cde",
"date_iso": "2020-12-26T00:00:00",
"full_text": "Tin giả, tung tin thất thiệt đang diễn biến phức tạp trên mạng xã hội. Nhiều cá nhân, do thiếu hiểu biết vô tình chia sẻ, phát tán và tiếp tay cho việc lan truyền những thông tin sai trái, giả mạo. Mới đây, Cục Phát thanh, truyền hình và thông tin điện tử, Bộ Thông tin và Truyền thông đã ban hành Quyết định xử phạt vi phạm hành chính đối với ông Bùi Xuân Huấn do hành vi cung cấp, phát tán thông tin giả mạo Đài Truyền hình Việt Nam trên tài khoản facebook cá nhân “Huấn Hoa Hồng”.\nTrước đó, ngày 23/10/2020, trên fanpage “Huấn Hoa Hồng” của ông Bùi Xuân Huấn (trú tại quận Thanh Xuân, Hà Nội) đăng tải video clip “Các nghệ sĩ chung tay ủng hộ đồng bào lũ lụt miền Trung” gắn logo (biểu tượng) VTV, sử dụng nội dung phóng sự của chương trình “Chuyển động 24h”, Đài Truyền hình Việt Nam và có chỉnh sửa, lồng ghép hình ảnh cá nhân ông Huấn đi làm từ thiện.Ngay sau khi có thông tin phản ánh, ngày 24/10/2020, ông Huấn đã gỡ bỏ video clip trên.\nẢnh: Ông Bùi Xuân Huấn, chủ tài khoản facebook cá nhân “Huấn Hoa Hồng tại buổi làm việc về xử phạt vi phạm hành chính với Cục Phát thanh truyền hình và thông tin điện tử\nTại buổi làm việc với cơ quan chức năng ngày 06/11/2020, ông Bùi Xuân Huấn thừa nhận, đây là video clip giả mạo VTV,clip này Huấn được một người hâm mộ gửi đến, do không biết là video cắt ghép, chỉnh sửa nên Huấn đã cho đăng trên fanpage cá nhân. Việc cung cấp, chia sẻ thông tin sai sự thật, giả mạo VTV đã ảnh hưởng đến hình ảnh, uy tín của Đài Truyền hình Việt Nam, là vi phạm quy định của pháp luật. Huấn cũng thừa nhận, hành vi trên là do thiếu hiểu biết và cam kết sẽ tuân thủ đúng quy định pháp luật về thông tin trên mạng và không tái phạm.\nDù video clip đã được gỡ bỏ trên tài khỏan facebook “Huấn Hoa Hồng”, nhưng việc tung tin giả mạo của ông Bùi Xuân Huấn cũng đã vi phạm quy định pháp luật. Ngày 10/11/2020, Cục Phát thanh, truyền hình và thông tin điện tử đã ban hành Quyết định số 193
... [truncated, total 7201 chars]
================================================================================

================================================================================
Article ID: WHO_2be8a8a571146a4d | Attempt: 1
Error: Cannot extract valid JSON from response: line 1 column 1 (char 0)
Raw response (8802 chars):
{
"id": "WHO_2be8a8a571146a4d",
"date_iso": "2026-07-23T00:00:00",
"full_text": "On 16 June 2026, the World Health Organization (WHO) hosted the third webinar in its series on the Global Research Agenda on Knowledge Translation and Evidence-informed Policy-making , bringing together 138 participants from 48 countries to explore a critical but often overlooked question: what happens after a research agenda is published?\nWhile research agendas are increasingly used to guide research priorities and inform funding decisions, less attention has been paid to how they are implemented, monitored and evaluated over time. This webinar focused on practical approaches to ensuring that research priorities translate into action and contribute to better decision-making in health and social sectors.\nThe session opened with an update on WHO’s Global Research Agenda, which was co-created by more than 130 experts from 38 countries and identifies 19 priority areas for future research in knowledge translation and evidence-informed policy-making.\nParticipants then heard findings from a scoping review conducted by researchers from the Unit of Evidence and Deliberation for Decision Making (UNED) at the University of Antioquia , which examined global research agendas published between 2015 and 2025 across health, environment, education, and other sectors. The review identified recurring challenges in translating research priorities into action, including unclear governance arrangements, limited monitoring frameworks and insufficient attention to accountability mechanisms. Funding, interest-holder engagement and long-term coordination emerged as important factors supporting implementation.\nPresenting the findings, Professor Daniel F. Patiño-Lugo emphasized the need to move beyond priority-setting alone, noting that “global research agendas are strong priority-setting tools, but most provide limited guidance on implementation, monitoring and evaluation.”\nA second presentation from Impact
... [truncated, total 8802 chars]
================================================================================

================================================================================
Article ID: WHO_c210d32c80706fd8 | Attempt: 1
Error: Cannot extract valid JSON from response: line 1 column 1 (char 0)
Raw response (15180 chars):
{
"id": "WHO_c210d32c80706fd8",
"date_iso": "2026-07-21T00:00:00",
"full_text": "The 2026 edition of The State of Food Security and Nutrition in the World (SOFI) also examines the cost of healthy diets\nGlobal hunger declined for a third consecutive year in 2025, demonstrating that progress is possible. However, the improvements remain fragile, unevenly distributed and insufficient to achieve the Sustainable Development Goals by 2030, according to The State of Food Security and Nutrition in the World 2026 (SOFI 2026) report, released on Tuesday by five United Nations specialized agencies.\nThe report estimates that 7.8 percent of the global population faced hunger in 2025, down from 8.1 percent in 2024 and 8.6 percent in 2022, confirming a sustained, albeit slow, improvement. This means that around 645 million people were affected by hunger in 2025, representing a reduction of nearly 14 million compared to 2024 and 43 million compared to 2022.\nDespite global progress, recovery remains uneven across regions. Asia, together with Latin America and the Caribbean, has recorded steady improvements in recent years. In contrast, Africa is now home to approximately 309 million hungry people, compared with 292 million in Asia. Although Africa’s previously rising trend is beginning to stabilize, with the share of its population facing hunger decreasing from 20.3 percent in 2024 to 20.0 percent in 2025, the continent now has the highest number of hungry people in absolute terms amid a rapidly growing population.\nBroader measures of food access tell a similar story. In 2025, an estimated 25.8 percent of the global population (around 2.1 billion people) experienced moderate or severe food insecurity, meaning they were at times forced to compromise on the quality or quantity of the food they ate. This is down from 27.1 percent in 2024 and 28.7 percent in 2020 – equivalent to nearly 86 million fewer people than in 2024 and 135 million fewer than in 2020, though still above pre-pa
... [truncated, total 15180 chars]
================================================================================

================================================================================
Article ID: WHO_c210d32c80706fd8 | Attempt: 2
Error: Cannot extract valid JSON from response: line 1 column 1 (char 0)
Raw response (14914 chars):
{
"id": "WHO_c210d32c80706fd8",
"date_iso": "2026-07-21T00:00:00",
"full_text": "The 2026 edition of The State of Food Security and Nutrition in the World (SOFI) also examines the cost of healthy diets\nGlobal hunger declined for a third consecutive year in 2025, demonstrating that progress is possible. However, the improvements remain fragile, unevenly distributed and insufficient to achieve the Sustainable Development Goals by 2030, according to The State of Food Security and Nutrition in the World 2026 (SOFI 2026) report, released on Tuesday by five United Nations specialized agencies.\nThe report estimates that 7.8 percent of the global population faced hunger in 2025, down from 8.1 percent in 2024 and 8.6 percent in 2022, confirming a sustained, albeit slow, improvement. This means that around 645 million people were affected by hunger in 2025, representing a reduction of nearly 14 million compared to 2024 and 43 million compared to 2022.\nDespite global progress, recovery remains uneven across regions. Asia, together with Latin America and the Caribbean, has recorded steady improvements in recent years. In contrast, Africa is now home to approximately 309 million hungry people, compared with 292 million in Asia. Although Africa’s previously rising trend is beginning to stabilize, with the share of its population facing hunger decreasing from 20.3 percent in 2024 to 20.0 percent in 2025, the continent now has the highest number of hungry people in absolute terms amid a rapidly growing population.\nBroader measures of food access tell a similar story. In 2025, an estimated 25.8 percent of the global population (around 2.1 billion people) experienced moderate or severe food insecurity, meaning they were at times forced to compromise on the quality or quantity of the food they ate. This is down from 27.1 percent in 2024 and 28.7 percent in 2020 – equivalent to nearly 86 million fewer people than in 2024 and 135 million fewer than in 2020, though still above pre-pa
... [truncated, total 14914 chars]
================================================================================

================================================================================
Article ID: WHO_c210d32c80706fd8 | Attempt: 3
Error: Cannot extract valid JSON from response: line 1 column 1 (char 0)
Raw response (15551 chars):
{
"id": "WHO_c210d32c80706fd8",
"date_iso": "2026-07-21T00:00:00",
"full_text": "The 2026 edition of The State of Food Security and Nutrition in the World (SOFI) also examines the cost of healthy diets\nGlobal hunger declined for a third consecutive year in 2025, demonstrating that progress is possible. However, the improvements remain fragile, unevenly distributed and insufficient to achieve the Sustainable Development Goals by 2030, according to The State of Food Security and Nutrition in the World 2026 (SOFI 2026) report, released on Tuesday by five United Nations specialized agencies.\nThe report estimates that 7.8 percent of the global population faced hunger in 2025, down from 8.1 percent in 2024 and 8.6 percent in 2022, confirming a sustained, albeit slow, improvement. This means that around 645 million people were affected by hunger in 2025, representing a reduction of nearly 14 million compared to 2024 and 43 million compared to 2022.\nDespite global progress, recovery remains uneven across regions. Asia, together with Latin America and the Caribbean, has recorded steady improvements in recent years. In contrast, Africa is now home to approximately 309 million hungry people, compared with 292 million in Asia. Although Africa’s previously rising trend is beginning to stabilize, with the share of its population facing hunger decreasing from 20.3 percent in 2024 to 20.0 percent in 2025, the continent now has the highest number of hungry people in absolute terms amid a rapidly growing population.\nBroader measures of food access tell a similar story. In 2025, an estimated 25.8 percent of the global population (around 2.1 billion people) experienced moderate or severe food insecurity, meaning they were at times forced to compromise on the quality or quantity of the food they ate. This is down from 27.1 percent in 2024 and 28.7 percent in 2020 – equivalent to nearly 86 million fewer people than in 2024 and 135 million fewer than in 2020, though still above pre-pa
... [truncated, total 15551 chars]
================================================================================

================================================================================
Article ID: WHO_c210d32c80706fd8 | Attempt: 4
Error: Cannot extract valid JSON from response: line 1 column 1 (char 0)
Raw response (15167 chars):
{
"id": "WHO_c210d32c80706fd8",
"date_iso": "2026-07-21T00:00:00",
"full_text": "The 2026 edition of The State of Food Security and Nutrition in the World (SOFI) also examines the cost of healthy diets\nGlobal hunger declined for a third consecutive year in 2025, demonstrating that progress is possible. However, the improvements remain fragile, unevenly distributed and insufficient to achieve the Sustainable Development Goals by 2030, according to The State of Food Security and Nutrition in the World 2026 (SOFI 2026) report, released on Tuesday by five United Nations specialized agencies.\nThe report estimates that 7.8 percent of the global population faced hunger in 2025, down from 8.1 percent in 2024 and 8.6 percent in 2022, confirming a sustained, albeit slow, improvement. This means that around 645 million people were affected by hunger in 2025, representing a reduction of nearly 14 million compared to 2024 and 43 million compared to 2022.\nDespite global progress, recovery remains uneven across regions. Asia, together with Latin America and the Caribbean, has recorded steady improvements in recent years. In contrast, Africa is now home to approximately 309 million hungry people, compared with 292 million in Asia. Although Africa’s previously rising trend is beginning to stabilize, with the share of its population facing hunger decreasing from 20.3 percent in 2024 to 20.0 percent in 2025, the continent now has the highest number of hungry people in absolute terms amid a rapidly growing population.\nBroader measures of food access tell a similar story. In 2025, an estimated 25.8 percent of the global population (around 2.1 billion people) experienced moderate or severe food insecurity, meaning they were at times forced to compromise on the quality or quantity of the food they ate. This is down from 27.1 percent in 2024 and 28.7 percent in 2020 – equivalent to nearly 86 million fewer people than in 2024 and 135 million fewer than in 2020, though still above pre-pa
... [truncated, total 15167 chars]
================================================================================

================================================================================
Article ID: WHO_fa786027aea1747e | Attempt: 1
Error: Cannot extract valid JSON from response: line 1 column 1 (char 0)
Raw response (12906 chars):
{
"id": "WHO_fa786027aea1747e",
"date_iso": "2026-07-15T00:00:00",
"full_text": "Zero-dose children fell by nearly 750 000 in the past year, but drop-out numbers high and stagnant, increasing risk of disease outbreaks\nIn 2025, 90% of infants globally – or nearly 116 million – received at least one dose of a diphtheria, tetanus and pertussis (DTP) vaccine, and 85% – or 110 million – completed the full three-dose series, according to the annual WHO-UNICEF Estimates of National Immunization Coverage (WUENIC) released today.\nWhile both indicators rose by one percentage point from the previous year, global coverage remains one point below 2019 levels – hovering within the same narrow range since 2009.\nAccording to the data, an estimated 13.5 million “zero-dose” children did not receive a single vaccine in their first year during 2025. While these represent nearly 750 000 fewer children than the previous year, progress is offset by a rising number of children who start the schedule and do not complete it. Most of these children live in countries where national immunization programmes receive support from Gavi, the Vaccine Alliance.\nGlobally, 7.3 million infants are estimated to have received their first DTP dose but dropped out before receiving their first measles dose. This drop-out rate contributed to stalled measles coverage with 84% of children receiving the first measles dose (MCV1) and 77% receiving the second dose (MCV2). Both figures fall far short of the 95% threshold required to prevent outbreaks of this highly contagious virus. Consequently, 57 countries reported large or disruptive measles outbreaks in 2025.\n“Governments and health workers have helped global vaccination rates bounce back after dropping significantly during the COVID-19 pandemic,\" said UNICEF Executive Director Catherine Russell. \"But millions of vulnerable children are still being left unprotected due to conflict, displacement, and poverty. We must reach every child, and we must rebuild
... [truncated, total 12906 chars]
================================================================================

================================================================================
Article ID: WHO_73955bf24d4f5a9d | Attempt: 1
Error: Cannot extract valid JSON from response: line 1 column 1 (char 0)
Raw response (10861 chars):
{
"id": "WHO_73955bf24d4f5a9d",
"date_iso": "2026-07-13T00:00:00",
"full_text": "The World Health Organization (WHO) has validated El Salvador as having eliminated trachoma as a public health problem. Trachoma is the world's leading infectious cause of blindness.\n\"I congratulate El Salvador on this remarkable achievement. It is a testament to the power of political commitment, strategic investment, and community engagement,\" said Dr Tedros Adhanom Ghebreyesus, WHO Director-General, \"El Salvador's success is a vital step towards our global target of eliminating trachoma worldwide by 2030 and a clear signal that a healthier, more equitable future is within reach.\"\nThe validation follows a rigorous, multi-year process to determine whether trachoma was present as a public health problem in the country and to document the health system capacity to detect, investigate, and respond to any potential future cases.\nBetween 2023 and 2026, El Salvador conducted targeted assessments in communities prioritized based on environmental and social risk factors. These assessments found no evidence of active transmission of trachoma. No signs of the disease were detected in children, and no advanced cases capable of causing blindness were found in adults.\nThese findings confirmed that trachoma does not constitute a public health problem in the country.\n“This validation reflects El Salvador’s commitment to reaching populations in the most vulnerable conditions and generating solid evidence to demonstrate that trachoma is not endemic in the country,” said Dr Jarbas Barbosa, Director of the Pan American Health Organization (PAHO). “It is the result of sustained efforts to reach communities, identify potential cases, and ensure no one was left behind.”\nEl Salvador’s progress was supported by a multisectoral approach, including strengthened primary health care services, improvements in water, sanitation, and hygiene (WASH), eye health services, including visual acuity screening in
... [truncated, total 10861 chars]
================================================================================

================================================================================
Article ID: WHO_fda28e08d1ce89f9 | Attempt: 1
Error: Cannot extract valid JSON from response: line 1 column 1 (char 0)
Raw response (8546 chars):
{
"id": "WHO_fda28e08d1ce89f9",
"date_iso": "2026-07-10T00:00:00",
"full_text": "WHO joined the 152nd Assembly of the Inter-Parliamentary Union (IPU) in Istanbul, Türkiye (15–19 April 2026), bringing together more than 1500 delegates, including over 720 parliamentarians from 126 countries. The Assembly provided an important platform for dialogue and parliamentary diplomacy, as well as an opportunity to advance global health priorities and reinforce the role of parliaments in translating international commitments into national action.\nAdvancing the WHO Pandemic Agreement\nWHO briefed the IPU Committee on Health on the WHO Pandemic Agreement, adopted in May 2025, including progress on negotiations of the Pathogen Access and Benefit-Sharing (PABS) annex. The Head of the Secretariat for the Intergovernmental Working Group (IGWG) on the WHO Pandemic Agreement provided an update on the negotiations, noting that the mechanism aims to enable timely sharing of pathogen data and equitable access to health products. Discussions underscored that its conclusion will be critical to operationalizing the Agreement and strengthening global preparedness.\nParticipants also highlighted the central role of parliamentarians in ratification, legislative alignment, budgetary decisions and oversight to ensure effective implementation at country level. WHO and the IPU reaffirmed their commitment to supporting parliaments throughout this process.\nPromoting sustainable health financing through health taxes\nIn the context of the Assembly, WHO and the IPU co-organized a workshop on sustainable health financing through health taxes, chaired by Dr Tasnim Atatrah, WHO Representative of Türkiye. Dr Inke Mathauer, Senior Health Financing Specialist, emphasized the need to strengthen domestic public financing, prioritize health in national budgets and reduce reliance on out-of-pocket spending.\nDr Chonlathan Visaruthvong, Technical Officer, highlighted health taxes as a cost-effective tool to redu
... [truncated, total 8546 chars]
================================================================================

================================================================================
Article ID: WHO_fda28e08d1ce89f9 | Attempt: 2
Error: Cannot extract valid JSON from response: line 1 column 1 (char 0)
Raw response (8474 chars):
{
"id": "WHO_fda28e08d1ce89f9",
"date_iso": "2026-07-10T00:00:00",
"full_text": "WHO joined the 152nd Assembly of the Inter-Parliamentary Union (IPU) in Istanbul, Türkiye (15–19 April 2026), bringing together more than 1500 delegates, including over 720 parliamentarians from 126 countries. The Assembly provided an important platform for dialogue and parliamentary diplomacy, as well as an opportunity to advance global health priorities and reinforce the role of parliaments in translating international commitments into national action.\nAdvancing the WHO Pandemic Agreement\nWHO briefed the IPU Committee on Health on the WHO Pandemic Agreement, adopted in May 2025, including progress on negotiations of the Pathogen Access and Benefit-Sharing (PABS) annex. The Head of the Secretariat for the Intergovernmental Working Group (IGWG) on the WHO Pandemic Agreement provided an update on the negotiations, noting that the mechanism aims to enable timely sharing of pathogen data and equitable access to health products. Discussions underscored that its conclusion will be critical to operationalizing the Agreement and strengthening global preparedness.\nParticipants also highlighted the central role of parliamentarians in ratification, legislative alignment, budgetary decisions and oversight to ensure effective implementation at country level. WHO and the IPU reaffirmed their commitment to supporting parliaments throughout this process.\nPromoting sustainable health financing through health taxes\nIn the context of the Assembly, WHO and the IPU co-organized a workshop on sustainable health financing through health taxes, chaired by Dr Tasnim Atatrah, WHO Representative of Türkiye. Dr Inke Mathauer, Senior Health Financing Specialist, emphasized the need to strengthen domestic public financing, prioritize health in national budgets and reduce reliance on out-of-pocket spending.\nDr Chonlathan Visaruthvong, Technical Officer, highlighted health taxes as a cost-effective tool to redu
... [truncated, total 8474 chars]
================================================================================

================================================================================
Article ID: WHO_3b58cbbda3d4c4fe | Attempt: 1
Error: Cannot extract valid JSON from response: line 1 column 1 (char 0)
Raw response (7660 chars):
{
"id": "WHO_3b58cbbda3d4c4fe",
"date_iso": "2026-07-10T00:00:00",
"full_text": "The World Health Organization (WHO) has designated two new WHO Collaborating Centres (CCs) for quality and capacity development with the Global Influenza Surveillance and Response System (GISRS): the Institut Pasteur de Dakar (IPD), Senegal, designated on 21 November 2025, and the Microbiology Division, Public Health Laboratory Services Branch, Centre for Health Protection, Department of Health, Hong Kong SAR, China (PHLC), designated on 21 January 2026.\nThe designations aim to strengthen GISRS capacity, especially at a regional level, and to enhance the overall quality of GISRS operations on the frontline of the fight against influenza and other respiratory viruses.\nStrengthening regional surveillance and laboratory quality\nIPD has been a member of GISRS as a National Influenza Centre since 1959. For more than six decades, it has contributed laboratory and epidemiological data to support global influenza risk assessment. IPD collects, characterizes and sequences influenza viruses circulating in Senegal and the wider West African region. It monitors disease trends and regularly shares data and virus samples with WHO. These contributions have supported global vaccine composition recommendations and improved understanding of virus evolution in Africa.\nAs a newly designated WHOCC, IPD will continue to support capacity-building, laboratory quality improvement and outbreak preparedness in the region and beyond.\nPHLC has been a key partner in WHO’s External Quality Assessment Programme (EQAP) for the detection of influenza viruses by real time reverse transcription–polymerase chain reaction since 2006. In 2020, it supported the rapid expansion of EQAP to include SARS-CoV-2. Since 2023, EQAP has supported integrated surveillance for influenza and SARS-CoV-2, with respiratory syncytial virus (RSV) included as a pilot component.\nPHLC also contributes to WHO technical working groups on mole
... [truncated, total 7660 chars]
================================================================================

================================================================================
Article ID: WHO_3b58cbbda3d4c4fe | Attempt: 2
Error: Cannot extract valid JSON from response: line 1 column 1 (char 0)
Raw response (7908 chars):
{
"id": "WHO_3b58cbbda3d4c4fe",
"date_iso": "2026-07-10T00:00:00",
"full_text": "The World Health Organization (WHO) has designated two new WHO Collaborating Centres (CCs) for quality and capacity development with the Global Influenza Surveillance and Response System (GISRS): the Institut Pasteur de Dakar (IPD), Senegal, designated on 21 November 2025, and the Microbiology Division, Public Health Laboratory Services Branch, Centre for Health Protection, Department of Health, Hong Kong SAR, China (PHLC), designated on 21 January 2026.\nThe designations aim to strengthen GISRS capacity, especially at a regional level, and to enhance the overall quality of GISRS operations on the frontline of the fight against influenza and other respiratory viruses.\nStrengthening regional surveillance and laboratory quality\nIPD has been a member of GISRS as a National Influenza Centre since 1959. For more than six decades, it has contributed laboratory and epidemiological data to support global influenza risk assessment. IPD collects, characterizes and sequences influenza viruses circulating in Senegal and the wider West African region. It monitors disease trends and regularly shares data and virus samples with WHO. These contributions have supported global vaccine composition recommendations and improved understanding of virus evolution in Africa.\nAs a newly designated WHOCC, IPD will continue to support capacity-building, laboratory quality improvement and outbreak preparedness in the region and beyond.\nPHLC has been a key partner in WHO’s External Quality Assessment Programme (EQAP) for the detection of influenza viruses by real time reverse transcription–polymerase chain reaction since 2006. In 2020, it supported the rapid expansion of EQAP to include SARS-CoV-2. Since 2023, EQAP has supported integrated surveillance for influenza and SARS-CoV-2, with respiratory syncytial virus (RSV) included as a pilot component.\nPHLC also contributes to WHO technical working groups on mole
... [truncated, total 7908 chars]
================================================================================

================================================================================
Article ID: WHO_e9a9c36bfb387e4b | Attempt: 1
Error: Cannot extract valid JSON from response: line 1 column 1 (char 0)
Raw response (11063 chars):
{
"id": "WHO_e9a9c36bfb387e4b",
"date_iso": "2026-07-10T00:00:00",
"full_text": "Yemen continues to face one of the most complex humanitarian and political crises globally, with recurrent conflict, disrupted health systems and constrained operational access. Maintenance of even basic public health functions in this environment is challenging.\nOver the past several years, support from the Pandemic Influenza Preparedness (PIP) Partnership Contribution (PC) has played an instrumental role in sustaining, modernizing, and progressively strengthening Yemen’s health security and influenza preparedness capacities. Rather than financing short-term interventions, PIP PC funds have successfully driven a strategic transition toward a structured, standardized, and sustainable approach to national preparedness.\nThe 2024–2025 biennium marked a key milestone in this transition, focusing on consolidating systems, strengthening coordination and embedding preparedness into national structures.\nStrengthening surveillance and reconnecting globally\nA major achievement has been the establishment of standardized national operational guidelines and procedures for sentinel influenza surveillance. PIP funding spearheaded the development of the National Surveillance Protocol and comprehensive Standard Operating Procedures (SOPs) for influenza and other respiratory tract infections, while simultaneously supporting the establishment of National Rapid Response Teams (RRTs). The strength of this institutional framework was proven during the COVID-19 pandemic, when Yemen’s National Pandemic Influenza Preparedness Plan (2019–2023) provided the essential blueprint for the country's crisis response. During the acute phase of the pandemic, existing influenza sentinel networks were successfully leveraged as the core structural and data-reporting framework, ultimately culminating in the integration of COVID-19 and influenza into a single, cohesive national respiratory response plan.\nTo bridge nation
... [truncated, total 11063 chars]
================================================================================

================================================================================
Article ID: WHO_d865f77e88e12419 | Attempt: 1
Error: Cannot extract valid JSON from response: line 1 column 1 (char 0)
Raw response (8138 chars):
{
"id": "WHO_d865f77e88e12419",
"date_iso": "2026-07-09T00:00:00",
"full_text": "The Kingdom of Morocco hosted the Fourth Global Ministerial Conference on Road Safety in 2025, where leaders endorsed a new declaration to reduce road deaths and injuries. Morocco’s convening role reflects the country’s standing as one of the African Region's most committed road safety actors.\nIn recent years, Morocco has built crucial new institutional architecture and data systems, and has shown the will to translate strategy into action. The number of road fatalities in the country is now falling.\nAs governments gather at the UN High-Level Meeting on Improving Global Road Safety in July 2026, Morocco's experience offers insights that countries at every level of development can draw on.\nA national strategy with quantified targets\nMorocco's approach rests on a foundation WHO recommends: a national strategy with time-bound, quantified targets that is fully backed by the highest political authority. Morocco’s Second National Road Safety Strategy (2017–2026) set a target of a 50% reduction in road deaths in a decade. It grants the country’s National Road Safety Authority (NARSA) a legal mandate to coordinate enforcement, procure equipment, and manage a national demerit-point system for drivers.\nThe Interministerial Committee for Road Safety, chaired by the Head of Government, provides political validation. The Permanent Committee, chaired by the Minister of Transport, serves as the technical coordination forum. This two-tier structure ensures that road safety is neither siloed in a single ministry nor left without executive authority to act.\nFrom generalized activity to data-driven enforcement\nThe 2022–2024 National Road Control Plan has transformed Morocco's traffic enforcement from broadly distributed activity into a targeted, evidence-based programme. It brought four major shifts:\npriority enforcement zones are now selected from crash data;\nfive nationally defined priority vio
... [truncated, total 8138 chars]
================================================================================

================================================================================
Article ID: WHO_1c698237baeca60d | Attempt: 1
Error: Cannot extract valid JSON from response: line 1 column 1 (char 0)
Raw response (7888 chars):
{
"id": "WHO_1c698237baeca60d",
"date_iso": "2026-07-08T00:00:00",
"full_text": "For the first time ever, the World Health Organization (WHO) has published global five-year breast cancer survival estimates for women diagnosed with breast cancer between 2017 and 2021 for all its 194 Member States . The global median five-year net survival between during this period was 77.8%. The findings reflect stark differences across WHO regions, with survival estimates ranging from as low as 39.1% in the African Region to 88.5% in the Region of the Americas and 84.0% in the European Region. Survival was also closely linked to national income. In low-income countries, the median five-year survival was 41.9%, rising to 60.1% in lower-middle-income countries, 78.7% in upper-middle-income countries, and 87.3% in high-income countries.\nPublished in Nature Medicine , these estimates provide a baseline for every country to monitor progress towards achieving the WHO Global Breast Cancer Initiative (GBCI) targets. The GBCI aims to reduce premature breast cancer mortality by 2.5% per year, saving 2.5 million lives by 2040. Breast cancer is the most common cancer among women in 158 countries. In 2024, it resulted in approximately 694 000 deaths globally – 70% in low- and middle-income countries. An estimated 8 million women, mostly in high income countries, were living with the disease.\n“Breast cancer survival is an important measure of how well a country's health system detects and treats breast cancer. It reflects the combined impact of early detection, linked to timely diagnosis and effective multimodality treatment, and the quality of care they receive, supporting countries to assess their progress, and identifying areas for improvement in their national breast cancer control efforts,” said Dr Alarcos Cieza, Unit Head, Management of Noncommunicable Diseases, Department of Noncommunicable Diseases and Mental Health at WHO headquarters.\nThe analysis used a statistical model that synth
... [truncated, total 7888 chars]
================================================================================

================================================================================
Article ID: WHO_bc6d69014771b49f | Attempt: 1
Error: Cannot extract valid JSON from response: line 1 column 1 (char 0)
Raw response (7156 chars):
{
"id": "WHO_bc6d69014771b49f",
"date_iso": "2026-07-03T00:00:00",
"full_text": "The World Health Organization (WHO) has launched a new global database o n the prevalence of sexually transmitted infections (STIs) . The open-access database is the first global platform to provide consolidated, standardized and quality-assured STI prevalence data from low- and middle-income countries from 2010 onwards. It addresses long-standing challenges in accessing reliable country- and population-specific data related to STIs, by bringing together both published and unpublished evidence from diverse sources in one place.\n“This database represents a first major step forward in our ability to understand the burden of sexually transmitted infections across diverse populations and settings,” said Dr Tereza Kasaeva, Director of WHO’s Department for HIV, TB, Hepatitis and STIs. “By making these data openly accessible, we are equipping countries and partners with the evidence needed to design targeted interventions, strengthen surveillance systems and accelerate progress towards reducing the global impact of STIs.”\nCurrently, the database focuses on 5 STIs – chlamydia, gonorrhoea, herpes simplex virus type 2, syphilis and trichomoniasis – but it is designed as a dynamic resource that can continue to expand and evolve. As of June 2026, it contains data from 766 studies and 2453 prevalence data points. The data are from a broad range of settings and populations, including household-based surveys and studies among pregnant women, adolescents, key populations, sex workers, and STI clinic attendees, as well as baseline data from intervention studies and case-control studies. To ensure quality, the data included in the database are from studies with clearly defined population groups, sufficient methodological detail, most samples collected in 2010 or later, and a sample size of at least 100.\nThe breadth of evidence included in the database allows for an understanding of STI epidemiology ac
... [truncated, total 7156 chars]
================================================================================

================================================================================
Article ID: WHO_bc6d69014771b49f | Attempt: 2
Error: Cannot extract valid JSON from response: line 1 column 1 (char 0)
Raw response (7637 chars):
{
"id": "WHO_bc6d69014771b49f",
"date_iso": "2026-07-03T00:00:00",
"full_text": "The World Health Organization (WHO) has launched a new global database o n the prevalence of sexually transmitted infections (STIs) . The open-access database is the first global platform to provide consolidated, standardized and quality-assured STI prevalence data from low- and middle-income countries from 2010 onwards. It addresses long-standing challenges in accessing reliable country- and population-specific data related to STIs, by bringing together both published and unpublished evidence from diverse sources in one place.\n“This database represents a first major step forward in our ability to understand the burden of sexually transmitted infections across diverse populations and settings,” said Dr Tereza Kasaeva, Director of WHO’s Department for HIV, TB, Hepatitis and STIs. “By making these data openly accessible, we are equipping countries and partners with the evidence needed to design targeted interventions, strengthen surveillance systems and accelerate progress towards reducing the global impact of STIs.”\nCurrently, the database focuses on 5 STIs – chlamydia, gonorrhoea, herpes simplex virus type 2, syphilis and trichomoniasis – but it is designed as a dynamic resource that can continue to expand and evolve. As of June 2026, it contains data from 766 studies and 2453 prevalence data points. The data are from a broad range of settings and populations, including household-based surveys and studies among pregnant women, adolescents, key populations, sex workers, and STI clinic attendees, as well as baseline data from intervention studies and case-control studies. To ensure quality, the data included in the database are from studies with clearly defined population groups, sufficient methodological detail, most samples collected in 2010 or later, and a sample size of at least 100.\nThe breadth of evidence included in the database allows for an understanding of STI epidemiology ac
... [truncated, total 7637 chars]
================================================================================

================================================================================
Article ID: WHO_fc982fb7223515b0 | Attempt: 1
Error: Cannot extract valid JSON from response: line 1 column 1 (char 0)
Raw response (9170 chars):
{
"id": "WHO_fc982fb7223515b0",
"date_iso": "2026-07-01T00:00:00",
"full_text": "The French Republic’s Ministry of Health, Families, Autonomy, and People with Disabilities, in its role as the G7 Presidency, and WHO hosted a strategic high-level meeting for the Alliance for Transformative Action on Climate and Health (ATACH) on 25 June 2026. Ministers of health, national representatives and other dignitaries gathered in Paris, France, to discuss next actions for tackling the health crisis posed by the climate crisis. The meeting coincided with a record-breaking 41 °C day in Paris, a timely reminder of why climate and health action is so urgently needed.\n“ We’re all experiencing this heatwave, but it isn’t just a one-off event ,” said Dr Diarmid Campbell-Lendrum, Head of the Climate Change, Air Quality and Energy Unit at WHO. “ It’s absolutely clear that these kinds of events we are now experiencing around France and around the world are part of the pattern of what we have done by putting carbon dioxide into the atmosphere by burning fossil fuels .”\nThe meeting opened with remarks from Mr Antoine Saint-Denis, French Ministry of Health, followed by a video address from Dr Tedros Adhanom Ghebreyesus, WHO Director-General, and interventions from representatives of the COP30, COP31, and COP32 Presidencies. G7 delegates shared successful climate and health interventions and reaffirmed their commitments to integrating health into climate policy and strengthening multilateral and intersectoral cooperation.\n“ ATACH has become a unique global platform that translates high-level climate and health commitments into concrete actions ,” said Dr Aziz Alper Biten, Director-General for EU and Foreign Affairs, Ministry of Health, Republic of Türkiye.\nA major focus was France’s “One Health & Beyond” declaration , launched earlier this year to embed health considerations into climate governance frameworks such as Nationally Determined Contributions (NDCs), National Adaptation Plans 
... [truncated, total 9170 chars]
================================================================================

================================================================================
Article ID: WHO_636d12f59b9afeee | Attempt: 1
Error: Cannot extract valid JSON from response: line 1 column 1 (char 0)
Raw response (12388 chars):
{
"id": "WHO_636d12f59b9afeee",
"date_iso": "2026-06-29T00:00:00",
"full_text": "WHO’s updated indicators reveal stark disparities between low- and high-income countries.\nWHO has recently launched updated data on the Sustainable Development Goal (SDG) indicators tracking the link between air pollution and health. The release of data on ambient and household air pollution highlights critical inequalities: while fine particulate matter (PM2.5) levels dropped globally until 2020, they have since remained largely unchanged, with low- and middle-income countries facing significantly higher exposure risks than high-income nations, increasing risks for public health and the environment.\n“ As the custodian of environmental health-related SDG indicators, WHO is committed to providing robust, evidence-based data, which is essential for bold decision-making. We cannot address the climate and air pollution crisis or protect public health without reliable information that highlights global inequalities and disparities. Placing science at the forefront to drive monitoring and foster multi-sectoral collaboration is crucial to ensuring universal access to clean air and energy, safeguarding both the health of people and planet— – now and for future generations .\" Bruce Gordon, Director a.i., Environment, Climate Change, One Health and Migration, WHO\nKey findings on global inequalities\nIn 2023, the number of people exposed to air quality exceeding the least stringent interim target of 35 ug/m3, proposed by WHO’s global air quality guidelines was thirteen times higher in low- and middle-income countries than in high-income ones, affecting 6.5 billion people.\nIn 2024, approximately 2 billion people still rely on inefficient stoves and fuels for cooking, leading to high levels of health-damaging pollutants in and around the home. Exposure to both ambient and household air pollution drives a heavy burden of noncommunicable diseases, including heart disease, stroke, chronic obstruct
... [truncated, total 12388 chars]
================================================================================

================================================================================
Article ID: WHO_636d12f59b9afeee | Attempt: 2
Error: Cannot extract valid JSON from response: line 1 column 1 (char 0)
Raw response (12235 chars):
{
"id": "WHO_636d12f59b9afeee",
"date_iso": "2026-06-29T00:00:00",
"full_text": "WHO’s updated indicators reveal stark disparities between low- and high-income countries.\nWHO has recently launched updated data on the Sustainable Development Goal (SDG) indicators tracking the link between air pollution and health. The release of data on ambient and household air pollution highlights critical inequalities: while fine particulate matter (PM2.5) levels dropped globally until 2020, they have since remained largely unchanged, with low- and middle-income countries facing significantly higher exposure risks than high-income nations, increasing risks for public health and the environment.\n“ As the custodian of environmental health-related SDG indicators, WHO is committed to providing robust, evidence-based data, which is essential for bold decision-making. We cannot address the climate and air pollution crisis or protect public health without reliable information that highlights global inequalities and disparities. Placing science at the forefront to drive monitoring and foster multi-sectoral collaboration is crucial to ensuring universal access to clean air and energy, safeguarding both the health of people and planet— – now and for future generations .\" Bruce Gordon, Director a.i., Environment, Climate Change, One Health and Migration, WHO\nKey findings on global inequalities\nIn 2023, the number of people exposed to air quality exceeding the least stringent interim target of 35 ug/m3, proposed by WHO’s global air quality guidelines was thirteen times higher in low- and middle-income countries than in high-income ones, affecting 6.5 billion people.\nIn 2024, approximately 2 billion people still rely on inefficient stoves and fuels for cooking, leading to high levels of health-damaging pollutants in and around the home. Exposure to both ambient and household air pollution drives a heavy burden of noncommunicable diseases, including heart disease, stroke, chronic obstruct
... [truncated, total 12235 chars]
================================================================================

================================================================================
Article ID: WHO_636d12f59b9afeee | Attempt: 3
Error: Cannot extract valid JSON from response: line 1 column 1 (char 0)
Raw response (12345 chars):
{
"id": "WHO_636d12f59b9afeee",
"date_iso": "2026-06-29T00:00:00",
"full_text": "WHO’s updated indicators reveal stark disparities between low- and high-income countries.\nWHO has recently launched updated data on the Sustainable Development Goal (SDG) indicators tracking the link between air pollution and health. The release of data on ambient and household air pollution highlights critical inequalities: while fine particulate matter (PM2.5) levels dropped globally until 2020, they have since remained largely unchanged, with low- and middle-income countries facing significantly higher exposure risks than high-income nations, increasing risks for public health and the environment.\n“ As the custodian of environmental health-related SDG indicators, WHO is committed to providing robust, evidence-based data, which is essential for bold decision-making. We cannot address the climate and air pollution crisis or protect public health without reliable information that highlights global inequalities and disparities. Placing science at the forefront to drive monitoring and foster multi-sectoral collaboration is crucial to ensuring universal access to clean air and energy, safeguarding both the health of people and planet— – now and for future generations .\" Bruce Gordon, Director a.i., Environment, Climate Change, One Health and Migration, WHO\nKey findings on global inequalities\nIn 2023, the number of people exposed to air quality exceeding the least stringent interim target of 35 ug/m3, proposed by WHO’s global air quality guidelines was thirteen times higher in low- and middle-income countries than in high-income ones, affecting 6.5 billion people.\nIn 2024, approximately 2 billion people still rely on inefficient stoves and fuels for cooking, leading to high levels of health-damaging pollutants in and around the home. Exposure to both ambient and household air pollution drives a heavy burden of noncommunicable diseases, including heart disease, stroke, chronic obstruct
... [truncated, total 12345 chars]
================================================================================

================================================================================
Article ID: WHO_29eb80115d771812 | Attempt: 1
Error: Cannot extract valid JSON from response: line 1 column 1 (char 0)
Raw response (9204 chars):
{
"id": "WHO_29eb80115d771812",
"date_iso": "2026-06-24T00:00:00",
"full_text": "At the 2026 United Nations General Assembly High-Level Meeting on HIV and AIDS, a large majority of Member States adopted a timely Political Declaration reaffirming their collective commitment to end AIDS as a public health threat by 2030 and setting out strategic priorities and targets for accelerated action over the next five years.\nHeld in New York on 22–23 June 2026, the High-Level Meeting marked the final United Nations High-Level Meeting on HIV and AIDS before the 2030 deadline for achieving global AIDS targets. The adoption of the Declaration sends an important signal of continued political commitment to sustain progress against HIV, address emerging challenges, and protect hard-won gains in the global response.\nThrough the Declaration, Member States committed to:\nreaffirm the commitment to end AIDS as a public health threat by 2030 through the full implementation of existing global HIV commitments and a sustainable response beyond 2030;\nstrengthen country ownership and leadership to ensure integrated, multisectoral and people-centred HIV responses, supported by sustainable domestic and international financing;\nmobilize adequate, predictable and sustainable resources for HIV responses, including increased domestic investment and achievement of global financing targets;\nachieve the 95–95–95 targets by 2030 through universal access to HIV testing, treatment and viral suppression services;\nintegrate HIV services within universal health coverage and primary health-care systems, ensuring continuity of care and stronger health systems;\naccelerate equitable access to comprehensive HIV prevention, including evidence-based biomedical, behavioural, structural and community-led interventions;\neliminate vertical transmission of HIV and end paediatric AIDS, ensuring integrated maternal, newborn and child health services;\npromote and protect human rights, gender equality and access t
... [truncated, total 9204 chars]
================================================================================

================================================================================
Article ID: WHO_29eb80115d771812 | Attempt: 2
Error: Cannot extract valid JSON from response: line 1 column 1 (char 0)
Raw response (9376 chars):
{
"id": "WHO_29eb80115d771812",
"date_iso": "2026-06-24T00:00:00",
"full_text": "At the 2026 United Nations General Assembly High-Level Meeting on HIV and AIDS, a large majority of Member States adopted a timely Political Declaration reaffirming their collective commitment to end AIDS as a public health threat by 2030 and setting out strategic priorities and targets for accelerated action over the next five years.\nHeld in New York on 22–23 June 2026, the High-Level Meeting marked the final United Nations High-Level Meeting on HIV and AIDS before the 2030 deadline for achieving global AIDS targets. The adoption of the Declaration sends an important signal of continued political commitment to sustain progress against HIV, address emerging challenges, and protect hard-won gains in the global response.\nThrough the Declaration, Member States committed to:\nreaffirm the commitment to end AIDS as a public health threat by 2030 through the full implementation of existing global HIV commitments and a sustainable response beyond 2030;\nstrengthen country ownership and leadership to ensure integrated, multisectoral and people-centred HIV responses, supported by sustainable domestic and international financing;\nmobilize adequate, predictable and sustainable resources for HIV responses, including increased domestic investment and achievement of global financing targets;\nachieve the 95–95–95 targets by 2030 through universal access to HIV testing, treatment and viral suppression services;\nintegrate HIV services within universal health coverage and primary health-care systems, ensuring continuity of care and stronger health systems;\naccelerate equitable access to comprehensive HIV prevention, including evidence-based biomedical, behavioural, structural and community-led interventions;\neliminate vertical transmission of HIV and end paediatric AIDS, ensuring integrated maternal, newborn and child health services;\npromote and protect human rights, gender equality and access t
... [truncated, total 9376 chars]
================================================================================

================================================================================
Article ID: WHO_29eb80115d771812 | Attempt: 3
Error: Cannot extract valid JSON from response: line 1 column 1 (char 0)
Raw response (9447 chars):
{
"id": "WHO_29eb80115d771812",
"date_iso": "2026-06-24T00:00:00",
"full_text": "At the 2026 United Nations General Assembly High-Level Meeting on HIV and AIDS, a large majority of Member States adopted a timely Political Declaration reaffirming their collective commitment to end AIDS as a public health threat by 2030 and setting out strategic priorities and targets for accelerated action over the next five years.\nHeld in New York on 22–23 June 2026, the High-Level Meeting marked the final United Nations High-Level Meeting on HIV and AIDS before the 2030 deadline for achieving global AIDS targets. The adoption of the Declaration sends an important signal of continued political commitment to sustain progress against HIV, address emerging challenges, and protect hard-won gains in the global response.\nThrough the Declaration, Member States committed to:\nreaffirm the commitment to end AIDS as a public health threat by 2030 through the full implementation of existing global HIV commitments and a sustainable response beyond 2030;\nstrengthen country ownership and leadership to ensure integrated, multisectoral and people-centred HIV responses, supported by sustainable domestic and international financing;\nmobilize adequate, predictable and sustainable resources for HIV responses, including increased domestic investment and achievement of global financing targets;\nachieve the 95–95–95 targets by 2030 through universal access to HIV testing, treatment and viral suppression services;\nintegrate HIV services within universal health coverage and primary health-care systems, ensuring continuity of care and stronger health systems;\naccelerate equitable access to comprehensive HIV prevention, including evidence-based biomedical, behavioural, structural and community-led interventions;\neliminate vertical transmission of HIV and end paediatric AIDS, ensuring integrated maternal, newborn and child health services;\npromote and protect human rights, gender equality and access t
... [truncated, total 9447 chars]
================================================================================

================================================================================
Article ID: WHO_29eb80115d771812 | Attempt: 4
Error: Cannot extract valid JSON from response: line 1 column 1 (char 0)
Raw response (9329 chars):
{
"id": "WHO_29eb80115d771812",
"date_iso": "2026-06-24T00:00:00",
"full_text": "At the 2026 United Nations General Assembly High-Level Meeting on HIV and AIDS, a large majority of Member States adopted a timely Political Declaration reaffirming their collective commitment to end AIDS as a public health threat by 2030 and setting out strategic priorities and targets for accelerated action over the next five years.\nHeld in New York on 22–23 June 2026, the High-Level Meeting marked the final United Nations High-Level Meeting on HIV and AIDS before the 2030 deadline for achieving global AIDS targets. The adoption of the Declaration sends an important signal of continued political commitment to sustain progress against HIV, address emerging challenges, and protect hard-won gains in the global response.\nThrough the Declaration, Member States committed to:\nreaffirm the commitment to end AIDS as a public health threat by 2030 through the full implementation of existing global HIV commitments and a sustainable response beyond 2030;\nstrengthen country ownership and leadership to ensure integrated, multisectoral and people-centred HIV responses, supported by sustainable domestic and international financing;\nmobilize adequate, predictable and sustainable resources for HIV responses, including increased domestic investment and achievement of global financing targets;\nachieve the 95–95–95 targets by 2030 through universal access to HIV testing, treatment and viral suppression services;\nintegrate HIV services within universal health coverage and primary health-care systems, ensuring continuity of care and stronger health systems;\naccelerate equitable access to comprehensive HIV prevention, including evidence-based biomedical, behavioural, structural and community-led interventions;\neliminate vertical transmission of HIV and end paediatric AIDS, ensuring integrated maternal, newborn and child health services;\npromote and protect human rights, gender equality and access t
... [truncated, total 9329 chars]
================================================================================

================================================================================
Article ID: WHO_fc99a67959a02449 | Attempt: 1
Error: Cannot extract valid JSON from response: line 1 column 1 (char 0)
Raw response (7951 chars):
{
"id": "WHO_fc99a67959a02449",
"date_iso": "2026-06-21T00:00:00",
"full_text": "The United Kingdom launched a new national road safety strategy in early 2026. The strategy sets an ambitious goal of a 65% reduction in road deaths and serious injuries by 2035, and a 70% reduction in fatalities among children under 16. Rooted in proven principles, data collection and analysis, and clear governance and accountability, it offers insights for countries that aim to rapidly reduce road trauma.\nA new cycling and walking investment strategy followed in June 2026. it aims to ensure that 55% of short journeys in towns and cities are safely walked or cycled by 2035. Backed with record investment and grounded in cross-government coordination, if offers insights for countries that aim to reap the huge health, economic and environmental gains that arise from walking and cycling that is made safe.\nA UN High-Level Meeting on Improving Global Road Safety will be held on 20–21 July 2026 . WHO Director-General Dr Tedros Adhanom Ghebreyesus is urging governments to ‘ double down on delivery ,’ and close gaps between commitment and action if the world is to achieve the Sustainable Development Goals’ Target of a 50% reduction of road fatalities and serious injuries by 2030.\nThe new UK road safety strategy is rooted in the proven Safe Systems approach, which acknowledges that while human error is inevitable, deaths and serious injuries are not. It puts a focus on safe road design and management rather than solely on how drivers or other road users behave on the roads.\nThe combination of ministerial accountability, multi-agency coordination, data-led investigation, and transparent public reporting reflects WHO recommendations and is line with in the Global Plan for the Decade of Action for Road Safety 2021-2030 .\nDelivery is overseen by a new Road Safety Board that is chaired by the Minister for Local Transport. The Board monitors progress against national targets and Safety Performanc
... [truncated, total 7951 chars]
================================================================================

================================================================================
Article ID: WHO_7cb62553b7bbe6bc | Attempt: 1
Error: Cannot extract valid JSON from response: line 1 column 1 (char 0)
Raw response (9620 chars):
{
"id": "WHO_7cb62553b7bbe6bc",
"date_iso": "2026-06-22T00:00:00",
"full_text": "Participants do a mountain pose during the International Yoga Day, on 21 June 2026, on the grounds of the Palais des Nations, in Geneva. © Permanent Mission of India\nWHO celebrated the 12th International Day of Yoga on 21 June 2026. This year, the United Nations' day explored the theme of 'yoga for healthy ageing', recognizing the potential benefits of practicing yoga as we grow older.\nDr Tedros Adhanom Ghebreyesus, WHO Director-General, shared in a social media video on Sunday: “As people live longer, our goal is not just more years, but better years. Yoga supports this through gentle movement, breathing and mindfulness.”\nYoga is an ancient physical, mental and spiritual practice. The word itself derives from Sanskrit and means to join or to unite, symbolizing the union of body and consciousness. By combining gentle movement, breathing and mindfulness, yoga supports balance, flexibility, strength and mobility – abilities that are essential for staying active and independent as we age. A 2019 study found that 77% of people reported feeling physically stronger after regular yoga practice.\nYoga also promotes mental well-being, helping to reduce stress and improve overall quality of life. A Harvard Medical School study found that 60% of participants with depression experienced a significant reduction in symptoms after practicing hot yoga twice a week for eight weeks.\nGrounded in science\nOver the past 20 years, a growing body of scientific evidence has demonstrated a range of positive and measurable impacts of practicing yoga, including reducing stress and anxiety and improving strength and flexibility .\nResearchers are also beginning to uncover less obvious potential benefits. For example, there is mounting evidence that yoga can support brain health, whether by improving memory or slowing cognitive decline – particularly beneficial for healthy ageing .\nA study published in the Jou
... [truncated, total 9620 chars]
================================================================================

================================================================================
Article ID: WHO_0dcbfb155110e1f9 | Attempt: 1
Error: Schema: Missing claims category: NOT_ENOUGH_INFO
Raw response (6206 chars):
{
"id": "WHO_0dcbfb155110e1f9",
"date_iso": "2026-06-18T00:00:00",
"full_text": "WHO has released its updated Guidelines for drinking-water quality, providing the latest global guidance to support countries in protecting public health through safe drinking-water. Yet despite progress, the challenge remains stark: 2.1 billion people still lack safely managed drinking-water, including 106 million who drink directly from rivers, lakes or other surface water sources. The new Guidelines help countries close the safety gap, providing the authoritative basis for strengthening of drinking-water quality regulations and standards, surveillance programmes and risk management practices.\nThe updated edition reflects new evidence, implementation experience and practical lessons from countries applying risk-based approaches to drinking-water safety. It includes strengthened guidance on proactive water supply risk management, small water supplies, microbial risks and selected chemical hazards.\nFramework for safe drinking-water\nUpdated guidance on proactive risk management\nNew and updated information on microbial risks\nUpdated guidance on selected chemicals\nThe Guidelines for drinking-water quality: fourth edition incorporates the first, second and third addenda and supersedes previous editions of the Guidelines, including the fourth edition that incorporated the first and second addenda, published in 2022.\nLooking ahead\nRelated\nGuidelines for drinking-water quality: fourth edition incorporating the first, second and third addenda\nDrinking-water quality: a roadmap to supporting resources\nGuidelines for drinking-water quality: small water supplies\nSanitary inspection packages: a supporting tool for the Guidelines for drinking-water quality: small water supplies\nList of chemical hazards considered in the Guidelines for drinking-water quality\nInfographics\n1 in 4 people still lack safe drinking-water\nWhy it matters\nWHO launches the 3rd addendum\nWhat is new in the Guide
... [truncated, total 6206 chars]
================================================================================

================================================================================
Article ID: WHO_65a67564babf8286 | Attempt: 1
Error: Cannot extract valid JSON from response: line 1 column 1 (char 0)
Raw response (8363 chars):
{
"id": "WHO_65a67564babf8286",
"date_iso": "2026-06-17T00:00:00",
"full_text": "The World Health Organization (WHO) has designated the Centre for Behaviour Change at University College London (UCL) as a WHO Collaborating Centre for Applying Behavioural and Implementation Sciences to Improve Health for the period 2026–2030.\nThe Centre for Behaviour Change is a globally recognized interdisciplinary centre that advances the science and application of behaviour change to address major health, social and environmental challenges. Through research, training and knowledge exchange, the Centre works to translate evidence into effective policy and practice.\nThe new designation will strengthen WHO's capacity to apply behavioural and implementation science across its technical and normative work. Through the collaboration, WHO and UCL will co-develop practical tools, guidance and capacity-building activities to support the systematic use of behavioural sciences in public health policy and programme delivery.\nHuman behaviour plays a critical role in many of today's most pressing health challenges, from antimicrobial resistance to climate adaptation and maternal health. While evidence-based interventions continue to advance, their impact depends on successful implementation in real-world settings. Behavioural sciences help us understand the factors that influence behaviour, while implementation science provides methods for putting evidence into practice. Together, they offer powerful approaches for improving health outcomes at scale.\nProfessor Susan Michie, Director of the Centre for Behaviour Change at UCL, said: \"This designation provides an important opportunity to work with WHO to strengthen the application of behavioural sciences across global health. By translating evidence into practical tools and approaches, we can help support more effective policies, programmes and health outcomes.\"\nProfessor Fabiana Lorencatto, Co-Director of the Centre for Behaviour Change, a
... [truncated, total 8363 chars]
================================================================================

================================================================================
Article ID: WHO_ef36708d4704e72d | Attempt: 1
Error: Cannot extract valid JSON from response: line 1 column 1 (char 0)
Raw response (10747 chars):
{
"id": "WHO_ef36708d4704e72d",
"date_iso": "2026-06-16T00:00:00",
"full_text": "Your Excellencies President Ndayishimiye,\nPresident Ramaphosa,\nVice President Alupo,\nPrime Minister Suminwa Tuluka,\nChairperson Mahmoud Ali Youssouf,\nDr Jean Kaseya,\nExcellencies, honourable Ministers, dear colleagues and friends,\nI thank the Africa CDC for hosting this event, and for its partnership in the Ebola response through the joint, African-led incident management support team.\nThank you also to all those who have made concrete commitments today to support the Joint Continental Preparedness and Response Plan, especially the Government of DRC and Uganda.\nTwo weeks ago I traveled to DRC, and I visited the epicentre of the outbreak in the province of Ituri.\nI saw resilience, I saw commitment and I saw hope.\nTreatment capacity is expanding, and we are seeing recoveries.\nBut I also saw first-hand the challenges that the communities and our teams face.\nTesting and laboratory capacity are still not at the level we need to interrupt transmission.\nInsecurity, displacement and population movement complicate these efforts – as does significant mistrust in local communities, which I observed while I was in Bunia.\nAnd blanket travel restrictions are disrupting supply chains and hindering response operations, without addressing the source of transmission.\nAs you may know, this month marks 50 years since the first documented Ebola outbreaks in Sudan and DRC, in 1976 – although the first documented outbreak of Bundibugyo virus was only 19 years ago, in 2007.\nIn that time, there have only ever been four cases of Ebola documented in travelers from Africa, excluding medical evacuations.\nBlanket travel restrictions are an unnecessary overreaction that do more harm than good.\nWHO recommends targeted public health measures, including exit screening at points of departure, which are much more effective.\nAs you know, we are fighting this outbreak without vaccines or therapeutics.\nC
... [truncated, total 10747 chars]
================================================================================

================================================================================
Article ID: WHO_ef36708d4704e72d | Attempt: 2
Error: Cannot extract valid JSON from response: line 1 column 1 (char 0)
Raw response (10227 chars):
{
"id": "WHO_ef36708d4704e72d",
"date_iso": "2026-06-16T00:00:00",
"full_text": "Your Excellencies President Ndayishimiye,\nPresident Ramaphosa,\nVice President Alupo,\nPrime Minister Suminwa Tuluka,\nChairperson Mahmoud Ali Youssouf,\nDr Jean Kaseya,\nExcellencies, honourable Ministers, dear colleagues and friends,\nI thank the Africa CDC for hosting this event, and for its partnership in the Ebola response through the joint, African-led incident management support team.\nThank you also to all those who have made concrete commitments today to support the Joint Continental Preparedness and Response Plan, especially the Government of DRC and Uganda.\nTwo weeks ago I traveled to DRC, and I visited the epicentre of the outbreak in the province of Ituri.\nI saw resilience, I saw commitment and I saw hope.\nTreatment capacity is expanding, and we are seeing recoveries.\nBut I also saw first-hand the challenges that the communities and our teams face.\nTesting and laboratory capacity are still not at the level we need to interrupt transmission.\nInsecurity, displacement and population movement complicate these efforts – as does significant mistrust in local communities, which I observed while I was in Bunia.\nAnd blanket travel restrictions are disrupting supply chains and hindering response operations, without addressing the source of transmission.\nAs you may know, this month marks 50 years since the first documented Ebola outbreaks in Sudan and DRC, in 1976 – although the first documented outbreak of Bundibugyo virus was only 19 years ago, in 2007.\nIn that time, there have only ever been four cases of Ebola documented in travelers from Africa, excluding medical evacuations.\nBlanket travel restrictions are an unnecessary overreaction that do more harm than good.\nWHO recommends targeted public health measures, including exit screening at points of departure, which are much more effective.\nAs you know, we are fighting this outbreak without vaccines or therapeutics.\nC
... [truncated, total 10227 chars]
================================================================================

================================================================================
Article ID: WHO_6d9420672997752f | Attempt: 1
Error: Cannot extract valid JSON from response: line 1 column 1 (char 0)
Raw response (9843 chars):
{
"id": "WHO_6d9420672997752f",
"date_iso": "2026-06-12T00:00:00",
"full_text": "Following the recent Andes virus (ANDV) outbreak linked to the MV Hondius cruise ship, a globally coordinated outbreak research initiative involving investigators and institutions across 21 countries has begun implementation, demonstrating how international research preparedness systems can be rapidly activated during health emergencies.\nThe initiative, known as NAVIS, is a natural history study designed to improve understanding of ANDV transmission dynamics, incubation periods, immune responses, viral kinetics, and determinants of severe disease through harmonized longitudinal follow-up of exposed individuals.\nThe study will use a harmonized prospective protocol, which was developed by Hospital Germans Trias i Pujol , Badalona, Spain, for immediate deployment after an emergency scientific consultation coordinated through the UK Health Security Agency (UKHSA)-led Hantavirus Collaborative Open Research Consortium (CORC) mobilized more than 1600 experts from over 130 countries to identify urgent scientific priorities and coordinate international research activities.\n“Closing gaps in our scientific knowledge is key to the development of medical countermeasures, and through international coordination we ensure this is accelerated. Preparedness, therefore, must include the ability to rapidly generate scientific evidence during outbreaks, not only respond to them,” said Yper Hall of the UKHSA.\nBy using standardized approaches across countries, NAVIS aims to generate comparable datasets to better understand the pathogen and inform the development of medical countermeasures like tests, treatments and vaccines.\nCoordination of the NAVIS platform is being supported by ANRS Emerging Infectious Diseases (ANRS-MIE) under BE READY , a EU-funded global initiative to strengthen research preparedness and rapid scientific mobilization for future epidemics and pandemics. The study will use ISARIC ( I
... [truncated, total 9843 chars]
================================================================================

================================================================================
Article ID: WHO_d19f0ee565298f1a | Attempt: 1
Error: Cannot extract valid JSON from response: line 1 column 1 (char 0)
Raw response (10614 chars):
{
"id": "WHO_d19f0ee565298f1a",
"date_iso": "2026-06-12T00:00:00",
"full_text": "New data from the World Health Organization (WHO) show sustained progress towards safer blood supplies globally but also highlight persistent inequalities in access to safe blood and weaknesses in governance, financing and regulation of blood systems.\nData collected from 132 countries reveal that global blood collections increased by nearly 19% between 2013 and 2023. Voluntary, unpaid donors continued to drive this progress, accounting for over 85% of the estimated 120 million blood donations received in 2023.\nDespite these gains, access to safe blood and blood products remains highly unequal worldwide. Many patients – including women experiencing life-threatening bleeding during childbirth, children with severe anaemia, trauma or burn victims, patients undergoing surgery, and people living with conditions such as sickle-cell disease, thalassaemia, haemophilia, immune deficiencies and certain cancers – still lack reliable access to safe blood and life-saving transfusions, particularly in lower-income countries.\n\"No one should die because safe blood is unavailable when it is needed,\" said Dr Tedros Adhanom Ghebreyesus, WHO Director-General. \"These data show encouraging progress, particularly in the growing contribution of voluntary unpaid blood donors worldwide – the cornerstone of safe and sustainable blood supplies – but it also reminds us that where a person lives can still determine whether they have access to the blood transfusion they need. Governments must continue investing in strong, sustainable national blood systems and supporting the voluntary unpaid blood donors whose generosity saves millions of lives every year.\"\nPersistent inequalities in blood availability\nAlthough high-income countries account for just 15% of the global population, they collect 36% of all blood donations worldwide. In contrast, many lower-income countries continue to face blood supply shortages
... [truncated, total 10614 chars]
================================================================================

================================================================================
Article ID: WHO_98d0b3e08be6a96f | Attempt: 1
Error: Cannot extract valid JSON from response: line 1 column 1 (char 0)
Raw response (15708 chars):
{
"id": "WHO_98d0b3e08be6a96f",
"date_iso": "2026-06-12T00:00:00",
"full_text": "At the Seventy-ninth World Health Assembly, ministers of health, policy leaders, partners and civil society convened, calling for stronger health systems and greater accountability to accelerate cervical cancer elimination. The official side event, “Cervical cancer elimination: Strengthening health systems and accountability toward the 2030 targets,” was co-organized by South Africa and Nepal, with co-sponsorship by Brazil, China, Eswatini, Ghana, Indonesia, Pakistan, the United Republic of Tanzania, Zimbabwe and Unitaid. Discussions centred on what it will take to turn political commitment into delivery: expanding HPV vaccination, bringing screening closer to communities, strengthening referral pathways, closing treatment gaps and integrating cervical cancer services into primary health care. The event came one year after the adoption of World Cervical Cancer Elimination Day through resolution WHA 78.8 , which will be observed annually on 17 November as a global opportunity to review progress and renew commitment. When systems fail, women pay the price Opening the session, H.E. Dr Motsoaledi, Minister of Health, South Africa, called for a whole-of-government and whole-of-society approach to cervical cancer elimination, emphasizing primary health care integration, sustainable financing and delivery on political commitments. He noted that “the science is established, the tools exist and the strategies are in place,” but stressed that “progress now demands accountability.” That accountability challenge was grounded by cervical cancer survivor and patient advocate Sally Kwenda, whose personal experience highlighted the consequences when prevention, screening, diagnosis, treatment and follow-up do not connect. Her message was clear: “People are not diseases,” as she called for integrated, person-centred care, particularly for women living with HIV. In closing reflections, H.E. Dr Motsoaledi
... [truncated, total 15708 chars]
================================================================================

================================================================================
Article ID: WHO_98d0b3e08be6a96f | Attempt: 2
Error: Cannot extract valid JSON from response: line 1 column 1 (char 0)
Raw response (15459 chars):
{
"id": "WHO_98d0b3e08be6a96f",
"date_iso": "2026-06-12T00:00:00",
"full_text": "At the Seventy-ninth World Health Assembly, ministers of health, policy leaders, partners and civil society convened, calling for stronger health systems and greater accountability to accelerate cervical cancer elimination. The official side event, “Cervical cancer elimination: Strengthening health systems and accountability toward the 2030 targets,” was co-organized by South Africa and Nepal, with co-sponsorship by Brazil, China, Eswatini, Ghana, Indonesia, Pakistan, the United Republic of Tanzania, Zimbabwe and Unitaid. Discussions centred on what it will take to turn political commitment into delivery: expanding HPV vaccination, bringing screening closer to communities, strengthening referral pathways, closing treatment gaps and integrating cervical cancer services into primary health care. The event came one year after the adoption of World Cervical Cancer Elimination Day through resolution WHA 78.8 , which will be observed annually on 17 November as a global opportunity to review progress and renew commitment. When systems fail, women pay the price Opening the session, H.E. Dr Motsoaledi, Minister of Health, South Africa, called for a whole-of-government and whole-of-society approach to cervical cancer elimination, emphasizing primary health care integration, sustainable financing and delivery on political commitments. He noted that “the science is established, the tools exist and the strategies are in place,” but stressed that “progress now demands accountability.” That accountability challenge was grounded by cervical cancer survivor and patient advocate Sally Kwenda, whose personal experience highlighted the consequences when prevention, screening, diagnosis, treatment and follow-up do not connect. Her message was clear: “People are not diseases,” as she called for integrated, person-centred care, particularly for women living with HIV. In closing reflections, H.E. Dr Motsoaledi
... [truncated, total 15459 chars]
================================================================================

================================================================================
Article ID: WHO_98d0b3e08be6a96f | Attempt: 3
Error: Cannot extract valid JSON from response: line 1 column 1 (char 0)
Raw response (15485 chars):
{
"id": "WHO_98d0b3e08be6a96f",
"date_iso": "2026-06-12T00:00:00",
"full_text": "At the Seventy-ninth World Health Assembly, ministers of health, policy leaders, partners and civil society convened, calling for stronger health systems and greater accountability to accelerate cervical cancer elimination. The official side event, “Cervical cancer elimination: Strengthening health systems and accountability toward the 2030 targets,” was co-organized by South Africa and Nepal, with co-sponsorship by Brazil, China, Eswatini, Ghana, Indonesia, Pakistan, the United Republic of Tanzania, Zimbabwe and Unitaid. Discussions centred on what it will take to turn political commitment into delivery: expanding HPV vaccination, bringing screening closer to communities, strengthening referral pathways, closing treatment gaps and integrating cervical cancer services into primary health care. The event came one year after the adoption of World Cervical Cancer Elimination Day through resolution WHA 78.8 , which will be observed annually on 17 November as a global opportunity to review progress and renew commitment. When systems fail, women pay the price Opening the session, H.E. Dr Motsoaledi, Minister of Health, South Africa, called for a whole-of-government and whole-of-society approach to cervical cancer elimination, emphasizing primary health care integration, sustainable financing and delivery on political commitments. He noted that “the science is established, the tools exist and the strategies are in place,” but stressed that “progress now demands accountability.” That accountability challenge was grounded by cervical cancer survivor and patient advocate Sally Kwenda, whose personal experience highlighted the consequences when prevention, screening, diagnosis, treatment and follow-up do not connect. Her message was clear: “People are not diseases,” as she called for integrated, person-centred care, particularly for women living with HIV. In closing reflections, H.E. Dr Motsoaledi
... [truncated, total 15485 chars]
================================================================================

================================================================================
Article ID: WHO_98d0b3e08be6a96f | Attempt: 4
Error: Cannot extract valid JSON from response: line 1 column 1 (char 0)
Raw response (15510 chars):
{
"id": "WHO_98d0b3e08be6a96f",
"date_iso": "2026-06-12T00:00:00",
"full_text": "At the Seventy-ninth World Health Assembly, ministers of health, policy leaders, partners and civil society convened, calling for stronger health systems and greater accountability to accelerate cervical cancer elimination. The official side event, “Cervical cancer elimination: Strengthening health systems and accountability toward the 2030 targets,” was co-organized by South Africa and Nepal, with co-sponsorship by Brazil, China, Eswatini, Ghana, Indonesia, Pakistan, the United Republic of Tanzania, Zimbabwe and Unitaid. Discussions centred on what it will take to turn political commitment into delivery: expanding HPV vaccination, bringing screening closer to communities, strengthening referral pathways, closing treatment gaps and integrating cervical cancer services into primary health care. The event came one year after the adoption of World Cervical Cancer Elimination Day through resolution WHA 78.8 , which will be observed annually on 17 November as a global opportunity to review progress and renew commitment. When systems fail, women pay the price Opening the session, H.E. Dr Motsoaledi, Minister of Health, South Africa, called for a whole-of-government and whole-of-society approach to cervical cancer elimination, emphasizing primary health care integration, sustainable financing and delivery on political commitments. He noted that “the science is established, the tools exist and the strategies are in place,” but stressed that “progress now demands accountability.” That accountability challenge was grounded by cervical cancer survivor and patient advocate Sally Kwenda, whose personal experience highlighted the consequences when prevention, screening, diagnosis, treatment and follow-up do not connect. Her message was clear: “People are not diseases,” as she called for integrated, person-centred care, particularly for women living with HIV. In closing reflections, H.E. Dr Motsoaledi
... [truncated, total 15510 chars]
================================================================================

================================================================================
Article ID: WHO_98d0b3e08be6a96f | Attempt: 5
Error: Cannot extract valid JSON from response: line 1 column 1 (char 0)
Raw response (15364 chars):
{
"id": "WHO_98d0b3e08be6a96f",
"date_iso": "2026-06-12T00:00:00",
"full_text": "At the Seventy-ninth World Health Assembly, ministers of health, policy leaders, partners and civil society convened, calling for stronger health systems and greater accountability to accelerate cervical cancer elimination. The official side event, “Cervical cancer elimination: Strengthening health systems and accountability toward the 2030 targets,” was co-organized by South Africa and Nepal, with co-sponsorship by Brazil, China, Eswatini, Ghana, Indonesia, Pakistan, the United Republic of Tanzania, Zimbabwe and Unitaid. Discussions centred on what it will take to turn political commitment into delivery: expanding HPV vaccination, bringing screening closer to communities, strengthening referral pathways, closing treatment gaps and integrating cervical cancer services into primary health care. The event came one year after the adoption of World Cervical Cancer Elimination Day through resolution WHA 78.8 , which will be observed annually on 17 November as a global opportunity to review progress and renew commitment. When systems fail, women pay the price Opening the session, H.E. Dr Motsoaledi, Minister of Health, South Africa, called for a whole-of-government and whole-of-society approach to cervical cancer elimination, emphasizing primary health care integration, sustainable financing and delivery on political commitments. He noted that “the science is established, the tools exist and the strategies are in place,” but stressed that “progress now demands accountability.” That accountability challenge was grounded by cervical cancer survivor and patient advocate Sally Kwenda, whose personal experience highlighted the consequences when prevention, screening, diagnosis, treatment and follow-up do not connect. Her message was clear: “People are not diseases,” as she called for integrated, person-centred care, particularly for women living with HIV. In closing reflections, H.E. Dr Motsoaledi
... [truncated, total 15364 chars]
================================================================================

================================================================================
Article ID: WHO_24875c2d7c0877c6 | Attempt: 1
Error: Schema: Missing claims category: NOT_ENOUGH_INFO
Raw response (7020 chars):
{
"id": "WHO_24875c2d7c0877c6",
"date_iso": "2026-06-11T00:00:00",
"full_text": "WHO is undertaking an updated review of Wolbachia population replacement and remains committed to providing Member States with evidence-based guidance on its use. This work will include a new systematic review incorporating the full body of evidence on the epidemiological impact of Wolbachia population replacement, including studies published since the original evidence assessment. The systematic review will also address the population suppression approach, which may also be achieved using Wolbachia , and will synthesize and assess evidence on contextual factors relevant to country decision-making, consistent with WHO guideline development processes. Alongside this, WHO is developing an operational manual for the population replacement approach, to guide country preparation and implementation of the intervention, as appropriate.\nThe updated body of evidence will be considered by WHO's new integrated vector control Guideline Development Group (GDG), which is expected to convene in the first quarter of 2027. Following evidence appraisal, recommendation formulation, and the completion of WHO's established review and approval processes, publication of recommendations, as appropriate, is anticipated in late 2027, with finalization and publication of the operational manual to follow, dependent on the GDG outcomes.\nWolbachia is a naturally occurring intracellular bacterium that can be introduced into Aedes mosquito populations, with the aim of reducing the mosquitoes' ability to transmit viral infections such as dengue virus. In 2020, the WHO Vector Control Advisory Group (VCAG) reviewed evidence from field trials on the population replacement approach, conducted in multiple countries, and concluded that the intervention had demonstrated epidemiological impact. VCAG subsequently advised WHO to initiate the guideline-development process to inform future recommendations. Since that time, the e
... [truncated, total 7020 chars]
================================================================================

================================================================================
Article ID: WHO_203c78d6125f9857 | Attempt: 1
Error: Cannot extract valid JSON from response: line 1 column 1 (char 0)
Raw response (11151 chars):
{
"id": "WHO_203c78d6125f9857",
"date_iso": "2026-06-05T00:00:00",
"full_text": "The Africa Centres for Disease Control and Prevention (Africa CDC) and the World Health Organization (WHO) today launched a joint continental preparedness and response plan on the ongoing Ebola outbreak caused by the Bundibugyo virus. The plan aims to raise US$ 518 million to support African countries together with partners to prepare for, rapidly detect and respond to the outbreak.\nThe six-month plan, covering June to November 2026, brings together governments, partners and communities under a unified ‘One Response’ approach to strengthen outbreak response measures, including emergency coordination, disease surveillance, laboratory testing, infection prevention and control, clinical care, community engagement, research, logistics and support for essential health services.\nThe plan complements national response plans launched by the Governments of the Democratic Republic of the Congo and Uganda.\n“The only way to beat this outbreak is through close partnership, working together under the leadership of the affected countries in one coordinated effort, guided by a simple principle: one plan, one budget, one team,” said Dr Tedros Adhanom Ghebreyesus, WHO Director-General. “Containing Ebola depends on political commitment, sustained financing, and the trust and engagement of communities. This plan places communities at the centre, because without their participation, contact tracing falters, safe care is delayed, and transmission continues.”\nDr Jean Kaseya, Director-General of Africa CDC, said: “Ebola moves fast. Africa must move faster. This joint plan gives the continent a clear path to act with speed and unity: to save lives, support the affected countries and protect neighbouring communities. With Member States, WHO and partners, Africa CDC is turning commitment into action and resources into response for the communities at risk.”\nThe plan also focuses on protecting vulnerable popul
... [truncated, total 11151 chars]
================================================================================

================================================================================
Article ID: WHO_08c8fceca99de142 | Attempt: 1
Error: Cannot extract valid JSON from response: line 1 column 1 (char 0)
Raw response (11378 chars):
{
"id": "WHO_08c8fceca99de142",
"date_iso": "2026-06-04T00:00:00",
"full_text": "Children aged less than five years face almost three times the risk of illness from unsafe food than older children and adults, according to new estimates released today by the World Health Organization (WHO).\nDespite being just 9% of the global population, young children suffer from nearly one third of all cases of foodborne diseases, particularly diarrhoeal diseases which can be deadly for this vulnerable age group. In addition, exposure to chemical hazards such as methylmercury and lead in food can harm the developing brain and cause lifelong neurological and developmental problems in children.\nWHO estimates that unsafe food causes around 866 million illnesses and 1.5 million deaths annually, many of which could be prevented with measures including improved water, sanitation and hygiene, food safety practices such as pasteurization and access to health care for vulnerable populations. Although the total foodborne disease burden has declined since 2000, major regional inequalities persist, with the greatest burden in Africa and South-East Asia.\nExposure to biological hazards, including foodborne bacteria and viruses as well as parasitic infections, caused the majority of foodborne illnesses (approximately 860 million in 2021), while chemical exposures drove a disproportionate share of deaths. In 2021, chemical hazards accounted for a striking 73% of deaths due to contaminated food. Most of these chemical-related deaths were linked to inorganic arsenic (42%) and lead (31%), largely because these exposures increase the risk of heart disease and cancers.\nBeyond health impacts, the study estimates that in 2021 foodborne disease led to about US$ 310 billion in lost productivity (time away from work due to illness). When the economic impact was adjusted for cost-of-living differences between countries, the estimate increased to US$ 647 billion in lost productivity.\n“Food safety is not 
... [truncated, total 11378 chars]
================================================================================

================================================================================
Article ID: WHO_08c8fceca99de142 | Attempt: 2
Error: Cannot extract valid JSON from response: line 1 column 1 (char 0)
Raw response (11717 chars):
{
"id": "WHO_08c8fceca99de142",
"date_iso": "2026-06-04T00:00:00",
"full_text": "Children aged less than five years face almost three times the risk of illness from unsafe food than older children and adults, according to new estimates released today by the World Health Organization (WHO).\nDespite being just 9% of the global population, young children suffer from nearly one third of all cases of foodborne diseases, particularly diarrhoeal diseases which can be deadly for this vulnerable age group. In addition, exposure to chemical hazards such as methylmercury and lead in food can harm the developing brain and cause lifelong neurological and developmental problems in children.\nWHO estimates that unsafe food causes around 866 million illnesses and 1.5 million deaths annually, many of which could be prevented with measures including improved water, sanitation and hygiene, food safety practices such as pasteurization and access to health care for vulnerable populations. Although the total foodborne disease burden has declined since 2000, major regional inequalities persist, with the greatest burden in Africa and South-East Asia.\nExposure to biological hazards, including foodborne bacteria and viruses as well as parasitic infections, caused the majority of foodborne illnesses (approximately 860 million in 2021), while chemical exposures drove a disproportionate share of deaths. In 2021, chemical hazards accounted for a striking 73% of deaths due to contaminated food. Most of these chemical-related deaths were linked to inorganic arsenic (42%) and lead (31%), largely because these exposures increase the risk of heart disease and cancers.\nBeyond health impacts, the study estimates that in 2021 foodborne disease led to about US$ 310 billion in lost productivity (time away from work due to illness). When the economic impact was adjusted for cost-of-living differences between countries, the estimate increased to US$ 647 billion in lost productivity.\n“Food safety is not 
... [truncated, total 11717 chars]
================================================================================

================================================================================
Article ID: WHO_292949db6ea1cf3f | Attempt: 1
Error: Cannot extract valid JSON from response: line 1 column 1 (char 0)
Raw response (11935 chars):
{
"id": "WHO_292949db6ea1cf3f",
"date_iso": "2026-06-04T00:00:00",
"full_text": "At a high-level event held on the margins of the Seventy-ninth World Health Assembly (WHA79), countries and partners reaffirmed the urgent need to strengthen refugee and migrant health through inclusive national health systems and shared practical experiences for turning global commitments into action. Hosted by the Government of Spain, co-sponsored by the Governments of Brazil, Colombia, Egypt and Nepal, and supported by the World Health Organization (WHO), the event focused on translating policy commitments into practical approaches to improving access to health services.\n“Ensuring equity for migrants and refugees means recognizing their right to health,” said Javier Padilla, Secretary of State for Health, Spain. “All people residing in Spain, regardless of administrative status, are entitled to health care on equal terms. This is how we build stronger, more equitable health systems and improve health outcomes for all.”\nAs human mobility continues to shape health systems worldwide, participants highlighted the need to strengthen health system adaptability and operationalize inclusive policies. While many countries have integrated refugee and migrant health into national frameworks, equitable access to services, particularly for people in vulnerable situations, remains uneven. Displaced and migrant populations contribute to health systems, economies and communities; their inclusion and participation are essential to achieving universal health coverage (UHC) and strengthening health system resilience.\n“The question is no longer whether migrant and refugee health should be included, but how commitments are translated into practice,” said Dr Santino Severoni, Head of WHO’s Special Initiative on Health and Migration. “This requires stronger data and evidence, sustained partnerships and a shared commitment to making health systems work for everyone, everywhere.”\nFrom policy to impact\nS
... [truncated, total 11935 chars]
================================================================================

================================================================================
Article ID: WHO_292949db6ea1cf3f | Attempt: 2
Error: Cannot extract valid JSON from response: line 1 column 1 (char 0)
Raw response (12007 chars):
{
"id": "WHO_292949db6ea1cf3f",
"date_iso": "2026-06-04T00:00:00",
"full_text": "At a high-level event held on the margins of the Seventy-ninth World Health Assembly (WHA79), countries and partners reaffirmed the urgent need to strengthen refugee and migrant health through inclusive national health systems and shared practical experiences for turning global commitments into action. Hosted by the Government of Spain, co-sponsored by the Governments of Brazil, Colombia, Egypt and Nepal, and supported by the World Health Organization (WHO), the event focused on translating policy commitments into practical approaches to improving access to health services.\n“Ensuring equity for migrants and refugees means recognizing their right to health,” said Javier Padilla, Secretary of State for Health, Spain. “All people residing in Spain, regardless of administrative status, are entitled to health care on equal terms. This is how we build stronger, more equitable health systems and improve health outcomes for all.”\nAs human mobility continues to shape health systems worldwide, participants highlighted the need to strengthen health system adaptability and operationalize inclusive policies. While many countries have integrated refugee and migrant health into national frameworks, equitable access to services, particularly for people in vulnerable situations, remains uneven. Displaced and migrant populations contribute to health systems, economies and communities; their inclusion and participation are essential to achieving universal health coverage (UHC) and strengthening health system resilience.\n“The question is no longer whether migrant and refugee health should be included, but how commitments are translated into practice,” said Dr Santino Severoni, Head of WHO’s Special Initiative on Health and Migration. “This requires stronger data and evidence, sustained partnerships and a shared commitment to making health systems work for everyone, everywhere.”\nFrom policy to impact\nS
... [truncated, total 12007 chars]
================================================================================

================================================================================
Article ID: WHO_292949db6ea1cf3f | Attempt: 3
Error: Cannot extract valid JSON from response: line 1 column 1 (char 0)
Raw response (11218 chars):
{
"id": "WHO_292949db6ea1cf3f",
"date_iso": "2026-06-04T00:00:00",
"full_text": "At a high-level event held on the margins of the Seventy-ninth World Health Assembly (WHA79), countries and partners reaffirmed the urgent need to strengthen refugee and migrant health through inclusive national health systems and shared practical experiences for turning global commitments into action. Hosted by the Government of Spain, co-sponsored by the Governments of Brazil, Colombia, Egypt and Nepal, and supported by the World Health Organization (WHO), the event focused on translating policy commitments into practical approaches to improving access to health services.\n“Ensuring equity for migrants and refugees means recognizing their right to health,” said Javier Padilla, Secretary of State for Health, Spain. “All people residing in Spain, regardless of administrative status, are entitled to health care on equal terms. This is how we build stronger, more equitable health systems and improve health outcomes for all.”\nAs human mobility continues to shape health systems worldwide, participants highlighted the need to strengthen health system adaptability and operationalize inclusive policies. While many countries have integrated refugee and migrant health into national frameworks, equitable access to services, particularly for people in vulnerable situations, remains uneven. Displaced and migrant populations contribute to health systems, economies and communities; their inclusion and participation are essential to achieving universal health coverage (UHC) and strengthening health system resilience.\n“The question is no longer whether migrant and refugee health should be included, but how commitments are translated into practice,” said Dr Santino Severoni, Head of WHO’s Special Initiative on Health and Migration. “This requires stronger data and evidence, sustained partnerships and a shared commitment to making health systems work for everyone, everywhere.”\nFrom policy to impact\nS
... [truncated, total 11218 chars]
================================================================================

================================================================================
Article ID: WHO_292949db6ea1cf3f | Attempt: 4
Error: Cannot extract valid JSON from response: line 1 column 1 (char 0)
Raw response (11372 chars):
{
"id": "WHO_292949db6ea1cf3f",
"date_iso": "2026-06-04T00:00:00",
"full_text": "At a high-level event held on the margins of the Seventy-ninth World Health Assembly (WHA79), countries and partners reaffirmed the urgent need to strengthen refugee and migrant health through inclusive national health systems and shared practical experiences for turning global commitments into action. Hosted by the Government of Spain, co-sponsored by the Governments of Brazil, Colombia, Egypt and Nepal, and supported by the World Health Organization (WHO), the event focused on translating policy commitments into practical approaches to improving access to health services.\n“Ensuring equity for migrants and refugees means recognizing their right to health,” said Javier Padilla, Secretary of State for Health, Spain. “All people residing in Spain, regardless of administrative status, are entitled to health care on equal terms. This is how we build stronger, more equitable health systems and improve health outcomes for all.”\nAs human mobility continues to shape health systems worldwide, participants highlighted the need to strengthen health system adaptability and operationalize inclusive policies. While many countries have integrated refugee and migrant health into national frameworks, equitable access to services, particularly for people in vulnerable situations, remains uneven. Displaced and migrant populations contribute to health systems, economies and communities; their inclusion and participation are essential to achieving universal health coverage (UHC) and strengthening health system resilience.\n“The question is no longer whether migrant and refugee health should be included, but how commitments are translated into practice,” said Dr Santino Severoni, Head of WHO’s Special Initiative on Health and Migration. “This requires stronger data and evidence, sustained partnerships and a shared commitment to making health systems work for everyone, everywhere.”\nFrom policy to impact\nS
... [truncated, total 11372 chars]
================================================================================

================================================================================
Article ID: WHO_292949db6ea1cf3f | Attempt: 5
Error: Cannot extract valid JSON from response: line 1 column 1 (char 0)
Raw response (11598 chars):
{
"id": "WHO_292949db6ea1cf3f",
"date_iso": "2026-06-04T00:00:00",
"full_text": "At a high-level event held on the margins of the Seventy-ninth World Health Assembly (WHA79), countries and partners reaffirmed the urgent need to strengthen refugee and migrant health through inclusive national health systems and shared practical experiences for turning global commitments into action. Hosted by the Government of Spain, co-sponsored by the Governments of Brazil, Colombia, Egypt and Nepal, and supported by the World Health Organization (WHO), the event focused on translating policy commitments into practical approaches to improving access to health services.\n“Ensuring equity for migrants and refugees means recognizing their right to health,” said Javier Padilla, Secretary of State for Health, Spain. “All people residing in Spain, regardless of administrative status, are entitled to health care on equal terms. This is how we build stronger, more equitable health systems and improve health outcomes for all.”\nAs human mobility continues to shape health systems worldwide, participants highlighted the need to strengthen health system adaptability and operationalize inclusive policies. While many countries have integrated refugee and migrant health into national frameworks, equitable access to services, particularly for people in vulnerable situations, remains uneven. Displaced and migrant populations contribute to health systems, economies and communities; their inclusion and participation are essential to achieving universal health coverage (UHC) and strengthening health system resilience.\n“The question is no longer whether migrant and refugee health should be included, but how commitments are translated into practice,” said Dr Santino Severoni, Head of WHO’s Special Initiative on Health and Migration. “This requires stronger data and evidence, sustained partnerships and a shared commitment to making health systems work for everyone, everywhere.”\nFrom policy to impact\nS
... [truncated, total 11598 chars]
================================================================================

================================================================================
Article ID: WHO_914f5ac164ab2193 | Attempt: 1
Error: Cannot extract valid JSON from response: line 1 column 1 (char 0)
Raw response (12486 chars):
{
"id": "WHO_914f5ac164ab2193",
"date_iso": "2026-05-28T00:00:00",
"full_text": "In response to the current outbreak of Ebola disease caused by Bundibugyo virus occurring in the Democratic Republic of the Congo, with cases also reported in Uganda, WHO convened several of its expert and advisory groups. These groups assessed potential vaccines and therapeutics for both prevention and treatment of Bundibugyo virus disease (BVD). The WHO advisory groups recommended that all the products identified and considered be used exclusively within clinical trials to generate robust data and ensure safe, ethical, and effective research.\nWHO convened a series of meetings with the WHO R&D Blueprint technical advisory groups on candidate vaccines and therapeutics for BVD.\nIn parallel, WHO also convened the Strategic Advisory Group of Experts on Immunization (SAGE) and its Ebola vaccine working group to advise on the potential role of licensed Ebola vaccines during BVD outbreaks.\nKey recommendations\nThere are currently no licensed therapeutics or vaccines specifically approved for the prevention and treatment of BVD. Nevertheless, WHO advisory groups considered several candidate products that are promising enough to warrant prioritization for evaluation in clinical trials. WHO is now working closely with the governments of the Democratic Republic of the Congo and Uganda to facilitate the implementation of research evaluation of these products.\nFor treatment of cases:\nFor treatment , the independent experts recommended prioritizing three candidate therapeutics for evaluation in research (i.e. clinical trials) among confirmed BVD cases: the monoclonal antibodies MBP134 and Maftivimab® , as well as the antiviral remdesivir .\nCombination therapy using a monoclonal antibody and remdesivir is also recommended for evaluation.\nFor prevention of cases:\nFor post-exposure prophylaxis among contacts of confirmed and probable cases, the oral antiviral obeldesivir was determined to be a 
... [truncated, total 12486 chars]
================================================================================

================================================================================
Article ID: WHO_914f5ac164ab2193 | Attempt: 2
Error: Cannot extract valid JSON from response: line 1 column 1 (char 0)
Raw response (12634 chars):
{
"id": "WHO_914f5ac164ab2193",
"date_iso": "2026-05-28T00:00:00",
"full_text": "In response to the current outbreak of Ebola disease caused by Bundibugyo virus occurring in the Democratic Republic of the Congo, with cases also reported in Uganda, WHO convened several of its expert and advisory groups. These groups assessed potential vaccines and therapeutics for both prevention and treatment of Bundibugyo virus disease (BVD). The WHO advisory groups recommended that all the products identified and considered be used exclusively within clinical trials to generate robust data and ensure safe, ethical, and effective research.\nWHO convened a series of meetings with the WHO R&D Blueprint technical advisory groups on candidate vaccines and therapeutics for BVD.\nIn parallel, WHO also convened the Strategic Advisory Group of Experts on Immunization (SAGE) and its Ebola vaccine working group to advise on the potential role of licensed Ebola vaccines during BVD outbreaks.\nKey recommendations\nThere are currently no licensed therapeutics or vaccines specifically approved for the prevention and treatment of BVD. Nevertheless, WHO advisory groups considered several candidate products that are promising enough to warrant prioritization for evaluation in clinical trials. WHO is now working closely with the governments of the Democratic Republic of the Congo and Uganda to facilitate the implementation of research evaluation of these products.\nFor treatment of cases:\nFor treatment , the independent experts recommended prioritizing three candidate therapeutics for evaluation in research (i.e. clinical trials) among confirmed BVD cases: the monoclonal antibodies MBP134 and Maftivimab® , as well as the antiviral remdesivir .\nCombination therapy using a monoclonal antibody and remdesivir is also recommended for evaluation.\nFor prevention of cases:\nFor post-exposure prophylaxis among contacts of confirmed and probable cases, the oral antiviral obeldesivir was determined to be a 
... [truncated, total 12634 chars]
================================================================================

================================================================================
Article ID: WHO_cef9fedc33cbdb3b | Attempt: 1
Error: Cannot extract valid JSON from response: line 1 column 1 (char 0)
Raw response (8175 chars):
{
"id": "WHO_cef9fedc33cbdb3b",
"date_iso": "2026-05-28T00:00:00",
"full_text": "On 23 March 2026, more than 150 researchers, policy-makers, knowledge brokers and practitioners from 40 countries joined a WHO webinar to explore how the Global research agenda on knowledge translation and evidence-informed policy-making can be adapted to regional and national contexts.\nThe webinar – the second in a series organized by WHO’s Science for Health Department – underscored a central message: research agendas matter most if they are implemented and tailored to local realities. As Miriam Orcutt, global health physician and former WHO Technical Officer, noted: “What is the point of a research agenda if it is not implemented, and if it is not contextualised to the regional and national context?”\nCo-developed between 2023 and 2025 with more than 130 experts from nearly 40 countries, the Global research agenda sets out 19 cross-sectoral research priorities aimed at narrowing the gap between evidence and policy. Moderating the session, Sarah Charnaud – who facilitates research priority-setting at WHO – set the scene for the webinar, highlighting the importance of adapting the Global research agenda to regional and national contexts, drawing on lessons from Brazil and from WHO’s work on health, migration and displacement.\nBastien Kolt, Technical Officer in WHO’s Science for Health Department and lead coordinator of the agenda-setting initiative, outlined progress on the agenda and emphasized that current efforts are focused not only on dissemination, but also on mobilizing partners and funders and supporting local adaptation where there is demand. He also highlighted ongoing work with academic partners to examine barriers, facilitators and effective approaches for implementing global research agendas.\nPatrícia de Campos Couto, General Coordinator of Evidence and Health Research at Brazil’s Ministry of Health, shared how Brazil is using the Global research agenda to inform the de
... [truncated, total 8175 chars]
================================================================================

================================================================================
Article ID: WHO_cef9fedc33cbdb3b | Attempt: 2
Error: Cannot extract valid JSON from response: line 1 column 1 (char 0)
Raw response (7932 chars):
{
"id": "WHO_cef9fedc33cbdb3b",
"date_iso": "2026-05-28T00:00:00",
"full_text": "On 23 March 2026, more than 150 researchers, policy-makers, knowledge brokers and practitioners from 40 countries joined a WHO webinar to explore how the Global research agenda on knowledge translation and evidence-informed policy-making can be adapted to regional and national contexts.\nThe webinar – the second in a series organized by WHO’s Science for Health Department – underscored a central message: research agendas matter most if they are implemented and tailored to local realities. As Miriam Orcutt, global health physician and former WHO Technical Officer, noted: “What is the point of a research agenda if it is not implemented, and if it is not contextualised to the regional and national context?”\nCo-developed between 2023 and 2025 with more than 130 experts from nearly 40 countries, the Global research agenda sets out 19 cross-sectoral research priorities aimed at narrowing the gap between evidence and policy. Moderating the session, Sarah Charnaud – who facilitates research priority-setting at WHO – set the scene for the webinar, highlighting the importance of adapting the Global research agenda to regional and national contexts, drawing on lessons from Brazil and from WHO’s work on health, migration and displacement.\nBastien Kolt, Technical Officer in WHO’s Science for Health Department and lead coordinator of the agenda-setting initiative, outlined progress on the agenda and emphasized that current efforts are focused not only on dissemination, but also on mobilizing partners and funders and supporting local adaptation where there is demand. He also highlighted ongoing work with academic partners to examine barriers, facilitators and effective approaches for implementing global research agendas.\nPatrícia de Campos Couto, General Coordinator of Evidence and Health Research at Brazil’s Ministry of Health, shared how Brazil is using the Global research agenda to inform the de
... [truncated, total 7932 chars]
================================================================================

================================================================================
Article ID: WHO_cef9fedc33cbdb3b | Attempt: 3
Error: Cannot extract valid JSON from response: line 1 column 1 (char 0)
Raw response (8341 chars):
{
"id": "WHO_cef9fedc33cbdb3b",
"date_iso": "2026-05-28T00:00:00",
"full_text": "On 23 March 2026, more than 150 researchers, policy-makers, knowledge brokers and practitioners from 40 countries joined a WHO webinar to explore how the Global research agenda on knowledge translation and evidence-informed policy-making can be adapted to regional and national contexts.\nThe webinar – the second in a series organized by WHO’s Science for Health Department – underscored a central message: research agendas matter most if they are implemented and tailored to local realities. As Miriam Orcutt, global health physician and former WHO Technical Officer, noted: “What is the point of a research agenda if it is not implemented, and if it is not contextualised to the regional and national context?”\nCo-developed between 2023 and 2025 with more than 130 experts from nearly 40 countries, the Global research agenda sets out 19 cross-sectoral research priorities aimed at narrowing the gap between evidence and policy. Moderating the session, Sarah Charnaud – who facilitates research priority-setting at WHO – set the scene for the webinar, highlighting the importance of adapting the Global research agenda to regional and national contexts, drawing on lessons from Brazil and from WHO’s work on health, migration and displacement.\nBastien Kolt, Technical Officer in WHO’s Science for Health Department and lead coordinator of the agenda-setting initiative, outlined progress on the agenda and emphasized that current efforts are focused not only on dissemination, but also on mobilizing partners and funders and supporting local adaptation where there is demand. He also highlighted ongoing work with academic partners to examine barriers, facilitators and effective approaches for implementing global research agendas.\nPatrícia de Campos Couto, General Coordinator of Evidence and Health Research at Brazil’s Ministry of Health, shared how Brazil is using the Global research agenda to inform the de
... [truncated, total 8341 chars]
================================================================================

================================================================================
Article ID: WHO_70557fbc8b0bc240 | Attempt: 1
Error: Cannot extract valid JSON from response: line 1 column 1 (char 0)
Raw response (15394 chars):
{
"id": "WHO_70557fbc8b0bc240",
"date_iso": "2026-05-25T00:00:00",
"full_text": "On 13 May 2026, a regional dialogue for the Americas titled, Innovative Experiences to Strengthen Health and Self-Care through Traditional, Complementary and Integrative Medicine, brought together representatives from WHO, the Pan American Health Organization (PAHO), WHO collaborating centres, the health sector and academia.\nThe event was hosted by EsSalud, the government agency responsible for social security and health care in Peru, through the PAHO/WHO Collaborating Centre for Traditional and Complementary Medicine.\nOfficial opening remarks and institutional presentations were delivered by seven keynote speakers: Dr Henry Rebaza Iparraguirre, Vice Minister of Health, Peru; Dr João Paulo Souza, Director of the WHO/PAHO Latin American and Caribbean Center on Health Sciences Information (BIREME); Dr Manjulaa Narasimhan from the WHO Global Traditional Medicine Centre; Dr Gustavo Rosell de Almeida, PAHO/WHO Regional Advisor; Nathália Oliveira Silva, Delegate of the Ministry of Health of Brazil / Integrative and Complementary Practices in the SUS; Miguel Angel Herrera Albarrán, Director of Traditional Medicine and Intercultural Development, Mexico; and Dr Luis Rosales Pereda, Executive President of the Social Health Insurance – EsSalud.\nOpening perspectives: traditional medicine in practice\nThe webinar opened with video presentations showcasing experiences from Indigenous and traditional communities from Bolivia, Mexico and Peru. The videos highlighted intercultural health models and the integration of traditional, complementary and integrative medicine (TCIM) into public health systems to expand health coverage to historically underserved territories. They illustrated the vital role of traditional healers and midwives, the cross-generational transmission of ancestral knowledge and the growing articulation between biomedical services and traditional healing systems. With a special emph
... [truncated, total 15394 chars]
================================================================================

================================================================================
Article ID: WHO_70557fbc8b0bc240 | Attempt: 2
Error: Cannot extract valid JSON from response: line 1 column 1 (char 0)
Raw response (15453 chars):
{
"id": "WHO_70557fbc8b0bc240",
"date_iso": "2026-05-25T00:00:00",
"full_text": "On 13 May 2026, a regional dialogue for the Americas titled, Innovative Experiences to Strengthen Health and Self-Care through Traditional, Complementary and Integrative Medicine, brought together representatives from WHO, the Pan American Health Organization (PAHO), WHO collaborating centres, the health sector and academia.\nThe event was hosted by EsSalud, the government agency responsible for social security and health care in Peru, through the PAHO/WHO Collaborating Centre for Traditional and Complementary Medicine.\nOfficial opening remarks and institutional presentations were delivered by seven keynote speakers: Dr Henry Rebaza Iparraguirre, Vice Minister of Health, Peru; Dr João Paulo Souza, Director of the WHO/PAHO Latin American and Caribbean Center on Health Sciences Information (BIREME); Dr Manjulaa Narasimhan from the WHO Global Traditional Medicine Centre; Dr Gustavo Rosell de Almeida, PAHO/WHO Regional Advisor; Nathália Oliveira Silva, Delegate of the Ministry of Health of Brazil / Integrative and Complementary Practices in the SUS; Miguel Angel Herrera Albarrán, Director of Traditional Medicine and Intercultural Development, Mexico; and Dr Luis Rosales Pereda, Executive President of the Social Health Insurance – EsSalud.\nOpening perspectives: traditional medicine in practice\nThe webinar opened with video presentations showcasing experiences from Indigenous and traditional communities from Bolivia, Mexico and Peru. The videos highlighted intercultural health models and the integration of traditional, complementary and integrative medicine (TCIM) into public health systems to expand health coverage to historically underserved territories. They illustrated the vital role of traditional healers and midwives, the cross-generational transmission of ancestral knowledge and the growing articulation between biomedical services and traditional healing systems. With a special emph
... [truncated, total 15453 chars]
================================================================================

================================================================================
Article ID: WHO_c8830b299a0c5ddc | Attempt: 1
Error: Cannot extract valid JSON from response: line 1 column 1 (char 0)
Raw response (14978 chars):
{
"id": "WHO_c8830b299a0c5ddc",
"date_iso": "2026-05-25T00:00:00",
"full_text": "A high-level meeting convened on 20 May on the margins of the Seventy-ninth World Health Assembly brought together global and regional leaders, Member States, donors, partners and technical experts to accelerate progress towards the elimination of malaria and neglected tropical diseases (NTDs).\nThe meeting underscored the importance of strong cross-border collaboration, exchange of best practices, and integrated multi-disease approaches to sustain gains, expand access to essential health services, and protect vulnerable populations across Africa and beyond.\nThe event was convened by the African Union Commission and the World Health Organization/Global Onchocerciasis Network for Elimination, in collaboration with partners including the African Leaders Malaria Alliance (ALMA), Drugs for Neglected Diseases initiative (DNDi), The END Fund, the Task Force for Global Health/Health Campaign Effectiveness Coalition, and the RBM Partnership to End Malaria.\nA high burden of disease requiring immediate action\nMalaria and NTDs remain major global health challenges. Malaria alone affects an estimated 282 million people annually and causes approximately 610 000 deaths, with young children and pregnant women most at risk. NTDs impact nearly one billion people, with 1.4 billion requiring interventions each year. Global targets for 2030 include a 90% reduction in malaria cases and deaths and in the number of people requiring NTD interventions, the elimination of at least one NTD in 100 countries and malaria in at least 35 countries, and the prevention of disease resurgence.\nDespite significant progress over the past two decades – driven by expanded access to treatment, preventive campaigns, improved surveillance, and coordinated national efforts – new challenges threaten these gains. Weak health systems, insufficient financing, resistance to drugs and insecticides, climate change, and workforce sho
... [truncated, total 14978 chars]
================================================================================

================================================================================
Article ID: WHO_c8830b299a0c5ddc | Attempt: 2
Error: Cannot extract valid JSON from response: line 1 column 1 (char 0)
Raw response (14526 chars):
{
"id": "WHO_c8830b299a0c5ddc",
"date_iso": "2026-05-25T00:00:00",
"full_text": "A high-level meeting convened on 20 May on the margins of the Seventy-ninth World Health Assembly brought together global and regional leaders, Member States, donors, partners and technical experts to accelerate progress towards the elimination of malaria and neglected tropical diseases (NTDs).\nThe meeting underscored the importance of strong cross-border collaboration, exchange of best practices, and integrated multi-disease approaches to sustain gains, expand access to essential health services, and protect vulnerable populations across Africa and beyond.\nThe event was convened by the African Union Commission and the World Health Organization/Global Onchocerciasis Network for Elimination, in collaboration with partners including the African Leaders Malaria Alliance (ALMA), Drugs for Neglected Diseases initiative (DNDi), The END Fund, the Task Force for Global Health/Health Campaign Effectiveness Coalition, and the RBM Partnership to End Malaria.\nA high burden of disease requiring immediate action\nMalaria and NTDs remain major global health challenges. Malaria alone affects an estimated 282 million people annually and causes approximately 610 000 deaths, with young children and pregnant women most at risk. NTDs impact nearly one billion people, with 1.4 billion requiring interventions each year. Global targets for 2030 include a 90% reduction in malaria cases and deaths and in the number of people requiring NTD interventions, the elimination of at least one NTD in 100 countries and malaria in at least 35 countries, and the prevention of disease resurgence.\nDespite significant progress over the past two decades – driven by expanded access to treatment, preventive campaigns, improved surveillance, and coordinated national efforts – new challenges threaten these gains. Weak health systems, insufficient financing, resistance to drugs and insecticides, climate change, and workforce sho
... [truncated, total 14526 chars]
================================================================================

================================================================================
Article ID: WHO_c8830b299a0c5ddc | Attempt: 3
Error: Cannot extract valid JSON from response: line 1 column 1 (char 0)
Raw response (14024 chars):
{
"id": "WHO_c8830b299a0c5ddc",
"date_iso": "2026-05-25T00:00:00",
"full_text": "A high-level meeting convened on 20 May on the margins of the Seventy-ninth World Health Assembly brought together global and regional leaders, Member States, donors, partners and technical experts to accelerate progress towards the elimination of malaria and neglected tropical diseases (NTDs).\nThe meeting underscored the importance of strong cross-border collaboration, exchange of best practices, and integrated multi-disease approaches to sustain gains, expand access to essential health services, and protect vulnerable populations across Africa and beyond.\nThe event was convened by the African Union Commission and the World Health Organization/Global Onchocerciasis Network for Elimination, in collaboration with partners including the African Leaders Malaria Alliance (ALMA), Drugs for Neglected Diseases initiative (DNDi), The END Fund, the Task Force for Global Health/Health Campaign Effectiveness Coalition, and the RBM Partnership to End Malaria.\nA high burden of disease requiring immediate action\nMalaria and NTDs remain major global health challenges. Malaria alone affects an estimated 282 million people annually and causes approximately 610 000 deaths, with young children and pregnant women most at risk. NTDs impact nearly one billion people, with 1.4 billion requiring interventions each year. Global targets for 2030 include a 90% reduction in malaria cases and deaths and in the number of people requiring NTD interventions, the elimination of at least one NTD in 100 countries and malaria in at least 35 countries, and the prevention of disease resurgence.\nDespite significant progress over the past two decades – driven by expanded access to treatment, preventive campaigns, improved surveillance, and coordinated national efforts – new challenges threaten these gains. Weak health systems, insufficient financing, resistance to drugs and insecticides, climate change, and workforce sho
... [truncated, total 14024 chars]
================================================================================

================================================================================
Article ID: WHO_c8830b299a0c5ddc | Attempt: 4
Error: Cannot extract valid JSON from response: line 1 column 1 (char 0)
Raw response (14346 chars):
{
"id": "WHO_c8830b299a0c5ddc",
"date_iso": "2026-05-25T00:00:00",
"full_text": "A high-level meeting convened on 20 May on the margins of the Seventy-ninth World Health Assembly brought together global and regional leaders, Member States, donors, partners and technical experts to accelerate progress towards the elimination of malaria and neglected tropical diseases (NTDs).\nThe meeting underscored the importance of strong cross-border collaboration, exchange of best practices, and integrated multi-disease approaches to sustain gains, expand access to essential health services, and protect vulnerable populations across Africa and beyond.\nThe event was convened by the African Union Commission and the World Health Organization/Global Onchocerciasis Network for Elimination, in collaboration with partners including the African Leaders Malaria Alliance (ALMA), Drugs for Neglected Diseases initiative (DNDi), The END Fund, the Task Force for Global Health/Health Campaign Effectiveness Coalition, and the RBM Partnership to End Malaria.\nA high burden of disease requiring immediate action\nMalaria and NTDs remain major global health challenges. Malaria alone affects an estimated 282 million people annually and causes approximately 610 000 deaths, with young children and pregnant women most at risk. NTDs impact nearly one billion people, with 1.4 billion requiring interventions each year. Global targets for 2030 include a 90% reduction in malaria cases and deaths and in the number of people requiring NTD interventions, the elimination of at least one NTD in 100 countries and malaria in at least 35 countries, and the prevention of disease resurgence.\nDespite significant progress over the past two decades – driven by expanded access to treatment, preventive campaigns, improved surveillance, and coordinated national efforts – new challenges threaten these gains. Weak health systems, insufficient financing, resistance to drugs and insecticides, climate change, and workforce sho
... [truncated, total 14346 chars]
================================================================================

================================================================================
Article ID: WHO_c8830b299a0c5ddc | Attempt: 5
Error: Cannot extract valid JSON from response: line 1 column 1 (char 0)
Raw response (14478 chars):
{
"id": "WHO_c8830b299a0c5ddc",
"date_iso": "2026-05-25T00:00:00",
"full_text": "A high-level meeting convened on 20 May on the margins of the Seventy-ninth World Health Assembly brought together global and regional leaders, Member States, donors, partners and technical experts to accelerate progress towards the elimination of malaria and neglected tropical diseases (NTDs).\nThe meeting underscored the importance of strong cross-border collaboration, exchange of best practices, and integrated multi-disease approaches to sustain gains, expand access to essential health services, and protect vulnerable populations across Africa and beyond.\nThe event was convened by the African Union Commission and the World Health Organization/Global Onchocerciasis Network for Elimination, in collaboration with partners including the African Leaders Malaria Alliance (ALMA), Drugs for Neglected Diseases initiative (DNDi), The END Fund, the Task Force for Global Health/Health Campaign Effectiveness Coalition, and the RBM Partnership to End Malaria.\nA high burden of disease requiring immediate action\nMalaria and NTDs remain major global health challenges. Malaria alone affects an estimated 282 million people annually and causes approximately 610 000 deaths, with young children and pregnant women most at risk. NTDs impact nearly one billion people, with 1.4 billion requiring interventions each year. Global targets for 2030 include a 90% reduction in malaria cases and deaths and in the number of people requiring NTD interventions, the elimination of at least one NTD in 100 countries and malaria in at least 35 countries, and the prevention of disease resurgence.\nDespite significant progress over the past two decades – driven by expanded access to treatment, preventive campaigns, improved surveillance, and coordinated national efforts – new challenges threaten these gains. Weak health systems, insufficient financing, resistance to drugs and insecticides, climate change, and workforce sho
... [truncated, total 14478 chars]
================================================================================

================================================================================
Article ID: WHO_225a9d221095c9b4 | Attempt: 1
Error: Cannot extract valid JSON from response: line 1 column 1 (char 0)
Raw response (14813 chars):
{
"id": "WHO_225a9d221095c9b4",
"date_iso": "2026-05-23T00:00:00",
"full_text": "At the Seventy-ninth World Health Assembly in Geneva this week, Member States adopted more than 20 decisions and 13 resolutions on health issues including stroke, liver disease, tuberculosis, antimicrobial resistance, diagnostic imaging, emergency care, haemophilia, precision medicine and radiation.\nThe Assembly also covered a range of political and administrative issues, including the agreement to reform the global health architecture through a Member State-led, WHO-hosted joint process.\nAt the closing of the Assembly, WHO Director-General Dr Tedros Adhanom Ghebreyesus presented a ceremonial gavel in appreciation to the President of the Seventy-ninth World Health Assembly, Dr Víctor Atallah Lajam, Minister of Health of the Dominican Republic, and to the Chairs of Committee A, Dr Timur Sultangaziyev, Deputy Minister of Health, Kazakhstan, and Committee B, Dr Kwabena Mintah Akandoh, Minister of Health, Ghana.\n“Every resolution you adopt, every agreement you reach, only has value when it changes what happens in a clinic, in a community, or in a household,” said Dr Tedros in his closing remarks.\n“When a health worker has what they need to do their job; when a child is vaccinated; when a mother survives childbirth; when an outbreak is contained before it spreads. That is now the task before us… It will require political commitment, sustained financing, and continued cooperation between Member States, partners and communities.\"\nCountries agree critical amendments to the WHO Code on ethical international recruitment of health workers\nMember States today approved a resolution to amend the WHO Global Code of Practice on the International Recruitment of Health Personnel (the Code) and to strengthen its implementation, following Member State-led consultations in the lead up to the Seventy-ninth World Health Assembly. The resolution marks an important step toward the vision that everyone, e
... [truncated, total 14813 chars]
================================================================================

================================================================================
Article ID: WHO_e5ae6f66443f55b5 | Attempt: 1
Error: Cannot extract valid JSON from response: line 1 column 1 (char 0)
Raw response (19120 chars):
{
"id": "WHO_e5ae6f66443f55b5",
"date_iso": "2026-05-22T00:00:00",
"full_text": "Member States establish joint process to support reforms of global health architecture\nThe World Health Assembly today decided to establish a joint process led by Member States, hosted by WHO and with global health partners to support reforms of the global health architecture.\nThe Assembly agreed that the process should develop options and recommendations for reforms of the global health architecture to meet the specific and collective needs of countries and communities, to maximize access, impact and equity. The process should draw on existing reform initiatives and relevant elements of the UN80 Initiative.\nMember States expressed strong support for WHO’s central convening and normative role, emphasizing that while the process will be Member State-led, it should be taken forward jointly with global health initiatives and UN partners, with meaningful engagement of key stakeholders, including civil society and youth.\nThe proposal adopted by the Assembly recognized the health improvements generated from the existing global health architecture in recent decades, including in disease control, global norms and standards, and more effective collective action to address cross-border health threats. But Member States noted that the global health architecture had not kept pace with the new and evolving global environment. This included the expansion of national health sovereignty and regional capacities; changing disease burdens and health risks; rapid evolution of science, AI and digital technologies; and contractions in health financing.\nIn addition, the global health landscape had become more complex due to the expansion in the number of health actors, resulting in power imbalances, fragmentation and duplication, which have impacted country ownership and leadership.\nThe Health Assembly requested the WHO Director-General to submit a final report with options and recommendations for the t
... [truncated, total 19120 chars]
================================================================================

================================================================================
Article ID: WHO_e5ae6f66443f55b5 | Attempt: 2
Error: Cannot extract valid JSON from response: line 1 column 1 (char 0)
Raw response (19653 chars):
{
"id": "WHO_e5ae6f66443f55b5",
"date_iso": "2026-05-22T00:00:00",
"full_text": "Member States establish joint process to support reforms of global health architecture\nThe World Health Assembly today decided to establish a joint process led by Member States, hosted by WHO and with global health partners to support reforms of the global health architecture.\nThe Assembly agreed that the process should develop options and recommendations for reforms of the global health architecture to meet the specific and collective needs of countries and communities, to maximize access, impact and equity. The process should draw on existing reform initiatives and relevant elements of the UN80 Initiative.\nMember States expressed strong support for WHO’s central convening and normative role, emphasizing that while the process will be Member State-led, it should be taken forward jointly with global health initiatives and UN partners, with meaningful engagement of key stakeholders, including civil society and youth.\nThe proposal adopted by the Assembly recognized the health improvements generated from the existing global health architecture in recent decades, including in disease control, global norms and standards, and more effective collective action to address cross-border health threats. But Member States noted that the global health architecture had not kept pace with the new and evolving global environment. This included the expansion of national health sovereignty and regional capacities; changing disease burdens and health risks; rapid evolution of science, AI and digital technologies; and contractions in health financing.\nIn addition, the global health landscape had become more complex due to the expansion in the number of health actors, resulting in power imbalances, fragmentation and duplication, which have impacted country ownership and leadership.\nThe Health Assembly requested the WHO Director-General to submit a final report with options and recommendations for the t
... [truncated, total 19653 chars]
================================================================================

================================================================================
Article ID: WHO_bb0066dca69c529d | Attempt: 1
Error: Cannot extract valid JSON from response: line 1 column 1 (char 0)
Raw response (11342 chars):
{
"id": "WHO_bb0066dca69c529d",
"date_iso": "2026-05-21T00:00:00",
"full_text": "Countries support development of a post-2030 strategy to end tuberculosis\nThe Assembly, today, endorsed a decision requesting the Director-General to develop a post-2030 tuberculosis (TB) strategy, in consultation with Member States and relevant stakeholders, to be submitted to the Eighty-first World Health Assembly in 2028.\nThe new strategy will help guide the future global TB response, considering emerging scientific advances and current epidemiological trends. The strategy will reinforce strong alignment with primary health care, advancing universal health coverage, and global health security agendas, in preparation for the 2028 United Nations High-Level Meeting on TB.\nThe Assembly also discussed a report on the implementation of the current End TB Strategy highlighting both progress and challenges. Between 2000 and 2024, expanded treatment of people with TB saved an estimated 83 million lives, while 2024 marked the first post-pandemic decline in TB incidence and the highest-ever recorded access levels to essential TB services.\nDespite these gains, TB remains a leading infectious killer, and global targets under the End TB Strategy and the 2030 Agenda for Sustainable Development remain off track. This is due to chronic underfunding, pandemic-related disruptions, inequality, conflict, and climate-related displacement, and vulnerability.\nAssembly recognizes steatotic liver disease as a major and growing NCD challenge\nToday, delegates approved a resolution recognizing steatotic liver disease (SLD) as an important and growing contributor to the global burden of noncommunicable diseases (NCDs). SLD, formerly referred to as fatty liver disease, affects an estimated 1.7 billion people worldwide, and is one of the fastest-growing causes of chronic liver disease globally.\nThe condition is closely linked to obesity, type 2 diabetes, cardiovascular disease, and other metabolic conditions
... [truncated, total 11342 chars]
================================================================================

================================================================================
Article ID: WHO_72ca6f2e2ef363d8 | Attempt: 1
Error: Cannot extract valid JSON from response: line 1 column 1 (char 0)
Raw response (10347 chars):
{
"id": "WHO_72ca6f2e2ef363d8",
"date_iso": "2026-05-20T00:00:00",
"full_text": "Today, the World Health Assembly recognized individuals and institutions whose contributions to global health have gone far beyond the call of duty. Six laureates representing diverse backgrounds and contexts were honoured by the President of the Seventy-ninth World Health Assembly, Dr Víctor Elias Atallah Lajam of Dominican Republic, together with representatives of the foundations that have provided these prizes over the last 40 years, and WHO Director-General Dr Tedros Adhanom Ghebreyesus.\nThe 2026 prizes celebrate the remarkable dedication of the six awardees to advancing primary health care, reducing inequities and bringing the goal of health for all closer to reality. Selected by WHO’s Executive Board in February 2026, the 2026 laureates reflect a shared commitment to improving health outcomes through scientific excellence, innovation and community outreach. Their work ranges from strengthening primary health care systems and advancing disease control to empowering communities and expanding access to essential services for the most vulnerable populations.\nThis year marks 20 years since the passing of Dr LEE Jong-wook, WHO’s sixth Director-General, who passed away unexpectedly during the World Health Assembly in 2006. One of the prizes awarded today, the Dr LEE Jong-wook Memorial Prize for Public Health, honours his legacy and enduring contribution to global health.\nWinners of the 2026 public health prizes\nSasakawa Health Prize\nThe Banconi Community Health Association (ASACOBA), Mali Recognized for its pioneering role in strengthening community-based primary health care and empowering underserved populations through locally driven health services.\nUnited Arab Emirates Health Foundation Prize\nDr Worawit Tontiwattanasap, Thailand Recognized for transforming access to health services for rural, stateless and cross-border populations through outreach services, training and polic
... [truncated, total 10347 chars]
================================================================================

================================================================================
Article ID: WHO_735fd989a8613110 | Attempt: 1
Error: Cannot extract valid JSON from response: line 1 column 1 (char 0)
Raw response (7302 chars):
{
"id": "WHO_735fd989a8613110",
"date_iso": "2026-05-20T00:00:00",
"full_text": "Excellencies, Honourable Ministers, dear colleagues and friends,\nNoncommunicable diseases and mental health conditions account for 80% of all deaths globally, and represent seven of the top ten causes of death.\nThey’re also a leading cause of morbidity and disability, and they put a huge burden on health systems – both operationally and economically.\nThey are deeply interconnected, driven by shared risk factors and determinants, and increasingly affecting people throughout life.\nYet the global response remains too fragmented – by disease, by sector, and by level of care.\nThese challenges are not abstract. They represent lives cut short, families under strain, and communities held back.\nBut NCDs and mental health conditions are also largely preventable and treatable. We have the knowledge and the tools.\nWhat we need is faster, more coherent, and more ambitious implementation.\nAddressing NCDs and mental health cannot be achieved by the health sector alone.\nIt requires leadership across government and across sectors, với meaningful engagement with communities, civil society, and people with lived experience.\nIntegration is a political choice and a prerequisite for more equitable, resilient, and people-centered health systems.\nThe Political Declaration adopted by the UN General Assembly last year is the most ambitious yet, with concrete targets on tobacco, hypertension, and mental health.\nIt puts a strong focus on actions that improve lives – hrough primary health care, prevention, financial protection, and equitable delivery systems.\nOur focus today is not on what to do – but on how to move faster and deliver:\nHow to drive coordinated action across sectors;\nHow to strengthen primary health care;\nAnd how to tackle determinants of health.\nAfter all, health is created not only in clinics, but also in homes, schools, workplaces and communities.\nStrong connections – between pe
... [truncated, total 7302 chars]
================================================================================

================================================================================
Article ID: WHO_9f8fda48a9757f76 | Attempt: 1
Error: Cannot extract valid JSON from response: line 1 column 1 (char 0)
Raw response (9177 chars):
{
"id": "WHO_9f8fda48a9757f76",
"date_iso": "2026-05-19T00:00:00",
"full_text": "Excellencies, Honourable Ministers, dear colleagues and friends,\nGood afternoon and welcome.\nWelcome to our distinguished panellists and all Member States joining us today.\nAs I described in my Address to Member States this morning, WHO is currently responding to two outbreaks that have captured headlines around the world:\nOn Sunday, I declared a public health emergency of international concern over the outbreak of Ebola in the DRC and Uganda;\nAt the same time, we are continuing to respond to the outbreak of hantavirus among passengers and crew on the cruise ship, the MV Hondius.\nIn particular, the current Ebola outbreak is a reminder of the West African Ebola epidemic from 2013 to 2016 that shocked the world, and which led to the creation of the WHO Health Emergencies Programme 10 years ago.\nIn the past decade, the Health Emergencies Programme has established itself as an essential part of WHO’s work.\nIt has supported the response to numerous outbreaks, conflicts and humanitarian disasters;\nAnd it has supported countries to build and reinforce their defences against emergencies of all kinds;\nAnd to strengthen international cooperation.\nThe COVID-19 pandemic was, in many ways, the ultimate stress test for the Programme.\nCOVID-19 was not simply a public health crisis. It was one of the defining experiences of our lives.\nEvery country, every community, and every family experienced the pandemic differently.\nSome lost loved ones. Some lost colleagues. Many lost years of economic and social progress. And all of us, in one way or another, were tested.\nThe pandemic tested our systems, our partnerships, our science, our operational capacities, and our ability to act under enormous uncertainty and political pressure.\nUnder Dr Mike Ryan’s leadership, WHE helped steer WHO and the world through an extraordinary storm.\nThe Programme was under unprecedented pressure, while coordinati
... [truncated, total 9177 chars]
================================================================================

================================================================================
Article ID: WHO_9e579d5c3212456a | Attempt: 1
Error: Cannot extract valid JSON from response: line 1 column 1 (char 0)
Raw response (9384 chars):
{
"id": "WHO_9e579d5c3212456a",
"date_iso": "2026-05-18T00:00:00",
"full_text": "On the margins of the 79th World Health Assembly, the World Health Organization (WHO) offered a first look at its forthcoming PREVENT Technical Package on Lead Poisoning Prevention and invited Member States and other stakeholders to provide inputs as the full package is developed in the coming year. At an event co-organized with Bloomberg Philanthropies and Resolve to Save Lives, the overview module -- published as a discussion paper -- sparked dialogue between national and global health leaders about the urgency of lead poisoning prevention and the way forward.\nLead poisoning is responsible for an estimated 3.5 million cardiovascular-related deaths each year i and affects up to 815 million children—one in three globally—resulting in lowered cognitive functioning, educational attainment, and lifetime income. Workers in the lead industry, pregnant women and children are the most at-risk, with the burden falling disproportionately on people living in low- and middle-income countries (LMICs) where 90% of deaths linked to lead poisoning occur.\nDespite progress in removing lead from petrol and paint, it remains present in many common household items such as cosmetics, cookware, and spices. There is no safe level of exposure; even low levels of exposure over time can cause irreversible harm with devastating health, environmental, and economic costs.\nWhat the PREVENT technical package will cover\nP rioritize sources and measure exposures\nR espond to elevated blood lead and address ongoing exposures\nE ngage partners, private sector, and the public to increase and sustain momentum\nV erify that regulations align with best practices to protect health\nE n force regulations to ensure compliance\nT rack progress: evaluate implementation and impact on exposure\nFrom evidence into action: Country experiences and global partnerships\nThe event to discuss the overview module featured health minist
... [truncated, total 9384 chars]
================================================================================

================================================================================
Article ID: WHO_a5caa93a1061a152 | Attempt: 1
Error: Cannot extract valid JSON from response: line 1 column 1 (char 0)
Raw response (9033 chars):
{
"id": "WHO_a5caa93a1061a152",
"date_iso": "2026-05-15T00:00:00",
"full_text": "High-quality clinical trials are essential for generating reliable evidence to inform health policy, clinical practice and public trust in science. To support countries and researchers in strengthening trial quality and equity, WHO has launched a new free online course, ‘WHO Good Practices for Clinical Trial Design and Implementation’ , available on the WHO Academy online learning platform . The self‑paced course translates the ‘WHO Guidance for Best Practices for Clinical Trials’ into practical, applied learning for those involved in clinical trials. The course responds directly to requests from WHO Member States to strengthen capacity for clinical trials (as articulated in WHA75.8 ) and improve research quality, coordination and preparedness for public health emergencies. “Well-designed and well-conducted clinical trials are fundamental to protecting participants, producing trustworthy evidence and strengthening confidence in science,” said Dr Sylvie Briand, WHO Chief Scientist. “This course equips a wide range of actors with a shared understanding of good practices, helping to translate global guidance into better trials, better evidence and ultimately better health outcomes.” Clinical trials can involve anyone – healthy individuals or people living with a disease or other health condition. They test a wide range of health interventions, not just medicines. This includes vaccines, medical devices, surgical procedures, diagnostics, nutrition, physical therapy, psychological support, digital health tools, traditional or herbal remedies and process-of-care changes. Recent breakthroughs in global health underscore the critical role of high-quality clinical trials. These include long-acting HIV prevention injectables; innovative cancer therapies showing promising improvements in survival; advances in malaria prevention and treatment and new diagnostic tools to help end TB. “At a time when
... [truncated, total 9033 chars]
================================================================================

================================================================================
Article ID: WHO_3aba65ef858ed3ca | Attempt: 1
Error: Cannot extract valid JSON from response: line 1 column 1 (char 0)
Raw response (10678 chars):
{
"id": "WHO_3aba65ef858ed3ca",
"date_iso": "2026-05-13T00:00:00",
"full_text": "Urgent action for stronger health systems backed by improved data is needed to protect progress\nThe world is falling short on health targets, with progress uneven, slowing, and in some areas reversing, according to the World Health Statistics 2026 report, published today by the World Health Organization (WHO).\nWhile there have been meaningful improvements in global health over the past decade, with millions benefiting from better prevention, treatment and access to essential services, persistent and emerging challenges mean that the world remains off track to achieve any of the health-related Sustainable Development Goals (SDGs) by 2030.\nThe notable progress outlined in the report includes:\nnew HIV infections fell by 40% between 2010 and 2024;\nboth tobacco use and alcohol consumption have declined since 2010; and\nthe number of people needing interventions for neglected tropical diseases has dropped by 36% between 2010 and 2024.\nAccess to services that shape health outcomes expanded rapidly between 2015 and 2024. During this period, 961 million people gained access to safely managed drinking water, 1.2 billion to sanitation, 1.6 billion to basic hygiene, and 1.4 billion to clean cooking solutions.\nEncouragingly, the WHO African Region has achieved faster-than-global reductions in HIV (-70%) and tuberculosis (-28%), and the South-East Asia Region is on track to meet its 2025 milestone for malaria reduction.\nHowever, challenges remain. For example, malaria incidence increased by 8.5% since 2015, moving the world further away from global targets while overall progress remains highly uneven across regions.\nPreventable risks continue to undermine health, slowing progress. Anaemia affects 30.7% of women of reproductive age, with no improvement over the past decade. The prevalence of overweight among children under five reached 5.5% in 2024. Violence against women remains widespread, 
... [truncated, total 10678 chars]
================================================================================

================================================================================
Article ID: WHO_3262551cae436183 | Attempt: 1
Error: Cannot extract valid JSON from response: line 1 column 1 (char 0)
Raw response (8678 chars):
{
"id": "WHO_3262551cae436183",
"date_iso": "2026-05-14T00:00:00",
"full_text": "Credit: Aga Khan University Panelists at the Traditional Medicine event at WHS Meeting in Nairobi, Kenya, 29 April 2026\nLeaders from government, academia, regulatory bodies and community innovation, and youth networks convened at the World Health Summit Regional Meeting in Nairobi on 29 April 2026, to advance the role of traditional medicine as a core pillar of primary healthcare and universal health coverage in Africa. The high-level session, “Traditional Medicine as Part of the Solution: Reimagining Primary Health Care and Universal Health Coverage in Africa,” was sponsored by the WHO Global Traditional Medicine Centre and its newest Collaborating Centre partner, Charité Competence Center for Traditional and Integrative Medicine (CCCTIM) at Charité Universitätsmedizin Berlin.\nThe session emphasized the need to move decisively from policy discussions to field-level implementation aligned with the Global Traditional Medicine Strategy 2025–2034 . High-level panelists from Kenya and South Africa, the African Medicines Agency, academia and community groups reflected on priorities for action.\nDelivering a keynote address, Professor Martins Emeje, Director-General of Nigeria’s Natural Medicine Development Agency and co-chair of the newly formed WHO Strategic and Technical Advisory Group on Traditional, Complementary and Integrative Medicine , challenged stakeholders to rally together to prioritize implementation of shared goals and objectives. He highlighted how the Global Traditional Medicine Strategy 2025–2034 can act as a practical “marking scheme” for the next decade, promoting focus on implementation and accountability for progress. Professor Emeje underscored that integration efforts will fail without the meaningful inclusion of Indigenous peoples and original tribal communities, stressing that solutions must be developed and implemented in local languages and reflect community real
... [truncated, total 8678 chars]
================================================================================

================================================================================
Article ID: WHO_3262551cae436183 | Attempt: 2
Error: Cannot extract valid JSON from response: line 1 column 1 (char 0)
Raw response (8839 chars):
{
"id": "WHO_3262551cae436183",
"date_iso": "2026-05-14T00:00:00",
"full_text": "Credit: Aga Khan University Panelists at the Traditional Medicine event at WHS Meeting in Nairobi, Kenya, 29 April 2026\nLeaders from government, academia, regulatory bodies and community innovation, and youth networks convened at the World Health Summit Regional Meeting in Nairobi on 29 April 2026, to advance the role of traditional medicine as a core pillar of primary healthcare and universal health coverage in Africa. The high-level session, “Traditional Medicine as Part of the Solution: Reimagining Primary Health Care and Universal Health Coverage in Africa,” was sponsored by the WHO Global Traditional Medicine Centre and its newest Collaborating Centre partner, Charité Competence Center for Traditional and Integrative Medicine (CCCTIM) at Charité Universitätsmedizin Berlin.\nThe session emphasized the need to move decisively from policy discussions to field-level implementation aligned with the Global Traditional Medicine Strategy 2025–2034 . High-level panelists from Kenya and South Africa, the African Medicines Agency, academia and community groups reflected on priorities for action.\nDelivering a keynote address, Professor Martins Emeje, Director-General of Nigeria’s Natural Medicine Development Agency and co-chair of the newly formed WHO Strategic and Technical Advisory Group on Traditional, Complementary and Integrative Medicine , challenged stakeholders to rally together to prioritize implementation of shared goals and objectives. He highlighted how the Global Traditional Medicine Strategy 2025–2034 can act as a practical “marking scheme” for the next decade, promoting focus on implementation and accountability for progress. Professor Emeje underscored that integration efforts will fail without the meaningful inclusion of Indigenous peoples and original tribal communities, stressing that solutions must be developed and implemented in local languages and reflect community real
... [truncated, total 8839 chars]
================================================================================

================================================================================
Article ID: WHO_51e6da5ee5837b7d | Attempt: 1
Error: Cannot extract valid JSON from response: line 1 column 1 (char 0)
Raw response (9876 chars):
{
"id": "WHO_51e6da5ee5837b7d",
"date_iso": "2026-05-12T00:00:00",
"full_text": "Today, the World Health Organization (WHO) releases the second edition of SHAKE the salt habit , a technical package for sodium reduction, to support countries in accelerating efforts to reduce high salt consumption, a major global health threat.\nMost people worldwide have high sodium intake and live in environments that lead to excessive consumption. SHAKE presents a consolidated package of proven policies to help governments protect populations and save lives.\nWhy now: addressing a risk people cannot control alone\nGlobally, average sodium intake is estimated to be more than twice the WHO recommended limit of 2000 mg per day (equivalent to 5 g of salt or about one teaspoon), contributing to 1.7 million deaths in 2023. Excess sodium intake is a leading dietary risk factor for hypertension and cardiovascular disease globally. While public health guidance frequently emphasizes reducing salt intake, food environments present persistent challenges, with high levels of sodium embedded in processed, packaged foods and often street food high in salt.\nThe world remains off track to meet the global sodium reduction target of reduction by 30% by 2030. Currently only 28% of the world population live in countries with mandatory sodium reduction policies. Launched during Salt Awareness Week 2026, the updated SHAKE technical package responds to the urgent need for stronger, more effective government action to protect public health.\n“Excess salt consumption remains among the top preventable drivers of death globally, and implementing mandatory policies to reduce sodium intake is one of the most cost-effective actions countries can take to protect people from cardiovascular disease,” said Dr Luz Maria De Regil, Director of the Department of Nutrition and Food Safety at WHO. “With the updated SHAKE the salt habit , WHO is equipping countries with practical, evidence-based tools to take decisive, go
... [truncated, total 9876 chars]
================================================================================

================================================================================
Article ID: WHO_51e6da5ee5837b7d | Attempt: 2
Error: Cannot extract valid JSON from response: line 1 column 1 (char 0)
Raw response (10104 chars):
{
"id": "WHO_51e6da5ee5837b7d",
"date_iso": "2026-05-12T00:00:00",
"full_text": "Today, the World Health Organization (WHO) releases the second edition of SHAKE the salt habit , a technical package for sodium reduction, to support countries in accelerating efforts to reduce high salt consumption, a major global health threat.\nMost people worldwide have high sodium intake and live in environments that lead to excessive consumption. SHAKE presents a consolidated package of proven policies to help governments protect populations and save lives.\nWhy now: addressing a risk people cannot control alone\nGlobally, average sodium intake is estimated to be more than twice the WHO recommended limit of 2000 mg per day (equivalent to 5 g of salt or about one teaspoon), contributing to 1.7 million deaths in 2023. Excess sodium intake is a leading dietary risk factor for hypertension and cardiovascular disease globally. While public health guidance frequently emphasizes reducing salt intake, food environments present persistent challenges, with high levels of sodium embedded in processed, packaged foods and often street food high in salt.\nThe world remains off track to meet the global sodium reduction target of reduction by 30% by 2030. Currently only 28% of the world population live in countries with mandatory sodium reduction policies. Launched during Salt Awareness Week 2026, the updated SHAKE technical package responds to the urgent need for stronger, more effective government action to protect public health.\n“Excess salt consumption remains among the top preventable drivers of death globally, and implementing mandatory policies to reduce sodium intake is one of the most cost-effective actions countries can take to protect people from cardiovascular disease,” said Dr Luz Maria De Regil, Director of the Department of Nutrition and Food Safety at WHO. “With the updated SHAKE the salt habit , WHO is equipping countries with practical, evidence-based tools to take decisive, go
... [truncated, total 10104 chars]
================================================================================

================================================================================
Article ID: WHO_a22acea480a30786 | Attempt: 1
Error: Cannot extract valid JSON from response: line 1 column 1 (char 0)
Raw response (11017 chars):
{
"id": "WHO_a22acea480a30786",
"date_iso": "2026-05-12T00:00:00",
"full_text": "Your Excellency Prime Minister Pedro Sánchez,\nDear members of the media,\nBuenos dias a todos. By the way, I like “vamos vamos” – when the three ministers were leading this operation, Spain led in style.\nLet me begin by thanking Prime Minister Sánchez and his government for Spain’s outstanding leadership and partnership over the past week.\nI would especially like to thank Minister Mónica García, my sister, and now I’m introduced to two more ministers with whom we have been working closely, Minister Fernando Grande-Marlaska and Minister Ángel Víctor Torres.\nIt seems incredible that it was only 10 days ago that WHO was first informed of a cluster of cases of hantavirus aboard the MV Hondius.\nUnder the International Health Regulations, to which Spain is a party, as His Excellency said, countries are required not to allow people to be stranded at sea when they have the capacity to manage the risk safely and responsibly.\nAt the time, the ship was near Cabo Verde, and I asked Prime Minister Ulisses Correia e Silva to assist with the evacuation of the three symptomatic passengers on the ship, which he did.\nHowever, WHO’s assessment was that the situation exceeded Cabo Verde’s capacity to handle the full disembarkation and repatriation.\nSo, last Monday, I wrote to Prime Minister Sánchez asking if Spain would accept the ship and manage the disembarkation of the passengers, with support from the World Health Organization.\nBy the way, the European Union’s assessment was the same, and the Prime Minister received the same request from the European Union.\nHe responded immediately in the affirmative, and for the past week, Spain and WHO have worked together closely under Spain’s leadership, along with the government of the Netherlands and the ship’s operator, to coordinate and execute the operation that took place over the past two days.\nI thank Prime Minister Sánchez not only for meeting S
... [truncated, total 11017 chars]
================================================================================

================================================================================
Article ID: WHO_a22acea480a30786 | Attempt: 2
Error: Cannot extract valid JSON from response: line 1 column 1 (char 0)
Raw response (10836 chars):
{
"id": "WHO_a22acea480a30786",
"date_iso": "2026-05-12T00:00:00",
"full_text": "Your Excellency Prime Minister Pedro Sánchez,\nDear members of the media,\nBuenos dias a todos. By the way, I like “vamos vamos” – when the three ministers were leading this operation, Spain led in style.\nLet me begin by thanking Prime Minister Sánchez and his government for Spain’s outstanding leadership and partnership over the past week.\nI would especially like to thank Minister Mónica García, my sister, and now I’m introduced to two more ministers with whom we have been working closely, Minister Fernando Grande-Marlaska and Minister Ángel Víctor Torres.\nIt seems incredible that it was only 10 days ago that WHO was first informed of a cluster of cases of hantavirus aboard the MV Hondius.\nUnder the International Health Regulations, to which Spain is a party, as His Excellency said, countries are required not to allow people to be stranded at sea when they have the capacity to manage the risk safely and responsibly.\nAt the time, the ship was near Cabo Verde, and I asked Prime Minister Ulisses Correia e Silva to assist with the evacuation of the three symptomatic passengers on the ship, which he did.\nHowever, WHO’s assessment was that the situation exceeded Cabo Verde’s capacity to handle the full disembarkation and repatriation.\nSo, last Monday, I wrote to Prime Minister Sánchez asking if Spain would accept the ship and manage the disembarkation of the passengers, with support from the World Health Organization.\nBy the way, the European Union’s assessment was the same, and the Prime Minister received the same request from the European Union.\nHe responded immediately in the affirmative, and for the past week, Spain and WHO have worked together closely under Spain’s leadership, along with the government of the Netherlands and the ship’s operator, to coordinate and execute the operation that took place over the past two days.\nI thank Prime Minister Sánchez not only for meeting S
... [truncated, total 10836 chars]
================================================================================

================================================================================
Article ID: WHO_4e75d68ce4db1eb0 | Attempt: 1
Error: Cannot extract valid JSON from response: line 1 column 1 (char 0)
Raw response (11444 chars):
{
"id": "WHO_4e75d68ce4db1eb0",
"date_iso": "2026-05-08T00:00:00",
"full_text": "At the second International Migration Review Forum (IMRF), held on 5-8 May 2026 at the United Nations Headquarters in New York, global leaders and stakeholders reaffirmed a shared priority relating to the health of migrants: ensuring that they can access health and other essential services in line with the Global Compact for Safe, Orderly and Regular Migration (GCM). Adopted at the end of the Forum, the 2026 IMRF Progress Declaration further underscores this commitment, placing strong emphasis on equitable access to health services, migrant-inclusive health systems and continuity of care.\nHuman mobility is an increasingly defining feature of health systems worldwide. While migrants contribute significantly to societies and economies, they often face barriers to accessing services due to legal, financial, linguistic and social constraints, resulting in gaps in care and poorer health outcomes.\nAccelerating progress while addressing persistent gaps\nA high-level side event co-hosted by the World Health Organization (WHO) and the International Organization for Migration (IOM) during the Forum brought together governments, United Nations agencies, local governments and municipal authorities, civil society and youth representatives to take stock of progress and identify priorities for advancing migrants’ access to basic services.\nParticipants highlighted encouraging progress in recent years. Many countries are increasingly integrating migrant health into national policies, universal health coverage (UHC) strategies and broader development planning. This reflects growing recognition that health systems must adapt to population mobility.\n“The question before us is no longer whether migrant health matters, but how we move from commitment to implementation,” said Mr Iori Kato, IOM Regional Director for Asia and the Pacific. “Migrant-inclusive access to basic services strengthens health system
... [truncated, total 11444 chars]
================================================================================

================================================================================
Article ID: WHO_4e75d68ce4db1eb0 | Attempt: 2
Error: Cannot extract valid JSON from response: line 1 column 1 (char 0)
Raw response (11575 chars):
{
"id": "WHO_4e75d68ce4db1eb0",
"date_iso": "2026-05-08T00:00:00",
"full_text": "At the second International Migration Review Forum (IMRF), held on 5-8 May 2026 at the United Nations Headquarters in New York, global leaders and stakeholders reaffirmed a shared priority relating to the health of migrants: ensuring that they can access health and other essential services in line with the Global Compact for Safe, Orderly and Regular Migration (GCM). Adopted at the end of the Forum, the 2026 IMRF Progress Declaration further underscores this commitment, placing strong emphasis on equitable access to health services, migrant-inclusive health systems and continuity of care.\nHuman mobility is an increasingly defining feature of health systems worldwide. While migrants contribute significantly to societies and economies, they often face barriers to accessing services due to legal, financial, linguistic and social constraints, resulting in gaps in care and poorer health outcomes.\nAccelerating progress while addressing persistent gaps\nA high-level side event co-hosted by the World Health Organization (WHO) and the International Organization for Migration (IOM) during the Forum brought together governments, United Nations agencies, local governments and municipal authorities, civil society and youth representatives to take stock of progress and identify priorities for advancing migrants’ access to basic services.\nParticipants highlighted encouraging progress in recent years. Many countries are increasingly integrating migrant health into national policies, universal health coverage (UHC) strategies and broader development planning. This reflects growing recognition that health systems must adapt to population mobility.\n“The question before us is no longer whether migrant health matters, but how we move from commitment to implementation,” said Mr Iori Kato, IOM Regional Director for Asia and the Pacific. “Migrant-inclusive access to basic services strengthens health system
... [truncated, total 11575 chars]
================================================================================

================================================================================
Article ID: WHO_4e75d68ce4db1eb0 | Attempt: 3
Error: Cannot extract valid JSON from response: line 1 column 1 (char 0)
Raw response (11681 chars):
{
"id": "WHO_4e75d68ce4db1eb0",
"date_iso": "2026-05-08T00:00:00",
"full_text": "At the second International Migration Review Forum (IMRF), held on 5-8 May 2026 at the United Nations Headquarters in New York, global leaders and stakeholders reaffirmed a shared priority relating to the health of migrants: ensuring that they can access health and other essential services in line with the Global Compact for Safe, Orderly and Regular Migration (GCM). Adopted at the end of the Forum, the 2026 IMRF Progress Declaration further underscores this commitment, placing strong emphasis on equitable access to health services, migrant-inclusive health systems and continuity of care.\nHuman mobility is an increasingly defining feature of health systems worldwide. While migrants contribute significantly to societies and economies, they often face barriers to accessing services due to legal, financial, linguistic and social constraints, resulting in gaps in care and poorer health outcomes.\nAccelerating progress while addressing persistent gaps\nA high-level side event co-hosted by the World Health Organization (WHO) and the International Organization for Migration (IOM) during the Forum brought together governments, United Nations agencies, local governments and municipal authorities, civil society and youth representatives to take stock of progress and identify priorities for advancing migrants’ access to basic services.\nParticipants highlighted encouraging progress in recent years. Many countries are increasingly integrating migrant health into national policies, universal health coverage (UHC) strategies and broader development planning. This reflects growing recognition that health systems must adapt to population mobility.\n“The question before us is no longer whether migrant health matters, but how we move from commitment to implementation,” said Mr Iori Kato, IOM Regional Director for Asia and the Pacific. “Migrant-inclusive access to basic services strengthens health system
... [truncated, total 11681 chars]
================================================================================

================================================================================
Article ID: WHO_4e75d68ce4db1eb0 | Attempt: 4
Error: Cannot extract valid JSON from response: line 1 column 1 (char 0)
Raw response (11742 chars):
{
"id": "WHO_4e75d68ce4db1eb0",
"date_iso": "2026-05-08T00:00:00",
"full_text": "At the second International Migration Review Forum (IMRF), held on 5-8 May 2026 at the United Nations Headquarters in New York, global leaders and stakeholders reaffirmed a shared priority relating to the health of migrants: ensuring that they can access health and other essential services in line with the Global Compact for Safe, Orderly and Regular Migration (GCM). Adopted at the end of the Forum, the 2026 IMRF Progress Declaration further underscores this commitment, placing strong emphasis on equitable access to health services, migrant-inclusive health systems and continuity of care.\nHuman mobility is an increasingly defining feature of health systems worldwide. While migrants contribute significantly to societies and economies, they often face barriers to accessing services due to legal, financial, linguistic and social constraints, resulting in gaps in care and poorer health outcomes.\nAccelerating progress while addressing persistent gaps\nA high-level side event co-hosted by the World Health Organization (WHO) and the International Organization for Migration (IOM) during the Forum brought together governments, United Nations agencies, local governments and municipal authorities, civil society and youth representatives to take stock of progress and identify priorities for advancing migrants’ access to basic services.\nParticipants highlighted encouraging progress in recent years. Many countries are increasingly integrating migrant health into national policies, universal health coverage (UHC) strategies and broader development planning. This reflects growing recognition that health systems must adapt to population mobility.\n“The question before us is no longer whether migrant health matters, but how we move from commitment to implementation,” said Mr Iori Kato, IOM Regional Director for Asia and the Pacific. “Migrant-inclusive access to basic services strengthens health system
... [truncated, total 11742 chars]
================================================================================

================================================================================
Article ID: WHO_c93198804e56cf1b | Attempt: 1
Error: API error: AttributeError: 'list' object has no attribute 'get'
Raw response (0 chars):

================================================================================

================================================================================
Article ID: WHO_c93198804e56cf1b | Attempt: 2
Error: API error: AttributeError: 'list' object has no attribute 'get'
Raw response (0 chars):

================================================================================

================================================================================
Article ID: WHO_c93198804e56cf1b | Attempt: 3
Error: Cannot extract valid JSON from response: line 1 column 1 (char 0)
Raw response (6721 chars):
{
"id": "WHO_c93198804e56cf1b",
"date_iso": "2026-05-07T00:00:00",
"full_text": "WHO calls on parliamentarians to join the WHA Global Parliamentary Forum on 20 May at the Seventy-ninth World Health Assembly (WHA79) in Geneva. The Forum is being jointly organized by WHO and the Inter-Parliamentary Union (IPU), underscoring their vital role in advancing the WHO Pandemic Agreement and strengthening sustainable financing for health.\nIn a recorded message delivered at the 152nd Assembly of the Inter-Parliamentary Union, WHO Director-General Tedros Adhanom Ghebreyesus highlighted that parliamentarians are central to translating global commitments into national action.\n“Your participation is essential. It connects decisions taken in Geneva with action at the national level – through legislation, budgeting and accountability,” he said.\nThe Global Parliamentary Forum provides a dedicated annual platform for parliamentarians to enhance parliamentary engagement at the Health Assembly and discuss global health priorities with key health stakeholders.\nTaking place at a pivotal moment, the Forum will allow interactive dialogue between parliamentarians and WHO leadership, focusing on the role of parliamentarians in advancing the WHO Pandemic Agreement and ensuring more predictable and sustainable financing for health at both national and global level.\n“We strongly encourage you to join your national delegation at the World Health Assembly and take an active role in this Forum. Together, we can turn global commitments into real impact for people’s health,” said Dr Tedros.\nThe event will be open to members of parliament attending the WHA79 as part of their national delegations, as well as WHO Member State representatives, civil society organizations, and other stakeholders and partners.\nMedia Contacts\nElisa Scolaro\nExternal Relations Officer, Parliamentary affairs World Health Organization\nRelated\nEvents",
"claims": {
"SUPPORTED": [
{
"claim": "Tổ chức Y tế Thế giới và Li
... [truncated, total 6721 chars]
================================================================================

================================================================================
Article ID: WHO_c93198804e56cf1b | Attempt: 4
Error: API error: AttributeError: 'list' object has no attribute 'get'
Raw response (0 chars):

================================================================================

================================================================================
Article ID: WHO_c93198804e56cf1b | Attempt: 5
Error: API error: AttributeError: 'list' object has no attribute 'get'
Raw response (0 chars):

================================================================================

================================================================================
Article ID: WHO_4039a272f975b7d6 | Attempt: 1
Error: API error: AttributeError: 'list' object has no attribute 'get'
Raw response (0 chars):

================================================================================

================================================================================
Article ID: WHO_4039a272f975b7d6 | Attempt: 2
Error: API error: AttributeError: 'list' object has no attribute 'get'
Raw response (0 chars):

================================================================================

================================================================================
Article ID: WHO_4039a272f975b7d6 | Attempt: 3
Error: API error: AttributeError: 'list' object has no attribute 'get'
Raw response (0 chars):

================================================================================

================================================================================
Article ID: WHO_4039a272f975b7d6 | Attempt: 4
Error: API error: AttributeError: 'list' object has no attribute 'get'
Raw response (0 chars):

================================================================================

================================================================================
Article ID: WHO_d4d3eb0e9497dec7 | Attempt: 1
Error: API error: AttributeError: 'list' object has no attribute 'get'
Raw response (0 chars):

================================================================================

================================================================================
Article ID: WHO_d4d3eb0e9497dec7 | Attempt: 2
Error: API error: AttributeError: 'list' object has no attribute 'get'
Raw response (0 chars):

================================================================================

================================================================================
Article ID: WHO_d4d3eb0e9497dec7 | Attempt: 3
Error: API error: AttributeError: 'list' object has no attribute 'get'
Raw response (0 chars):

================================================================================

================================================================================
Article ID: WHO_d4d3eb0e9497dec7 | Attempt: 4
Error: API error: AttributeError: 'list' object has no attribute 'get'
Raw response (0 chars):

================================================================================

================================================================================
Article ID: WHO_d4d3eb0e9497dec7 | Attempt: 5
Error: API error: AttributeError: 'list' object has no attribute 'get'
Raw response (0 chars):

================================================================================

================================================================================
Article ID: WHO_11775626074f1782 | Attempt: 1
Error: API error: AttributeError: 'list' object has no attribute 'get'
Raw response (0 chars):

================================================================================

================================================================================
Article ID: WHO_11775626074f1782 | Attempt: 2
Error: API error: AttributeError: 'list' object has no attribute 'get'
Raw response (0 chars):

================================================================================

================================================================================
Article ID: WHO_11775626074f1782 | Attempt: 3
Error: API error: AttributeError: 'list' object has no attribute 'get'
Raw response (0 chars):

================================================================================

================================================================================
Article ID: WHO_11775626074f1782 | Attempt: 4
Error: API error: AttributeError: 'list' object has no attribute 'get'
Raw response (0 chars):

================================================================================

================================================================================
Article ID: WHO_11775626074f1782 | Attempt: 5
Error: API error: AttributeError: 'list' object has no attribute 'get'
Raw response (0 chars):

================================================================================

================================================================================
Article ID: WHO_f5587472f67af7ba | Attempt: 1
Error: API error: AttributeError: 'list' object has no attribute 'get'
Raw response (0 chars):

================================================================================

================================================================================
Article ID: WHO_f5587472f67af7ba | Attempt: 2
Error: API error: AttributeError: 'list' object has no attribute 'get'
Raw response (0 chars):

================================================================================

================================================================================
Article ID: WHO_f5587472f67af7ba | Attempt: 3
Error: API error: AttributeError: 'list' object has no attribute 'get'
Raw response (0 chars):

================================================================================

================================================================================
Article ID: WHO_f5587472f67af7ba | Attempt: 4
Error: API error: AttributeError: 'list' object has no attribute 'get'
Raw response (0 chars):

================================================================================

================================================================================
Article ID: WHO_f5587472f67af7ba | Attempt: 5
Error: API error: AttributeError: 'list' object has no attribute 'get'
Raw response (0 chars):

================================================================================

================================================================================
Article ID: WHO_3784a1c6b933eaf7 | Attempt: 1
Error: API error: AttributeError: 'list' object has no attribute 'get'
Raw response (0 chars):

================================================================================

================================================================================
Article ID: WHO_3784a1c6b933eaf7 | Attempt: 2
Error: API error: AttributeError: 'list' object has no attribute 'get'
Raw response (0 chars):

================================================================================

================================================================================
Article ID: WHO_3784a1c6b933eaf7 | Attempt: 3
Error: API error: AttributeError: 'list' object has no attribute 'get'
Raw response (0 chars):

================================================================================

================================================================================
Article ID: WHO_3784a1c6b933eaf7 | Attempt: 4
Error: API error: AttributeError: 'list' object has no attribute 'get'
Raw response (0 chars):

================================================================================

================================================================================
Article ID: WHO_3784a1c6b933eaf7 | Attempt: 5
Error: API error: AttributeError: 'list' object has no attribute 'get'
Raw response (0 chars):

================================================================================

================================================================================
Article ID: WHO_e6e9643b850f9d85 | Attempt: 1
Error: API error: AttributeError: 'list' object has no attribute 'get'
Raw response (0 chars):

================================================================================

================================================================================
Article ID: WHO_e6e9643b850f9d85 | Attempt: 2
Error: API error: AttributeError: 'list' object has no attribute 'get'
Raw response (0 chars):

================================================================================

================================================================================
Article ID: WHO_e6e9643b850f9d85 | Attempt: 3
Error: API error: AttributeError: 'list' object has no attribute 'get'
Raw response (0 chars):

================================================================================

================================================================================
Article ID: WHO_e6e9643b850f9d85 | Attempt: 4
Error: API error: AttributeError: 'list' object has no attribute 'get'
Raw response (0 chars):

================================================================================

================================================================================
Article ID: WHO_e6e9643b850f9d85 | Attempt: 5
Error: API error: AttributeError: 'list' object has no attribute 'get'
Raw response (0 chars):

================================================================================

================================================================================
Article ID: WHO_c581d036de51a400 | Attempt: 1
Error: API error: AttributeError: 'list' object has no attribute 'get'
Raw response (0 chars):

================================================================================

================================================================================
Article ID: WHO_c581d036de51a400 | Attempt: 2
Error: API error: AttributeError: 'list' object has no attribute 'get'
Raw response (0 chars):

================================================================================

================================================================================
Article ID: WHO_c581d036de51a400 | Attempt: 3
Error: API error: AttributeError: 'list' object has no attribute 'get'
Raw response (0 chars):

================================================================================

================================================================================
Article ID: WHO_c581d036de51a400 | Attempt: 4
Error: API error: AttributeError: 'list' object has no attribute 'get'
Raw response (0 chars):

================================================================================

================================================================================
Article ID: WHO_c581d036de51a400 | Attempt: 5
Error: API error: AttributeError: 'list' object has no attribute 'get'
Raw response (0 chars):

================================================================================

================================================================================
Article ID: WHO_23846f614666d7a7 | Attempt: 1
Error: API error: AttributeError: 'list' object has no attribute 'get'
Raw response (0 chars):

================================================================================

================================================================================
Article ID: WHO_23846f614666d7a7 | Attempt: 2
Error: API error: AttributeError: 'list' object has no attribute 'get'
Raw response (0 chars):

================================================================================

================================================================================
Article ID: WHO_23846f614666d7a7 | Attempt: 3
Error: API error: AttributeError: 'list' object has no attribute 'get'
Raw response (0 chars):

================================================================================

================================================================================
Article ID: WHO_23846f614666d7a7 | Attempt: 4
Error: API error: AttributeError: 'list' object has no attribute 'get'
Raw response (0 chars):

================================================================================

================================================================================
Article ID: WHO_23846f614666d7a7 | Attempt: 5
Error: API error: AttributeError: 'list' object has no attribute 'get'
Raw response (0 chars):

================================================================================

================================================================================
Article ID: WHO_5f91d781ccecc4dc | Attempt: 1
Error: API error: AttributeError: 'list' object has no attribute 'get'
Raw response (0 chars):

================================================================================

================================================================================
Article ID: WHO_5f91d781ccecc4dc | Attempt: 2
Error: API error: AttributeError: 'list' object has no attribute 'get'
Raw response (0 chars):

================================================================================

================================================================================
Article ID: WHO_5f91d781ccecc4dc | Attempt: 3
Error: API error: AttributeError: 'list' object has no attribute 'get'
Raw response (0 chars):

================================================================================

================================================================================
Article ID: WHO_5f91d781ccecc4dc | Attempt: 4
Error: API error: AttributeError: 'list' object has no attribute 'get'
Raw response (0 chars):

================================================================================

================================================================================
Article ID: WHO_5f91d781ccecc4dc | Attempt: 5
Error: API error: AttributeError: 'list' object has no attribute 'get'
Raw response (0 chars):

================================================================================

================================================================================
Article ID: WHO_3dddc8f28e327e87 | Attempt: 1
Error: API error: AttributeError: 'list' object has no attribute 'get'
Raw response (0 chars):

================================================================================

================================================================================
Article ID: WHO_3dddc8f28e327e87 | Attempt: 2
Error: API error: AttributeError: 'list' object has no attribute 'get'
Raw response (0 chars):

================================================================================

================================================================================
Article ID: WHO_3dddc8f28e327e87 | Attempt: 3
Error: API error: AttributeError: 'list' object has no attribute 'get'
Raw response (0 chars):

================================================================================

================================================================================
Article ID: WHO_3dddc8f28e327e87 | Attempt: 4
Error: API error: AttributeError: 'list' object has no attribute 'get'
Raw response (0 chars):

================================================================================

================================================================================
Article ID: WHO_3dddc8f28e327e87 | Attempt: 5
Error: API error: AttributeError: 'list' object has no attribute 'get'
Raw response (0 chars):

================================================================================

================================================================================
Article ID: WHO_54f6555b7eef7df2 | Attempt: 1
Error: API error: AttributeError: 'list' object has no attribute 'get'
Raw response (0 chars):

================================================================================

================================================================================
Article ID: WHO_54f6555b7eef7df2 | Attempt: 2
Error: API error: AttributeError: 'list' object has no attribute 'get'
Raw response (0 chars):

================================================================================

================================================================================
Article ID: WHO_54f6555b7eef7df2 | Attempt: 3
Error: API error: AttributeError: 'list' object has no attribute 'get'
Raw response (0 chars):

================================================================================

================================================================================
Article ID: WHO_54f6555b7eef7df2 | Attempt: 4
Error: API error: AttributeError: 'list' object has no attribute 'get'
Raw response (0 chars):

================================================================================

================================================================================
Article ID: WHO_54f6555b7eef7df2 | Attempt: 5
Error: API error: AttributeError: 'list' object has no attribute 'get'
Raw response (0 chars):

================================================================================

================================================================================
Article ID: WHO_d88e5a2a938a4d44 | Attempt: 1
Error: API error: AttributeError: 'list' object has no attribute 'get'
Raw response (0 chars):

================================================================================

================================================================================
Article ID: WHO_d88e5a2a938a4d44 | Attempt: 2
Error: API error: AttributeError: 'list' object has no attribute 'get'
Raw response (0 chars):

================================================================================

================================================================================
Article ID: WHO_d88e5a2a938a4d44 | Attempt: 3
Error: API error: AttributeError: 'list' object has no attribute 'get'
Raw response (0 chars):

================================================================================

================================================================================
Article ID: WHO_d88e5a2a938a4d44 | Attempt: 4
Error: API error: AttributeError: 'list' object has no attribute 'get'
Raw response (0 chars):

================================================================================

================================================================================
Article ID: WHO_d88e5a2a938a4d44 | Attempt: 5
Error: API error: AttributeError: 'list' object has no attribute 'get'
Raw response (0 chars):

================================================================================

================================================================================
Article ID: WHO_be0d9caec107c233 | Attempt: 1
Error: API error: AttributeError: 'list' object has no attribute 'get'
Raw response (0 chars):

================================================================================

================================================================================
Article ID: WHO_be0d9caec107c233 | Attempt: 2
Error: API error: AttributeError: 'list' object has no attribute 'get'
Raw response (0 chars):

================================================================================

================================================================================
Article ID: WHO_be0d9caec107c233 | Attempt: 3
Error: API error: AttributeError: 'list' object has no attribute 'get'
Raw response (0 chars):

================================================================================

================================================================================
Article ID: WHO_be0d9caec107c233 | Attempt: 4
Error: API error: AttributeError: 'list' object has no attribute 'get'
Raw response (0 chars):

================================================================================

================================================================================
Article ID: WHO_be0d9caec107c233 | Attempt: 5
Error: API error: AttributeError: 'list' object has no attribute 'get'
Raw response (0 chars):

================================================================================

================================================================================
Article ID: WHO_ee24c0e5f0133439 | Attempt: 1
Error: API error: AttributeError: 'list' object has no attribute 'get'
Raw response (0 chars):

================================================================================

================================================================================
Article ID: WHO_ee24c0e5f0133439 | Attempt: 2
Error: API error: AttributeError: 'list' object has no attribute 'get'
Raw response (0 chars):

================================================================================

================================================================================
Article ID: WHO_ee24c0e5f0133439 | Attempt: 3
Error: API error: AttributeError: 'list' object has no attribute 'get'
Raw response (0 chars):

================================================================================

================================================================================
Article ID: WHO_ee24c0e5f0133439 | Attempt: 4
Error: API error: AttributeError: 'list' object has no attribute 'get'
Raw response (0 chars):

================================================================================

================================================================================
Article ID: WHO_ee24c0e5f0133439 | Attempt: 5
Error: API error: AttributeError: 'list' object has no attribute 'get'
Raw response (0 chars):

================================================================================

================================================================================
Article ID: WHO_ea9d587965b3e7f1 | Attempt: 1
Error: API error: AttributeError: 'list' object has no attribute 'get'
Raw response (0 chars):

================================================================================

================================================================================
Article ID: WHO_ea9d587965b3e7f1 | Attempt: 2
Error: API error: AttributeError: 'list' object has no attribute 'get'
Raw response (0 chars):

================================================================================

================================================================================
Article ID: WHO_ea9d587965b3e7f1 | Attempt: 3
Error: API error: AttributeError: 'list' object has no attribute 'get'
Raw response (0 chars):

================================================================================

================================================================================
Article ID: WHO_ea9d587965b3e7f1 | Attempt: 4
Error: API error: AttributeError: 'list' object has no attribute 'get'
Raw response (0 chars):

================================================================================

================================================================================
Article ID: WHO_ea9d587965b3e7f1 | Attempt: 5
Error: API error: AttributeError: 'list' object has no attribute 'get'
Raw response (0 chars):

================================================================================

================================================================================
Article ID: WHO_2ae93c54a858b2c4 | Attempt: 1
Error: API error: AttributeError: 'list' object has no attribute 'get'
Raw response (0 chars):

================================================================================

================================================================================
Article ID: WHO_2ae93c54a858b2c4 | Attempt: 2
Error: API error: AttributeError: 'list' object has no attribute 'get'
Raw response (0 chars):

================================================================================

================================================================================
Article ID: WHO_2ae93c54a858b2c4 | Attempt: 3
Error: API error: AttributeError: 'list' object has no attribute 'get'
Raw response (0 chars):

================================================================================

================================================================================
Article ID: WHO_2ae93c54a858b2c4 | Attempt: 4
Error: API error: AttributeError: 'list' object has no attribute 'get'
Raw response (0 chars):

================================================================================

================================================================================
Article ID: WHO_2ae93c54a858b2c4 | Attempt: 5
Error: API error: AttributeError: 'list' object has no attribute 'get'
Raw response (0 chars):

================================================================================

================================================================================
Article ID: WHO_423322b68c198d84 | Attempt: 1
Error: API error: AttributeError: 'list' object has no attribute 'get'
Raw response (0 chars):

================================================================================

================================================================================
Article ID: WHO_423322b68c198d84 | Attempt: 2
Error: API error: AttributeError: 'list' object has no attribute 'get'
Raw response (0 chars):

================================================================================

================================================================================
Article ID: WHO_423322b68c198d84 | Attempt: 3
Error: API error: AttributeError: 'list' object has no attribute 'get'
Raw response (0 chars):

================================================================================

================================================================================
Article ID: WHO_423322b68c198d84 | Attempt: 4
Error: API error: AttributeError: 'list' object has no attribute 'get'
Raw response (0 chars):

================================================================================

================================================================================
Article ID: WHO_423322b68c198d84 | Attempt: 5
Error: API error: AttributeError: 'list' object has no attribute 'get'
Raw response (0 chars):

================================================================================

================================================================================
Article ID: WHO_2f40bf3f58c244b4 | Attempt: 1
Error: API error: AttributeError: 'list' object has no attribute 'get'
Raw response (0 chars):

================================================================================

================================================================================
Article ID: WHO_2f40bf3f58c244b4 | Attempt: 2
Error: API error: AttributeError: 'list' object has no attribute 'get'
Raw response (0 chars):

================================================================================

================================================================================
Article ID: VAFC_ff478894e348194c | Attempt: 1
Error: API error: AttributeError: 'list' object has no attribute 'get'
Raw response (0 chars):

================================================================================

================================================================================
Article ID: VAFC_ff478894e348194c | Attempt: 2
Error: API error: AttributeError: 'list' object has no attribute 'get'
Raw response (0 chars):

================================================================================

================================================================================
Article ID: VAFC_ff478894e348194c | Attempt: 3
Error: API error: AttributeError: 'list' object has no attribute 'get'
Raw response (0 chars):

================================================================================

================================================================================
Article ID: VAFC_ff478894e348194c | Attempt: 4
Error: API error: AttributeError: 'list' object has no attribute 'get'
Raw response (0 chars):

================================================================================

================================================================================
Article ID: VAFC_ff478894e348194c | Attempt: 1
Error: API error: AttributeError: 'list' object has no attribute 'get'
Raw response (0 chars):

================================================================================

================================================================================
Article ID: VAFC_ff478894e348194c | Attempt: 1
Error: API error: AttributeError: 'list' object has no attribute 'get'
Raw response (0 chars):

================================================================================

================================================================================
Article ID: VAFC_ff478894e348194c | Attempt: 1
Error: API error: AttributeError: 'list' object has no attribute 'get'
Raw response (0 chars):

================================================================================

================================================================================
Article ID: VAFC_ff478894e348194c | Attempt: 2
Error: API error: AttributeError: 'list' object has no attribute 'get'
Raw response (0 chars):

================================================================================

================================================================================
Article ID: VAFC_ff478894e348194c | Attempt: 3
Error: API error: AttributeError: 'list' object has no attribute 'get'
Raw response (0 chars):

================================================================================

================================================================================
Article ID: VAFC_ff478894e348194c | Attempt: 1
Error: Cannot extract valid JSON from response: line 1 column 1 (char 0)
Raw response (8960 chars):
{
"id": "VAFC_ff478894e348194c",
"date_iso": "2021-08-18T00:00:00",
"full_text": "Hình ảnh 4 người dân huyện Than Uyên, tỉnh Lai Châu mắc lán ngủ gần khu vực chốt kiểm soát dịch Covid-19 trong lúc chờ cơ quan chức năng xác minh yếu tố dịch tễ thu hút sự quan tâm của dư luận.\nChủ tịch UBND huyện Than Uyên Lò Văn Hương sáng nay (16/8) xác nhận với VietNamNet, tại chốt kiểm soát dịch số 2, xã Mường Kim mới đây có trường hợp 4 công dân về từ vùng dịch mắc lán ngủ gần chốt kiểm soát.\nCụ thể, khoảng 3h sáng 15/8, tổ công tác tại chốt Mường Kim tiếp nhận làm việc với nhóm 4 công dân đi trên 2 chiếc xe máy hướng từ Yên Bái theo quốc lộ 32 về huyện Than Uyên.\nBốn người gồm anh Lò Văn Nguyên (SN 1992, trú tại xã Hua Nà), anh Lò Văn Luấn (SN 1998, trú tại xã Pắc Ta), anh Lò Văn Thương (SN 1998, trú tại xã Pắc Ta) và Lò Văn Hải (SN 2000, trú tại xã Phúc Than). Cả bốn người đều là công dân huyện Than Uyên.\nHình ảnh nhóm công dân mắc lán ở ven đường lan truyền trên các trang mạng xã hội. Ảnh: XĐ\nTại chốt kiểm soát, do có 3/4 người khai báo y tế không trung thực và có yếu tố dịch tễ phức tạp (đi từ vùng dịch và vùng cách ly y tế theo Chỉ thị 16 của Chính phủ) nên tổ công tác yêu cầu nhóm công dân trên dừng tại chốt để rà soát lịch trình và xác minh kĩ yếu tố dịch tễ.\nTrong quá trình chờ đợi xác minh kéo dài nhiều giờ đồng hồ, khoảng 8h sáng cùng ngày, nhóm 4 người rời khỏi chốt để dựng lán cách đó khoảng 400m để chờ hoàn tất các thủ tục.\nĐến 19h cùng ngày, sau quá trình xác minh, tổ công tác lập biên bản vi phạm hành chính với 3 người gồm anh Luấn, Thương và Nguyên vì cố tình ra khỏi vùng phong tỏa y tế và khai báo không trung thực. Sau đó, cả 3 người được đưa đến khu cách ly tập trung của huyện để thực hiện cách ly theo quy định.\nNgay sau khi xảy ra vụ việc, theo lãnh đạo huyện Than Uyên, hình ảnh mắc lán ngủ ven đường quốc lộ của nhóm 4 người nêu trên được đăng tải lên các trạng mạng xã hội kèm theo các bình luận về việc \"chính quyền tỉnh Lai Châu đóng cửa không tiếp nh
... [truncated, total 8960 chars]
================================================================================

================================================================================
Article ID: VAFC_4c0c0affe6d1bbec | Attempt: 1
Error: Cannot extract valid JSON from response: line 1 column 1 (char 0)
Raw response (4962 chars):
{
"id": "VAFC_4c0c0affe6d1bbec",
"date_iso": "2021-01-11T00:00:00",
"full_text": "Tài khoản giả mạo đăng các thông tin không kiểm chứng liên quan đến dự báo, cảnh báo và truyền tin thiên tai khí tượng thủy văn, gây hoang mang, xáo trộn, ảnh hưởng lớn đến đời sống sinh hoạt của người dân.\nTheo văn bản xác nhận từ Tổng cục Khí tượng Thủy văn, tài khoản trang Facebook https://www.facebook.com/TrungTamKttvQuocGia/about giả mạo Trung tâm Dự báo Khí tượng Thủy văn quốc gia.\Hình ảnh tài khoản giả mạo\nTrung tâm Xử lý Tin giả Việt Nam đề nghị cẩn trọng khi tiếp nhận và chia sẻ thông tin liên quan tới thiên tai, khí tượng thủy văn từ các nguồn tin không chính thức.\nVAFC",
"claims": {
"SUPPORTED": [
{
"claim": "Tài khoản trang Facebook https://www.facebook.com/TrungTamKttvQuocGia/about đã giả mạo Trung tâm Dự báo Khí tượng Thủy văn quốc gia theo văn bản xác nhận từ Tổng cục Khí tượng Thủy văn.",
"label": "SUPPORTED",
"evidence": [
{
"type": "text",
"quote": ["Theo văn bản xác nhận từ Tổng cục Khí tượng Thủy văn, tài khoản trang Facebook https://www.facebook.com/TrungTamKttvQuocGia/about giả mạo Trung tâm Dự báo Khí tượng Thủy văn quốc gia."],
"article_id": "VAFC_4c0c0affe6d1bbec",
"url": "https://tingia.gov.vn/tai-khoan-gia-mao-trung-tam-khi-tuong-thuy-van-quoc-gia-1.html"
}
],
"reason": "Thông tin về việc tài khoản Facebook giả mạo được nêu chính xác trong văn bản xác nhận từ Tổng cục Khí tượng Thủy văn."
},
{
"claim": "Trung tâm Xử lý Tin giả Việt Nam đã đưa ra đề nghị cẩn trọng khi tiếp nhận và chia sẻ thông tin liên quan tới thiên tai, khí tượng thủy văn từ các nguồn tin không chính thức.",
"label": "SUPPORTED",
"evidence": [
{
"type": "text",
"quote": ["Trung tâm Xử lý Tin giả Việt Nam đề nghị cẩn trọng khi tiếp nhận và chia sẻ thông tin liên quan tới thiên tai, khí tượng thủy văn từ các nguồn tin không chính thức."],
"article_id": "VAFC_4c0c0affe6d1bbec",
"url": "https://tingia.gov.vn/tai-khoan-gia-mao-trung-tam-khi-tuong-thuy-van-quoc-gia-1.html"
}
],
"reason": "Bài
... [truncated, total 4962 chars]
================================================================================

================================================================================
Article ID: VAFC_4c0c0affe6d1bbec | Attempt: 2
Error: Cannot extract valid JSON from response: line 1 column 1 (char 0)
Raw response (4862 chars):
{
"id": "VAFC_4c0c0affe6d1bbec",
"date_iso": "2021-01-11T00:00:00",
"full_text": "Tài khoản giả mạo đăng các thông tin không kiểm chứng liên quan đến dự báo, cảnh báo và truyền tin thiên tai khí tượng thủy văn, gây hoang mang, xáo trộn, ảnh hưởng lớn đến đời sống sinh hoạt của người dân.\nTheo văn bản xác nhận từ Tổng cục Khí tượng Thủy văn, tài khoản trang Facebook https://www.facebook.com/TrungTamKttvQuocGia/about giả mạo Trung tâm Dự báo Khí tượng Thủy văn quốc gia.\Hình ảnh tài khoản giả mạo\nTrung tâm Xử lý Tin giả Việt Nam đề nghị cẩn trọng khi tiếp nhận và chia sẻ thông tin liên quan tới thiên tai, khí tượng thủy văn từ các nguồn tin không chính thức.\nVAFC",
"claims": {
"SUPPORTED": [
{
"claim": "Tài khoản trang Facebook https://www.facebook.com/TrungTamKttvQuocGia/about giả mạo Trung tâm Dự báo Khí tượng Thủy văn quốc gia theo văn bản xác nhận từ Tổng cục Khí tượng Thủy văn.",
"label": "SUPPORTED",
"evidence": [
{
"type": "text",
"quote": ["Theo văn bản xác nhận từ Tổng cục Khí tượng Thủy văn, tài khoản trang Facebook https://www.facebook.com/TrungTamKttvQuocGia/about giả mạo Trung tâm Dự báo Khí tượng Thủy văn quốc gia."],
"article_id": "VAFC_4c0c0affe6d1bbec",
"url": "https://tingia.gov.vn/tai-khoan-gia-mao-trung-tam-khi-tuong-thuy-van-quoc-gia-1.html"
}
],
"reason": "Thông tin trong claim khớp hoàn toàn với nội dung văn bản xác nhận từ Tổng cục Khí tượng Thủy văn trong bài viết."
},
{
"claim": "Trung tâm Xử lý Tin giả Việt Nam đưa ra đề nghị mọi người cần cẩn trọng khi tiếp nhận và chia sẻ thông tin liên quan tới thiên tai, khí tượng thủy văn từ các nguồn tin không chính thức.",
"label": "SUPPORTED",
"evidence": [
{
"type": "text",
"quote": ["Trung tâm Xử lý Tin giả Việt Nam đề nghị cẩn trọng khi tiếp nhận và chia sẻ thông tin liên quan tới thiên tai, khí tượng thủy văn từ các nguồn tin không chính thức."],
"article_id": "VAFC_4c0c0affe6d1bbec",
"url": "https://tingia.gov.vn/tai-khoan-gia-mao-trung-tam-khi-tuong-thuy-van-quoc-gia-1.html"
}
],
"reason": "
... [truncated, total 4862 chars]
================================================================================

================================================================================
Article ID: VAFC_4c0c0affe6d1bbec | Attempt: 3
Error: Cannot extract valid JSON from response: line 1 column 1 (char 0)
Raw response (4928 chars):
{
"id": "VAFC_4c0c0affe6d1bbec",
"date_iso": "2021-01-11T00:00:00",
"full_text": "Tài khoản giả mạo đăng các thông tin không kiểm chứng liên quan đến dự báo, cảnh báo và truyền tin thiên tai khí tượng thủy văn, gây hoang mang, xáo trộn, ảnh hưởng lớn đến đời sống sinh hoạt của người dân.\nTheo văn bản xác nhận từ Tổng cục Khí tượng Thủy văn, tài khoản trang Facebook https://www.facebook.com/TrungTamKttvQuocGia/about giả mạo Trung tâm Dự báo Khí tượng Thủy văn quốc gia.\Hình ảnh tài khoản giả mạo\nTrung tâm Xử lý Tin giả Việt Nam đề nghị cẩn trọng khi tiếp nhận và chia sẻ thông tin liên quan tới thiên tai, khí tượng thủy văn từ các nguồn tin không chính thức.\nVAFC",
"claims": {
"SUPPORTED": [
{
"claim": "Tài khoản Facebook có đường dẫn https://www.facebook.com/TrungTamKttvQuocGia/about đã được Tổng cục Khí tượng Thủy văn xác nhận là giả mạo Trung tâm Dự báo Khí tượng Thủy văn quốc gia.",
"label": "SUPPORTED",
"evidence": [
{
"type": "text",
"quote": ["Theo văn bản xác nhận từ Tổng cục Khí tượng Thủy văn, tài khoản trang Facebook https://www.facebook.com/TrungTamKttvQuocGia/about giả mạo Trung tâm Dự báo Khí tượng Thủy văn quốc gia."],
"article_id": "VAFC_4c0c0affe6d1bbec",
"url": "https://tingia.gov.vn/tai-khoan-gia-mao-trung-tam-khi-tuong-thuy-van-quoc-gia-1.html"
}
],
"reason": "Thông tin về việc tài khoản Facebook giả mạo được xác nhận bởi Tổng cục Khí tượng Thủy văn khớp hoàn toàn với văn bản."
},
{
"claim": "Trung tâm Xử lý Tin giả Việt Nam đưa ra đề nghị mọi người cần phải cẩn trọng khi tiếp nhận và chia sẻ các thông tin liên quan tới thiên tai, khí tượng thủy văn từ những nguồn tin không chính thức.",
"label": "SUPPORTED",
"evidence": [
{
"type": "text",
"quote": ["Trung tâm Xử lý Tin giả Việt Nam đề nghị cẩn trọng khi tiếp nhận và chia sẻ thông tin liên quan tới thiên tai, khí tượng thủy văn từ các nguồn tin không chính thức."],
"article_id": "VAFC_4c0c0affe6d1bbec",
"url": "https://tingia.gov.vn/tai-khoan-gia-mao-trung-tam-khi-tuong-thuy-van-quoc-gia-1.html
... [truncated, total 4928 chars]
================================================================================

================================================================================
Article ID: VAFC_4c0c0affe6d1bbec | Attempt: 4
Error: Cannot extract valid JSON from response: line 1 column 1 (char 0)
Raw response (4994 chars):
{
"id": "VAFC_4c0c0affe6d1bbec",
"date_iso": "2021-01-11T00:00:00",
"full_text": "Tài khoản giả mạo đăng các thông tin không kiểm chứng liên quan đến dự báo, cảnh báo và truyền tin thiên tai khí tượng thủy văn, gây hoang mang, xáo trộn, ảnh hưởng lớn đến đời sống sinh hoạt của người dân.\nTheo văn bản xác nhận từ Tổng cục Khí tượng Thủy văn, tài khoản trang Facebook https://www.facebook.com/TrungTamKttvQuocGia/about giả mạo Trung tâm Dự báo Khí tượng Thủy văn quốc gia.\Hình ảnh tài khoản giả mạo\nTrung tâm Xử lý Tin giả Việt Nam đề nghị cẩn trọng khi tiếp nhận và chia sẻ thông tin liên quan tới thiên tai, khí tượng thủy văn từ các nguồn tin không chính thức.\nVAFC",
"claims": {
"SUPPORTED": [
{
"claim": "Tài khoản trang Facebook https://www.facebook.com/TrungTamKttvQuocGia/about là tài khoản giả mạo Trung tâm Dự báo Khí tượng Thủy văn quốc gia theo văn bản xác nhận từ Tổng cục Khí tượng Thủy văn.",
"label": "SUPPORTED",
"evidence": [
{
"type": "text",
"quote": ["Theo văn bản xác nhận từ Tổng cục Khí tượng Thủy văn, tài khoản trang Facebook https://www.facebook.com/TrungTamKttvQuocGia/about giả mạo Trung tâm Dự báo Khí tượng Thủy văn quốc gia."],
"article_id": "VAFC_4c0c0affe6d1bbec",
"url": "https://tingia.gov.vn/tai-khoan-gia-mao-trung-tam-khi-tuong-thuy-van-quoc-gia-1.html"
}
],
"reason": "Thông tin trong claim khớp hoàn toàn với văn bản được trích dẫn trong bài viết về việc xác nhận tài khoản Facebook giả mạo."
},
{
"claim": "Trung tâm Xử lý Tin giả Việt Nam đưa ra đề nghị mọi người cần cẩn trọng khi tiếp nhận và chia sẻ thông tin liên quan tới thiên tai, khí tượng thủy văn từ các nguồn tin không chính thức.",
"label": "SUPPORTED",
"evidence": [
{
"type": "text",
"quote": ["Trung tâm Xử lý Tin giả Việt Nam đề nghị cẩn trọng khi tiếp nhận và chia sẻ thông tin liên quan tới thiên tai, khí tượng thủy văn từ các nguồn tin không chính thức."],
"article_id": "VAFC_4c0c0affe6d1bbec",
"url": "https://tingia.gov.vn/tai-khoan-gia-mao-trung-tam-khi-tuong-thuy-van-quoc-gia-1
... [truncated, total 4994 chars]
================================================================================

================================================================================
Article ID: VAFC_4c0c0affe6d1bbec | Attempt: 5
Error: Cannot extract valid JSON from response: line 1 column 1 (char 0)
Raw response (4933 chars):
{
"id": "VAFC_4c0c0affe6d1bbec",
"date_iso": "2021-01-11T00:00:00",
"full_text": "Tài khoản giả mạo đăng các thông tin không kiểm chứng liên quan đến dự báo, cảnh báo và truyền tin thiên tai khí tượng thủy văn, gây hoang mang, xáo trộn, ảnh hưởng lớn đến đời sống sinh hoạt của người dân.\nTheo văn bản xác nhận từ Tổng cục Khí tượng Thủy văn, tài khoản trang Facebook https://www.facebook.com/TrungTamKttvQuocGia/about giả mạo Trung tâm Dự báo Khí tượng Thủy văn quốc gia.\Hình ảnh tài khoản giả mạo\nTrung tâm Xử lý Tin giả Việt Nam đề nghị cẩn trọng khi tiếp nhận và chia sẻ thông tin liên quan tới thiên tai, khí tượng thủy văn từ các nguồn tin không chính thức.\nVAFC",
"claims": {
"SUPPORTED": [
{
"claim": "Tài khoản trang Facebook https://www.facebook.com/TrungTamKttvQuocGia/about đã giả mạo Trung tâm Dự báo Khí tượng Thủy văn quốc gia theo văn bản xác nhận từ Tổng cục Khí tượng Thủy văn.",
"label": "SUPPORTED",
"evidence": [
{
"type": "text",
"quote": ["Theo văn bản xác nhận từ Tổng cục Khí tượng Thủy văn, tài khoản trang Facebook https://www.facebook.com/TrungTamKttvQuocGia/about giả mạo Trung tâm Dự báo Khí tượng Thủy văn quốc gia."],
"article_id": "VAFC_4c0c0affe6d1bbec",
"url": "https://tingia.gov.vn/tai-khoan-gia-mao-trung-tam-khi-tuong-thuy-van-quoc-gia-1.html"
}
],
"reason": "Thông tin về việc Tổng cục Khí tượng Thủy văn xác nhận tài khoản Facebook nói trên là giả mạo được nêu chính xác trong văn bản."
},
{
"claim": "Trung tâm Xử lý Tin giả Việt Nam đã đưa ra đề nghị mọi người cần cẩn trọng khi tiếp nhận và chia sẻ thông tin liên quan tới thiên tai, khí tượng thủy văn từ các nguồn tin không chính thức.",
"label": "SUPPORTED",
"evidence": [
{
"type": "text",
"quote": ["Trung tâm Xử lý Tin giả Việt Nam đề nghị cẩn trọng khi tiếp nhận và chia sẻ thông tin liên quan tới thiên tai, khí tượng thủy văn từ các nguồn tin không chính thức."],
"article_id": "VAFC_4c0c0affe6d1bbec",
"url": "https://tingia.gov.vn/tai-khoan-gia-mao-trung-tam-khi-tuong-thuy-van-quoc-gia-1.ht
... [truncated, total 4933 chars]
================================================================================

================================================================================
Article ID: WHO_98d0b3e08be6a96f | Attempt: 1
Error: Cannot extract valid JSON from response: line 1 column 1 (char 0)
Raw response (15599 chars):
{
"id": "WHO_98d0b3e08be6a96f",
"date_iso": "2026-06-12T00:00:00",
"full_text": "At the Seventy-ninth World Health Assembly, ministers of health, policy leaders, partners and civil society convened, calling for stronger health systems and greater accountability to accelerate cervical cancer elimination. The official side event, “Cervical cancer elimination: Strengthening health systems and accountability toward the 2030 targets,” was co-organized by South Africa and Nepal, with co-sponsorship by Brazil, China, Eswatini, Ghana, Indonesia, Pakistan, the United Republic of Tanzania, Zimbabwe and Unitaid. Discussions centred on what it will take to turn political commitment into delivery: expanding HPV vaccination, bringing screening closer to communities, strengthening referral pathways, closing treatment gaps and integrating cervical cancer services into primary health care. The event came one year after the adoption of World Cervical Cancer Elimination Day through resolution WHA 78.8 , which will be observed annually on 17 November as a global opportunity to review progress and renew commitment. When systems fail, women pay the price Opening the session, H.E. Dr Motsoaledi, Minister of Health, South Africa, called for a whole-of-government and whole-of-society approach to cervical cancer elimination, emphasizing primary health care integration, sustainable financing and delivery on political commitments. He noted that “the science is established, the tools exist and the strategies are in place,” but stressed that “progress now demands accountability.” That accountability challenge was grounded by cervical cancer survivor and patient advocate Sally Kwenda, whose personal experience highlighted the consequences when prevention, screening, diagnosis, treatment and follow-up do not connect. Her message was clear: “People are not diseases,” as she called for integrated, person-centred care, particularly for women living with HIV. In closing reflections, H.E. Dr Motsoaledi
... [truncated, total 15599 chars]
================================================================================

================================================================================
Article ID: WHO_98d0b3e08be6a96f | Attempt: 2
Error: Cannot extract valid JSON from response: line 1 column 1 (char 0)
Raw response (15004 chars):
{
"id": "WHO_98d0b3e08be6a96f",
"date_iso": "2026-06-12T00:00:00",
"full_text": "At the Seventy-ninth World Health Assembly, ministers of health, policy leaders, partners and civil society convened, calling for stronger health systems and greater accountability to accelerate cervical cancer elimination. The official side event, “Cervical cancer elimination: Strengthening health systems and accountability toward the 2030 targets,” was co-organized by South Africa and Nepal, and co-sponsored by Brazil, China, Eswatini, Ghana, Indonesia, Pakistan, the United Republic of Tanzania, Zimbabwe and Unitaid. Discussions centred on what it will take to turn political commitment into delivery: expanding HPV vaccination, bringing screening closer to communities, strengthening referral pathways, closing treatment gaps and integrating cervical cancer services into primary health care. The event came one year after the adoption of World Cervical Cancer Elimination Day through resolution WHA 78.8 , which will be observed annually on 17 November as a global opportunity to review progress and renew commitment. When systems fail, women pay the price Opening the session, H.E. Dr Motsoaledi, Minister of Health, South Africa, called for a whole-of-government and whole-of-society approach to cervical cancer elimination, emphasizing primary health care integration, sustainable financing and delivery on political commitments. He noted that “the science is established, the tools exist and the strategies are in place,” but stressed that “progress now demands accountability.” That accountability challenge was grounded by cervical cancer survivor and patient advocate Sally Kwenda, whose personal experience highlighted the consequences when prevention, screening, diagnosis, treatment and follow-up do not connect. Her message was clear: “People are not diseases,” as she called for integrated, person-centred care, particularly for women living with HIV. In closing reflections, H.E. Dr Motsoaledi re
... [truncated, total 15004 chars]
================================================================================

================================================================================
Article ID: WHO_98d0b3e08be6a96f | Attempt: 3
Error: Cannot extract valid JSON from response: line 1 column 1 (char 0)
Raw response (15569 chars):
{
"id": "WHO_98d0b3e08be6a96f",
"date_iso": "2026-06-12T00:00:00",
"full_text": "At the Seventy-ninth World Health Assembly, ministers of health, policy leaders, partners and civil society convened, calling for stronger health systems and greater accountability to accelerate cervical cancer elimination. The official side event, “Cervical cancer elimination: Strengthening health systems and accountability toward the 2030 targets,” was co-organized by South Africa and Nepal, with co-sponsorship by Brazil, China, Eswatini, Ghana, Indonesia, Pakistan, the United Republic of Tanzania, Zimbabwe and Unitaid. Discussions centred on what it will take to turn political commitment into delivery: expanding HPV vaccination, bringing screening closer to communities, strengthening referral pathways, closing treatment gaps and integrating cervical cancer services into primary health care. The event came one year after the adoption of World Cervical Cancer Elimination Day through resolution WHA 78.8 , which will be observed annually on 17 November as a global opportunity to review progress and renew commitment. When systems fail, women pay the price Opening the session, H.E. Dr Motsoaledi, Minister of Health, South Africa, called for a whole-of-government and whole-of-society approach to cervical cancer elimination, emphasizing primary health care integration, sustainable financing and delivery on political commitments. He noted that “the science is established, the tools exist and the strategies are in place,” but stressed that “progress now demands accountability.” That accountability challenge was grounded by cervical cancer survivor and patient advocate Sally Kwenda, whose personal experience highlighted the consequences when prevention, screening, diagnosis, treatment and follow-up do not connect. Her message was clear: “People are not diseases,” as she called for integrated, person-centred care, particularly for women living with HIV. In closing reflections, H.E. Dr Motsoaledi
... [truncated, total 15569 chars]
================================================================================

================================================================================
Article ID: WHO_98d0b3e08be6a96f | Attempt: 4
Error: Schema: Missing claims category: NOT_ENOUGH_INFO
Raw response (15390 chars):
{
"id": "WHO_98d0b3e08be6a96f",
"date_iso": "2026-06-12T00:00:00",
"full_text": "At the Seventy-ninth World Health Assembly, ministers of health, policy leaders, partners and civil society convened, calling for stronger health systems and greater accountability to accelerate cervical cancer elimination. The official side event, “Cervical cancer elimination: Strengthening health systems and accountability toward the 2030 targets,” was co-organized by South Africa and Nepal, with co-sponsorship by Brazil, China, Eswatini, Ghana, Indonesia, Pakistan, the United Republic of Tanzania, Zimbabwe and Unitaid. Discussions centred on what it will take to turn political commitment into delivery: expanding HPV vaccination, bringing screening closer to communities, strengthening referral pathways, closing treatment gaps and integrating cervical cancer services into primary health care. The event came one year after the adoption of World Cervical Cancer Elimination Day through resolution WHA 78.8 , which will be observed annually on 17 November as a global opportunity to review progress and renew commitment. When systems fail, women pay the price Opening the session, H.E. Dr Motsoaledi, Minister of Health, South Africa, called for a whole-of-government and whole-of-society approach to cervical cancer elimination, emphasizing primary health care integration, sustainable financing and delivery on political commitments. He noted that “the science is established, the tools exist and the strategies are in place,” but stressed that “progress now demands accountability.” That accountability challenge was grounded by cervical cancer survivor and patient advocate Sally Kwenda, whose personal experience highlighted the consequences when prevention, screening, diagnosis, treatment and follow-up do not connect. Her message was clear: “People are not diseases,” as she called for integrated, person-centred care, particularly for women living with HIV. In closing reflections, H.E. Dr Motsoaledi
... [truncated, total 15390 chars]
================================================================================

================================================================================
Article ID: WHO_292949db6ea1cf3f | Attempt: 1
Error: Cannot extract valid JSON from response: line 1 column 1 (char 0)
Raw response (12241 chars):
{
"id": "WHO_292949db6ea1cf3f",
"date_iso": "2026-06-04T00:00:00",
"full_text": "At a high-level event held on the margins of the Seventy-ninth World Health Assembly (WHA79), countries and partners reaffirmed the urgent need to strengthen refugee and migrant health through inclusive national health systems and shared practical experiences for turning global commitments into action. Hosted by the Government of Spain, co-sponsored by the Governments of Brazil, Colombia, Egypt and Nepal, and supported by the World Health Organization (WHO), the event focused on translating policy commitments into practical approaches to improving access to health services.\n“Ensuring equity for migrants and refugees means recognizing their right to health,” said Javier Padilla, Secretary of State for Health, Spain. “All people residing in Spain, regardless of administrative status, are entitled to health care on equal terms. This is how we build stronger, more equitable health systems and improve health outcomes for all.”\nAs human mobility continues to shape health systems worldwide, participants highlighted the need to strengthen health system adaptability and operationalize inclusive policies. While many countries have integrated refugee and migrant health into national frameworks, equitable access to services, particularly for people in vulnerable situations, remains uneven. Displaced and migrant populations contribute to health systems, economies and communities; their inclusion and participation are essential to achieving universal health coverage (UHC) and strengthening health system resilience.\n“The question is no longer whether migrant and refugee health should be included, but how commitments are translated into practice,” said Dr Santino Severoni, Head of WHO’s Special Initiative on Health and Migration. “This requires stronger data and evidence, sustained partnerships and a shared commitment to making health systems work for everyone, everywhere.”\nFrom policy to impact\nS
... [truncated, total 12241 chars]
================================================================================

================================================================================
Article ID: WHO_292949db6ea1cf3f | Attempt: 2
Error: Cannot extract valid JSON from response: line 1 column 1 (char 0)
Raw response (11965 chars):
{
"id": "WHO_292949db6ea1cf3f",
"date_iso": "2026-06-04T00:00:00",
"full_text": "At a high-level event held on the margins of the Seventy-ninth World Health Assembly (WHA79), countries and partners reaffirmed the urgent need to strengthen refugee and migrant health through inclusive national health systems and shared practical experiences for turning global commitments into action. Hosted by the Government of Spain, co-sponsored by the Governments of Brazil, Colombia, Egypt and Nepal, and supported by the World Health Organization (WHO), the event focused on translating policy commitments into practical approaches to improving access to health services.\n“Ensuring equity for migrants and refugees means recognizing their right to health,” said Javier Padilla, Secretary of State for Health, Spain. “All people residing in Spain, regardless of administrative status, are entitled to health care on equal terms. This is how we build stronger, more equitable health systems and improve health outcomes for all.”\nAs human mobility continues to shape health systems worldwide, participants highlighted the need to strengthen health system adaptability and operationalize inclusive policies. While many countries have integrated refugee and migrant health into national frameworks, equitable access to services, particularly for people in vulnerable situations, remains uneven. Displaced and migrant populations contribute to health systems, economies and communities; their inclusion and participation are essential to achieving universal health coverage (UHC) and strengthening health system resilience.\n“The question is no longer whether migrant and refugee health should be included, but how commitments are translated into practice,” said Dr Santino Severoni, Head of WHO’s Special Initiative on Health and Migration. “This requires stronger data and evidence, sustained partnerships and a shared commitment to making health systems work for everyone, everywhere.”\nFrom policy to impact\nS
... [truncated, total 11965 chars]
================================================================================

================================================================================
Article ID: WHO_292949db6ea1cf3f | Attempt: 3
Error: Cannot extract valid JSON from response: line 1 column 1 (char 0)
Raw response (11841 chars):
{
"id": "WHO_292949db6ea1cf3f",
"date_iso": "2026-06-04T00:00:00",
"full_text": "At a high-level event held on the margins of the Seventy-ninth World Health Assembly (WHA79), countries and partners reaffirmed the urgent need to strengthen refugee and migrant health through inclusive national health systems and shared practical experiences for turning global commitments into action. Hosted by the Government of Spain, co-sponsored by the Governments of Brazil, Colombia, Egypt and Nepal, and supported by the World Health Organization (WHO), the event focused on translating policy commitments into practical approaches to improving access to health services.\n“Ensuring equity for migrants and refugees means recognizing their right to health,” said Javier Padilla, Secretary of State for Health, Spain. “All people residing in Spain, regardless of administrative status, are entitled to health care on equal terms. This is how we build stronger, more equitable health systems and improve health outcomes for all.”\nAs human mobility continues to shape health systems worldwide, participants highlighted the need to strengthen health system adaptability and operationalize inclusive policies. While many countries have integrated refugee and migrant health into national frameworks, equitable access to services, particularly for people in vulnerable situations, remains uneven. Displaced and migrant populations contribute to health systems, economies and communities; their inclusion and participation are essential to achieving universal health coverage (UHC) and strengthening health system resilience.\n“The question is no longer whether migrant and refugee health should be included, but how commitments are translated into practice,” said Dr Santino Severoni, Head of WHO’s Special Initiative on Health and Migration. “This requires stronger data and evidence, sustained partnerships and a shared commitment to making health systems work for everyone, everywhere.”\nFrom policy to impact\nS
... [truncated, total 11841 chars]
================================================================================

================================================================================
Article ID: WHO_292949db6ea1cf3f | Attempt: 4
Error: Cannot extract valid JSON from response: line 1 column 1 (char 0)
Raw response (11248 chars):
{
"id": "WHO_292949db6ea1cf3f",
"date_iso": "2026-06-04T00:00:00",
"full_text": "At a high-level event held on the margins of the Seventy-ninth World Health Assembly (WHA79), countries and partners reaffirmed the urgent need to strengthen refugee and migrant health through inclusive national health systems and shared practical experiences for turning global commitments into action. Hosted by the Government of Spain, co-sponsored by the Governments of Brazil, Colombia, Egypt and Nepal, and supported by the World Health Organization (WHO), the event focused on translating policy commitments into practical approaches to improving access to health services.\n“Ensuring equity for migrants and refugees means recognizing their right to health,” said Javier Padilla, Secretary of State for Health, Spain. “All people residing in Spain, regardless of administrative status, are entitled to health care on equal terms. This is how we build stronger, more equitable health systems and improve health outcomes for all.”\nAs human mobility continues to shape health systems worldwide, participants highlighted the need to strengthen health system adaptability and operationalize inclusive policies. While many countries have integrated refugee and migrant health into national frameworks, equitable access to services, particularly for people in vulnerable situations, remains uneven. Displaced and migrant populations contribute to health systems, economies and communities; their inclusion and participation are essential to achieving universal health coverage (UHC) and strengthening health system resilience.\n“The question is no longer whether migrant and refugee health should be included, but how commitments are translated into practice,” said Dr Santino Severoni, Head of WHO’s Special Initiative on Health and Migration. “This requires stronger data and evidence, sustained partnerships and a shared commitment to making health systems work for everyone, everywhere.”\nFrom policy to impact\nS
... [truncated, total 11248 chars]
================================================================================

================================================================================
Article ID: WHO_292949db6ea1cf3f | Attempt: 5
Error: Cannot extract valid JSON from response: line 1 column 1 (char 0)
Raw response (11737 chars):
{
"id": "WHO_292949db6ea1cf3f",
"date_iso": "2026-06-04T00:00:00",
"full_text": "At a high-level event held on the margins of the Seventy-ninth World Health Assembly (WHA79), countries and partners reaffirmed the urgent need to strengthen refugee and migrant health through inclusive national health systems and shared practical experiences for turning global commitments into action. Hosted by the Government of Spain, co-sponsored by the Governments of Brazil, Colombia, Egypt and Nepal, and supported by the World Health Organization (WHO), the event focused on translating policy commitments into practical approaches to improving access to health services.\n“Ensuring equity for migrants and refugees means recognizing their right to health,” said Javier Padilla, Secretary of State for Health, Spain. “All people residing in Spain, regardless of administrative status, are entitled to health care on equal terms. This is how we build stronger, more equitable health systems and improve health outcomes for all.”\nAs human mobility continues to shape health systems worldwide, participants highlighted the need to strengthen health system adaptability and operationalize inclusive policies. While many countries have integrated refugee and migrant health into national frameworks, equitable access to services, particularly for people in vulnerable situations, remains uneven. Displaced and migrant populations contribute to health systems, economies and communities; their inclusion and participation are essential to achieving universal health coverage (UHC) and strengthening health system resilience.\n“The question is no longer whether migrant and refugee health should be included, but how commitments are translated into practice,” said Dr Santino Severoni, Head of WHO’s Special Initiative on Health and Migration. “This requires stronger data and evidence, sustained partnerships and a shared commitment to making health systems work for everyone, everywhere.”\nFrom policy to impact\nS
... [truncated, total 11737 chars]
================================================================================

================================================================================
Article ID: WHO_c93198804e56cf1b | Attempt: 1
Error: Cannot extract valid JSON from response: line 1 column 1 (char 0)
Raw response (6543 chars):
{
"id": "WHO_c93198804e56cf1b",
"date_iso": "2026-05-07T00:00:00",
"full_text": "WHO calls on parliamentarians to join the WHA Global Parliamentary Forum on 20 May at the Seventy-ninth World Health Assembly (WHA79) in Geneva. The Forum is being jointly organized by WHO and the Inter-Parliamentary Union (IPU), underscoring their vital role in advancing the WHO Pandemic Agreement and strengthening sustainable financing for health.\nIn a recorded message delivered at the 152nd Assembly of the Inter-Parliamentary Union, WHO Director-General Tedros Adhanom Ghebreyesus highlighted that parliamentarians are central to translating global commitments into national action.\n“Your participation is essential. It connects decisions taken in Geneva with action at the national level – through legislation, budgeting and accountability,” he said.\nThe Global Parliamentary Forum provides a dedicated annual platform for parliamentarians to enhance parliamentary engagement at the Health Assembly and discuss global health priorities with key health stakeholders.\nTaking place at a pivotal moment, the Forum will allow interactive dialogue between parliamentarians and WHO leadership, focusing on the role of parliamentarians in advancing the WHO Pandemic Agreement and ensuring more predictable and sustainable financing for health at both national and global level.\n“We strongly encourage you to join your national delegation at the World Health Assembly and take an active role in this Forum. Together, we can turn global commitments into real impact for people’s health,” said Dr Tedros.\nThe event will be open to members of parliament attending the WHA79 as part of their national delegations, as well as WHO Member State representatives, civil society organizations, and other stakeholders and partners.\nMedia Contacts\nElisa Scolaro\nExternal Relations Officer, Parliamentary affairs World Health Organization\nRelated\nEvents",
"claims": {
"SUPPORTED": [
{
"claim": "Tổ chức Y tế Thế giới và Li
... [truncated, total 6543 chars]
================================================================================

================================================================================
Article ID: WHO_2ae93c54a858b2c4 | Attempt: 1
Error: Cannot extract valid JSON from response: line 1 column 1 (char 0)
Raw response (15067 chars):
{
"id": "WHO_2ae93c54a858b2c4",
"date_iso": "2026-04-29T00:00:00",
"full_text": "Good afternoon and welcome to our friends from ACANU. It’s an honour to host you once again here at WHO headquarters.\nCongratulations to Dina for your appointment as President of ACANU, and thank you also for recognizing Fadéla.\nIt feels different when we meet in person like this – not only different, but better than virtual. We would be happy to have you more often.\nMy thanks to ACANU President Dina Abi Saab and all ACANU members for your continuing interest in the work of WHO.\nThis is a busy and critical time in the lead up to the World Health Assembly next month, where several critical issues will be considered.\nThe most significant is the Pathogen Access and Benefit Sharing system, or PABS – an annex to the WHO Pandemic Agreement, which Member States adopted at the Assembly last year.\nAs we speak, Member States are negotiating the text of the PABS annex in this building.\nThey have a come a long way, but they still have more work to do, and key differences remain on key issues.\nNevertheless, where there is a will, there is a way.\nI still see a common will to reach consensus, which means I continue to believe there is a way to reach consensus.\nThe PABS annex is the last remaining piece of the puzzle of the many initiatives that WHO and our Member States have established in response to the lessons of the COVID-19 pandemic.\nOver the past few years, WHO has taken several steps to make the world safer from future emergencies and pandemics.\nOne of those was to strengthen capacity for local production of vaccines and other tools, through the mRNA Technology Transfer Programme, based in South Africa, and the WHO Biomanufacturing Workforce Training Initiative, based in the Republic of Korea.\nToday, WHO announced that we have designated regional training centres in each of WHO’s six regions, to build the skilled workforce needed to sustain local production of vaccines and biologic
... [truncated, total 15067 chars]
================================================================================

================================================================================
Article ID: WHO_2ae93c54a858b2c4 | Attempt: 2
Error: Cannot extract valid JSON from response: line 1 column 1 (char 0)
Raw response (14594 chars):
{
"id": "WHO_2ae93c54a858b2c4",
"date_iso": "2026-04-29T00:00:00",
"full_text": "Good afternoon and welcome to our friends from ACANU. It’s an honour to host you once again here at WHO headquarters.\nCongratulations to Dina for your appointment as President of ACANU, and thank you also for recognizing Fadéla.\nIt feels different when we meet in person like this – not only different, but better than virtual. We would be happy to have you more often.\nMy thanks to ACANU President Dina Abi Saab and all ACANU members for your continuing interest in the work of WHO.\nThis is a busy and critical time in the lead up to the World Health Assembly next month, where several critical issues will be considered.\nThe most significant is the Pathogen Access and Benefit Sharing system, or PABS – an annex to the WHO Pandemic Agreement, which Member States adopted at the Assembly last year.\nAs we speak, Member States are negotiating the text of the PABS annex in this building.\nThey have a come a long way, but they still have more work to do, and key differences remain on key issues.\nNevertheless, where there is a will, there is a way.\nI still see a common will to reach consensus, which means I continue to believe there is a way to reach consensus.\nThe PABS annex is the last remaining piece of the puzzle of the many initiatives that WHO and our Member States have established in response to the lessons of the COVID-19 pandemic.\nOver the past few years, WHO has taken several steps to make the world safer from future emergencies and pandemics.\nOne of those was to strengthen capacity for local production of vaccines and other tools, through the mRNA Technology Transfer Programme, based in South Africa, and the WHO Biomanufacturing Workforce Training Initiative, based in the Republic of Korea.\nToday, WHO announced that we have designated regional training centres in each of WHO’s six regions, to build the skilled workforce needed to sustain local production of vaccines and biologic
... [truncated, total 14594 chars]
================================================================================

================================================================================
Article ID: WHO_2f40bf3f58c244b4 | Attempt: 1
Error: Cannot extract valid JSON from response: line 1 column 1 (char 0)
Raw response (9342 chars):
{
"id": "WHO_2f40bf3f58c244b4",
"date_iso": "2026-04-28T00:00:00",
"full_text": "How the new HRP comprehensive abortion care learning programme supports safe and rights‑based practice\nA new HRP (the UNDP/UNFPA/UNICEF/WHO/World Bank Special Programme of Research, Development and Research Training in Human Reproduction) learning programme, available as a WHO Academy course , supports health workers providing abortion care to do so safely, respectfully and with quality. The new four-part learning programme on comprehensive abortion care brings key elements of comprehensive abortion care together in one coherent learning pathway.\nAbortion is a common health intervention. It is very safe when carried out using a method recommended by the Abortion care guideline , appropriate to the pregnancy duration and by someone with the necessary skills. However, around 45% of abortions are unsafe.\nHRP's Comprehensive Abortion Care (CAC) learning program is structured into four separate but complementary courses: medical abortion, surgical abortion, post‑abortion care, and human rights integration in comprehensive abortion care. The courses are interactive, with learning broken into modules and short knowledge checks, so learners can work through decision points the same way they face them in practice.\n“Each course addresses a distinct element of care. For health workers, the learning strengthens everyday clinical judgement; from assessing gestational age and eligibility, to choosing appropriate care pathways, to recognizing when follow‑up or referral is needed,” said Antonella Lavelanet, medical officer at HRP. “Health workers gain a clearer understanding of how decisions made early in care affect outcomes later.”\nHealth workers gain a clearer understanding of how decisions made early in care affect outcomes later.\nThrough the courses, learners engage with situations that mirror real consultations. This strengthens skills in explaining options, supporting informed choice and r
... [truncated, total 9342 chars]
================================================================================

================================================================================
Article ID: WHO_2f40bf3f58c244b4 | Attempt: 2
Error: Cannot extract valid JSON from response: line 1 column 1 (char 0)
Raw response (9933 chars):
{
"id": "WHO_2f40bf3f58c244b4",
"date_iso": "2026-04-28T00:00:00",
"full_text": "How the new HRP comprehensive abortion care learning programme supports safe and rights‑based practice\nA new HRP (the UNDP/UNFPA/UNICEF/WHO/World Bank Special Programme of Research, Development and Research Training in Human Reproduction) learning programme, available as a WHO Academy course , supports health workers providing abortion care to do so safely, respectfully and with quality. The new four-part learning programme on comprehensive abortion care brings key elements of comprehensive abortion care together in one coherent learning pathway.\nAbortion is a common health intervention. It is very safe when carried out using a method recommended by the Abortion care guideline , appropriate to the pregnancy duration and by someone with the necessary skills. However, around 45% of abortions are unsafe.\nHRP's Comprehensive Abortion Care (CAC) learning program is structured into four separate but complementary courses: medical abortion, surgical abortion, post‑abortion care, and human rights integration in comprehensive abortion care. The courses are interactive, with learning broken into modules and short knowledge checks, so learners can work through decision points the same way they face them in practice.\n“Each course addresses a distinct element of care. For health workers, the learning strengthens everyday clinical judgement; from assessing gestational age and eligibility, to choosing appropriate care pathways, to recognizing when follow‑up or referral is needed,” said Antonella Lavelanet, medical officer at HRP. “Health workers gain a clearer understanding of how decisions made early in care affect outcomes later.”\nHealth workers gain a clearer understanding of how decisions made early in care affect outcomes later.\nThrough the courses, learners engage with situations that mirror real consultations. This strengthens skills in explaining options, supporting informed choice and r
... [truncated, total 9933 chars]
================================================================================

================================================================================
Article ID: WHO_6c62fcf78009d9e8 | Attempt: 1
Error: Cannot extract valid JSON from response: line 1 column 1 (char 0)
Raw response (12562 chars):
{
"id": "WHO_6c62fcf78009d9e8",
"date_iso": "2026-04-29T00:00:00",
"full_text": "Participants at a technical summit on progress to accelerate availability of and access to novel tuberculosis (TB) vaccines for adults and adolescents reviewed activities underway through the TB Vaccine Accelerator working groups and other initiatives.\nThe TB Vaccine Accelerator Forum, hosted by WHO in Geneva from 27-28 April, brought together global, regional and country-level health leaders, funders, vaccine developers, TB advocates and other partners to reinforce the public health need for and potential impact of this new class of TB vaccines and explore further collaboration. At this time, several clinical trials for new TB vaccines remain on track to deliver efficacy results, including some within the next two years.\nTB remains the world’s top infectious killer. Each year, over 10 million people fall ill from TB, and more than 1 million die from the disease. Despite TB’s devasting global impact, no new vaccines have been licensed in over a century. Safe, effective, affordable and accessible TB vaccines, particularly for adults and adolescents, are urgently needed to transform the global TB response.\n“For the first time in over a century, new, effective TB vaccines for adults and adolescents are within reach that have the potential to drive down illness and deaths and generate significant savings for health systems and households alike,” said Dr Jeremy Farrar, WHO Assistant Director-General for Health Promotion, Disease Prevention and Care, in his opening remarks at the Forum.\n“The promising new TB vaccines exemplify the life-saving power of vaccines for every generation – which is particularly apt as we mark World Immunization Week and highlight how immunization protects people of all ages against vaccine-preventable diseases,” he said.\nThis was the first joint meeting of the Accelerator’s three working groups to review the status of TB vaccine preparedness and the Accelerator
... [truncated, total 12562 chars]
================================================================================

================================================================================
Article ID: WHO_8e17245c83b69709 | Attempt: 1
Error: Cannot extract valid JSON from response: line 1 column 1 (char 0)
Raw response (9811 chars):
{
"id": "WHO_8e17245c83b69709",
"date_iso": "2026-04-23T00:00:00",
"full_text": "Acting on recommendations from the World Health Organization (WHO) following the 48 th meeting of the WHO Expert Committee on Drug Dependence (ECDD), the United Nations Commission on Narcotic Drugs (CND) placed three harmful new psychoactive substances – one synthetic cannabinoid and two potent synthetic opioids, with no recognized medical use – under international control. As a result, countries are required to apply control measures to these substances in accordance with the international drug control conventions.\nStrengthened control of high‑risk synthetic substances\nThe three harmful substances placed under international control are:\nN -pyrrolidino isotonitazene , also referred to as isotonitazepyne, is a potent synthetic opioid associated with fatal and non‑fatal overdoses. It has been described as a crystalline solid and has been detected in falsified pharmaceutical products, appearing as coloured tablets. The CND accepted the recommendation to include it in Schedule I of the 1961 Convention.\nN -desethyl etonitazene is a metabolite of etonitazene and a highly potent synthetic opioid linked to overdose deaths. It has been described as a crystalline solid, and a yellow or beige powder, and has appeared in falsified pharmaceutical opioid tablets. This substance was also placed into Schedule I of the 1961 Convention.\nMDMB‑FUBINACA is a potent synthetic cannabinoid, typically appearing as a white powder, and has been associated with severe adverse effects and multiple cases of poisoning. It has been found sprayed onto herbal products and sold in e-liquids for vaping. The CND endorsed the recommendation to add it to Schedule II of the 1971 Convention on Psychotropic Substances.\nThese scheduling decisions strengthen the global response to emerging synthetic substances that are clandestinely manufactured and associated with serious health risks, including fatalities, and for which n
... [truncated, total 9811 chars]
================================================================================

================================================================================
Article ID: WHO_8e17245c83b69709 | Attempt: 2
Error: Cannot extract valid JSON from response: line 1 column 1 (char 0)
Raw response (9475 chars):
{
"id": "WHO_8e17245c83b69709",
"date_iso": "2026-04-23T00:00:00",
"full_text": "Acting on recommendations from the World Health Organization (WHO) following the 48 th meeting of the WHO Expert Committee on Drug Dependence (ECDD), the United Nations Commission on Narcotic Drugs (CND) placed three harmful new psychoactive substances – one synthetic cannabinoid and two potent synthetic opioids, with no recognized medical use – under international control. As a result, countries are required to apply control measures to these substances in accordance with the international drug control conventions.\nStrengthened control of high‑risk synthetic substances\nThe three harmful substances placed under international control are:\nN -pyrrolidino isotonitazene , also referred to as isotonitazepyne, is a potent synthetic opioid associated with fatal and non‑fatal overdoses. It has been described as a crystalline solid and has been detected in falsified pharmaceutical products, appearing as coloured tablets. The CND accepted the recommendation to include it in Schedule I of the 1961 Convention.\nN -desethyl etonitazene is a metabolite of etonitazene and a highly potent synthetic opioid linked to overdose deaths. It has been described as a crystalline solid, and a yellow or beige powder, and has appeared in falsified pharmaceutical opioid tablets. This substance was also placed into Schedule I of the 1961 Convention.\nMDMB‑FUBINACA is a potent synthetic cannabinoid, typically appearing as a white powder, and has been associated with severe adverse effects and multiple cases of poisoning. It has been found sprayed onto herbal products and sold in e-liquids for vaping. The CND endorsed the recommendation to add it to Schedule II of the 1971 Convention on Psychotropic Substances.\nThese scheduling decisions strengthen the global response to emerging synthetic substances that are clandestinely manufactured and associated with serious health risks, including fatalities, and for which n
... [truncated, total 9475 chars]
================================================================================

================================================================================
Article ID: WHO_97bf5991c9a121c7 | Attempt: 1
Error: Cannot extract valid JSON from response: line 1 column 1 (char 0)
Raw response (9976 chars):
{
"id": "WHO_97bf5991c9a121c7",
"date_iso": "2026-04-17T00:00:00",
"full_text": "Building the foundations for pandemic preparedness\nImplementation of the Pandemic Influenza Preparedness (PIP) Framework Partnership Contribution (PC) in Armenia began in 2014 and has since driven measurable improvements in influenza surveillance and response capacities, contributing to the country's long-term pandemic preparedness.\nThe support provided by PIP PC to strengthen sentinel surveillance in Armenia marked a turning point, establishing a systematic approach to influenza surveillance. Standardized case definitions and reporting procedures were introduced, aligning national practices with global standards and creating a robust, data-driven mechanism for monitoring trends in respiratory infections, conducting risk assessments and informing decision-making.\nPIP support expanded Armenia’s sentinel surveillance network, increasing the number of sites from 8 to 14. The introduction of standard procedures, combined with regular training and continuous feedback mechanisms, resulted in improved case detection, sampling and reporting practices. Over time, influenza surveillance was integrated with surveillance for other respiratory pathogens, culminating in the establishment of a comprehensive, integrated national respiratory surveillance system.\nThe improvements in data quality driven by PIP PC have strengthened Armenia’s capacity for seasonal influenza risk assessment, enhanced monitoring of virus circulation, and enabled timelier, evidence-based public health action. Today, sentinel surveillance data from Armenia inform regional and global platforms, ensuring that Armenia’s situation contributes to the broader global health intelligence network.\nEnhancing laboratory capacity and integration\nWith PIP PC funding, influenza laboratory capacity in Armenia has been significantly strengthened and the National Center for Disease Control and Prevention (NCDC) Reference Laboratory obtain
... [truncated, total 9976 chars]
================================================================================

================================================================================
Article ID: WHO_9eb742cd8fd57cfa | Attempt: 1
Error: Cannot extract valid JSON from response: line 1 column 1 (char 0)
Raw response (10793 chars):
{
"id": "WHO_9eb742cd8fd57cfa",
"date_iso": "2026-04-17T00:00:00",
"full_text": "Laying the groundwork for regional preparedness plans\nWhen countries across the WHO South‑East Asia Region (SEAR) began national influenza pandemic planning as early as 2006, global guidance, tools and standardized frameworks were still in their infancy. Yet Member States moved forward with determination, often relying on country‑driven, locally developed approaches that varied in scope and structure but shared a common objective: to be ready for the next influenza pandemic.\nThe adoption of the Pandemic Influenza Preparedness (PIP) Framework in 2011 marked a decisive turning point. For the first time, countries had access to predictable financing and a coherent global architecture for preparedness, anchored in successive High-Level Implementation Plans (HLIP I–III). This transformed pandemic planning from a fragmented national effort into a structured, results‑driven exercise.\nBacked by sustained PIP PC funding, all Member States in the Region developed or updated their National Influenza Pandemic Preparedness Plans (NIPPPs) in line with WHO’s Pandemic Influenza Risk Management guidance. By the end of HLIP II (2018–2023), every country had achieved this milestone, reflecting the Region’s long-term commitment and marking a major shared accomplishment in strengthening influenza pandemic preparedness.\nThis achievement stands as the Region’s testament to long-term commitment and represents a key shared accomplishment in strengthening influenza pandemic preparedness.\nWith the introduction of the WHO Preparedness and Resilience for Emerging Threats (PRET) initiative, and supported by Output 1 (Policy and Plans) of HLIP‑III, Member States have begun transitioning from influenza‑specific preparedness to broader respiratory pandemic planning. The Region has set an ambitious target: all Member States will have fully updated PRET‑aligned influenza and other respiratory pathogen pandemic prepa
... [truncated, total 10793 chars]
================================================================================

================================================================================
Article ID: WHO_dc4c8912eef901aa | Attempt: 1
Error: Cannot extract valid JSON from response: line 1 column 1 (char 0)
Raw response (8043 chars):
{
"id": "WHO_dc4c8912eef901aa",
"date_iso": "2026-04-09T00:00:00",
"full_text": "The Food and Agriculture Organization of the United Nations (FAO), the World Health Organization (WHO), and the World Organisation for Animal Health (WOAH) jointly announce the establishment of the FAO/WHO/WOAH Joint One Health Learning Taskforce, a coordination mechanism dedicated to strengthening One Health workforce capacity in support of effective One Health implementation at global, regional, and national levels.\nThe Taskforce responds to the growing need to equip the human, animal, plant, and environment health workforce with the cross-cutting and profession-specific competencies required to prevent, predict, detect, and respond to complex health threats at the human–animal–environment interface.\nThe Joint One Health Learning Taskforce adopts a competency-based, learner-centred approach, supporting both the integration of One Health principles into formal education and the provision of lifelong learning opportunities that enable professionals to address current and emerging challenges.\nThe Taskforce leverages and connects the complementary strengths of the FAO eLearning Academy and Virtual Learning Centres, the WHO Academy, and the WOAH Training Platform, by building on existing successful programmes while promoting innovation, flexibility, and responsiveness to country and regional needs. By doing so, it supports the translation of One Health principles into practical action and implementation.\nIn line with its Terms of Reference, the Taskforce aims to:\nSupport One Health implementation by providing technical advice on the design of joint One Health training programmes and learning initiatives;\nEnhance multi-stakeholder engagement , fostering inclusive collaboration with governments, international organisations, academia, civil society, and the private sector;\nImprove harmonisation of learning approaches, terminology, guidance, and tools to reduce fragmentation and support
... [truncated, total 8043 chars]
================================================================================

================================================================================
Article ID: WHO_dc4c8912eef901aa | Attempt: 2
Error: Cannot extract valid JSON from response: line 1 column 1 (char 0)
Raw response (7999 chars):
{
"id": "WHO_dc4c8912eef901aa",
"date_iso": "2026-04-09T00:00:00",
"full_text": "The Food and Agriculture Organization of the United Nations (FAO), the World Health Organization (WHO), and the World Organisation for Animal Health (WOAH) jointly announce the establishment of the FAO/WHO/WOAH Joint One Health Learning Taskforce, a coordination mechanism dedicated to strengthening One Health workforce capacity in support of effective One Health implementation at global, regional, and national levels.\nThe Taskforce responds to the growing need to equip the human, animal, plant, and environment health workforce with the cross-cutting and profession-specific competencies required to prevent, predict, detect, and respond to complex health threats at the human–animal–environment interface.\nThe Joint One Health Learning Taskforce adopts a competency-based, learner-centred approach, supporting both the integration of One Health principles into formal education and the provision of lifelong learning opportunities that enable professionals to address current and emerging challenges.\nThe Taskforce leverages and connects the complementary strengths of the FAO eLearning Academy and Virtual Learning Centres, the WHO Academy, and the WOAH Training Platform, by building on existing successful programmes while promoting innovation, flexibility, and responsiveness to country and regional needs. By doing so, it supports the translation of One Health principles into practical action and implementation.\nIn line with its Terms of Reference, the Taskforce aims to:\nSupport One Health implementation by providing technical advice on the design of joint One Health training programmes and learning initiatives;\nEnhance multi-stakeholder engagement , fostering inclusive collaboration with governments, international organisations, academia, civil society, and the private sector;\nImprove harmonisation of learning approaches, terminology, guidance, and tools to reduce fragmentation and support
... [truncated, total 7999 chars]
================================================================================

================================================================================
Article ID: WHO_dc4c8912eef901aa | Attempt: 3
Error: Cannot extract valid JSON from response: line 1 column 1 (char 0)
Raw response (7993 chars):
{
"id": "WHO_dc4c8912eef901aa",
"date_iso": "2026-04-09T00:00:00",
"full_text": "The Food and Agriculture Organization of the United Nations (FAO), the World Health Organization (WHO), and the World Organisation for Animal Health (WOAH) jointly announce the establishment of the FAO/WHO/WOAH Joint One Health Learning Taskforce, a coordination mechanism dedicated to strengthening One Health workforce capacity in support of effective One Health implementation at global, regional, and national levels.\nThe Taskforce responds to the growing need to equip the human, animal, plant, and environment health workforce with the cross-cutting and profession-specific competencies required to prevent, predict, detect, and respond to complex health threats at the human–animal–environment interface.\nThe Joint One Health Learning Taskforce adopts a competency-based, learner-centred approach, supporting both the integration of One Health principles into formal education and the provision of lifelong learning opportunities that enable professionals to address current and emerging challenges.\nThe Taskforce leverages and connects the complementary strengths of the FAO eLearning Academy and Virtual Learning Centres, the WHO Academy, and the WOAH Training Platform, by building on existing successful programmes while promoting innovation, flexibility, and responsiveness to country and regional needs. By doing so, it supports the translation of One Health principles into practical action and implementation.\nIn line with its Terms of Reference, the Taskforce aims to:\nSupport One Health implementation by providing technical advice on the design of joint One Health training programmes and learning initiatives;\nEnhance multi-stakeholder engagement , fostering inclusive collaboration with governments, international organisations, academia, civil society, and the private sector;\nImprove harmonisation of learning approaches, terminology, guidance, and tools to reduce fragmentation and support
... [truncated, total 7993 chars]
================================================================================

================================================================================
Article ID: WHO_dc4c8912eef901aa | Attempt: 4
Error: Cannot extract valid JSON from response: line 1 column 1 (char 0)
Raw response (7699 chars):
{
"id": "WHO_dc4c8912eef901aa",
"date_iso": "2026-04-09T00:00:00",
"full_text": "The Food and Agriculture Organization of the United Nations (FAO), the World Health Organization (WHO), and the World Organisation for Animal Health (WOAH) jointly announce the establishment of the FAO/WHO/WOAH Joint One Health Learning Taskforce, a coordination mechanism dedicated to strengthening One Health workforce capacity in support of effective One Health implementation at global, regional, and national levels.\nThe Taskforce responds to the growing need to equip the human, animal, plant, and environment health workforce with the cross-cutting and profession-specific competencies required to prevent, predict, detect, and respond to complex health threats at the human–animal–environment interface.\nThe Joint One Health Learning Taskforce adopts a competency-based, learner-centred approach, supporting both the integration of One Health principles into formal education and the provision of lifelong learning opportunities that enable professionals to address current and emerging challenges.\nThe Taskforce leverages and connects the complementary strengths of the FAO eLearning Academy and Virtual Learning Centres, the WHO Academy, and the WOAH Training Platform, by building on existing successful programmes while promoting innovation, flexibility, and responsiveness to country and regional needs. By doing so, it supports the translation of One Health principles into practical action and implementation.\nIn line with its Terms of Reference, the Taskforce aims to:\nSupport One Health implementation by providing technical advice on the design of joint One Health training programmes and learning initiatives;\nEnhance multi-stakeholder engagement , fostering inclusive collaboration with governments, international organisations, academia, civil society, and the private sector;\nImprove harmonisation of learning approaches, terminology, guidance, and tools to reduce fragmentation and support
... [truncated, total 7699 chars]
================================================================================

================================================================================
Article ID: WHO_a5a90f151ac16bef | Attempt: 1
Error: Cannot extract valid JSON from response: line 1 column 1 (char 0)
Raw response (12211 chars):
{
"id": "WHO_a5a90f151ac16bef",
"date_iso": "2026-04-07T00:00:00",
"full_text": "On World Health Day, global leaders gathered in France for a milestone “One Health Summit ” , where the World Health Organization (WHO) and partners announced a new wave of concrete actions to better protect people, animals and the planet from future health crises.\nHosted by France, the Summit marks a major step forward in turning the One Health approach – which recognizes that human health, animal health and the environment are deeply connected – into real-world action. This year’s World Health Day theme, “Together for health. Stand with science,” set the tone for the announcements.\nThe urgency could not be clearer. Climate change, environmental degradation, unsafe food, water contamination, biodiversity loss and unequal access to health care are among the most pressing challenges facing the world today. About 60% of known infectious diseases in humans originate in animals, and around 75% of emerging infectious diseases are zoonotic. The COVID-19 pandemic alone resulted in an estimated 15 million deaths and caused trillions of dollars in economic losses globally in 2020-2021.\nTo prevent the next crisis before it starts, WHO and global partners are strengthening the One Health approach – bringing together experts across health, agriculture, environment and science to detect risks earlier and respond faster.\n\"The health of people, animals and the environment we share are inextricably interwoven, and we cannot protect one without protecting all three,\" said Dr Tedros Adhanom Ghebreyesus, Director-General of WHO. \"The One Health approach brings together expertise to work across silos and sectors to prevent and respond to threats more effectively. WHO thanks France for hosting this Summit, and we remain committed to working with partners and countries to turn commitment into action and accelerate global progress for humans, animals and our planet.”\nAs host of the One Health Summit, 
... [truncated, total 12211 chars]
================================================================================

================================================================================
Article ID: WHO_f850442fdcdeb89c | Attempt: 1
Error: Cannot extract valid JSON from response: line 1 column 1 (char 0)
Raw response (9578 chars):
{
"id": "WHO_f850442fdcdeb89c",
"date_iso": "2026-04-08T00:00:00",
"full_text": "Collaboration\nAs part of the Global Influenza Surveillance and Response System (GISRS), WHO collaborating centres and essential regulatory laboratories play a central role in global influenza surveillance and vaccine response, providing the scientific and regulatory backbone needed to detect emerging strains and guide vaccine composition.\nThe network currently includes seven WHO collaborating centres located in Australia, China, Japan, Russian Federation, United Kingdom of Great Britain and Northern Ireland, and the United States of America, forming an integrated system that supports timely analysis, coordinated action and a consistent global approach to influenza preparedness and response.\nThe network’s contributions have ensured the smooth implementation of WHO’s mission on influenza surveillance, preparedness and response, while also reinforcing WHO’s leadership within GISRS and across the broader global influenza community, including engagement with private‑sector stakeholders.\nContributions\nEach centre contributed distinct strengths that collectively reinforced the effectiveness of the collaboration.\nThey brought advanced technical capabilities, including high‑cost laboratory operations, maintenance of biosafety level‑3 and higher facilities and the capacity to conduct animal studies.\nThey also contributed cutting‑edge scientific knowledge and up‑to‑date expertise at the forefront of research and development.\nThey also provided support to GISRS on country‑level capacity‑building activities and the provision of updated reagents, candidate vaccine viruses.\nTogether, these contributions enhanced the solidity, credibility and overall confidence underpinning WHO’s recommendations, guidance and leadership in this area.\nOn the other hand, the designation has maintained the centres’ global visibility on the subject of influenza, strengthened their status in their countries and al
... [truncated, total 9578 chars]
================================================================================

================================================================================
Article ID: WHO_85ec84410e88b89e | Attempt: 1
Error: Cannot extract valid JSON from response: line 1 column 1 (char 0)
Raw response (10349 chars):
{
"id": "WHO_85ec84410e88b89e",
"date_iso": "2026-04-02T00:00:00",
"full_text": "For its third global technical consultation on Public Health and Social Measures (PHSM) during health emergencies, held on 24–26 March, WHO brought together over 120 experts from 44 Member States representing ministries of health, national institutes of public health and academia as well as civil society and international organizations.\nPHSM refers to nonpharmaceutical interventions that reduce the risk and scale of infectious disease transmission and lower the number of hospitalizations and deaths. Examples include symptom screening, personal hygiene measures, surface cleaning, vector control, modifications to gatherings, and domestic or international mobility. PHSM, therefore, plays a critical role in reducing the pressure on the health-care system during health emergencies, buying time to develop and distribute vaccines and treatments, and saving lives while protecting livelihoods.\nFrom 4 a.m. in Mexico City to 9 p.m. in Sydney, global experts came together with a shared purpose to advance and accelerate the evidence base for PHSM effectiveness, unintended negative consequences and drivers of adherence, and strengthen risk-based, evidence-informed and equitable PHSM decision-making.\nTaking stock of progress and lessons learned\nThe first day of the consultation focused on hearing updates of the efforts of both countries and partner organizations to strengthen PHSM for the preparedness and response of public health emergencies. Participants from the Ministries of Health from India and Malaysia, the National Institute for Public Health and the Environment in the Netherlands, the University of Hong Kong, the European Centre for Disease Prevention and Control, and the UK Health Security Agency and WHO regional offices shared experiences.\nAdvancing effectiveness and equity of PHSM decision-making in diverse contexts\nThe second day focused on advancing equitable and context-specific i
... [truncated, total 10349 chars]
================================================================================

================================================================================
Article ID: WHO_85ec84410e88b89e | Attempt: 2
Error: Cannot extract valid JSON from response: line 1 column 1 (char 0)
Raw response (10710 chars):
{
"id": "WHO_85ec84410e88b89e",
"date_iso": "2026-04-02T00:00:00",
"full_text": "For its third global technical consultation on Public Health and Social Measures (PHSM) during health emergencies, held on 24–26 March, WHO brought together over 120 experts from 44 Member States representing ministries of health, national institutes of public health and academia as well as civil society and international organizations.\nPHSM refers to nonpharmaceutical interventions that reduce the risk and scale of infectious disease transmission and lower the number of hospitalizations and deaths. Examples include symptom screening, personal hygiene measures, surface cleaning, vector control, modifications to gatherings, and domestic or international mobility. PHSM, therefore, plays a critical role in reducing the pressure on the health-care system during health emergencies, buying time to develop and distribute vaccines and treatments, and saving lives while protecting livelihoods.\nFrom 4 a.m. in Mexico City to 9 p.m. in Sydney, global experts came together with a shared purpose to advance and accelerate the evidence base for PHSM effectiveness, unintended negative consequences and drivers of adherence, and strengthen risk-based, evidence-informed and equitable PHSM decision-making.\nTaking stock of progress and lessons learned\nThe first day of the consultation focused on hearing updates of the efforts of both countries and partner organizations to strengthen PHSM for the preparedness and response of public health emergencies. Participants from the Ministries of Health from India and Malaysia, the National Institute for Public Health and the Environment in the Netherlands, the University of Hong Kong, the European Centre for Disease Prevention and Control, and the UK Health Security Agency and WHO regional offices shared experiences.\nAdvancing effectiveness and equity of PHSM decision-making in diverse contexts\nThe second day focused on advancing equitable and context-specific i
... [truncated, total 10710 chars]
================================================================================

================================================================================
Article ID: WHO_835ca2ef0cb1566c | Attempt: 1
Error: Cannot extract valid JSON from response: line 1 column 1 (char 0)
Raw response (12976 chars):
{
"id": "WHO_835ca2ef0cb1566c",
"date_iso": "2026-03-30T00:00:00",
"full_text": "The WHO Technical Advisory Group on COVID-19 Vaccine Composition (TAG-CO-VAC) continues to closely monitor the genetic and antigenic evolution of SARS-CoV-2 variants, immune responses to SARS-CoV-2 infection and COVID-19 vaccination, and the performance of COVID-19 vaccines against circulating variants. Based on these evaluations, WHO advises vaccine manufacturers and regulatory authorities on the implications for future updates to COVID-19 vaccine antigen composition. The next decision-making meeting of the TAG-CO-VAC is scheduled for May 2026, after which a statement on COVID-19 vaccine antigen composition and an accompanying data annex will be published on the WHO website. These meetings are timed to balance the availability of the latest epidemiological, immunological, and virological data, with the kinetics of vaccine-induced protection and the lead time manufacturers need to update the antigen composition of authorized COVID-19 vaccines.\nThe purpose of this statement is to guide the scientific community and vaccine manufacturers as to which data should be generated ahead of the May 2026 TAG-CO-VAC deliberations. It is an update to the previous statement on the types of data requested in September 2025. 1\nTo inform decisions on COVID-19 vaccine antigen composition, 2-8 the TAG-CO-VAC reviews data on the genetic evolution of SARS-CoV-2 and the antigenic characteristics of previously and currently circulating variants (Table 1). This includes the analysis of animal antisera following primary infection or vaccination in one-way and two-way neutralization tests, as well as immunogenicity data that assess the breadth and durability of immune responses, including neutralizing antibody responses, using sera from sequentially immunized or infected animals and pre-and post-vaccination human sera. The TAG-CO-VAC also considers vaccine effectiveness (VE) estimates of currently approved COVI
... [truncated, total 12976 chars]
================================================================================

================================================================================
Article ID: WHO_0d55b13e6fa7df6b | Attempt: 1
Error: Cannot extract valid JSON from response: line 1 column 1 (char 0)
Raw response (8356 chars):
{
"id": "WHO_0d55b13e6fa7df6b",
"date_iso": "2026-03-30T00:00:00",
"full_text": "Collaboration\nThe Department of Geriatric Medicine at the All India Institute of Medical Sciences, New Delhi, is a WHO Collaborating Centre for Healthy Ageing. In this capacity, the Department has contributed to WHO’s work with strong clinical implementation experience, academic leadership, research capacity and direct service-delivery platforms on healthy ageing.\nThe centre conceptualized and established a culturally appropriate, sustainable and equitable long-term-care implementation framework, and then operationalized WHO’s Integrated Care for Older People (ICOPE) approach across outpatient and inpatient settings, screening thousands of older adults and generating real-world data across all intrinsic capacity domains.\nWHO’s role in this collaboration was to contribute normative guidance, technical oversight and alignment with global and regional strategies, such as the Global Strategy and Plan of Action on Ageing and Health the United Nations Decade of Healthy Ageing and the South-East Asia Regional Strategy.\nWHO ensured quality assurance, policy relevance, and integration of outputs into broader regional healthy ageing priorities.\nContributions\nThe centre’s key deliverables included the institutionalization of routine ICOPE screening in outpatient settings, resulting in more than 4,500 older adults being assessed each year. This work generated detailed intrinsic capacity data across cognitive, mobility, sensory, psychological and nutritional domains, enabling the development of personalized care plans with structured follow-up.\nThe centre also trained residents, nurses and scholars in ICOPE principles, convened a national ICOPE workshop that brought together over 200 participants, and led multiple capacity‑building initiatives.\nIn addition, the centre launched pilot longitudinal research to track intrinsic capacity trajectories during hospitalization and after discharge.\nTo
... [truncated, total 8356 chars]
================================================================================

================================================================================
Article ID: WHO_3f99c0a90fdef72e | Attempt: 1
Error: Cannot extract valid JSON from response: line 1 column 1 (char 0)
Raw response (8105 chars):
{
"id": "WHO_3f99c0a90fdef72e",
"date_iso": "2026-03-25T00:00:00",
"full_text": "Contributions to WHO’s work during COVID-19\nCollaboration\nAt the time WHO declared a public health emergency of international concern (PHEIC) for SARS-CoV-2, the Global Network of WHO Collaborating Centres for Bioethics was a well- established and productive network with a strong record of collaboration with WHO and each other. The network was established in 2009 and currently has 12 collaborating centres spread across all WHO regions.\nBy early 2020, it was an experienced and well-functioning network with strong record in the development of WHO ethics guidance, including major contributions to emergency response and preparedness work in ethics prior to COVID-19. The network was well positioned to understand WHO’s role in emergency response, the ethical issues arising in epidemics, existing tools available and how these would need to be adapted to the emerging challenges of the COVID-19 pandemic.\nNetwork members are embedded in the global, regional and national ethics communities. They advise their own national agencies in the ethical challenges governments face during public health emergencies, including resource allocation, research ethics oversight, use of digital tools for surveillance, vaccination mandates, and are active in regional ethics bodies.\nNetwork members were, therefore, best placed to provide rapid advice to the WHO Global Health Ethics team that allowed them to prioritize its work.\nContributions\nThe network made a decisive contribution to WHO’s rapid response in addressing many ethical issues that arose during COVID-19.\nWith assistance from the network, WHO’s Global Health Ethics team was able to identify and address key gaps in normative guidance during the COVID-19 pandemic to assist Member States. It was also able to support WHO colleagues from other technical teams with advice on ethical issues that arose in their work.\nThe ethical dilemmas faced by the glob
... [truncated, total 8105 chars]
================================================================================

================================================================================
Article ID: WHO_3f99c0a90fdef72e | Attempt: 2
Error: Cannot extract valid JSON from response: line 1 column 1 (char 0)
Raw response (7969 chars):
{
"id": "WHO_3f99c0a90fdef72e",
"date_iso": "2026-03-25T00:00:00",
"full_text": "Contributions to WHO’s work during COVID-19\nCollaboration\nAt the time WHO declared a public health emergency of international concern (PHEIC) for SARS-CoV-2, the Global Network of WHO Collaborating Centres for Bioethics was a well- established and productive network with a strong record of collaboration with WHO and each other. The network was established in 2009 and currently has 12 collaborating centres spread across all WHO regions.\nBy early 2020, it was an experienced and well-functioning network with strong record in the development of WHO ethics guidance, including major contributions to emergency response and preparedness work in ethics prior to COVID-19. The network was well positioned to understand WHO’s role in emergency response, the ethical issues arising in epidemics, existing tools available and how these would need to be adapted to the emerging challenges of the COVID-19 pandemic.\nNetwork members are embedded in the global, regional and national ethics communities. They advise their own national agencies in the ethical challenges governments face during public health emergencies, including resource allocation, research ethics oversight, use of digital tools for surveillance, vaccination mandates, and are active in regional ethics bodies.\nNetwork members were, therefore, best placed to provide rapid advice to the WHO Global Health Ethics team that allowed them to prioritize its work.\nContributions\nThe network made a decisive contribution to WHO’s rapid response in addressing many ethical issues that arose during COVID-19.\nWith assistance from the network, WHO’s Global Health Ethics team was able to identify and address key gaps in normative guidance during the COVID-19 pandemic to assist Member States. It was also able to support WHO colleagues from other technical teams with advice on ethical issues that arose in their work.\nThe ethical dilemmas faced by the glob
... [truncated, total 7969 chars]
================================================================================

================================================================================
Article ID: WHO_aaec7ef99f6fd241 | Attempt: 1
Error: Cannot extract valid JSON from response: line 1 column 1 (char 0)
Raw response (8212 chars):
{
"id": "WHO_aaec7ef99f6fd241",
"date_iso": "2026-03-19T00:00:00",
"full_text": "© WHO / Marcio Schimming Nina Warken, Germany’s Federal Minister of Health, and Dr Oliver Morgan, Head of the WHO Hub for Pandemic and Epidemic Intelligence\nGermany’s Federal Minister of Health, Nina Warken, visited the WHO Hub for Pandemic and Epidemic Intelligence in Berlin today on the occasion of the publication of the 2025 Annual Report. The report highlights advances in using artificial intelligence, data science and pathogen genomics to strengthen global preparedness for future pandemics.\nIn 2025, the WHO Hub in Berlin worked with more than 160 Member States and over 190 partners to help countries and organizations develop new systems and tools to detect and understand new public health threats as quickly as possible, whenever and wherever they occur.\n“Intelligent prevention means analysing digital data on clusters of unusual cases of disease and symptoms in real time. In Germany, we are proud to host the WHO Hub for Pandemic and Epidemic Intelligence, a global centre that uses artificial intelligence to detect, analyse and effectively prevent potential epidemics,\" explained Federal Minister of Health Nina Warken during her visit. \"Through its work, the Hub strengthens our health security and supports a rapid global response to epidemic threats.”\nArtificial intelligence is increasingly transforming the detection of outbreaks. In 2025, the Hub launched an upgraded version of the Epidemic Intelligence from Open Sources (EIOS) system, which uses enhanced AI functions to scan global online information in real time and help experts quickly identify unusual health events. The system is now used by 120 countries.\nTo better anticipate health threats, countries need information beyond traditional health data. The Hub supports countries in implementing Collaborative Surveillance, which integrates data on climate, animals, travel, and population movement to provide a more comprehensi
... [truncated, total 8212 chars]
================================================================================

================================================================================
Article ID: WHO_2f2ad2380ca5ecbc | Attempt: 1
Error: Schema: Missing claims category: NOT_ENOUGH_INFO
Raw response (6786 chars):
{
"id": "WHO_2f2ad2380ca5ecbc",
"date_iso": "2026-03-18T00:00:00",
"full_text": "Your Excellency Ambassador Jia Gui De,\nHonourable ministers, dear colleagues and friends,\nI thank your Excellency for joining us today and delivering a statement on behalf of Her Excellency Professor Peng Li Yuan, First Lady of China.\nWe thank Her Excellency for her leadership and advocacy as WHO Goodwill Ambassador for Tuberculosis and HIV-AIDS.\nOn World Tuberculosis Day, we honour the millions of lives lost to tuberculosis, and we stand in solidarity with the people, families and communities who continue to live with this preventable and curable disease.\nWe also pay tribute to health workers on the front lines, to national TB programmes, civil society, advocates, partners and donors. Your dedication is saving lives and sustaining hope.\nGlobal efforts to combat tuberculosis have saved an estimated 83 million lives since 2000.\nProgress has been made in testing, treatment, prevention and research. But progress is not victory.\nEvery single day, nearly 3,500 people die from TB, and close to 30,000 fall ill.\nTB remains one of the world’s deadliest infectious diseases, and a major driver of poverty, inequality and antimicrobial resistance.\nAt the UN General Assembly in 2023, world leaders adopted bold new targets to end TB.\nSince then, the world has changed dramatically, and funding cuts make it much more difficult to reach those targets.\nBut that doesn’t mean we give up on them. Far from it. It just means we work harder and smarter.\nWHO is playing a central role in this effort. Over the past year, we have delivered new policies, guidelines and tools to expand access to rapid diagnostics, shorter and fully oral treatment regimens, better care for children, and stronger TB prevention.\nAnd through the TB Vaccine Accelerator, we’re supporting countries to prepare for the rapid integration of new TB vaccines into health systems should they succeed in phase three trials.\nBecause to
... [truncated, total 6786 chars]
================================================================================

================================================================================
Article ID: WHO_80747dcf1010fe04 | Attempt: 1
Error: Cannot extract valid JSON from response: line 1 column 1 (char 0)
Raw response (13522 chars):
{
"id": "WHO_80747dcf1010fe04",
"date_iso": "2026-03-16T00:00:00",
"full_text": "Products: In vitro diagnostic medical devices (IVDs) manufactured by Meril Diagnostics Pvt. Ltd at the Manufacturing Sites (as defined below) and listed in Annex 1, (collectively the “Products”). WHO-identifier: 2026/01-02 Type of action: Information for national regulatory authorities (NRAs), and users [1] including control programmes, their implementing partners and procurement agencies (collectively the “Users”). Date : 16 March 2026 Attention : National malaria, HIV, and sexually transmitted infection (STI) control programme managers and their implementing partners, procurement agencies, national regulatory authorities for IVDs and clinical testing sites. Purpose: To alert Users and NRAs of malaria, HIV, and HIV/syphilis rapid diagnostic tests (RDTs) of concerns for Products manufactured by Meril Diagnostics Pvt. Ltd. at specified Manufacturing Sites located at: D1-D3, Meril Park, Survey No: 135/2/B & 174/2, Muktanand Marg, Chala, Vapi, 396191 India (site 1) and Meril Academy, Block No- MD1, Survey No.- 1231, 1232 & 1228, Muktanand Marg, Balitha, Vapi, 396191 India (site 2) (collectively, the “Manufacturing Sites”). Description of the situation: As part of the WHO pre- and post-prequalification product review process [2] , WHO’s Prequalification Unit conducted a special (for-cause) inspection of the quality management system (QMS) at the Manufacturing Sites from 14 to 16 October 2025. A for‑cause inspection is a non-routine inspection triggered by specific concerns or evidence of potential non‑compliance or product quality issues. During that inspection, critical nonconformities across the QMS at the Manufacturing Sites were identified that may pose a risk to patient safety for the Products. As a result: WHO issued a Notice of Concern on 19 December 2025, which is available at: https://extranet.who.int/prequal/sites/default/files/document_files/NOC_MerilDiagnostics_19December2025.pd
... [truncated, total 13522 chars]
================================================================================

================================================================================
Article ID: WHO_8dd5060e6131de44 | Attempt: 1
Error: Cannot extract valid JSON from response: line 1 column 1 (char 0)
Raw response (11161 chars):
{
"id": "WHO_8dd5060e6131de44",
"date_iso": "2026-03-05T00:00:00",
"full_text": "W HO is testing an innovative way to improve outbreak detection, notification and response through an interactive ‘7-1-7 Strategy Game’. The 7-1-7 target calls for detecting a suspected outbreak within seven days, notifying public health authorities within one day, and mounting an effective response within seven days. Achieving these benchmarks requires coordinated action across surveillance, laboratories, emergency operations, risk communication, and leadership. Developed by the Center for Advanced Preparedness and Threat Response Simulation (CAPTRS) in collaboration with 7-1-7 Alliance and WHO’s Emergency Preparedness Department, the game translates the 7-1-7 target into a hands-on experience to test how such coordination plays out under pressure. Designed as an analog, team-based exercise, the 7-1-7 Strategy Game brings together small groups of decision-makers to navigate two structured modules that test strategic choices and their impact on outbreak timeliness. On 23 February 2026, WHO convened a playtest session with staff familiar with the 7-1-7 framework to stress-test the game’s design ahead of broader country-level piloting planned later this year. In this context, a playtest refers to a structured trial run with selected participants to validate the game mechanics, assess its effectiveness in strengthening understanding of the 7-1-7 targets, and refine the simulation before wider rollout. In the first module, players prioritize activities that could improve timeliness across the 7-1-7 cascade. They assign durations to each activity and hypothesize how these investments might reduce bottlenecks. In the second module, participants face a simulated outbreak scenario and test whether their strategic choices translate into faster detection and response. The scenario focused on an outbreak of Sudan Ebola virus disease in Uganda, prompting players to grapple with real-world challenge
... [truncated, total 11161 chars]
================================================================================

================================================================================
Article ID: WHO_8dd5060e6131de44 | Attempt: 2
Error: Cannot extract valid JSON from response: line 1 column 1 (char 0)
Raw response (10899 chars):
{
"id": "WHO_8dd5060e6131de44",
"date_iso": "2026-03-05T00:00:00",
"full_text": "W HO is testing an innovative way to improve outbreak detection, notification and response through an interactive ‘7-1-7 Strategy Game’. The 7-1-7 target calls for detecting a suspected outbreak within seven days, notifying public health authorities within one day, and mounting an effective response within seven days. Achieving these benchmarks requires coordinated action across surveillance, laboratories, emergency operations, risk communication, and leadership. Developed by the Center for Advanced Preparedness and Threat Response Simulation (CAPTRS) in collaboration with 7-1-7 Alliance and WHO’s Emergency Preparedness Department, the game translates the 7-1-7 target into a hands-on experience to test how such coordination plays out under pressure. Designed as an analog, team-based exercise, the 7-1-7 Strategy Game brings together small groups of decision-makers to navigate two structured modules that test strategic choices and their impact on outbreak timeliness. On 23 February 2026, WHO convened a playtest session with staff familiar with the 7-1-7 framework to stress-test the game’s design ahead of broader country-level piloting planned later this year. In this context, a playtest refers to a structured trial run with selected participants to validate the game mechanics, assess its effectiveness in strengthening understanding of the 7-1-7 targets, and refine the simulation before wider rollout. In the first module, players prioritize activities that could improve timeliness across the 7-1-7 cascade. They assign durations to each activity and hypothesize how these investments might reduce bottlenecks. In the second module, participants face a simulated outbreak scenario and test whether their strategic choices translate into faster detection and response. The scenario focused on an outbreak of Sudan Ebola virus disease in Uganda, prompting players to grapple with real-world challenge
... [truncated, total 10899 chars]
================================================================================

================================================================================
Article ID: WHO_8dd5060e6131de44 | Attempt: 3
Error: Cannot extract valid JSON from response: line 1 column 1 (char 0)
Raw response (10773 chars):
{
"id": "WHO_8dd5060e6131de44",
"date_iso": "2026-03-05T00:00:00",
"full_text": "W HO is testing an innovative way to improve outbreak detection, notification and response through an interactive ‘7-1-7 Strategy Game’. The 7-1-7 target calls for detecting a suspected outbreak within seven days, notifying public health authorities within one day, and mounting an effective response within seven days. Achieving these benchmarks requires coordinated action across surveillance, laboratories, emergency operations, risk communication, and leadership. Developed by the Center for Advanced Preparedness and Threat Response Simulation (CAPTRS) in collaboration with 7-1-7 Alliance and WHO’s Emergency Preparedness Department, the game translates the 7-1-7 target into a hands-on experience to test how such coordination plays out under pressure. Designed as an analog, team-based exercise, the 7-1-7 Strategy Game brings together small groups of decision-makers to navigate two structured modules that test strategic choices and their impact on outbreak timeliness. On 23 February 2026, WHO convened a playtest session with staff familiar with the 7-1-7 framework to stress-test the game’s design ahead of broader country-level piloting planned later this year. In this context, a playtest refers to a structured trial run with selected participants to validate the game mechanics, assess its effectiveness in strengthening understanding of the 7-1-7 targets, and refine the simulation before wider rollout. In the first module, players prioritize activities that could improve timeliness across the 7-1-7 cascade. They assign durations to each activity and hypothesize how these investments might reduce bottlenecks. In the second module, participants face a simulated outbreak scenario and test whether their strategic choices translate into faster detection and response. The scenario focused on an outbreak of Sudan Ebola virus disease in Uganda, prompting players to grapple with real-world challenge
... [truncated, total 10773 chars]
================================================================================

================================================================================
Article ID: WHO_8dd5060e6131de44 | Attempt: 4
Error: Schema: Missing claims category: NOT_ENOUGH_INFO
Raw response (10881 chars):
{
"id": "WHO_8dd5060e6131de44",
"date_iso": "2026-03-05T00:00:00",
"full_text": "W HO is testing an innovative way to improve outbreak detection, notification and response through an interactive ‘7-1-7 Strategy Game’. The 7-1-7 target calls for detecting a suspected outbreak within seven days, notifying public health authorities within one day, and mounting an effective response within seven days. Achieving these benchmarks requires coordinated action across surveillance, laboratories, emergency operations, risk communication, and leadership. Developed by the Center for Advanced Preparedness and Threat Response Simulation (CAPTRS) in collaboration with 7-1-7 Alliance and WHO’s Emergency Preparedness Department, the game translates the 7-1-7 target into a hands-on experience to test how such coordination plays out under pressure. Designed as an analog, team-based exercise, the 7-1-7 Strategy Game brings together small groups of decision-makers to navigate two structured modules that test strategic choices and their impact on outbreak timeliness. On 23 February 2026, WHO convened a playtest session with staff familiar with the 7-1-7 framework to stress-test the game’s design ahead of broader country-level piloting planned later this year. In this context, a playtest refers to a structured trial run with selected participants to validate the game mechanics, assess its effectiveness in strengthening understanding of the 7-1-7 targets, and refine the simulation before wider rollout. In the first module, players prioritize activities that could improve timeliness across the 7-1-7 cascade. They assign durations to each activity and hypothesize how these investments might reduce bottlenecks. In the second module, participants face a simulated outbreak scenario and test whether their strategic choices translate into faster detection and response. The scenario focused on an outbreak of Sudan Ebola virus disease in Uganda, prompting players to grapple with real-world challenge
... [truncated, total 10881 chars]
================================================================================

================================================================================
Article ID: WHO_700b112e672615e2 | Attempt: 1
Error: Cannot extract valid JSON from response: line 1 column 1 (char 0)
Raw response (46566 chars):
{
"id": "WHO_700b112e672615e2",
"date_iso": "2026-03-04T00:00:00",
"full_text": "The 44th meeting of the Emergency Committee under the International Health Regulations (IHR or Regulations) on the international spread of poliovirus was convened by the WHO Director-General on 14 January 2026 with eight out of nine Committee members and the adviser meeting via video conference with affected countries, supported by the WHO Secretariat. The Emergency Committee reviewed the latest epidemiological data on wild poliovirus type 1 (WPV1) and circulating vaccine-derived polioviruses (cVDPV) in the context of the global targets to interrupt endemic WPV1 transmission in 2026 and to stop cVDPV2 outbreaks by 2028 with subsequent certification of WPV1 eradication and cVDPV2 elimination. Technical updates were received about the situation in the following countries: Afghanistan, Angola, Germany, Lao People’s Democratic Republic, Namibia, Pakistan and Papua New Guinea.\nAmendments to the IHR, adopted by the Seventy-seventh World Health Assembly, through resolution WHA77.17 in June 2024, entered into force, generally, on 19 September 2025.. Key amendments to the IHR include, inter alia , broader poliovirus notification requirements; the introduction of the determination of “pandemic emergency” , a higher level of global public health alert with respect to a public health emergency of international concern (PHEIC); measures to strengthen equitable access to relevant health products; and recognition of health documents in non-digital and digital formats.\nWild poliovirus\nSince the last Emergency Committee meeting on 1 October 2025, nine new WPV1 cases have been reported from the two endemic countries, Afghanistan (5) and Pakistan (4). The cases in Afghanistan were reported from the South and East Regions of the country, while in Pakistan the cases were reported from Khyber Pakhtunkhwa and Sindh provinces. In 2025 to date, 40 WPV1 cases have been reported: nine in Afghanistan and 31 in 
... [truncated, total 46566 chars]
================================================================================

================================================================================
Article ID: WHO_280f7d55ce67a654 | Attempt: 1
Error: Cannot extract valid JSON from response: line 1 column 1 (char 0)
Raw response (7932 chars):
{
"id": "WHO_280f7d55ce67a654",
"date_iso": "2026-03-03T00:00:00",
"full_text": "On World Hearing Day, under the theme From communities to classrooms: hearing care for all children , WHO is urging governments, civil society, and partners across the health and education sectors to take urgent action to protect children’s hearing. Key actions include:\npromoting good ear and hearing practices as part of school health programmes to prevent hearing loss;\nintegrating ear and hearing screening into school and community health programmes, with clear referral pathways; and\nempowering teachers, parents, health workers, and children with accurate information and practical tools.\nAddressing hearing loss through evidence-based interventions\nWHO provides countries with technical resources to support ear and hearing care, including:\nHearing screening: considerations for implementation ;\nVision and hearing screening for school-age children: implementation handbook ; and\nHearing aid service delivery approaches for low- and middle-income settings .\nWHO has also developed training resources to equip health workers with the skills to identify and manage common ear and hearing problems and refer patients to higher levels of care, when needed. Integrating these tools into national health care systems can significantly narrow the gap in hearing care access.\nAnd coming soon, a comprehensive package of evidence-based interventions, designed for use across primary health care and WHOears , a free mobile application for iOS and Android platforms to support the implementation of hearing screening programmes in schools and in communities. By enabling trained individuals to conduct hearing screening for children in schools and community settings, the app will expand access beyond traditional clinic settings and strengthen early identification efforts.\n“WHO estimates that nearly 60% of ear and hearing problems could be prevented or treated at local health clinics with trained health wo
... [truncated, total 7932 chars]
================================================================================

================================================================================
Article ID: WHO_ab8d31bead9ffdfa | Attempt: 1
Error: Cannot extract valid JSON from response: line 1 column 1 (char 0)
Raw response (9504 chars):
{
"id": "WHO_ab8d31bead9ffdfa",
"date_iso": "2026-02-26T00:00:00",
"full_text": "For a health facility in northern Togo, effective analysis and use of routine surveillance data can mean the difference between identifying a rise in malaria cases early or only recognizing it once wards are full and children present with severe disease. For malaria programmes across Africa, the ability of health workers to understand and act on data directly shapes who receives timely care. Yet across malaria programmes in the region, health workers are increasingly expected to analyse trends and guide responses using routine data, often with limited access to advanced, practice-oriented training that reflects their language, context and analytical needs. When learning is not accessible or contextualised, data may be collected but not fully used for decision-making. To address this, the World Health Organization (WHO) developed the Malaria: Harnessing the power of routine health facility data course, and made it available in English, French, Spanish and Portuguese on the WHO Academy online learning platform as part of a blended learning programme. Led by Dr Deepa Pindolia, the course was designed from the outset with localization as a core principle, recognizing that data analysis is already complex, and learning it in a second or third language is not effective. For Dr Atekpe Payakissim Somiabalo, National Malaria Control Programme (NMCP) Coordinator in Togo, providing the training in French was critical. “The main priority is training operational staff in a language they know so that everyone understands the importance of the data collected for decisionmaking.” According to the NMCP, malaria remains the leading cause of illness in Togo, accounting for 30% of outpatient consultations, 9% of hospitalizations, more than 2.18 million cases and 993 deaths in 2024. When asked if he would recommend the course to colleagues working on malaria elimination, Dr Somiabalo was emphatic. “Yes, yes
... [truncated, total 9504 chars]
================================================================================

================================================================================
Article ID: WHO_6cfccb8114299ad7 | Attempt: 1
Error: Cannot extract valid JSON from response: line 1 column 1 (char 0)
Raw response (9630 chars):
{
"id": "WHO_6cfccb8114299ad7",
"date_iso": "2026-02-17T00:00:00",
"full_text": "New analysis connects health system stability to maternal deaths\nNearly two-thirds of all maternal deaths worldwide occur in countries marked by conflict or fragility. The maternal mortality ratio of a woman who lives in a country affected by conflict dying due to maternal causes is around five times higher for each pregnancy she undergoes compared to her peers in stable countries.\nA new technical brief offers analysis as to why pregnant women living in certain countries are more likely to die in childbirth.\nIn 2023 alone, an estimated 160 000 women died from preventable maternal causes in fragile and conflict-affected settings, that is 6 in 10 maternal deaths worldwide, despite these countries accounting for only around one in ten of global live births.\nThe brief from World Health Organization (WHO) and HRP (the UNDP/UNFPA/UNICEF/WHO/World Bank Special Programme of Research, Development and Research Training in Human Reproduction) aligns the latest maternal mortality ratio (MMR) estimates with whether a country is conflict-affected or considered fragile.\nMaternal deaths concentrated in fragile settings\nCountries classified as conflict-affected had an estimated MMR of 504 deaths per 100 000 live births, while countries considered institutionally and socially fragile had an MMR of 368. In contrast, countries outside both categories saw a much lower MMR of 99.\nThese findings deepen the picture provided in last year’s maternal mortality estimates 2000-2023 , which showed that global progress has stalled and that maternal mortality remains staggeringly high in low-income and crisis-affected settings, which spurred this further analysis.\nFragility disrupts maternal health care\nThis new analysis confirms what many practitioners see on the ground: crises create conditions where health systems cannot consistently deliver lifesaving maternal care. The brief also identifies that the inte
... [truncated, total 9630 chars]
================================================================================

================================================================================
Article ID: WHO_6f41880ad06f0a81 | Attempt: 1
Error: Cannot extract valid JSON from response: line 1 column 1 (char 0)
Raw response (9321 chars):
{
"id": "WHO_6f41880ad06f0a81",
"date_iso": "2026-02-13T00:00:00",
"full_text": "The World Health Organization (WHO) has prequalified an additional novel oral polio vaccine type 2 (nOPV2) , further strengthening the global supply of a vaccine at the heart of efforts to stop poliovirus type 2 outbreaks more sustainably and accelerate progress towards polio eradication.\nThe prequalification designation indicates that the vaccine meets international standards of quality, safety, and efficacy for global immunization programmes. It enables the vaccine to be purchased and supplied through United Nations procurement agencies, including UNICEF, supporting its use across multiple country settings for the prevention and control of poliovirus transmission.\nThe newly prequalified product is manufactured by Biological E. Limited (BioE), India, using in-house bulk vaccine following a technology transfer from PT Bio Farma (Persero), Indonesia. This prequalification builds on earlier WHO listings of nOPV2 manufactured by PT Bio Farma, as well as the vaccine formulated and filled by BioE using bulk supplied by PT Bio Farma.\nWith this latest addition, WHO continues to diversify and strengthen the manufacturing base for quality-assured nOPV2, helping to ensure a more resilient, reliable and sustainable vaccine supply for countries responding to outbreaks.\nThe nOPV2 was developed to address outbreaks of circulating vaccine-derived poliovirus type 2 (cVDPV2), which can emerge in under-immunized populations. Compared with the traditional monovalent oral polio vaccine type 2, nOPV2 is designed to be more genetically stable, reducing the risk of seeding new outbreaks while retaining its effectiveness in rapidly interrupting virus transmission.\nProgress in vaccine development and timely availability continues to translate into gains on the ground. In his opening remarks at the 158 th session of the WHO Executive Board , WHO Director-General Dr Tedros Adhanom Ghebreyesus highlighted the
... [truncated, total 9321 chars]
================================================================================

================================================================================
Article ID: WHO_6f41880ad06f0a81 | Attempt: 2
Error: Cannot extract valid JSON from response: line 1 column 1 (char 0)
Raw response (8751 chars):
{
"id": "WHO_6f41880ad06f0a81",
"date_iso": "2026-02-13T00:00:00",
"full_text": "The World Health Organization (WHO) has prequalified an additional novel oral polio vaccine type 2 (nOPV2) , further strengthening the global supply of a vaccine at the heart of efforts to stop poliovirus type 2 outbreaks more sustainably and accelerate progress towards polio eradication.\nThe prequalification designation indicates that the vaccine meets international standards of quality, safety, and efficacy for global immunization programmes. It enables the vaccine to be purchased and supplied through United Nations procurement agencies, including UNICEF, supporting its use across multiple country settings for the prevention and control of poliovirus transmission.\nThe newly prequalified product is manufactured by Biological E. Limited (BioE), India, using in-house bulk vaccine following a technology transfer from PT Bio Farma (Persero), Indonesia. This prequalification builds on earlier WHO listings of nOPV2 manufactured by PT Bio Farma, as well as the vaccine formulated and filled by BioE using bulk supplied by PT Bio Farma.\nWith this latest addition, WHO continues to diversify and strengthen the manufacturing base for quality-assured nOPV2, helping to ensure a more resilient, reliable and sustainable vaccine supply for countries responding to outbreaks.\nThe nOPV2 was developed to address outbreaks of circulating vaccine-derived poliovirus type 2 (cVDPV2), which can emerge in under-immunized populations. Compared with the traditional monovalent oral polio vaccine type 2, nOPV2 is designed to be more genetically stable, reducing the risk of seeding new outbreaks while retaining its effectiveness in rapidly interrupting virus transmission.\nProgress in vaccine development and timely availability continues to translate into gains on the ground. In his opening remarks at the 158 th session of the WHO Executive Board , WHO Director-General Dr Tedros Adhanom Ghebreyesus highlighted the
... [truncated, total 8751 chars]
================================================================================

================================================================================
Article ID: WHO_6f41880ad06f0a81 | Attempt: 3
Error: Schema: Missing claims category: NOT_ENOUGH_INFO
Raw response (9041 chars):
{
"id": "WHO_6f41880ad06f0a81",
"date_iso": "2026-02-13T00:00:00",
"full_text": "The World Health Organization (WHO) has prequalified an additional novel oral polio vaccine type 2 (nOPV2) , further strengthening the global supply of a vaccine at the heart of efforts to stop poliovirus type 2 outbreaks more sustainably and accelerate progress towards polio eradication.\nThe prequalification designation indicates that the vaccine meets international standards of quality, safety, and efficacy for global immunization programmes. It enables the vaccine to be purchased and supplied through United Nations procurement agencies, including UNICEF, supporting its use across multiple country settings for the prevention and control of poliovirus transmission.\nThe newly prequalified product is manufactured by Biological E. Limited (BioE), India, using in-house bulk vaccine following a technology transfer from PT Bio Farma (Persero), Indonesia. This prequalification builds on earlier WHO listings of nOPV2 manufactured by PT Bio Farma, as well as the vaccine formulated and filled by BioE using bulk supplied by PT Bio Farma.\nWith this latest addition, WHO continues to diversify and strengthen the manufacturing base for quality-assured nOPV2, helping to ensure a more resilient, reliable and sustainable vaccine supply for countries responding to outbreaks.\nThe nOPV2 was developed to address outbreaks of circulating vaccine-derived poliovirus type 2 (cVDPV2), which can emerge in under-immunized populations. Compared with the traditional monovalent oral polio vaccine type 2, nOPV2 is designed to be more genetically stable, reducing the risk of seeding new outbreaks while retaining its effectiveness in rapidly interrupting virus transmission.\nProgress in vaccine development and timely availability continues to translate into gains on the ground. In his opening remarks at the 158 th session of the WHO Executive Board , WHO Director-General Dr Tedros Adhanom Ghebreyesus highlighted the
... [truncated, total 9041 chars]
================================================================================

================================================================================
Article ID: WHO_6f41880ad06f0a81 | Attempt: 4
Error: Cannot extract valid JSON from response: line 1 column 1 (char 0)
Raw response (8987 chars):
{
"id": "WHO_6f41880ad06f0a81",
"date_iso": "2026-02-13T00:00:00",
"full_text": "The World Health Organization (WHO) has prequalified an additional novel oral polio vaccine type 2 (nOPV2) , further strengthening the global supply of a vaccine at the heart of efforts to stop poliovirus type 2 outbreaks more sustainably and accelerate progress towards polio eradication.\nThe prequalification designation indicates that the vaccine meets international standards of quality, safety, and efficacy for global immunization programmes. It enables the vaccine to be purchased and supplied through United Nations procurement agencies, including UNICEF, supporting its use across multiple country settings for the prevention and control of poliovirus transmission.\nThe newly prequalified product is manufactured by Biological E. Limited (BioE), India, using in-house bulk vaccine following a technology transfer from PT Bio Farma (Persero), Indonesia. This prequalification builds on earlier WHO listings of nOPV2 manufactured by PT Bio Farma, as well as the vaccine formulated and filled by BioE using bulk supplied by PT Bio Farma.\nWith this latest addition, WHO continues to diversify and strengthen the manufacturing base for quality-assured nOPV2, helping to ensure a more resilient, reliable and sustainable vaccine supply for countries responding to outbreaks.\nThe nOPV2 was developed to address outbreaks of circulating vaccine-derived poliovirus type 2 (cVDPV2), which can emerge in under-immunized populations. Compared with the traditional monovalent oral polio vaccine type 2, nOPV2 is designed to be more genetically stable, reducing the risk of seeding new outbreaks while retaining its effectiveness in rapidly interrupting virus transmission.\nProgress in vaccine development and timely availability continues to translate into gains on the ground. In his opening remarks at the 158 th session of the WHO Executive Board , WHO Director-General Dr Tedros Adhanom Ghebreyesus highlighted the
... [truncated, total 8987 chars]
================================================================================

================================================================================
Article ID: WHO_36842601eac2c18c | Attempt: 1
Error: Cannot extract valid JSON from response: line 1 column 1 (char 0)
Raw response (11996 chars):
{
"id": "WHO_36842601eac2c18c",
"date_iso": "2026-02-14T00:00:00",
"full_text": "Lieutenant General Sir George Norton,\nDear colleagues and friends,\nGood morning, and welcome to WHO.\nThis is now the fourth year we have welcomed the Royal College of Defence Studies to WHO.\nThank you for your interest in learning more about WHO – we certainly value the opportunity.\nAs you know, the Munich Security Conference begins today.\nSix years ago, I was invited to speak at the Munich Security Conference, just a few days after I had declared COVID-19 to be a public health emergency of international concern – the highest level of alarm under international health law.\nWe were concerned that not enough countries were taking that alarm seriously enough.\nSo I said in Munich that COVID-19 is “public enemy number one”. Afterwards, I had ministers asking me, “Tedros, aren’t you exaggerating?”\nAs you know, the COVID-19 pandemic became the greatest global crisis since the Second World War.\nAnd it wasn’t just a health crisis – it was a social crisis, an economic crisis, and a political crisis, whose impacts are still with us.\nI was back at the Munich Security Conference last year, where I was speaking to a foreign minister about the large increases in defence spending that had been announced by some countries.\nHe said, “We have to prepare for the worst.”\nI said, “I understand, but what about preparing for an attack from an invisible enemy?”\n“What do you mean?” he asked me. “What invisible enemy?”\n“A pandemic,” I said. “The COVID-19 pandemic killed an estimated 20 million people and wiped more than 10 trillion US dollars from the global economy.”\nIt’s amazing how quickly we forget. It’s what we call the cycle of panic neglect – the world reacts to a crisis, but once it’s over, we move on to the next crisis and fail to learn the lessons it taught us.\nThe point is this: global health security is national security. Because ultimately, pathogens have no regard for the lines human
... [truncated, total 11996 chars]
================================================================================

================================================================================
Article ID: WHO_6a577db8d7dedf77 | Attempt: 1
Error: Cannot extract valid JSON from response: line 1 column 1 (char 0)
Raw response (11572 chars):
{
"id": "WHO_6a577db8d7dedf77",
"date_iso": "2026-02-11T00:00:00",
"full_text": "Good morning, good afternoon and good evening.\nFirst, one issue that WHO works on that doesn’t often make the headlines is eye health.\nCataract is the most common cause of blindness globally, and a leading cause of vision impairment, affecting more than 94 million people.\nIn addition to impaired vision and blindness, cataract can contribute to reduced mobility, unemployment, social isolation, depression and anxiety.\nCataract is a major public health problem with a simple, cost-effective solution: it can be resolved with a 15-minute procedure, providing immediate and lasting restoration of sight.\nCataract surgery is life-transforming, giving the gift of sight to people who had lost it, and reopening a world that had closed.\nIn 2021, the World Health Assembly adopted a global target to increase access to effective cataract surgery by 30 percentage points by 2030.\nMany countries have made impressive progress, including Bhutan, Cambodia, Nepal and Qatar.\nBut globally, half of all people who need cataract surgery still don’t have access to it, according to new research involving WHO published today in The Lancet Global Health.\nIn Africa, three-in-four people with cataract lack access, and in all regions, women are disproportionately affected.\nThe research estimates that coverage will increase by 8.4 percentage points by 2030 – less than one third of the pace needed to reach the 2030 target.\nWHO urges governments, partners and donors to invest in this cost-effective and life-changing intervention, to prevent blindness and give people back the gift of sight.\nThe new research published today was led by the International Centre for Eye Health at the London School of Hygiene and Tropical Medicine, which is in the process of becoming a WHO Collaborating Centre.\nIt’s an example of the valuable contribution that WHO’s network of over 800 collaborating centres can make to research and gl
... [truncated, total 11572 chars]
================================================================================

================================================================================
Article ID: WHO_1bbb5b7e1d1d3a57 | Attempt: 1
Error: Schema: Missing claims category: NOT_ENOUGH_INFO
Raw response (8545 chars):
{
"id": "WHO_1bbb5b7e1d1d3a57",
"date_iso": "2026-02-10T00:00:00",
"full_text": "During the 158th session of the WHO Executive Board, 36 Member States, including delegations from each of the WHO regions, and 11 non-State actors acknowledged the continued relevance of the Immunization Agenda 2030 ’s (IA2030) vision to ensure every one, everywhere benefits from life-saving vaccinations.\nAs part of Member States discussions on the IA2030 mid-review , they recognized that the global health architecture and financing landscape have shifted significantly since 2020 and stressed that the route to achieving the IA2030 vision must also adapt to these new realities. In order to achieve IA2030, Member States called out the need to place a strong emphasis on equity, ensuring that all countries reach zero-dose and under-immunized children, particularly those living in fragile, conflict-affected, and remote settings.\nMember States repeatedly highlighted the importance of integration, calling for immunization to be embedded within primary health care, universal health coverage, national budgets, and health information systems. They also stressed the need to adopt a life-course approach to vaccination ensuring that people at every age get the vaccinations they need.\nGiven declining domestic and international financing, there was broad support for refocusing IA2030 activities. Surveillance, outbreak response, and demand generation were identified as top priorities in this constrained funding environment. Member States also called for the replenishment of the Contingency Fund for Emergencies to respond to the 36 emergencies worldwide, including through vaccination campaigns and disease surveillance. Concerns over misinformation and vaccine hesitancy featured prominently in the discussions. Member States urged stronger risk communication and community engagement, backed by evidence-based messaging, to build trust and sustain demand for vaccines.\nImproved data and accountability we
... [truncated, total 8545 chars]
================================================================================

================================================================================
Article ID: WHO_1bbb5b7e1d1d3a57 | Attempt: 2
Error: Cannot extract valid JSON from response: line 1 column 1 (char 0)
Raw response (8715 chars):
{
"id": "WHO_1bbb5b7e1d1d3a57",
"date_iso": "2026-02-10T00:00:00",
"full_text": "During the 158th session of the WHO Executive Board, 36 Member States, including delegations from each of the WHO regions, and 11 non-State actors acknowledged the continued relevance of the Immunization Agenda 2030 ’s (IA2030) vision to ensure every one, everywhere benefits from life-saving vaccinations.\nAs part of Member States discussions on the IA2030 mid-review , they recognized that the global health architecture and financing landscape have shifted significantly since 2020 and stressed that the route to achieving the IA2030 vision must also adapt to these new realities. In order to achieve IA2030, Member States called out the need to place a strong emphasis on equity, ensuring that all countries reach zero-dose and under-immunized children, particularly those living in fragile, conflict-affected, and remote settings.\nMember States repeatedly highlighted the importance of integration, calling for immunization to be embedded within primary health care, universal health coverage, national budgets, and health information systems. They also stressed the need to adopt a life-course approach to vaccination ensuring that people at every age get the vaccinations they need.\nGiven declining domestic and international financing, there was broad support for refocusing IA2030 activities. Surveillance, outbreak response, and demand generation were identified as top priorities in this constrained funding environment. Member States also called for the replenishment of the Contingency Fund for Emergencies to respond to the 36 emergencies worldwide, including through vaccination campaigns and disease surveillance. Concerns over misinformation and vaccine hesitancy featured prominently in the discussions. Member States urged stronger risk communication and community engagement, backed by evidence-based messaging, to build trust and sustain demand for vaccines.\nImproved data and accountability we
... [truncated, total 8715 chars]
================================================================================

================================================================================
Article ID: WHO_3d8e2f5bcf32fdf7 | Attempt: 1
Error: Cannot extract valid JSON from response: line 1 column 1 (char 0)
Raw response (11862 chars):
{
"id": "WHO_3d8e2f5bcf32fdf7",
"date_iso": "2026-02-11T00:00:00",
"full_text": "Fiji is taking decisive steps to address a rapidly escalating HIV epidemic. In 2024, 1583 new HIV cases were reported nationally, while 1226 cases were notified in the first 6 months of 2025 alone. Among people starting HIV treatment in 2024, 48% were people who inject drugs, highlighting the disproportionate impact on this group. As new evidence highlights unsafe injecting drug use is a major driver of transmission and exposes urgent gaps in access to prevention and stigma-free care.\nA joint rapid assessment commissioned by the World Health Organization (WHO) and the United Nations Development Programme (UNDP), and funded by The Global Fund, found that many people who inject drugs in Suva face syringe scarcity, unsafe injecting practices and fear of discrimination when seeking health services. The assessment was carried out on the request of Fiji’s Ministry of Health and Medical Services (MHMS) by the Kirby Institute at the University of New South Wales, Fiji National University and the Australian Injecting and Illicit Drug Users League. It underscores the urgent need for harm reduction interventions – particularly needle and syringe programmes (NSPs) – as part of a comprehensive public health response.\nFrom evidence to implementation\nTo support national action, a two-day national workshop was held in Suva to apply the new WHO Operational guide for needle and syringe programmes for people who inject drugs to the Fijian context.\nThe workshop was convened and funded by the United Nations Population Fund (UNFPA), which served as the lead technical agency alongside the Kirby Institute at the University of New South Wales, in collaboration with the Ministry of Health and Medical Services, WHO, the Joint United Nations Programme on HIV/AIDS (UNAIDS), UNDP, and other partners. It brought together government officials, police, religious leaders, pharmacists, clinicians, civil society organ
... [truncated, total 11862 chars]
================================================================================

================================================================================
Article ID: WHO_3d8e2f5bcf32fdf7 | Attempt: 2
Error: Cannot extract valid JSON from response: line 1 column 1 (char 0)
Raw response (11639 chars):
{
"id": "WHO_3d8e2f5bcf32fdf7",
"date_iso": "2026-02-11T00:00:00",
"full_text": "Fiji is taking decisive steps to address a rapidly escalating HIV epidemic. In 2024, 1583 new HIV cases were reported nationally, while 1226 cases were notified in the first 6 months of 2025 alone. Among people starting HIV treatment in 2024, 48% were people who inject drugs, highlighting the disproportionate impact on this group. As new evidence highlights unsafe injecting drug use is a major driver of transmission and exposes urgent gaps in access to prevention and stigma-free care.\nA joint rapid assessment commissioned by the World Health Organization (WHO) and the United Nations Development Programme (UNDP), and funded by The Global Fund, found that many people who inject drugs in Suva face syringe scarcity, unsafe injecting practices and fear of discrimination when seeking health services. The assessment was carried out on the request of Fiji’s Ministry of Health and Medical Services (MHMS) by the Kirby Institute at the University of New South Wales, Fiji National University and the Australian Injecting and Illicit Drug Users League. It underscores the urgent need for harm reduction interventions – particularly needle and syringe programmes (NSPs) – as part of a comprehensive public health response.\nFrom evidence to implementation\nTo support national action, a two-day national workshop was held in Suva to apply the new WHO Operational guide for needle and syringe programmes for people who inject drugs to the Fijian context.\nThe workshop was convened and funded by the United Nations Population Fund (UNFPA), which served as the lead technical agency alongside the Kirby Institute at the University of New South Wales, in collaboration with the Ministry of Health and Medical Services, WHO, the Joint United Nations Programme on HIV/AIDS (UNAIDS), UNDP, and other partners. It brought together government officials, police, religious leaders, pharmacists, clinicians, civil society organ
... [truncated, total 11639 chars]
================================================================================

================================================================================
Article ID: WHO_3d8e2f5bcf32fdf7 | Attempt: 3
Error: Cannot extract valid JSON from response: line 1 column 1 (char 0)
Raw response (11667 chars):
{
"id": "WHO_3d8e2f5bcf32fdf7",
"date_iso": "2026-02-11T00:00:00",
"full_text": "Fiji is taking decisive steps to address a rapidly escalating HIV epidemic. In 2024, 1583 new HIV cases were reported nationally, while 1226 cases were notified in the first 6 months of 2025 alone. Among people starting HIV treatment in 2024, 48% were people who inject drugs, highlighting the disproportionate impact on this group. As new evidence highlights unsafe injecting drug use is a major driver of transmission and exposes urgent gaps in access to prevention and stigma-free care.\nA joint rapid assessment commissioned by the World Health Organization (WHO) and the United Nations Development Programme (UNDP), and funded by The Global Fund, found that many people who inject drugs in Suva face syringe scarcity, unsafe injecting practices and fear of discrimination when seeking health services. The assessment was carried out on the request of Fiji’s Ministry of Health and Medical Services (MHMS) by the Kirby Institute at the University of New South Wales, Fiji National University and the Australian Injecting and Illicit Drug Users League. It underscores the urgent need for harm reduction interventions – particularly needle and syringe programmes (NSPs) – as part of a comprehensive public health response.\nFrom evidence to implementation\nTo support national action, a two-day national workshop was held in Suva to apply the new WHO Operational guide for needle and syringe programmes for people who inject drugs to the Fijian context.\nThe workshop was convened and funded by the United Nations Population Fund (UNFPA), which served as the lead technical agency alongside the Kirby Institute at the University of New South Wales, in collaboration with the Ministry of Health and Medical Services, WHO, the Joint United Nations Programme on HIV/AIDS (UNAIDS), UNDP, and other partners. It brought together government officials, police, religious leaders, pharmacists, clinicians, civil society organ
... [truncated, total 11667 chars]
================================================================================

================================================================================
Article ID: WHO_3d8e2f5bcf32fdf7 | Attempt: 4
Error: Cannot extract valid JSON from response: line 1 column 1 (char 0)
Raw response (11910 chars):
{
"id": "WHO_3d8e2f5bcf32fdf7",
"date_iso": "2026-02-11T00:00:00",
"full_text": "Fiji is taking decisive steps to address a rapidly escalating HIV epidemic. In 2024, 1583 new HIV cases were reported nationally, while 1226 cases were notified in the first 6 months of 2025 alone. Among people starting HIV treatment in 2024, 48% were people who inject drugs, highlighting the disproportionate impact on this group. As new evidence highlights unsafe injecting drug use is a major driver of transmission and exposes urgent gaps in access to prevention and stigma-free care.\nA joint rapid assessment commissioned by the World Health Organization (WHO) and the United Nations Development Programme (UNDP), and funded by The Global Fund, found that many people who inject drugs in Suva face syringe scarcity, unsafe injecting practices and fear of discrimination when seeking health services. The assessment was carried out on the request of Fiji’s Ministry of Health and Medical Services (MHMS) by the Kirby Institute at the University of New South Wales, Fiji National University and the Australian Injecting and Illicit Drug Users League. It underscores the urgent need for harm reduction interventions – particularly needle and syringe programmes (NSPs) – as part of a comprehensive public health response.\nFrom evidence to implementation\nTo support national action, a two-day national workshop was held in Suva to apply the new WHO Operational guide for needle and syringe programmes for people who inject drugs to the Fijian context.\nThe workshop was convened and funded by the United Nations Population Fund (UNFPA), which served as the lead technical agency alongside the Kirby Institute at the University of New South Wales, in collaboration with the Ministry of Health and Medical Services, WHO, the Joint United Nations Programme on HIV/AIDS (UNAIDS), UNDP, and other partners. It brought together government officials, police, religious leaders, pharmacists, clinicians, civil society organ
... [truncated, total 11910 chars]
================================================================================

================================================================================
Article ID: WHO_d8116f8ada65a703 | Attempt: 1
Error: Cannot extract valid JSON from response: line 1 column 1 (char 0)
Raw response (10625 chars):
{
"id": "WHO_d8116f8ada65a703",
"date_iso": "2026-02-09T00:00:00",
"full_text": "WHO welcomed a delegation of parliamentarians to its headquarters in Geneva on 20 January 2026 for a high-level dialogue on advancing women’s health, strengthening sexual and reproductive health and rights (SRHR), addressing the growing burden of noncommunicable diseases (NCDs) and the future of global health cooperation.\nConvened by the Konrad-Adenauer-Stiftung (KAS) and the UNITE Parliamentarians Network for Global Health, the exchange brought together parliamentarians from Albania, Germany, Georgia, Mexico, Slovakia, South Africa, Sri Lanka, Sweden and Zimbabwe.\nAdvancing women’s health through integrated approaches\nA central theme throughout the dialogue was the need to move beyond fragmented approaches to women’s health. Dr Alia El-Yassir, WHO Director for Gender, Equity and Diversity, highlighted that women’s health outcomes are shaped by gender inequalities, social norms and structural barriers that persist across the life course, requiring coordinated and integrated action across health systems to address these determinants.\nThirty years after the Beijing Declaration and Platform for Action – a landmark global framework adopted in 1995 to advance gender equality and women’s rights – Dr Anna Coates, WHO Gender Equality Technical Lead, noted that progress on women’s health remains uneven globally. She highlighted the need for health systems that are more gender-responsive and capable of addressing women’s health holistically across the life course.\nParliamentarians underscored that health is inseparable from broader social and economic policies, calling for stronger links between evidence, legislation and measurable impact at country level.\nSexual and reproductive health and rights across the life course\nThe dialogue also focused on SRHR, where parliamentarians expressed strong interest in engaging on issues that directly affect their constituents.\nDr Pascale Allotey, Dire
... [truncated, total 10625 chars]
================================================================================

================================================================================
Article ID: WHO_d8116f8ada65a703 | Attempt: 2
Error: Cannot extract valid JSON from response: line 1 column 1 (char 0)
Raw response (10556 chars):
{
"id": "WHO_d8116f8ada65a703",
"date_iso": "2026-02-09T00:00:00",
"full_text": "WHO welcomed a delegation of parliamentarians to its headquarters in Geneva on 20 January 2026 for a high-level dialogue on advancing women’s health, strengthening sexual and reproductive health and rights (SRHR), addressing the growing burden of noncommunicable diseases (NCDs) and the future of global health cooperation.\nConvened by the Konrad-Adenauer-Stiftung (KAS) and the UNITE Parliamentarians Network for Global Health, the exchange brought together parliamentarians from Albania, Germany, Georgia, Mexico, Slovakia, South Africa, Sri Lanka, Sweden and Zimbabwe.\nAdvancing women’s health through integrated approaches\nA central theme throughout the dialogue was the need to move beyond fragmented approaches to women’s health. Dr Alia El-Yassir, WHO Director for Gender, Equity and Diversity, highlighted that women’s health outcomes are shaped by gender inequalities, social norms and structural barriers that persist across the life course, requiring coordinated and integrated action across health systems to address these determinants.\nThirty years after the Beijing Declaration and Platform for Action – a landmark global framework adopted in 1995 to advance gender equality and women’s rights – Dr Anna Coates, WHO Gender Equality Technical Lead, noted that progress on women’s health remains uneven globally. She highlighted the need for health systems that are more gender-responsive and capable of addressing women’s health holistically across the life course.\nParliamentarians underscored that health is inseparable from broader social and economic policies, calling for stronger links between evidence, legislation and measurable impact at country level.\nSexual and reproductive health and rights across the life course\nThe dialogue also focused on SRHR, where parliamentarians expressed strong interest in engaging on issues that directly affect their constituents.\nDr Pascale Allotey, Dire
... [truncated, total 10556 chars]
================================================================================

================================================================================
Article ID: WHO_d8116f8ada65a703 | Attempt: 3
Error: Cannot extract valid JSON from response: line 1 column 1 (char 0)
Raw response (10737 chars):
{
"id": "WHO_d8116f8ada65a703",
"date_iso": "2026-02-09T00:00:00",
"full_text": "WHO welcomed a delegation of parliamentarians to its headquarters in Geneva on 20 January 2026 for a high-level dialogue on advancing women’s health, strengthening sexual and reproductive health and rights (SRHR), addressing the growing burden of noncommunicable diseases (NCDs) and the future of global health cooperation.\nConvened by the Konrad-Adenauer-Stiftung (KAS) and the UNITE Parliamentarians Network for Global Health, the exchange brought together parliamentarians from Albania, Germany, Georgia, Mexico, Slovakia, South Africa, Sri Lanka, Sweden and Zimbabwe.\nAdvancing women’s health through integrated approaches\nA central theme throughout the dialogue was the need to move beyond fragmented approaches to women’s health. Dr Alia El-Yassir, WHO Director for Gender, Equity and Diversity, highlighted that women’s health outcomes are shaped by gender inequalities, social norms and structural barriers that persist across the life course, requiring coordinated and integrated action across health systems to address these determinants.\nThirty years after the Beijing Declaration and Platform for Action – a landmark global framework adopted in 1995 to advance gender equality and women’s rights – Dr Anna Coates, WHO Gender Equality Technical Lead, noted that progress on women’s health remains uneven globally. She highlighted the need for health systems that are more gender-responsive and capable of addressing women’s health holistically across the life course.\nParliamentarians underscored that health is inseparable from broader social and economic policies, calling for stronger links between evidence, legislation and measurable impact at country level.\nSexual and reproductive health and rights across the life course\nThe dialogue also focused on SRHR, where parliamentarians expressed strong interest in engaging on issues that directly affect their constituents.\nDr Pascale Allotey, Dire
... [truncated, total 10737 chars]
================================================================================

================================================================================
Article ID: WHO_d8116f8ada65a703 | Attempt: 4
Error: Cannot extract valid JSON from response: line 1 column 1 (char 0)
Raw response (10834 chars):
{
"id": "WHO_d8116f8ada65a703",
"date_iso": "2026-02-09T00:00:00",
"full_text": "WHO welcomed a delegation of parliamentarians to its headquarters in Geneva on 20 January 2026 for a high-level dialogue on advancing women’s health, strengthening sexual and reproductive health and rights (SRHR), addressing the growing burden of noncommunicable diseases (NCDs) and the future of global health cooperation.\nConvened by the Konrad-Adenauer-Stiftung (KAS) and the UNITE Parliamentarians Network for Global Health, the exchange brought together parliamentarians from Albania, Germany, Georgia, Mexico, Slovakia, South Africa, Sri Lanka, Sweden and Zimbabwe.\nAdvancing women’s health through integrated approaches\nA central theme throughout the dialogue was the need to move beyond fragmented approaches to women’s health. Dr Alia El-Yassir, WHO Director for Gender, Equity and Diversity, highlighted that women’s health outcomes are shaped by gender inequalities, social norms and structural barriers that persist across the life course, requiring coordinated and integrated action across health systems to address these determinants.\nThirty years after the Beijing Declaration and Platform for Action – a landmark global framework adopted in 1995 to advance gender equality and women’s rights – Dr Anna Coates, WHO Gender Equality Technical Lead, noted that progress on women’s health remains uneven globally. She highlighted the need for health systems that are more gender-responsive and capable of addressing women’s health holistically across the life course.\nParliamentarians underscored that health is inseparable from broader social and economic policies, calling for stronger links between evidence, legislation and measurable impact at country level.\nSexual and reproductive health and rights across the life course\nThe dialogue also focused on SRHR, where parliamentarians expressed strong interest in engaging on issues that directly affect their constituents.\nDr Pascale Allotey, Dire
... [truncated, total 10834 chars]
================================================================================

================================================================================
Article ID: WHO_d8116f8ada65a703 | Attempt: 5
Error: Cannot extract valid JSON from response: line 1 column 1 (char 0)
Raw response (10860 chars):
{
"id": "WHO_d8116f8ada65a703",
"date_iso": "2026-02-09T00:00:00",
"full_text": "WHO welcomed a delegation of parliamentarians to its headquarters in Geneva on 20 January 2026 for a high-level dialogue on advancing women’s health, strengthening sexual and reproductive health and rights (SRHR), addressing the growing burden of noncommunicable diseases (NCDs) and the future of global health cooperation.\nConvened by the Konrad-Adenauer-Stiftung (KAS) and the UNITE Parliamentarians Network for Global Health, the exchange brought together parliamentarians from Albania, Germany, Georgia, Mexico, Slovakia, South Africa, Sri Lanka, Sweden and Zimbabwe.\nAdvancing women’s health through integrated approaches\nA central theme throughout the dialogue was the need to move beyond fragmented approaches to women’s health. Dr Alia El-Yassir, WHO Director for Gender, Equity and Diversity, highlighted that women’s health outcomes are shaped by gender inequalities, social norms and structural barriers that persist across the life course, requiring coordinated and integrated action across health systems to address these determinants.\nThirty years after the Beijing Declaration and Platform for Action – a landmark global framework adopted in 1995 to advance gender equality and women’s rights – Dr Anna Coates, WHO Gender Equality Technical Lead, noted that progress on women’s health remains uneven globally. She highlighted the need for health systems that are more gender-responsive and capable of addressing women’s health holistically across the life course.\nParliamentarians underscored that health is inseparable from broader social and economic policies, calling for stronger links between evidence, legislation and measurable impact at country level.\nSexual and reproductive health and rights across the life course\nThe dialogue also focused on SRHR, where parliamentarians expressed strong interest in engaging on issues that directly affect their constituents.\nDr Pascale Allotey, Dire
... [truncated, total 10860 chars]
================================================================================

================================================================================
Article ID: WHO_2712068c3e6384a0 | Attempt: 1
Error: Cannot extract valid JSON from response: line 1 column 1 (char 0)
Raw response (9164 chars):
{
"id": "WHO_2712068c3e6384a0",
"date_iso": "2026-02-10T00:00:00",
"full_text": "A survivor-founded movement Teal Asia mobilizes communities across Malaysia through a week of action, partnership, and awareness.\nTo mark the first official World Cervical Cancer Elimination Day on 17 November, cervical cancer survivor and patient advocate Selina Yeop Jr launched Teal Asia, the country’s first peer-to-peer cervical cancer support movement, alongside a week-long series of activities across Malaysia.\nTeal Asia was created to ensure that no woman faces cervical cancer alone. The movement focuses on education, peer support, and collaboration – helping communities better understand prevention, screening, and early detection, and encouraging women and families to seek timely care.\nA week of action across communities\nFrom 17–21 November, Teal Asia’s programme engaged a wide range of audiences through activities designed to meet people where they are, across workplaces, sports, community spaces, and creative platforms, while keeping cervical cancer prevention and care at the centre.\nThe week began with the official launch of Teal Asia, marking a public commitment to sustained survivor-led advocacy in Malaysia and setting the tone for collective action.\nTeal Tuesday encouraged corporate solidarity, inviting workplaces and professional networks to wear teal as a visible sign of support for cervical cancer elimination and to help spark conversations about prevention and screening in everyday settings.\nCommunity engagement continued through padel and pickleball charity tournaments, using sport to bring women and men together around health, well-being, and shared responsibility for prevention.\nOn Teal Thursday, an event titled “Men Matter Too” created space to engage male allies, recognizing the role men play as partners, family members, and advocates in supporting women’s health decisions and challenging stigma around cervical cancer.\nThe week concluded with a finale fashi
... [truncated, total 9164 chars]
================================================================================

================================================================================
Article ID: WHO_2712068c3e6384a0 | Attempt: 2
Error: Cannot extract valid JSON from response: line 1 column 1 (char 0)
Raw response (9122 chars):
{
"id": "WHO_2712068c3e6384a0",
"date_iso": "2026-02-10T00:00:00",
"full_text": "A survivor-founded movement Teal Asia mobilizes communities across Malaysia through a week of action, partnership, and awareness.\nTo mark the first official World Cervical Cancer Elimination Day on 17 November, cervical cancer survivor and patient advocate Selina Yeop Jr launched Teal Asia, the country’s first peer-to-peer cervical cancer support movement, alongside a week-long series of activities across Malaysia.\nTeal Asia was created to ensure that no woman faces cervical cancer alone. The movement focuses on education, peer support, and collaboration – helping communities better understand prevention, screening, and early detection, and encouraging women and families to seek timely care.\nA week of action across communities\nFrom 17–21 November, Teal Asia’s programme engaged a wide range of audiences through activities designed to meet people where they are, across workplaces, sports, community spaces, and creative platforms, while keeping cervical cancer prevention and care at the centre.\nThe week began with the official launch of Teal Asia, marking a public commitment to sustained survivor-led advocacy in Malaysia and setting the tone for collective action.\nTeal Tuesday encouraged corporate solidarity, inviting workplaces and professional networks to wear teal as a visible sign of support for cervical cancer elimination and to help spark conversations about prevention and screening in everyday settings.\nCommunity engagement continued through padel and pickleball charity tournaments, using sport to bring women and men together around health, well-being, and shared responsibility for prevention.\nOn Teal Thursday, an event titled “Men Matter Too” created space to engage male allies, recognizing the role men play as partners, family members, and advocates in supporting women’s health decisions and challenging stigma around cervical cancer.\nThe week concluded with a finale fashi
... [truncated, total 9122 chars]
================================================================================

================================================================================
Article ID: WHO_2712068c3e6384a0 | Attempt: 3
Error: Cannot extract valid JSON from response: line 1 column 1 (char 0)
Raw response (8967 chars):
{
"id": "WHO_2712068c3e6384a0",
"date_iso": "2026-02-10T00:00:00",
"full_text": "A survivor-founded movement Teal Asia mobilizes communities across Malaysia through a week of action, partnership, and awareness.\nTo mark the first official World Cervical Cancer Elimination Day on 17 November, cervical cancer survivor and patient advocate Selina Yeop Jr launched Teal Asia, the country’s first peer-to-peer cervical cancer support movement, alongside a week-long series of activities across Malaysia.\nTeal Asia was created to ensure that no woman faces cervical cancer alone. The movement focuses on education, peer support, and collaboration – helping communities better understand prevention, screening, and early detection, and encouraging women and families to seek timely care.\nA week of action across communities\nFrom 17–21 November, Teal Asia’s programme engaged a wide range of audiences through activities designed to meet people where they are, across workplaces, sports, community spaces, and creative platforms, while keeping cervical cancer prevention and care at the centre.\nThe week began with the official launch of Teal Asia, marking a public commitment to sustained survivor-led advocacy in Malaysia and setting the tone for collective action.\nTeal Tuesday encouraged corporate solidarity, inviting workplaces and professional networks to wear teal as a visible sign of support for cervical cancer elimination and to help spark conversations about prevention and screening in everyday settings.\nCommunity engagement continued through padel and pickleball charity tournaments, using sport to bring women and men together around health, well-being, and shared responsibility for prevention.\nOn Teal Thursday, an event titled “Men Matter Too” created space to engage male allies, recognizing the role men play as partners, family members, and advocates in supporting women’s health decisions and challenging stigma around cervical cancer.\nThe week concluded with a finale fashi
... [truncated, total 8967 chars]
================================================================================

================================================================================
Article ID: WHO_2712068c3e6384a0 | Attempt: 4
Error: Cannot extract valid JSON from response: line 1 column 1 (char 0)
Raw response (8974 chars):
{
"id": "WHO_2712068c3e6384a0",
"date_iso": "2026-02-10T00:00:00",
"full_text": "A survivor-founded movement Teal Asia mobilizes communities across Malaysia through a week of action, partnership, and awareness.\nTo mark the first official World Cervical Cancer Elimination Day on 17 November, cervical cancer survivor and patient advocate Selina Yeop Jr launched Teal Asia, the country’s first peer-to-peer cervical cancer support movement, alongside a week-long series of activities across Malaysia.\nTeal Asia was created to ensure that no woman faces cervical cancer alone. The movement focuses on education, peer support, and collaboration – helping communities better understand prevention, screening, and early detection, and encouraging women and families to seek timely care.\nA week of action across communities\nFrom 17–21 November, Teal Asia’s programme engaged a wide range of audiences through activities designed to meet people where they are, across workplaces, sports, community spaces, and creative platforms, while keeping cervical cancer prevention and care at the centre.\nThe week began with the official launch of Teal Asia, marking a public commitment to sustained survivor-led advocacy in Malaysia and setting the tone for collective action.\nTeal Tuesday encouraged corporate solidarity, inviting workplaces and professional networks to wear teal as a visible sign of support for cervical cancer elimination and to help spark conversations about prevention and screening in everyday settings.\nCommunity engagement continued through padel and pickleball charity tournaments, using sport to bring women and men together around health, well-being, and shared responsibility for prevention.\nOn Teal Thursday, an event titled “Men Matter Too” created space to engage male allies, recognizing the role men play as partners, family members, and advocates in supporting women’s health decisions and challenging stigma around cervical cancer.\nThe week concluded with a finale fashi
... [truncated, total 8974 chars]
================================================================================

================================================================================
Article ID: WHO_2712068c3e6384a0 | Attempt: 5
Error: Cannot extract valid JSON from response: line 1 column 1 (char 0)
Raw response (8862 chars):
{
"id": "WHO_2712068c3e6384a0",
"date_iso": "2026-02-10T00:00:00",
"full_text": "A survivor-founded movement Teal Asia mobilizes communities across Malaysia through a week of action, partnership, and awareness.\nTo mark the first official World Cervical Cancer Elimination Day on 17 November, cervical cancer survivor and patient advocate Selina Yeop Jr launched Teal Asia, the country’s first peer-to-peer cervical cancer support movement, alongside a week-long series of activities across Malaysia.\nTeal Asia was created to ensure that no woman faces cervical cancer alone. The movement focuses on education, peer support, and collaboration – helping communities better understand prevention, screening, and early detection, and encouraging women and families to seek timely care.\nA week of action across communities\nFrom 17–21 November, Teal Asia’s programme engaged a wide range of audiences through activities designed to meet people where they are, across workplaces, sports, community spaces, and creative platforms, while keeping cervical cancer prevention and care at the centre.\nThe week began with the official launch of Teal Asia, marking a public commitment to sustained survivor-led advocacy in Malaysia and setting the tone for collective action.\nTeal Tuesday encouraged corporate solidarity, inviting workplaces and professional networks to wear teal as a visible sign of support for cervical cancer elimination and to help spark conversations about prevention and screening in everyday settings.\nCommunity engagement continued through padel and pickleball charity tournaments, using sport to bring women and men together around health, well-being, and shared responsibility for prevention.\nOn Teal Thursday, an event titled “Men Matter Too” created space to engage male allies, recognizing the role men play as partners, family members, and advocates in supporting women’s health decisions and challenging stigma around cervical cancer.\nThe week concluded with a finale fashi
... [truncated, total 8862 chars]
================================================================================

================================================================================
Article ID: WHO_bb1049dfb830c5f0 | Attempt: 1
Error: Cannot extract valid JSON from response: line 1 column 1 (char 0)
Raw response (10615 chars):
{
"id": "WHO_bb1049dfb830c5f0",
"date_iso": "2026-01-31T00:00:00",
"full_text": "With over 1 billion people on the move worldwide, including 117 million forcibly displaced, migration is profoundly reshaping health systems and intensifying the need for inclusive and resilient responses. Despite global efforts, refugees and migrants still face health risks and systemic barriers including legal, linguistic, financial and social obstacles. Fragmented services, workforce shortages and governance gaps further hinder continuity of care. Addressing these challenges requires bold leadership and coordinated action to advance health for all.\nFrom 9–11 December 2025, WHO convened the sixth edition of its flagship Global School on Refugee and Migrant Healt h in Geneva under the theme Leadership in health and migration: Policies and actions across countries . This knowledge-sharing and capacity-strengthening event brought together 1200 participants from 143 countries, including representatives from governments, international organizations, academia and civil society. Through high-level keynote addresses, country case studies and live panel discussions, the School created a unique space for shared solutions and evidence-informed strategies to integrate refugee and migrant health into universal health coverage (UHC), strengthen primary health care (PHC) and advance mental health and psychosocial support (MHPSS).\n“The health challenges faced by refugees and migrants cannot be addressed through humanitarian action alone,” said Dr Tedros Adhanom Ghebreyesus, WHO Director-General, in a video message. “Around the world, WHO is supporting countries to build the evidence, capacity, and tools to develop sustainable, equitable services for migrants and refugees.”\nLeadership in health and migration\nAcross the three days, leadership emerged not as an abstract concept but as governance in action. Country examples demonstrated how policy principles can be translated into life-saving systems
... [truncated, total 10615 chars]
================================================================================

================================================================================
Article ID: WHO_593e8296ac7a6419 | Attempt: 1
Error: Cannot extract valid JSON from response: line 1 column 1 (char 0)
Raw response (11310 chars):
{
"id": "WHO_593e8296ac7a6419",
"date_iso": "2026-01-30T00:00:00",
"full_text": "Global regulatory leaders reaffirmed the critical role of antimicrobial labelling for appropriate use and disposal in the global response to antimicrobial resistance (AMR) at the Second Global Regulatory Authorities Summit on AMR from 14-15 January 2026. The leaders concluded that clear, practical and enforceable labelling requirements can deliver significant public health gains across human, animal and environmental sectors with a One Health approach.\nConvened by the Quadripartite Joint Secretariat on AMR, the Summit brought together more than 200 participants from national and regional regulatory authorities across human health, animal health, and environmental sectors, together with international organizations and technical partners. Discussions reflected global, regional and national regulatory perspectives, highlighting diverse implementation contexts and shared practices and challenges.\nDr Thanawat Tiensin, Assistant Director-General and Chief Veterinarian of the Food and Agriculture Organization of the United Nations (FAO), highlighted the importance of regulatory strengthening in agri-food systems. \"Strengthening the regulatory practices for medicines in general, and antimicrobials in particular, is one area that we need to focus on, and indeed, proper regulations of antimicrobial medicines throughout their life cycle require action across various sectors. The agri-food system is everyone's business, and it is a benefit for all of us.\"\nIn his opening remarks, WHO Director-General Dr Tedros Adhanom Ghebreyesus emphasized the critical role of regulators. “As regulators, you play a vital role in translating the political commitments countries have made into real-world practice. Labelling is a powerful tool to do that, by providing clear information on indications, dosage, side effects, and storage conditions. It can also promote safe use across sectors and support responsible 
... [truncated, total 11310 chars]
================================================================================

================================================================================
Article ID: WHO_6b28afc594c445ae | Attempt: 1
Error: Cannot extract valid JSON from response: line 1 column 1 (char 0)
Raw response (10843 chars):
{
"id": "WHO_6b28afc594c445ae",
"date_iso": "2026-01-30T00:00:00",
"full_text": "In 2025, countries across three WHO regions put their International Health Regulations (IHR) capacities to the test through region-wide simulation exercises, sharpening their ability to detect, report, and respond to public health threats with international impact.\nThese exercises – South-East Asia Regional Practice of All-Hazard IHR Event Communications (SAPHIRE), Joint Assessment and Detection of Events (JADE) in the European Region, and IHR Exercise Crystal in the Western Pacific Region – bring together National Focal Points (NFPs), who play a critical role under the IHR in safeguarding global health security. These annual exercises stress-test IHR event communication procedures and contingency plans, demonstrating a sustained commitment by countries to strengthening preparedness and learning.\nSAPHIRE Exercise\nSAPHIRE 2025, held in July, gathered more than 190 experts from 10 countries from the WHO South-East Asia Region to simulate a potential public health emergency of international concern arising from a food safety incident. Conducted through email-based injects with a virtual debrief, the exercise tested the operational readiness of NFPs and International Food Safety Authorities Network (INFOSAN) Emergency Contact Points and their event communication to the WHO IHR contact point in real time. Participants practiced applying IHR Annex 2 and INFOSAN criteria, using institutional communication channels and drafting essential event-related documents. The exercise revealed improved clarity of roles, stronger cross-sectoral coordination and better access to the Event Information Site (EIS) – WHO’s platform to inform countries about consequential public health events – compared to previous years. SAPHIRE’s structured self-review process and country-specific feedback reports will guide targeted capacity-building efforts across the region.\nDr Buddha Nilesh, the Regional Emergency Dir
... [truncated, total 10843 chars]
================================================================================

================================================================================
Article ID: WHO_6b28afc594c445ae | Attempt: 2
Error: Cannot extract valid JSON from response: line 1 column 1 (char 0)
Raw response (10527 chars):
{
"id": "WHO_6b28afc594c445ae",
"date_iso": "2026-01-30T00:00:00",
"full_text": "In 2025, countries across three WHO regions put their International Health Regulations (IHR) capacities to the test through region-wide simulation exercises, sharpening their ability to detect, report, and respond to public health threats with international impact.\nThese exercises – South-East Asia Regional Practice of All-Hazard IHR Event Communications (SAPHIRE), Joint Assessment and Detection of Events (JADE) in the European Region, and IHR Exercise Crystal in the Western Pacific Region – bring together National Focal Points (NFPs), who play a critical role under the IHR in safeguarding global health security. These annual exercises stress-test IHR event communication procedures and contingency plans, demonstrating a sustained commitment by countries to strengthening preparedness and learning.\nSAPHIRE Exercise\nSAPHIRE 2025, held in July, gathered more than 190 experts from 10 countries from the WHO South-East Asia Region to simulate a potential public health emergency of international concern arising from a food safety incident. Conducted through email-based injects with a virtual debrief, the exercise tested the operational readiness of NFPs and International Food Safety Authorities Network (INFOSAN) Emergency Contact Points and their event communication to the WHO IHR contact point in real time. Participants practiced applying IHR Annex 2 and INFOSAN criteria, using institutional communication channels and drafting essential event-related documents. The exercise revealed improved clarity of roles, stronger cross-sectoral coordination and better access to the Event Information Site (EIS) – WHO’s platform to inform countries about consequential public health events – compared to previous years. SAPHIRE’s structured self-review process and country-specific feedback reports will guide targeted capacity-building efforts across the region.\nDr Buddha Nilesh, the Regional Emergency Dir
... [truncated, total 10527 chars]
================================================================================

================================================================================
Article ID: WHO_8e661cee832ee6cf | Attempt: 1
Error: Cannot extract valid JSON from response: line 1 column 1 (char 0)
Raw response (7865 chars):
{
"id": "WHO_8e661cee832ee6cf",
"date_iso": "2025-12-19T00:00:00",
"full_text": "In support of cancer control efforts in countries around the world, the WHO Academy has today launched a course on National Cancer Control Planning for Programme Managers . The course is intended for those involved in strategic planning on cancer at national and sub-national levels, including policymakers, technical experts, funding and civil society partners among other stakeholders. The course provides learners with the requisite knowledge, skills and competencies for effective leadership and governance and the formulation of evidence-based national cancer control plans that are context-specific and feasible to implement. It emphasizes the need for alignment with other health programmes and integration within the broader ministerial health strategy.\n“Strong national cancer control plans are essential for preventing cancer, addressing treatment needs, and improving the well-being of people affected by cancer. This WHO Academy course equips programme managers with the practical skills needed to develop evidence-based, costed and implementable plans aligned with broader health system priorities” shared Alarcos Cieza, Unit Head, Management of Noncommunicable Diseases (NCD) Unit at the Department of NCDs and Mental Health, WHO, Headquarters.\nA global review of national cancer control plans found that although 80% of countries have developed NCCPs, significant gaps remain in their implementation, with just 30% incorporating prevention strategies, 48% with Specific, Measurable, Achievable, Relevant and Time-bound (SMART) objectives and three quarters unfunded. Inherent gaps in the quality of NCCPs affects delivery of cancer services, derailing progress in reducing the burden of cancer and improving the quality of life for cancer patients. Evidence shows that well-organized NCCPs linked to strong governance mechanisms can improve cancer outcomes.\nThe new course introduces the learner to th
... [truncated, total 7865 chars]
================================================================================

================================================================================
Article ID: WHO_267595d804e07620 | Attempt: 1
Error: Cannot extract valid JSON from response: line 1 column 1 (char 0)
Raw response (12565 chars):
{
"id": "WHO_267595d804e07620",
"date_iso": "2025-12-19T00:00:00",
"full_text": "FAO, UNICEF, WFP and WHO say hunger, malnutrition, disease and the scale of agricultural destruction remain alarmingly high\nThe latest Integrated Food Security Phase Classification (IPC) analysis for Gaza confirms that no areas of the Strip are currently classified in famine following the October ceasefire and improved humanitarian and commercial access. This welcome progress remains extremely fragile as the population continues to struggle with massive infrastructure destruction and collapsed livelihoods and local food production, given restrictions on humanitarian operations.\nWithout sustained, large-scale expansion of food, livelihood, agriculture and health assistance, together with increased commercial inflows, hundreds of thousands of people could rapidly slip back into famine, the Food and Agriculture Organization of the United Nations (FAO), UNICEF, the World Food Programme (WFP), and the World Health Organization (WHO) warned today.\nAccording to the new IPC report, at least 1.6 million people – or 77 per cent of the population – are still facing high levels of acute food insecurity in the Gaza Strip, including over 100 000 children and 37 000 pregnant and breastfeeding women projected to suffer acute malnutrition through April next year. Four governorates (North Gaza, Gaza Governorate, Deir al-Balah, and Khan Younis) are currently classified in Emergency (IPC Phase 4) through April 2026, with Gaza Governorate downgraded from the previous Famine classification. This phase still indicates severe food insecurity marked by large food consumption gaps, high levels of acute malnutrition, and an elevated risk of mortality.\nWhile the ceasefire has improved some deliveries of food, animal feed, basic supplies and essential commercial imports into Gaza, leading to an improvement in access to food for some households, most families are still grappling with severe shortages. Since the 
... [truncated, total 12565 chars]
================================================================================

================================================================================
Article ID: WHO_267595d804e07620 | Attempt: 2
Error: Cannot extract valid JSON from response: line 1 column 1 (char 0)
Raw response (12803 chars):
{
"id": "WHO_267595d804e07620",
"date_iso": "2025-12-19T00:00:00",
"full_text": "FAO, UNICEF, WFP and WHO say hunger, malnutrition, disease and the scale of agricultural destruction remain alarmingly high\nThe latest Integrated Food Security Phase Classification (IPC) analysis for Gaza confirms that no areas of the Strip are currently classified in famine following the October ceasefire and improved humanitarian and commercial access. This welcome progress remains extremely fragile as the population continues to struggle with massive infrastructure destruction and collapsed livelihoods and local food production, given restrictions on humanitarian operations.\nWithout sustained, large-scale expansion of food, livelihood, agriculture and health assistance, together with increased commercial inflows, hundreds of thousands of people could rapidly slip back into famine, the Food and Agriculture Organization of the United Nations (FAO), UNICEF, the World Food Programme (WFP), and the World Health Organization (WHO) warned today.\nAccording to the new IPC report, at least 1.6 million people – or 77 per cent of the population – are still facing high levels of acute food insecurity in the Gaza Strip, including over 100 000 children and 37 000 pregnant and breastfeeding women projected to suffer acute malnutrition through April next year. Four governorates (North Gaza, Gaza Governorate, Deir al-Balah, and Khan Younis) are currently classified in Emergency (IPC Phase 4) through April 2026, with Gaza Governorate downgraded from the previous Famine classification. This phase still indicates severe food insecurity marked by large food consumption gaps, high levels of acute malnutrition, and an elevated risk of mortality.\nWhile the ceasefire has improved some deliveries of food, animal feed, basic supplies and essential commercial imports into Gaza, leading to an improvement in access to food for some households, most families are still grappling with severe shortages. Since the 
... [truncated, total 12803 chars]
================================================================================

================================================================================
Article ID: WHO_267595d804e07620 | Attempt: 3
Error: Cannot extract valid JSON from response: line 1 column 1 (char 0)
Raw response (12477 chars):
{
"id": "WHO_267595d804e07620",
"date_iso": "2025-12-19T00:00:00",
"full_text": "FAO, UNICEF, WFP and WHO say hunger, malnutrition, disease and the scale of agricultural destruction remain alarmingly high\nThe latest Integrated Food Security Phase Classification (IPC) analysis for Gaza confirms that no areas of the Strip are currently classified in famine following the October ceasefire and improved humanitarian and commercial access. This welcome progress remains extremely fragile as the population continues to struggle with massive infrastructure destruction and collapsed livelihoods and local food production, given restrictions on humanitarian operations.\nWithout sustained, large-scale expansion of food, livelihood, agriculture and health assistance, together with increased commercial inflows, hundreds of thousands of people could rapidly slip back into famine, the Food and Agriculture Organization of the United Nations (FAO), UNICEF, the World Food Programme (WFP), and the World Health Organization (WHO) warned today.\nAccording to the new IPC report, at least 1.6 million people – or 77 per cent of the population – are still facing high levels of acute food insecurity in the Gaza Strip, including over 100 000 children and 37 000 pregnant and breastfeeding women projected to suffer acute malnutrition through April next year. Four governorates (North Gaza, Gaza Governorate, Deir al-Balah, and Khan Younis) are currently classified in Emergency (IPC Phase 4) through April 2026, with Gaza Governorate downgraded from the previous Famine classification. This phase still indicates severe food insecurity marked by large food consumption gaps, high levels of acute malnutrition, and an elevated risk of mortality.\nWhile the ceasefire has improved some deliveries of food, animal feed, basic supplies and essential commercial imports into Gaza, leading to an improvement in access to food for some households, most families are still grappling with severe shortages. Since the 
... [truncated, total 12477 chars]
================================================================================

================================================================================
Article ID: WHO_267595d804e07620 | Attempt: 4
Error: Cannot extract valid JSON from response: line 1 column 1 (char 0)
Raw response (12706 chars):
{
"id": "WHO_267595d804e07620",
"date_iso": "2025-12-19T00:00:00",
"full_text": "FAO, UNICEF, WFP and WHO say hunger, malnutrition, disease and the scale of agricultural destruction remain alarmingly high\nThe latest Integrated Food Security Phase Classification (IPC) analysis for Gaza confirms that no areas of the Strip are currently classified in famine following the October ceasefire and improved humanitarian and commercial access. This welcome progress remains extremely fragile as the population continues to struggle with massive infrastructure destruction and collapsed livelihoods and local food production, given restrictions on humanitarian operations.\nWithout sustained, large-scale expansion of food, livelihood, agriculture and health assistance, together with increased commercial inflows, hundreds of thousands of people could rapidly slip back into famine, the Food and Agriculture Organization of the United Nations (FAO), UNICEF, the World Food Programme (WFP), and the World Health Organization (WHO) warned today.\nAccording to the new IPC report, at least 1.6 million people – or 77 per cent of the population – are still facing high levels of acute food insecurity in the Gaza Strip, including over 100 000 children and 37 000 pregnant and breastfeeding women projected to suffer acute malnutrition through April next year. Four governorates (North Gaza, Gaza Governorate, Deir al-Balah, and Khan Younis) are currently classified in Emergency (IPC Phase 4) through April 2026, with Gaza Governorate downgraded from the previous Famine classification. This phase still indicates severe food insecurity marked by large food consumption gaps, high levels of acute malnutrition, and an elevated risk of mortality.\nWhile the ceasefire has improved some deliveries of food, animal feed, basic supplies and essential commercial imports into Gaza, leading to an improvement in access to food for some households, most families are still grappling with severe shortages. Since the 
... [truncated, total 12706 chars]
================================================================================

================================================================================
Article ID: WHO_267595d804e07620 | Attempt: 5
Error: Cannot extract valid JSON from response: line 1 column 1 (char 0)
Raw response (12332 chars):
{
"id": "WHO_267595d804e07620",
"date_iso": "2025-12-19T00:00:00",
"full_text": "FAO, UNICEF, WFP and WHO say hunger, malnutrition, disease and the scale of agricultural destruction remain alarmingly high\nThe latest Integrated Food Security Phase Classification (IPC) analysis for Gaza confirms that no areas of the Strip are currently classified in famine following the October ceasefire and improved humanitarian and commercial access. This welcome progress remains extremely fragile as the population continues to struggle with massive infrastructure destruction and collapsed livelihoods and local food production, given restrictions on humanitarian operations.\nWithout sustained, large-scale expansion of food, livelihood, agriculture and health assistance, together with increased commercial inflows, hundreds of thousands of people could rapidly slip back into famine, the Food and Agriculture Organization of the United Nations (FAO), UNICEF, the World Food Programme (WFP), and the World Health Organization (WHO) warned today.\nAccording to the new IPC report, at least 1.6 million people – or 77 per cent of the population – are still facing high levels of acute food insecurity in the Gaza Strip, including over 100 000 children and 37 000 pregnant and breastfeeding women projected to suffer acute malnutrition through April next year. Four governorates (North Gaza, Gaza Governorate, Deir al-Balah, and Khan Younis) are currently classified in Emergency (IPC Phase 4) through April 2026, with Gaza Governorate downgraded from the previous Famine classification. This phase still indicates severe food insecurity marked by large food consumption gaps, high levels of acute malnutrition, and an elevated risk of mortality.\nWhile the ceasefire has improved some deliveries of food, animal feed, basic supplies and essential commercial imports into Gaza, leading to an improvement in access to food for some households, most families are still grappling with severe shortages. Since the 
... [truncated, total 12332 chars]
================================================================================

================================================================================
Article ID: WHO_a0fa98d0ca2695f9 | Attempt: 1
Error: Cannot extract valid JSON from response: line 1 column 1 (char 0)
Raw response (10010 chars):
{
"id": "WHO_a0fa98d0ca2695f9",
"date_iso": "2025-12-19T00:00:00",
"full_text": "Your Excellency Prime Minister Modi,\nExcellencies, Ministers, distinguished leaders, dear colleagues and friends,\nNamaste.\nI extend my deepest appreciation to the Government and people of India – and in particular to Prime Minister Modi – for hosting this Summit, and for his unwavering, continued leadership and partnership.\nYour Excellency, your vision of “One Earth, One Health” encapsulates the principles of traditional medicine:\nBalance between people and nature;\nAn emphasis on prevention over cure,\nAnd health as a shared responsibility.\nIt aligns powerfully with WHO’s mission to promote health equity, sustainability, and resilience.\nUnder your leadership, India has helped to elevate traditional medicine in the global health agenda, and it’s now clearly on the global map.\nFrom the establishment of a dedicated Ministry of Ayush, to the creation of the WHO Global Traditional Medicine Centre in Jamnagar, India has shown that tradition and innovation, heritage and science can advance together.\nThrough its centuries-old Ayush systems, India has shown the world that traditional wisdom and modern science are not inconsistent, but complementary.\nOver the past three days, voices from more than one hundred countries have come together – scientists and practitioners, Ministers and Indigenous leaders, innovators and communities.\nYou have come from different traditions and different systems, but with one shared purpose: to bridge ancient tradition and modern science.\nTogether, you have shown that traditional medicine is not a relic of the past. It is not an alternative at the margins.\nIt is a living science, a shared heritage, and an important element of universal health coverage, resilient health systems, and sustainable development.\nTraditional medicine can help to address many of the threats to health of our modern world: the growing burden of noncommunicable diseases; inequitab
... [truncated, total 10010 chars]
================================================================================

================================================================================
Article ID: WHO_a0fa98d0ca2695f9 | Attempt: 2
Error: Cannot extract valid JSON from response: line 1 column 1 (char 0)
Raw response (10107 chars):
{
"id": "WHO_a0fa98d0ca2695f9",
"date_iso": "2025-12-19T00:00:00",
"full_text": "Your Excellency Prime Minister Modi,\nExcellencies, Ministers, distinguished leaders, dear colleagues and friends,\nNamaste.\nI extend my deepest appreciation to the Government and people of India – and in particular to Prime Minister Modi – for hosting this Summit, and for his unwavering, continued leadership and partnership.\nYour Excellency, your vision of “One Earth, One Health” encapsulates the principles of traditional medicine:\nBalance between people and nature;\nAn emphasis on prevention over cure,\nAnd health as a shared responsibility.\nIt aligns powerfully with WHO’s mission to promote health equity, sustainability, and resilience.\nUnder your leadership, India has helped to elevate traditional medicine in the global health agenda, and it’s now clearly on the global map.\nFrom the establishment of a dedicated Ministry of Ayush, to the creation of the WHO Global Traditional Medicine Centre in Jamnagar, India has shown that tradition and innovation, heritage and science can advance together.\nThrough its centuries-old Ayush systems, India has shown the world that traditional wisdom and modern science are not inconsistent, but complementary.\nOver the past three days, voices from more than one hundred countries have come together – scientists and practitioners, Ministers and Indigenous leaders, innovators and communities.\nYou have come from different traditions and different systems, but with one shared purpose: to bridge ancient tradition and modern science.\nTogether, you have shown that traditional medicine is not a relic of the past. It is not an alternative at the margins.\nIt is a living science, a shared heritage, and an important element of universal health coverage, resilient health systems, and sustainable development.\nTraditional medicine can help to address many of the threats to health of our modern world: the growing burden of noncommunicable diseases; inequitab
... [truncated, total 10107 chars]
================================================================================

================================================================================
Article ID: WHO_a0fa98d0ca2695f9 | Attempt: 3
Error: Cannot extract valid JSON from response: line 1 column 1 (char 0)
Raw response (9951 chars):
{
"id": "WHO_a0fa98d0ca2695f9",
"date_iso": "2025-12-19T00:00:00",
"full_text": "Your Excellency Prime Minister Modi,\nExcellencies, Ministers, distinguished leaders, dear colleagues and friends,\nNamaste.\nI extend my deepest appreciation to the Government and people of India – and in particular to Prime Minister Modi – for hosting this Summit, and for his unwavering, continued leadership and partnership.\nYour Excellency, your vision of “One Earth, One Health” encapsulates the principles of traditional medicine:\nBalance between people and nature;\nAn emphasis on prevention over cure,\nAnd health as a shared responsibility.\nIt aligns powerfully with WHO’s mission to promote health equity, sustainability, and resilience.\nUnder your leadership, India has helped to elevate traditional medicine in the global health agenda, and it’s now clearly on the global map.\nFrom the establishment of a dedicated Ministry of Ayush, to the creation of the WHO Global Traditional Medicine Centre in Jamnagar, India has shown that tradition and innovation, heritage and science can advance together.\nThrough its centuries-old Ayush systems, India has shown the world that traditional wisdom and modern science are not inconsistent, but complementary.\nOver the past three days, voices from more than one hundred countries have come together – scientists and practitioners, Ministers and Indigenous leaders, innovators and communities.\nYou have come from different traditions and different systems, but with one shared purpose: to bridge ancient tradition and modern science.\nTogether, you have shown that traditional medicine is not a relic of the past. It is not an alternative at the margins.\nIt is a living science, a shared heritage, and an important element of universal health coverage, resilient health systems, and sustainable development.\nTraditional medicine can help to address many of the threats to health of our modern world: the growing burden of noncommunicable diseases; inequitab
... [truncated, total 9951 chars]
================================================================================

================================================================================
Article ID: WHO_c3621939640de910 | Attempt: 1
Error: Cannot extract valid JSON from response: line 1 column 1 (char 0)
Raw response (9115 chars):
{
"id": "WHO_c3621939640de910",
"date_iso": "2025-12-18T00:00:00",
"full_text": "The World Health Organization (WHO) has validated Brazil for the elimination of mother-to-child transmission (EMTCT) of HIV, making it the most populous country in the Americas to achieve this historic milestone. This accomplishment reflects Brazil’s long-standing commitment to universal and free access to health services through its Unified Health System (SUS), anchored in a strong primary health-care system and respect for human rights.\n“Eliminating mother-to-child transmission of HIV is a major public health achievement for any country, especially for a country as large and complex as Brazil,” said Dr Tedros Adhanom Ghebreyesus, WHO Director-General. “Brazil has shown that with sustained political commitment and equitable access to quality health services, every country can ensure that every child is born free of HIV and every mother receives the care she deserves.”\nThe milestone was marked during a ceremony in Brasília, attended by President Luiz Inácio Lula da Silva, Brazil’s Minister of Health Alexandre Padilha, and the Director of the Pan American Health Organization (PAHO) Dr Jarbas Barbosa, along with representatives from UNAIDS.\nMeeting validation criteria\nBrazil met all the criteria for EMTCT validation, including reducing vertical transmission of HIV to below 2% and achieving over 95% coverage for prenatal care, routine HIV testing, and timely treatment for pregnant women living with HIV. In addition to meeting the targets of the validation, Brazil demonstrated the delivery of quality services for mothers and their infants, robust data and laboratory systems, and a strong commitment to human rights, gender equality and community engagement.\nThe country implemented a progressive, subnational approach by first certifying states and municipalities with over 100 000 inhabitants, adapting the PAHO/WHO validation methodology to its national context while maintaining coherence
... [truncated, total 9115 chars]
================================================================================

================================================================================
Article ID: WHO_abab04795d0d7bbb | Attempt: 1
Error: Cannot extract valid JSON from response: line 1 column 1 (char 0)
Raw response (20055 chars):
{
"id": "WHO_abab04795d0d7bbb",
"date_iso": "2025-12-18T00:00:00",
"full_text": "Key points:\nThe WHO Technical Advisory Group on COVID-19 Vaccine Composition (TAG-CO-VAC) held its twice-yearly decision-making meeting in December 2025 to review the evolution of SARS-CoV-2, the performance of currently approved COVID-19 vaccines and the implications for COVID-19 vaccine antigen composition.\nThe objective of an update to COVID-19 vaccine antigen composition is to enhance vaccine-induced immune responses to circulating SARS-CoV-2 variants.\nFollowing this meeting, the TAG-CO-VAC advises vaccine manufacturers that monovalent LP.8.1 is the recommended vaccine antigen.\nThe previously recommended JN.1 lineage (JN.1 or KP.2) antigens remain suitable alternatives and vaccination should not be delayed in anticipation of access to vaccines with the LP.8.1 composition.\nOther approaches that demonstrate broad and robust neutralizing antibody responses or efficacy against currently circulating SARS-CoV-2 variants could also be considered.\nVaccination remains an important public health countermeasure against COVID-19. As per the WHO Director General’s standing recommendations for COVID-19 , Member States are recommended to continue to offer COVID-19 vaccination based on the recommendations of the WHO Strategic Advisory Group of Experts on Immunization (SAGE).\nThe WHO Technical Advisory Group on COVID-19 Vaccine Composition (TAG-CO-VAC) continues to closely monitor the genetic and antigenic evolution of SARS-CoV-2 variants, immune responses to SARS-CoV-2 infection and COVID-19 vaccination, and the performance of COVID-19 vaccines against circulating variants. Based on these evaluations, WHO advises vaccine manufacturers and regulatory authorities on the implications for future updates to COVID-19 vaccine antigen composition. In May 2025, the TAG-CO-VAC recommended that monovalent JN.1 or KP.2 remain appropriate vaccine antigens and that monovalent LP.8.1 is a suitable alternat
... [truncated, total 20055 chars]
================================================================================

================================================================================
Article ID: WHO_abab04795d0d7bbb | Attempt: 2
Error: Cannot extract valid JSON from response: line 1 column 1 (char 0)
Raw response (19757 chars):
{
"id": "WHO_abab04795d0d7bbb",
"date_iso": "2025-12-18T00:00:00",
"full_text": "Key points:\nThe WHO Technical Advisory Group on COVID-19 Vaccine Composition (TAG-CO-VAC) held its twice-yearly decision-making meeting in December 2025 to review the evolution of SARS-CoV-2, the performance of currently approved COVID-19 vaccines and the implications for COVID-19 vaccine antigen composition.\nThe objective of an update to COVID-19 vaccine antigen composition is to enhance vaccine-induced immune responses to circulating SARS-CoV-2 variants.\nFollowing this meeting, the TAG-CO-VAC advises vaccine manufacturers that monovalent LP.8.1 is the recommended vaccine antigen.\nThe previously recommended JN.1 lineage (JN.1 or KP.2) antigens remain suitable alternatives and vaccination should not be delayed in anticipation of access to vaccines with the LP.8.1 composition.\nOther approaches that demonstrate broad and robust neutralizing antibody responses or efficacy against currently circulating SARS-CoV-2 variants could also be considered.\nVaccination remains an important public health countermeasure against COVID-19. As per the WHO Director General’s standing recommendations for COVID-19 , Member States are recommended to continue to offer COVID-19 vaccination based on the recommendations of the WHO Strategic Advisory Group of Experts on Immunization (SAGE).\nThe WHO Technical Advisory Group on COVID-19 Vaccine Composition (TAG-CO-VAC) continues to closely monitor the genetic and antigenic evolution of SARS-CoV-2 variants, immune responses to SARS-CoV-2 infection and COVID-19 vaccination, and the performance of COVID-19 vaccines against circulating variants. Based on these evaluations, WHO advises vaccine manufacturers and regulatory authorities on the implications for future updates to COVID-19 vaccine antigen composition. In May 2025, the TAG-CO-VAC recommended that monovalent JN.1 or KP.2 remain appropriate vaccine antigens and that monovalent LP.8.1 is a suitable alternat
... [truncated, total 19757 chars]
================================================================================

================================================================================
Article ID: WHO_83d2ef3bd689755f | Attempt: 1
Error: Cannot extract valid JSON from response: line 1 column 1 (char 0)
Raw response (10380 chars):
{
"id": "WHO_83d2ef3bd689755f",
"date_iso": "2025-12-17T00:00:00",
"full_text": "The World Health Organization (WHO)\u2019s Second Global Summit on Traditional Medicine , jointly organized with the Government of India, opens today, bringing together government ministers, scientists, Indigenous leaders, and practitioners from more than 100 countries. The Summit is expected to announce major scientific initiatives and new commitments aimed at advancing the implementation of the WHO Global Traditional Medicine Strategy 2025\u20132034 , centred on stronger evidence, better regulation, systems integration, collaboration and community engagement.\nTraditional medicine (TM) encompasses codified and non-codified systems that predate biomedicine and have continued to evolve for contemporary use. For many, TM remains the main source of health care\u2014locally accessible, affordable and bio-culturally aligned\u2014and for many more, it is a preferred, personalized and more natural health option. Nearly 90% of WHO Member States (170 out of 194) report that 40\u201390% of their populations use TM.\n\u201cWHO is committed to uniting the wisdom of millennia with the power of modern science and technology to realise the vision of health for all,\u201d said Dr Tedros Adhanom Ghebreyesus, WHO Director-General. \u201cBy engaging responsibly, ethically, and equitably, and by harnessing innovation from AI to genomics, we can unlock the potential of traditional medicine to deliver safer, smarter, and more sustainable health solutions for every community and for our planet.\u201d\nStrengthening evidence, regulation and integration of TM into health systems\nIn a world facing increasing challenges to health systems, nearly half of the global population \u2013 4.6 billion \u2013 lack access to essential health services, while a quarter \u2013 over 2 billion people \u2013 experience financial hardship to access health care . Integrating TM into health systems is critical to expanding access
... [truncated, total 10380 chars]
================================================================================

================================================================================
Article ID: WHO_83d2ef3bd689755f | Attempt: 2
Error: Cannot extract valid JSON from response: line 1 column 1 (char 0)
Raw response (10247 chars):
{
"id": "WHO_83d2ef3bd689755f",
"date_iso": "2025-12-17T00:00:00",
"full_text": "The World Health Organization (WHO)\u2019s Second Global Summit on Traditional Medicine , jointly organized with the Government of India, opens today, bringing together government ministers, scientists, Indigenous leaders, and practitioners from more than 100 countries. The Summit is expected to announce major scientific initiatives and new commitments aimed at advancing the implementation of the WHO Global Traditional Medicine Strategy 2025\u20132034 , centred on stronger evidence, better regulation, systems integration, collaboration and community engagement.\nTraditional medicine (TM) encompasses codified and non-codified systems that predate biomedicine and have continued to evolve for contemporary use. For many, TM remains the main source of health care\u2014locally accessible, affordable and bio-culturally aligned\u2014and for many more, it is a preferred, personalized and more natural health option. Nearly 90% of WHO Member States (170 out of 194) report that 40\u201390% of their populations use TM.\n\u201cWHO is committed to uniting the wisdom of millennia with the power of modern science and technology to realise the vision of health for all,\u201d said Dr Tedros Adhanom Ghebreyesus, WHO Director-General. \u201cBy engaging responsibly, ethically, and equitably, and by harnessing innovation from AI to genomics, we can unlock the potential of traditional medicine to deliver safer, smarter, and more sustainable health solutions for every community and for our planet.\u201d\nStrengthening evidence, regulation and integration of TM into health systems\nIn a world facing increasing challenges to health systems, nearly half of the global population \u2013 4.6 billion \u2013 lack access to essential health services, while a quarter \u2013 over 2 billion people \u2013 experience financial hardship to access health care . Integrating TM into health systems is critical to expanding access
... [truncated, total 10247 chars]
================================================================================

================================================================================
Article ID: WHO_83d2ef3bd689755f | Attempt: 3
Error: Cannot extract valid JSON from response: line 1 column 1 (char 0)
Raw response (10233 chars):
{
"id": "WHO_83d2ef3bd689755f",
"date_iso": "2025-12-17T00:00:00",
"full_text": "The World Health Organization (WHO)\u2019s Second Global Summit on Traditional Medicine , jointly organized with the Government of India, opens today, bringing together government ministers, scientists, Indigenous leaders, and practitioners from more than 100 countries. The Summit is expected to announce major scientific initiatives and new commitments aimed at advancing the implementation of the WHO Global Traditional Medicine Strategy 2025\u20132034 , centred on stronger evidence, better regulation, systems integration, collaboration and community engagement.\nTraditional medicine (TM) encompasses codified and non-codified systems that predate biomedicine and have continued to evolve for contemporary use. For many, TM remains the main source of health care\u2014locally accessible, affordable and bio-culturally aligned\u2014and for many more, it is a preferred, personalized and more natural health option. Nearly 90% of WHO Member States (170 out of 194) report that 40\u201390% of their populations use TM.\n\u201cWHO is committed to uniting the wisdom of millennia with the power of modern science and technology to realise the vision of health for all,\u201d said Dr Tedros Adhanom Ghebreyesus, WHO Director-General. \u201cBy engaging responsibly, ethically, and equitably, and by harnessing innovation from AI to genomics, we can unlock the potential of traditional medicine to deliver safer, smarter, and more sustainable health solutions for every community and for our planet.\u201d\nStrengthening evidence, regulation and integration of TM into health systems\nIn a world facing increasing challenges to health systems, nearly half of the global population \u2013 4.6 billion \u2013 lack access to essential health services, while a quarter \u2013 over 2 billion people \u2013 experience financial hardship to access health care . Integrating TM into health systems is critical to expanding access
... [truncated, total 10233 chars]
================================================================================

================================================================================
Article ID: WHO_83d2ef3bd689755f | Attempt: 4
Error: Cannot extract valid JSON from response: line 1 column 1 (char 0)
Raw response (10429 chars):
{
"id": "WHO_83d2ef3bd689755f",
"date_iso": "2025-12-17T00:00:00",
"full_text": "The World Health Organization (WHO)\u2019s Second Global Summit on Traditional Medicine , jointly organized with the Government of India, opens today, bringing together government ministers, scientists, Indigenous leaders, and practitioners from more than 100 countries. The Summit is expected to announce major scientific initiatives and new commitments aimed at advancing the implementation of the WHO Global Traditional Medicine Strategy 2025\u20132034 , centred on stronger evidence, better regulation, systems integration, collaboration and community engagement.\nTraditional medicine (TM) encompasses codified and non-codified systems that predate biomedicine and have continued to evolve for contemporary use. For many, TM remains the main source of health care\u2014locally accessible, affordable and bio-culturally aligned\u2014and for many more, it is a preferred, personalized and more natural health option. Nearly 90% of WHO Member States (170 out of 194) report that 40\u201390% of their populations use TM.\n\u201cWHO is committed to uniting the wisdom of millennia with the power of modern science and technology to realise the vision of health for all,\u201d said Dr Tedros Adhanom Ghebreyesus, WHO Director-General. \u201cBy engaging responsibly, ethically, and equitably, and by harnessing innovation from AI to genomics, we can unlock the potential of traditional medicine to deliver safer, smarter, and more sustainable health solutions for every community and for our planet.\u201d\nStrengthening evidence, regulation and integration of TM into health systems\nIn a world facing increasing challenges to health systems, nearly half of the global population \u2013 4.6 billion \u2013 lack access to essential health services, while a quarter \u2013 over 2 billion people \u2013 experience financial hardship to access health care . Integrating TM into health systems is critical to expanding access
... [truncated, total 10429 chars]
================================================================================

================================================================================
Article ID: WHO_83d2ef3bd689755f | Attempt: 5
Error: Cannot extract valid JSON from response: line 1 column 1 (char 0)
Raw response (10021 chars):
{
"id": "WHO_83d2ef3bd689755f",
"date_iso": "2025-12-17T00:00:00",
"full_text": "The World Health Organization (WHO)\u2019s Second Global Summit on Traditional Medicine , jointly organized with the Government of India, opens today, bringing together government ministers, scientists, Indigenous leaders, and practitioners from more than 100 countries. The Summit is expected to announce major scientific initiatives and new commitments aimed at advancing the implementation of the WHO Global Traditional Medicine Strategy 2025\u20132034 , centred on stronger evidence, better regulation, systems integration, collaboration and community engagement.\nTraditional medicine (TM) encompasses codified and non-codified systems that predate biomedicine and have continued to evolve for contemporary use. For many, TM remains the main source of health care\u2014locally accessible, affordable and bio-culturally aligned\u2014and for many more, it is a preferred, personalized and more natural health option. Nearly 90% of WHO Member States (170 out of 194) report that 40\u201390% of their populations use TM.\n\u201cWHO is committed to uniting the wisdom of millennia with the power of modern science and technology to realise the vision of health for all,\u201d said Dr Tedros Adhanom Ghebreyesus, WHO Director-General. \u201cBy engaging responsibly, ethically, and equitably, and by harnessing innovation from AI to genomics, we can unlock the potential of traditional medicine to deliver safer, smarter, and more sustainable health solutions for every community and for our planet.\u201d\nStrengthening evidence, regulation and integration of TM into health systems\nIn a world facing increasing challenges to health systems, nearly half of the global population \u2013 4.6 billion \u2013 lack access to essential health services, while a quarter \u2013 over 2 billion people \u2013 experience financial hardship to access health care . Integrating TM into health systems is critical to expanding access
... [truncated, total 10021 chars]
================================================================================

================================================================================
Article ID: WHO_58658eec1ab876ec | Attempt: 1
Error: Cannot extract valid JSON from response: line 1 column 1 (char 0)
Raw response (10538 chars):
{
"id": "WHO_58658eec1ab876ec",
"date_iso": "2025-12-11T00:00:00",
"full_text": "On 27 November 2025, the WHO Global Advisory Committee on Vaccine Safety (GACVS) assessed two new systematic literature reviews, performed using robust methodology, on the potential relationship between vaccines and autism spectrum disorder (ASD)\nUpon comprehensive review of the latest evidence published from January 2010 until August 2025, the Committee reaffirmed its previous conclusion based on extensive reviews conducted in 2002 [1][2] , 2004 [3] , and 2012 [4] , that there is no evidence of a causal relationship between vaccines and ASD.\nA causal relationship between a vaccine and an event is suspected when several high-quality studies indicate a statistical association between exposure to the vaccine and the outcome of interest. In systematic reviews, databases are searched to ensure comprehensive capture of published studies and the quality of all included studies is evaluated according to well accepted methodologies. When reviewing the evidence to inform causality, the greatest weight is put on the high-quality well-designed studies with low risk of bias and little weight is given to those with methodological flaws and high risk of bias.\nThe first systematic review examined the relationship between thiomersal-containing vaccines and ASD, as well as the association between vaccines in general and ASD. This review was an update to a previous systematic review conducted in 2012, and encompassed publications in English from January 2010 to August 2025. In total, 31 primary research studies were included:16 specifically on vaccines containing thiomersal and ASD and 15 on vaccines and ASD more broadly. In addition, five meta-analyses (one on thiomersal and ASD, three on vaccines and ASD, and one that examined both) that summarized research also published before 2010 were included.\nTwenty of the 31 primary research papers originating from 11 different countries and including studie
... [truncated, total 10538 chars]
================================================================================

================================================================================
Article ID: WHO_58658eec1ab876ec | Attempt: 2
Error: Cannot extract valid JSON from response: line 1 column 1 (char 0)
Raw response (10417 chars):
{
"id": "WHO_58658eec1ab876ec",
"date_iso": "2025-12-11T00:00:00",
"full_text": "On 27 November 2025, the WHO Global Advisory Committee on Vaccine Safety (GACVS) assessed two new systematic literature reviews, performed using robust methodology, on the potential relationship between vaccines and autism spectrum disorder (ASD)\nUpon comprehensive review of the latest evidence published from January 2010 until August 2025, the Committee reaffirmed its previous conclusion based on extensive reviews conducted in 2002 [1][2] , 2004 [3] , and 2012 [4] , that there is no evidence of a causal relationship between vaccines and ASD.\nA causal relationship between a vaccine and an event is suspected when several high-quality studies indicate a statistical association between exposure to the vaccine and the outcome of interest. In systematic reviews, databases are searched to ensure comprehensive capture of published studies and the quality of all included studies is evaluated according to well accepted methodologies. When reviewing the evidence to inform causality, the greatest weight is put on the high-quality well-designed studies with low risk of bias and little weight is given to those with methodological flaws and high risk of bias.\nThe first systematic review examined the relationship between thiomersal-containing vaccines and ASD, as well as the association between vaccines in general and ASD. This review was an update to a previous systematic review conducted in 2012, and encompassed publications in English from January 2010 to August 2025. In total, 31 primary research studies were included:16 specifically on vaccines containing thiomersal and ASD and 15 on vaccines and ASD more broadly. In addition, five meta-analyses (one on thiomersal and ASD, three on vaccines and ASD, and one that examined both) that summarized research also published before 2010 were included.\nTwenty of the 31 primary research papers originating from 11 different countries and including studie
... [truncated, total 10417 chars]
================================================================================

================================================================================
Article ID: WHO_58658eec1ab876ec | Attempt: 3
Error: Cannot extract valid JSON from response: line 1 column 1 (char 0)
Raw response (10439 chars):
{
"id": "WHO_58658eec1ab876ec",
"date_iso": "2025-12-11T00:00:00",
"full_text": "On 27 November 2025, the WHO Global Advisory Committee on Vaccine Safety (GACVS) assessed two new systematic literature reviews, performed using robust methodology, on the potential relationship between vaccines and autism spectrum disorder (ASD)\nUpon comprehensive review of the latest evidence published from January 2010 until August 2025, the Committee reaffirmed its previous conclusion based on extensive reviews conducted in 2002 [1][2] , 2004 [3] , and 2012 [4] , that there is no evidence of a causal relationship between vaccines and ASD.\nA causal relationship between a vaccine and an event is suspected when several high-quality studies indicate a statistical association between exposure to the vaccine and the outcome of interest. In systematic reviews, databases are searched to ensure comprehensive capture of published studies and the quality of all included studies is evaluated according to well accepted methodologies. When reviewing the evidence to inform causality, the greatest weight is put on the high-quality well-designed studies with low risk of bias and little weight is given to those with methodological flaws and high risk of bias.\nThe first systematic review examined the relationship between thiomersal-containing vaccines and ASD, as well as the association between vaccines in general and ASD. This review was an update to a previous systematic review conducted in 2012, and encompassed publications in English from January 2010 to August 2025. In total, 31 primary research studies were included:16 specifically on vaccines containing thiomersal and ASD and 15 on vaccines and ASD more broadly. In addition, five meta-analyses (one on thiomersal and ASD, three on vaccines and ASD, and one that examined both) that summarized research also published before 2010 were included.\nTwenty of the 31 primary research papers originating from 11 different countries and including studie
... [truncated, total 10439 chars]
================================================================================

================================================================================
Article ID: WHO_58658eec1ab876ec | Attempt: 4
Error: Cannot extract valid JSON from response: line 1 column 1 (char 0)
Raw response (10168 chars):
{
"id": "WHO_58658eec1ab876ec",
"date_iso": "2025-12-11T00:00:00",
"full_text": "On 27 November 2025, the WHO Global Advisory Committee on Vaccine Safety (GACVS) assessed two new systematic literature reviews, performed using robust methodology, on the potential relationship between vaccines and autism spectrum disorder (ASD)\nUpon comprehensive review of the latest evidence published from January 2010 until August 2025, the Committee reaffirmed its previous conclusion based on extensive reviews conducted in 2002 [1][2] , 2004 [3] , and 2012 [4] , that there is no evidence of a causal relationship between vaccines and ASD.\nA causal relationship between a vaccine and an event is suspected when several high-quality studies indicate a statistical association between exposure to the vaccine and the outcome of interest. In systematic reviews, databases are searched to ensure comprehensive capture of published studies and the quality of all included studies is evaluated according to well accepted methodologies. When reviewing the evidence to inform causality, the greatest weight is put on the high-quality well-designed studies with low risk of bias and little weight is given to those with methodological flaws and high risk of bias.\nThe first systematic review examined the relationship between thiomersal-containing vaccines and ASD, as well as the association between vaccines in general and ASD. This review was an update to a previous systematic review conducted in 2012, and encompassed publications in English from January 2010 to August 2025. In total, 31 primary research studies were included:16 specifically on vaccines containing thiomersal and ASD and 15 on vaccines and ASD more broadly. In addition, five meta-analyses (one on thiomersal and ASD, three on vaccines and ASD, and one that examined both) that summarized research also published before 2010 were included.\nTwenty of the 31 primary research papers originating from 11 different countries and including studie
... [truncated, total 10168 chars]
================================================================================

================================================================================
Article ID: WHO_53ffd8872581e8af | Attempt: 1
Error: Cannot extract valid JSON from response: line 1 column 1 (char 0)
Raw response (7851 chars):
{
"id": "WHO_53ffd8872581e8af",
"date_iso": "2025-12-03T00:00:00",
"full_text": "The World Health Organization (WHO) has released a new strategic plan for the management of coronavirus disease threats, including COVID-19, Middle East respiratory syndrome (MERS), and potential new coronavirus diseases. This is the first such unified plan for coronavirus disease threats, marking a turning point in the transition from the COVID-19 emergency response to sustained, long-term, and integrated management.\nBuilding on the lessons of the past five years of COVID-19 response and ongoing work on MERS and other respiratory diseases, the Strategic plan for coronavirus disease threat management: advancing integration, sustainability, and equity, 2025–2030 guides national health authorities and partners in taking a coherent, action-oriented approach to managing coronavirus disease threats in the broader context of infectious disease management.\nFrom the emergence and spread of the first SARS coronavirus in 2002 and MERS-CoV in 2012, to SARS-CoV-2, the virus that causes COVID-19, in 2019, coronaviruses have repeatedly shown their capacity to trigger epidemics and pandemics. Although the global impact of COVID-19 has reduced since the peak of the pandemic, the virus continues to circulate widely, causing severe disease and death in high-risk groups. Around 6% of those infected develop Post COVID-19 Condition (also known as long COVID), with 15% of these people experiencing symptoms beyond a year. Several regions have recently reported increases in SARS-CoV-2 activity, and uncertainties persist around virus evolution and long-term impacts of COVID-19.\n“Coronaviruses remain one of the most consequential infectious disease threats today,” said Dr Maria Van Kerkhove, WHO Acting Director for Epidemic and Pandemic Management. “Integrating their management into broader respiratory disease and infectious threat prevention and control programmes, including for influenza, is essential. Whil
... [truncated, total 7851 chars]
================================================================================

================================================================================
Article ID: WHO_53ffd8872581e8af | Attempt: 2
Error: Cannot extract valid JSON from response: line 1 column 1 (char 0)
Raw response (8068 chars):
{
"id": "WHO_53ffd8872581e8af",
"date_iso": "2025-12-03T00:00:00",
"full_text": "The World Health Organization (WHO) has released a new strategic plan for the management of coronavirus disease threats, including COVID-19, Middle East respiratory syndrome (MERS), and potential new coronavirus diseases. This is the first such unified plan for coronavirus disease threats, marking a turning point in the transition from the COVID-19 emergency response to sustained, long-term, and integrated management.\nBuilding on the lessons of the past five years of COVID-19 response and ongoing work on MERS and other respiratory diseases, the Strategic plan for coronavirus disease threat management: advancing integration, sustainability, and equity, 2025–2030 guides national health authorities and partners in taking a coherent, action-oriented approach to managing coronavirus disease threats in the broader context of infectious disease management.\nFrom the emergence and spread of the first SARS coronavirus in 2002 and MERS-CoV in 2012, to SARS-CoV-2, the virus that causes COVID-19, in 2019, coronaviruses have repeatedly shown their capacity to trigger epidemics and pandemics. Although the global impact of COVID-19 has reduced since the peak of the pandemic, the virus continues to circulate widely, causing severe disease and death in high-risk groups. Around 6% of those infected develop Post COVID-19 Condition (also known as long COVID), with 15% of these people experiencing symptoms beyond a year. Several regions have recently reported increases in SARS-CoV-2 activity, and uncertainties persist around virus evolution and long-term impacts of COVID-19.\n“Coronaviruses remain one of the most consequential infectious disease threats today,” said Dr Maria Van Kerkhove, WHO Acting Director for Epidemic and Pandemic Management. “Integrating their management into broader respiratory disease and infectious threat prevention and control programmes, including for influenza, is essential. Whil
... [truncated, total 8068 chars]
================================================================================

================================================================================
Article ID: WHO_53ffd8872581e8af | Attempt: 3
Error: Cannot extract valid JSON from response: line 1 column 1 (char 0)
Raw response (8191 chars):
{
"id": "WHO_53ffd8872581e8af",
"date_iso": "2025-12-03T00:00:00",
"full_text": "The World Health Organization (WHO) has released a new strategic plan for the management of coronavirus disease threats, including COVID-19, Middle East respiratory syndrome (MERS), and potential new coronavirus diseases. This is the first such unified plan for coronavirus disease threats, marking a turning point in the transition from the COVID-19 emergency response to sustained, long-term, and integrated management.\nBuilding on the lessons of the past five years of COVID-19 response and ongoing work on MERS and other respiratory diseases, the Strategic plan for coronavirus disease threat management: advancing integration, sustainability, and equity, 2025–2030 guides national health authorities and partners in taking a coherent, action-oriented approach to managing coronavirus disease threats in the broader context of infectious disease management.\nFrom the emergence and spread of the first SARS coronavirus in 2002 and MERS-CoV in 2012, to SARS-CoV-2, the virus that causes COVID-19, in 2019, coronaviruses have repeatedly shown their capacity to trigger epidemics and pandemics. Although the global impact of COVID-19 has reduced since the peak of the pandemic, the virus continues to circulate widely, causing severe disease and death in high-risk groups. Around 6% of those infected develop Post COVID-19 Condition (also known as long COVID), with 15% of these people experiencing symptoms beyond a year. Several regions have recently reported increases in SARS-CoV-2 activity, and uncertainties persist around virus evolution and long-term impacts of COVID-19.\n“Coronaviruses remain one of the most consequential infectious disease threats today,” said Dr Maria Van Kerkhove, WHO Acting Director for Epidemic and Pandemic Management. “Integrating their management into broader respiratory disease and infectious threat prevention and control programmes, including for influenza, is essential. Whil
... [truncated, total 8191 chars]
================================================================================

================================================================================
Article ID: WHO_53ffd8872581e8af | Attempt: 4
Error: Cannot extract valid JSON from response: line 1 column 1 (char 0)
Raw response (7795 chars):
{
"id": "WHO_53ffd8872581e8af",
"date_iso": "2025-12-03T00:00:00",
"full_text": "The World Health Organization (WHO) has released a new strategic plan for the management of coronavirus disease threats, including COVID-19, Middle East respiratory syndrome (MERS), and potential new coronavirus diseases. This is the first such unified plan for coronavirus disease threats, marking a turning point in the transition from the COVID-19 emergency response to sustained, long-term, and integrated management.\nBuilding on the lessons of the past five years of COVID-19 response and ongoing work on MERS and other respiratory diseases, the Strategic plan for coronavirus disease threat management: advancing integration, sustainability, and equity, 2025–2030 guides national health authorities and partners in taking a coherent, action-oriented approach to managing coronavirus disease threats in the broader context of infectious disease management.\nFrom the emergence and spread of the first SARS coronavirus in 2002 and MERS-CoV in 2012, to SARS-CoV-2, the virus that causes COVID-19, in 2019, coronaviruses have repeatedly shown their capacity to trigger epidemics and pandemics. Although the global impact of COVID-19 has reduced since the peak of the pandemic, the virus continues to circulate widely, causing severe disease and death in high-risk groups. Around 6% of those infected develop Post COVID-19 Condition (also known as long COVID), with 15% of these people experiencing symptoms beyond a year. Several regions have recently reported increases in SARS-CoV-2 activity, and uncertainties persist around virus evolution and long-term impacts of COVID-19.\n“Coronaviruses remain one of the most consequential infectious disease threats today,” said Dr Maria Van Kerkhove, WHO Acting Director for Epidemic and Pandemic Management. “Integrating their management into broader respiratory disease and infectious threat prevention and control programmes, including for influenza, is essential. Whil
... [truncated, total 7795 chars]
================================================================================

================================================================================
Article ID: WHO_bd29b82cd301c11a | Attempt: 1
Error: Cannot extract valid JSON from response: line 1 column 1 (char 0)
Raw response (8982 chars):
{
"id": "WHO_bd29b82cd301c11a",
"date_iso": "2025-12-01T00:00:00",
"full_text": "On World AIDS Day, the World Health Organization (WHO) calls on governments and partners to rapidly expand access to new WHO-approved tools including lenacapavir (LEN) to drive down infections and counter disruption to essential health services caused by cuts to foreign aid.\nDespite dramatic funding setbacks, the global HIV response has gained a remarkable momentum in 2025 with the introduction and WHO approval of twice-yearly injectable lenacapavir for HIV prevention. LEN, a highly effective, long-acting alternative to oral pills and other options, is a transformative intervention for people who face challenges with regular adherence and stigma in accessing health care. WHO released in July this year new guidelines recommending the use of lenacapavir as an additional pre-exposure prophylaxis (PrEP) option for HIV prevention.\nSharp and sudden reductions in international funding this year led to disruptions in HIV prevention, treatment and testing services, with essential community-led programmes, including pre-exposure prophylaxis (PrEP) and harm reduction initiatives for people who inject drugs, being scaled back or shut down entirely in some countries.\n“We face significant challenges, with cuts to international funding, and prevention stalling,\" said Dr Tedros Adhanom Ghebreyesus, WHO Director-General. “At the same time, we have significant opportunities, with exciting new tools with the potential to change the trajectory of the HIV epidemic. Expanding access to those tools for people at risk of HIV everywhere must be priority number one for all governments and partners.”\nMarking World AIDS Day under the theme “Overcoming disruption, transforming the AIDS response” , WHO is urging a dual track approach – solidarity and investment in innovations to protect and empower communities most at risk.\nAfter decades of progress, the HIV response stands at a crossroads. In 2024:\nHIV preve
... [truncated, total 8982 chars]
================================================================================

================================================================================
Article ID: WHO_bd29b82cd301c11a | Attempt: 2
Error: Cannot extract valid JSON from response: line 1 column 1 (char 0)
Raw response (9109 chars):
{
"id": "WHO_bd29b82cd301c11a",
"date_iso": "2025-12-01T00:00:00",
"full_text": "On World AIDS Day, the World Health Organization (WHO) calls on governments and partners to rapidly expand access to new WHO-approved tools including lenacapavir (LEN) to drive down infections and counter disruption to essential health services caused by cuts to foreign aid.\nDespite dramatic funding setbacks, the global HIV response has gained a remarkable momentum in 2025 with the introduction and WHO approval of twice-yearly injectable lenacapavir for HIV prevention. LEN, a highly effective, long-acting alternative to oral pills and other options, is a transformative intervention for people who face challenges with regular adherence and stigma in accessing health care. WHO released in July this year new guidelines recommending the use of lenacapavir as an additional pre-exposure prophylaxis (PrEP) option for HIV prevention.\nSharp and sudden reductions in international funding this year led to disruptions in HIV prevention, treatment and testing services, with essential community-led programmes, including pre-exposure prophylaxis (PrEP) and harm reduction initiatives for people who inject drugs, being scaled back or shut down entirely in some countries.\n“We face significant challenges, with cuts to international funding, and prevention stalling,\" said Dr Tedros Adhanom Ghebreyesus, WHO Director-General. “At the same time, we have significant opportunities, with exciting new tools with the potential to change the trajectory of the HIV epidemic. Expanding access to those tools for people at risk of HIV everywhere must be priority number one for all governments and partners.”\nMarking World AIDS Day under the theme “Overcoming disruption, transforming the AIDS response” , WHO is urging a dual track approach – solidarity and investment in innovations to protect and empower communities most at risk.\nAfter decades of progress, the HIV response stands at a crossroads. In 2024:\nHIV preve
... [truncated, total 9109 chars]
================================================================================

================================================================================
Article ID: WHO_9edafda30446363a | Attempt: 1
Error: Schema: Missing claims category: NOT_ENOUGH_INFO
Raw response (8693 chars):
{
"id": "WHO_9edafda30446363a",
"date_iso": "2025-11-28T00:00:00",
"full_text": "The World Health Organization (WHO) today called on countries to make fertility care safer, fairer and more affordable for all in its first-ever global guideline for the prevention, diagnosis and treatment of infertility .\nInfertility is estimated to affect 1 in 6 people of reproductive age at some point in their lives. While demand for services is rising worldwide, access to care remains severely limited. In many countries, tests and treatments for infertility are largely funded out-of-pocket – often resulting in catastrophic financial expenditures. In some settings, even a single round of in vitro fertilization (IVF) can cost double the average annual household income.\n“Infertility is one of the most overlooked public health challenges of our time and a major equity issue globally,” said Dr Tedros Adhanom Ghebreyesus, WHO Director-General. “Millions face this journey alone – priced out of care, pushed toward cheaper but unproven treatments, or forced to choose between their hopes of having children and their financial security. We encourage more countries to adapt this guideline, giving more people the possibility to access affordable, respectful, and science-based care.”\nThe guideline includes 40 recommendations that seek to strengthen the prevention, diagnosis, and treatment of infertility. It promotes cost-effective options at every stage, while advocating for the integration of fertility care into national health strategies, services and financing.\nPeople-centered, evidence-based care\nInfertility, defined by the failure to achieve pregnancy after 12 months or more of regular unprotected sexual intercourse, can cause significant distress, stigma, and financial hardship, affecting people’s mental and psychosocial well-being.\nThe guideline provides guidance on steps for the effective clinical management of infertility. It also calls for increased investment in prevention, inclu
... [truncated, total 8693 chars]
================================================================================

================================================================================
Article ID: WHO_f561a43d5948d423 | Attempt: 1
Error: Cannot extract valid JSON from response: line 1 column 1 (char 0)
Raw response (8953 chars):
{
"id": "WHO_f561a43d5948d423",
"date_iso": "2025-11-20T00:00:00",
"full_text": "New evidence from the Active Prevention and Treatment of Maternal Sepsis (APT-Sepsis) programme\nA new study by the World Health Organization (WHO), the UN’s Special Programme in Human Reproduction (HRP) and the University of Liverpool, published in the New England Journal of Medicine, shows that a structured, sustainable approach to infection prevention and control saves women’s lives by reducing severe maternal infections and deaths by 30% compared to usual care.\nMaternal infection and sepsis, a dangerous condition that arises when the body’s response to infection causes injury to its own tissues and organs during or after pregnancy, remain one of the leading causes of maternal death worldwide. In many health facilities, simple, evidence-based practices such as hand hygiene, early infection detection and timely treatment are inconsistently applied. The Active Prevention and Treatment of Maternal Sepsis (APT-Sepsis) programme was designed to close these gaps by supporting health workers to follow WHO’s “five moments for hand hygiene,” to apply WHO guidance on maternal infection prevention and treatment, and to use the FAST-M bundle : fluids, antibiotics, source control, transfer if required, and monitoring for early recognition and response to sepsis.\nThe trial , conducted in 59 hospitals across Malawi and Uganda, and involving 431 394 women giving birth, shows that these actions make a substantial difference to clinical outcomes. Hospitals that implemented APT-Sepsis saw a 32% reduction in infection-related maternal mortality and severe morbidity. Further, they reported improvements in hand hygiene compliance, antibiotic prophylaxis during caesarean sections and routine vital sign monitoring.\nThe APT-Sepsis programme promotes a targeted, systems-based approach to preventing and treating maternal infections. It helps health-care workers apply evidence-based WHO recommendations – ens
... [truncated, total 8953 chars]
================================================================================

================================================================================
Article ID: WHO_baf4c5bc697d75ea | Attempt: 1
Error: Cannot extract valid JSON from response: line 1 column 1 (char 0)
Raw response (7350 chars):
{
"id": "WHO_baf4c5bc697d75ea",
"date_iso": "2025-11-17T00:00:00",
"full_text": "This World Cervical Cancer Elimination Day, researchers from the International Agency for Research on Cancer (IARC) and the World Health Organization (WHO) have launched a new free and comprehensive learning programme on screening, diagnosis, and management of cervical precancer, available on the WHO Academy online learning platform. The courses have been designed for service providers, including front-line health providers, policy-makers, programme managers, and advocates. This new learning programme supports the implementation of the WHO Cervical Cancer Elimination Initiative.\nIARC estimates that in 2022 more than 660 000 women were diagnosed with cervical cancer and almost 350 000 women died from this disease worldwide. The WHO Cervical Cancer Elimination Initiative calls for countries to reach the 90–70–90 targets by 2030 to put themselves on the path towards cervical cancer elimination: 90% of girls vaccinated against human papillomavirus (HPV) by age 15 years; 70% of women screened with a high-performance test by age 35 years and again at 45 years; and 90% of women with cervical cancer receiving treatment.\nCapacity-building of the necessary workforce, especially front-line health-care providers, to carry out screening and management of the screen-positive women in each country is essential to achieving the 90–70–90 targets, and this new learning programme will directly help to meet this need.\nThe learning programme is divided into five modules, each targeting a certain category of professionals, to deliver screening services and treatment of cervical precancer and cancer and support community participation. Target groups include health officials, public health experts, midwives, nurses, general practitioners, community health workers, supervisors, and medical or nursing students. The modules include e-learning and guidance during on-site practical sessions.\nIARC has previously
... [truncated, total 7350 chars]
================================================================================

================================================================================
Article ID: WHO_568ab9807e96b74a | Attempt: 1
Error: Cannot extract valid JSON from response: line 1 column 1 (char 0)
Raw response (12515 chars):
{
"id": "WHO_568ab9807e96b74a",
"date_iso": "2025-11-13T00:00:00",
"full_text": "In the offices of Viet Nam’s national public broadcaster 20 journalists from Bangladesh, China, India, Malaysia and Viet Nam view a grid of live camera feeds from the busy streets of Ha Noi.\n“These cameras are monitored 24 hours a day. As soon as we see congestion, we let our audiences know. If we see a crash, we alert the emergency services,“ says Tang Hai Ha, Deputy Head of Content at the Voice of Viet Nam’s National Traffic Radio.\nTang, an award-winning journalist and participant in a WHO-hosted road safety reporting training for journalists in 2022, says timely and accurate information has been key to the station’s success and spread to more cities and regions in Viet Nam since its launch in 2009.\n“Audience orientation and interaction is what we are all about and people trust us. They know they’ll get facts quickly, so they can change their routes in time to avoid risks,” she says.\nThe need for facts and trust were key themes in the 3-day road safety reporting training hosted by WHO and the Asia-Pacific Institute for Broadcasting Development [AIBD] in Ha Noi on 3–5 November.\n“Each year, road crashes claim 1.2 million lives. Every number is a life, a story, and a future cut short. Behind these stories lie deeper, systemic issues – unsafe infrastructure, a lack of protective gear, weak emergency responses and the ripple effects of crashes on families, health systems and economies,” said Dr Angela Pratt, WHO Representative in Viet Nam.\n“As journalists, you play a vital role in reshaping public understanding. You can uncover the root causes and highlight effective responses. Road safety has an image problem, and we need your help to change that. Road safety is one of the most overlooked public health crises of our time.”\nReframing road safety\nNews reports influence public opinion and demand for solutions . Human stories make complex issues relatable, and in open societies, journ
... [truncated, total 12515 chars]
================================================================================

================================================================================
Article ID: WHO_568ab9807e96b74a | Attempt: 2
Error: Cannot extract valid JSON from response: line 1 column 1 (char 0)
Raw response (12197 chars):
{
"id": "WHO_568ab9807e96b74a",
"date_iso": "2025-11-13T00:00:00",
"full_text": "In the offices of Viet Nam’s national public broadcaster 20 journalists from Bangladesh, China, India, Malaysia and Viet Nam view a grid of live camera feeds from the busy streets of Ha Noi.\n“These cameras are monitored 24 hours a day. As soon as we see congestion, we let our audiences know. If we see a crash, we alert the emergency services,“ says Tang Hai Ha, Deputy Head of Content at the Voice of Viet Nam’s National Traffic Radio.\nTang, an award-winning journalist and participant in a WHO-hosted road safety reporting training for journalists in 2022, says timely and accurate information has been key to the station’s success and spread to more cities and regions in Viet Nam since its launch in 2009.\n“Audience orientation and interaction is what we are all about and people trust us. They know they’ll get facts quickly, so they can change their routes in time to avoid risks,” she says.\nThe need for facts and trust were key themes in the 3-day road safety reporting training hosted by WHO and the Asia-Pacific Institute for Broadcasting Development [AIBD] in Ha Noi on 3–5 November.\n“Each year, road crashes claim 1.2 million lives. Every number is a life, a story, and a future cut short. Behind these stories lie deeper, systemic issues – unsafe infrastructure, a lack of protective gear, weak emergency responses and the ripple effects of crashes on families, health systems and economies,” said Dr Angela Pratt, WHO Representative in Viet Nam.\n“As journalists, you play a vital role in reshaping public understanding. You can uncover the root causes and highlight effective responses. Road safety has an image problem, and we need your help to change that. Road safety is one of the most overlooked public health crises of our time.”\nReframing road safety\nNews reports influence public opinion and demand for solutions . Human stories make complex issues relatable, and in open societies, journ
... [truncated, total 12197 chars]
================================================================================

================================================================================
Article ID: WHO_7a98c726cb943c40 | Attempt: 1
Error: Cannot extract valid JSON from response: line 1 column 1 (char 0)
Raw response (40888 chars):
{
"id": "WHO_7a98c726cb943c40",
"date_iso": "2025-11-11T00:00:00",
"full_text": "The 43rd meeting of the Emergency Committee under the International Health Regulations (IHR or Regulations) on the international spread of poliovirus was convened by the WHO Director-General on 01 October 2025 with eight out of nine Committee members and the adviser meeting via video conference with affected countries, supported by the WHO Secretariat. The Emergency Committee reviewed the data on wild poliovirus (WPV1) and circulating vaccine derived polioviruses (cVDPV) in the context of the global target of interruption and certification of WPV1 eradication by 2027 and interruption and certification of cVDPV2 elimination by 2029. Technical updates were received about the situation in the following countries: Benin, Cameroon, Chad, Germany, Israel, and Pakistan. The Committee reviewed detailed written updates on the situation in Afghanistan.\nAmendments to the IHR, adopted by the Seventy-seventh World Health Assembly, through resolution WHA77.17 in June 2024, entered into force on 19 September 2025 for 182 of 196 States Parties.[1] The 43rd meeting of the IHR Emergency Committee on polioviruses, held on 01 October 2025, was the first under the amended Regulations. Key amendments to the IHR include, inter alia , broader poliovirus notification requirements; the introduction of the determination of “pandemic emergency”[2], a higher level of global public health alert with respect to a public health emergency of international concern (PHEIC); measures to strengthen equitable access to relevant health products; and recognition of health documents in non-digital and digital formats.\nWild poliovirus\nSince the last Emergency Committee meeting (18 June 2025), 15 new WPV1 cases have been reported from the two endemic countries, Afghanistan (2) and Pakistan (13). The cases in Afghanistan were reported from the South and East Regions of the country, while in Pakistan the cases were reported fro
... [truncated, total 40888 chars]
================================================================================

================================================================================
Article ID: WHO_6edf2571221c0347 | Attempt: 1
Error: Cannot extract valid JSON from response: line 1 column 1 (char 0)
Raw response (8568 chars):
{
"id": "WHO_6edf2571221c0347",
"date_iso": "2025-11-07T00:00:00",
"full_text": "In the run up to the 2nd WHO Global Summit in Traditional Medicine, 17-29 December in New Delhi and online, the Bulletin of the World Health Organization (WHO) has released a special issue dedicated to Traditional Medicine. The first such thematic issue on this topic since 1977, the issue contains three news items, two original research papers, two systematic reviews, five policy and practice papers, and five perspective pieces. The special issue reviews the integration of traditional medicine into primary health care, delves into policy and practice, discusses Indigenous rights and traditional knowledge, and examines the use of artificial intelligence.\nA growing need for robust research\nThe last thematic issue of a WHO Bulletin focused on traditional medicine was published almost 50 years ago in November 1977. It bridged the gap between the establishment of the WHO Traditional Medicine working group in 1976 and the Alma-Ata conference in 1978 , where traditional medicine was positioned as essential to achieving health for all – the goal of WHO.\nThe latest Bulletin ’s editorial, “ Traditional medicine and its contributions to science, health equity and sustainability ”, confirms that traditional medicine continues to be a vital resource for billions of people worldwide, serving as either primary access or preferred choice for health and well-being needs. Demand for traditional medicine is also growing, with the associated wellness economy estimated to increase from US$ 5.6 trillion in 2022 to US$ 8.5 trillion by 2027.\nTo harness the potential of traditional medicine, more robust scientific evidence and regulatory frameworks are needed. The Global Traditional Medicine Strategy 2025–2034 aims to advance universal health coverage by ensuring people-centred, safe and effective integration of evidence-informed traditional medicine into national health systems. However, as highlighted in 
... [truncated, total 8568 chars]
================================================================================

================================================================================
Article ID: WHO_ee93f93e38a0446e | Attempt: 1
Error: Cannot extract valid JSON from response: line 1 column 1 (char 0)
Raw response (8421 chars):
{
"id": "WHO_ee93f93e38a0446e",
"date_iso": "2025-11-07T00:00:00",
"full_text": "In an important step, Member States started discussing for the first time the proposed draft text of the annex to the WHO Pandemic Agreement that establishes the Pathogen Access and Benefit Sharing (PABS) system. The PABS system is a key part of the global agreement adopted earlier in 2025 to make the world safer from future pandemics.\nThe draft PABS annex was discussed at the Third meeting of the Intergovernmental Working Group (IGWG) that took place over 3–7 November in Geneva. The World Health Assembly established the IGWG to undertake several tasks, including, as a priority, to draft and negotiate the PABS annex to the WHO Pandemic Agreement.\n“I thank Member States for their vital efforts to negotiate the first draft of the PABS annex and commend them on the progress made in finding shared positions and solutions to the shared risks and challenges posed by future pandemics,” said WHO Director-General Dr Tedros Adhanom Ghebreyesus. “Solidarity is our best immunity. Finalizing the Pandemic Agreement, through a commitment to multilateral action, is our collective promise to protect humanity.”\nTo enable a timely and effective response to future pandemics, countries must be able to quickly identify pathogens that have pandemic potential and share their genetic information and material so scientists can develop tools like tests, treatments, and vaccines. The PABS system will facilitate the rapid and timely sharing of materials and sequence information from pathogens with pandemic potential. It will also, on an equal footing, enable the rapid, timely, fair and equitable sharing of benefits arising from such materials and sequence information.\nThe draft text under consideration outlines provisions designed to operationalize the commitments made in Article 12 of the WHO Pandemic Agreement on equitable access to life-saving tools during health crises.\n“Difficult decisions on making the w
... [truncated, total 8421 chars]
================================================================================

================================================================================
Article ID: WHO_33eb3361c438c5ea | Attempt: 1
Error: Cannot extract valid JSON from response: line 1 column 1 (char 0)
Raw response (9659 chars):
{
"id": "WHO_33eb3361c438c5ea",
"date_iso": "2025-11-06T00:00:00",
"full_text": "A technical report to guide coordinated action and investment in evidence generation for child health\nGeneva, Switzerland, 2025 – The World Health Organization (WHO) has released a new technical report, The future of paediatric clinical trials – setting research priorities for child health , presenting a global research agenda designed to address critical gaps in evidence that inform policies, clinical guidelines and programmes for children aged 0–9 years. This work follows the call from WHO’s Guidance for best practices for clinical trials (2024) for a greater focus on inclusion of under-represented populations in clinical trials, including children, to ensure that research better reflects the diversity of populations affected by health conditions globally.\nDespite major advances in child health over the past two decades, progress has not been equitable, and preventable illnesses continue to cause significant morbidity and mortality among children, particularly in low- and middle-income countries. Children remain under-represented in clinical trials, resulting in gaps in evidence that is directly applicable to their needs. This research agenda has been developed to help address these gaps by identifying priority questions where clinical trials can generate the greatest public health impact, support national decision-making and improve outcomes for children at risk.\nThe agenda was developed through an inclusive and systematic process involving global experts, national programme leaders, researchers, and community representatives. More than 380 stakeholders contributed 653 research questions, which were refined through expert review and prioritization to produce a final list of 172 clinical research priorities spanning infectious diseases, noncommunicable diseases, newborn health, early childhood development and nutrition. The agenda is designed to be practical and action-oriented, wi
... [truncated, total 9659 chars]
================================================================================

================================================================================
Article ID: WHO_ff1b6858b332413c | Attempt: 1
Error: Cannot extract valid JSON from response: line 1 column 1 (char 0)
Raw response (10598 chars):
{
"id": "WHO_ff1b6858b332413c",
"date_iso": "2025-11-06T00:00:00",
"full_text": "A new WHO report launched today on the sidelines of the G20 Health Ministers Meeting in Limpopo, South Africa, calls for bold financing and access strategies to ensure novel tuberculosis (TB) vaccines reach adolescents and adults in high-burden countries.\nThe report, “ Catalysing solutions for equitable global access for sustainable financing for novel tuberculosis vaccines for adults and adolescents ,” presents a first-of-its-kind analysis of the anticipated barriers, bottlenecks, and market dynamics that could impact timely, equitable, and sustainable access to novel TB vaccines.\n“New TB vaccines have the potential to save millions of lives faster and change the course of the epidemic,” said Dr Tedros Adhanom Ghebreyesus, Director-General, WHO. “By harnessing the power of science, partnership and finance, we can realize our shared vision to end TB.”\nThe new report was developed by the TB Vaccine Accelerator Council’s Finance and Access Working Group , which is co-convened by WHO, the Government of South Africa, and Gavi, the Vaccine Alliance. The report highlights 6 priority actions to ensure sustainable and equitable TB vaccine access worldwide, including developing catalytic instruments, generating country-level evidence, mobilizing financing, advocating for regional manufacturing in high-burden regions and promoting market transparency.\nTB vaccines for adults and adolescents are critical to transforming and accelerating the fight against the world’s deadliest infectious killer. Every year, more than 10 million people fall sick with TB and more than a million people die from the disease, mostly in low- and middle-income countries. At least 70% of this burden is in G20 countries and regions.\nDemand for novel TB vaccines will outpace supply in early years\nDespite TB’s devasting global impact, no new vaccines have been licensed in over a century. The Bacille Calmette-Guérin (BCG)
... [truncated, total 10598 chars]
================================================================================

================================================================================
Article ID: WHO_ff1b6858b332413c | Attempt: 2
Error: Cannot extract valid JSON from response: line 1 column 1 (char 0)
Raw response (10615 chars):
{
"id": "WHO_ff1b6858b332413c",
"date_iso": "2025-11-06T00:00:00",
"full_text": "A new WHO report launched today on the sidelines of the G20 Health Ministers Meeting in Limpopo, South Africa, calls for bold financing and access strategies to ensure novel tuberculosis (TB) vaccines reach adolescents and adults in high-burden countries.\nThe report, “ Catalysing solutions for equitable global access for sustainable financing for novel tuberculosis vaccines for adults and adolescents ,” presents a first-of-its-kind analysis of the anticipated barriers, bottlenecks, and market dynamics that could impact timely, equitable, and sustainable access to novel TB vaccines.\n“New TB vaccines have the potential to save millions of lives faster and change the course of the epidemic,” said Dr Tedros Adhanom Ghebreyesus, Director-General, WHO. “By harnessing the power of science, partnership and finance, we can realize our shared vision to end TB.”\nThe new report was developed by the TB Vaccine Accelerator Council’s Finance and Access Working Group , which is co-convened by WHO, the Government of South Africa, and Gavi, the Vaccine Alliance. The report highlights 6 priority actions to ensure sustainable and equitable TB vaccine access worldwide, including developing catalytic instruments, generating country-level evidence, mobilizing financing, advocating for regional manufacturing in high-burden regions and promoting market transparency.\nTB vaccines for adults and adolescents are critical to transforming and accelerating the fight against the world’s deadliest infectious killer. Every year, more than 10 million people fall sick with TB and more than a million people die from the disease, mostly in low- and middle-income countries. At least 70% of this burden is in G20 countries and regions.\nDemand for novel TB vaccines will outpace supply in early years\nDespite TB’s devasting global impact, no new vaccines have been licensed in over a century. The Bacille Calmette-Guérin (BCG)
... [truncated, total 10615 chars]
================================================================================

================================================================================
Article ID: WHO_ff1b6858b332413c | Attempt: 3
Error: Cannot extract valid JSON from response: line 1 column 1 (char 0)
Raw response (10327 chars):
{
"id": "WHO_ff1b6858b332413c",
"date_iso": "2025-11-06T00:00:00",
"full_text": "A new WHO report launched today on the sidelines of the G20 Health Ministers Meeting in Limpopo, South Africa, calls for bold financing and access strategies to ensure novel tuberculosis (TB) vaccines reach adolescents and adults in high-burden countries.\nThe report, “ Catalysing solutions for equitable global access for sustainable financing for novel tuberculosis vaccines for adults and adolescents ,” presents a first-of-its-kind analysis of the anticipated barriers, bottlenecks, and market dynamics that could impact timely, equitable, and sustainable access to novel TB vaccines.\n“New TB vaccines have the potential to save millions of lives faster and change the course of the epidemic,” said Dr Tedros Adhanom Ghebreyesus, Director-General, WHO. “By harnessing the power of science, partnership and finance, we can realize our shared vision to end TB.”\nThe new report was developed by the TB Vaccine Accelerator Council’s Finance and Access Working Group , which is co-convened by WHO, the Government of South Africa, and Gavi, the Vaccine Alliance. The report highlights 6 priority actions to ensure sustainable and equitable TB vaccine access worldwide, including developing catalytic instruments, generating country-level evidence, mobilizing financing, advocating for regional manufacturing in high-burden regions and promoting market transparency.\nTB vaccines for adults and adolescents are critical to transforming and accelerating the fight against the world’s deadliest infectious killer. Every year, more than 10 million people fall sick with TB and more than a million people die from the disease, mostly in low- and middle-income countries. At least 70% of this burden is in G20 countries and regions.\nDemand for novel TB vaccines will outpace supply in early years\nDespite TB’s devasting global impact, no new vaccines have been licensed in over a century. The Bacille Calmette-Guérin (BCG)
... [truncated, total 10327 chars]
================================================================================

================================================================================
Article ID: WHO_ff1b6858b332413c | Attempt: 4
Error: Cannot extract valid JSON from response: line 1 column 1 (char 0)
Raw response (10341 chars):
{
"id": "WHO_ff1b6858b332413c",
"date_iso": "2025-11-06T00:00:00",
"full_text": "A new WHO report launched today on the sidelines of the G20 Health Ministers Meeting in Limpopo, South Africa, calls for bold financing and access strategies to ensure novel tuberculosis (TB) vaccines reach adolescents and adults in high-burden countries.\nThe report, “ Catalysing solutions for equitable global access for sustainable financing for novel tuberculosis vaccines for adults and adolescents ,” presents a first-of-its-kind analysis of the anticipated barriers, bottlenecks, and market dynamics that could impact timely, equitable, and sustainable access to novel TB vaccines.\n“New TB vaccines have the potential to save millions of lives faster and change the course of the epidemic,” said Dr Tedros Adhanom Ghebreyesus, Director-General, WHO. “By harnessing the power of science, partnership and finance, we can realize our shared vision to end TB.”\nThe new report was developed by the TB Vaccine Accelerator Council’s Finance and Access Working Group , which is co-convened by WHO, the Government of South Africa, and Gavi, the Vaccine Alliance. The report highlights 6 priority actions to ensure sustainable and equitable TB vaccine access worldwide, including developing catalytic instruments, generating country-level evidence, mobilizing financing, advocating for regional manufacturing in high-burden regions and promoting market transparency.\nTB vaccines for adults and adolescents are critical to transforming and accelerating the fight against the world’s deadliest infectious killer. Every year, more than 10 million people fall sick with TB and more than a million people die from the disease, mostly in low- and middle-income countries. At least 70% of this burden is in G20 countries and regions.\nDemand for novel TB vaccines will outpace supply in early years\nDespite TB’s devasting global impact, no new vaccines have been licensed in over a century. The Bacille Calmette-Guérin (BCG)
... [truncated, total 10341 chars]
================================================================================

================================================================================
Article ID: WHO_ff1b6858b332413c | Attempt: 5
Error: Cannot extract valid JSON from response: line 1 column 1 (char 0)
Raw response (10748 chars):
{
"id": "WHO_ff1b6858b332413c",
"date_iso": "2025-11-06T00:00:00",
"full_text": "A new WHO report launched today on the sidelines of the G20 Health Ministers Meeting in Limpopo, South Africa, calls for bold financing and access strategies to ensure novel tuberculosis (TB) vaccines reach adolescents and adults in high-burden countries.\nThe report, “ Catalysing solutions for equitable global access for sustainable financing for novel tuberculosis vaccines for adults and adolescents ,” presents a first-of-its-kind analysis of the anticipated barriers, bottlenecks, and market dynamics that could impact timely, equitable, and sustainable access to novel TB vaccines.\n“New TB vaccines have the potential to save millions of lives faster and change the course of the epidemic,” said Dr Tedros Adhanom Ghebreyesus, Director-General, WHO. “By harnessing the power of science, partnership and finance, we can realize our shared vision to end TB.”\nThe new report was developed by the TB Vaccine Accelerator Council’s Finance and Access Working Group , which is co-convened by WHO, the Government of South Africa, and Gavi, the Vaccine Alliance. The report highlights 6 priority actions to ensure sustainable and equitable TB vaccine access worldwide, including developing catalytic instruments, generating country-level evidence, mobilizing financing, advocating for regional manufacturing in high-burden regions and promoting market transparency.\nTB vaccines for adults and adolescents are critical to transforming and accelerating the fight against the world’s deadliest infectious killer. Every year, more than 10 million people fall sick with TB and more than a million people die from the disease, mostly in low- and middle-income countries. At least 70% of this burden is in G20 countries and regions.\nDemand for novel TB vaccines will outpace supply in early years\nDespite TB’s devasting global impact, no new vaccines have been licensed in over a century. The Bacille Calmette-Guérin (BCG)
... [truncated, total 10748 chars]
================================================================================

================================================================================
Article ID: WHO_9d4da8d7704e2f93 | Attempt: 1
Error: Cannot extract valid JSON from response: line 1 column 1 (char 0)
Raw response (9473 chars):
{
"id": "WHO_9d4da8d7704e2f93",
"date_iso": "2025-10-30T00:00:00",
"full_text": "Decades of conflict, recurrent climate shocks, disease outbreaks and widespread displacement have left millions of Somalis without access to basic health and nutrition care.\nSomalia has some of the worst health indicators globally, including high maternal and child mortality rates and widespread malnutrition.\nThe country’s health infrastructure is heavily reliant on international aid. Currently, 95% of Somalia’s health care funding is supported by external donors, leaving the entire health system vulnerable to shifts in global financing. Recent funding cuts have placed immense pressure on essential health and nutrition services.\nIn this challenging context, the World Health Organization (WHO) plays a central role in supporting health and nutrition services and protecting vulnerable populations.\nIn addition to supporting emergency preparedness and response, through routine and emergency immunization programmes and outbreak-prone disease surveillance – WHO provides public health training and capacity-building for frontline health workers. In 2021, the Organization has supported the establishment and training of 74 rapid response teams, with a particular focus on mass casualty management, as well as the creation and operation of 65 nutrition stabilization centers and 11 trauma hospitals. Furthermore, WHO has strengthened outbreak detection and control through 412 surveillance sites and 7 public health laboratories. WHO works closely with the Ministry of Health, local and international partners to ensure health services reach underserved communities, even in conflict-affected and remote areas. Its role in Somalia is not only technical – it is strategic.\nAdapting to sustain impact\nIn response to funding constraints, the WHO Country Office in Somalia has implemented measures to reduce internal overheads while preserving impact and maintaining operations, reprioritizing activities to foc
... [truncated, total 9473 chars]
================================================================================

================================================================================
Article ID: WHO_9d4da8d7704e2f93 | Attempt: 2
Error: Cannot extract valid JSON from response: line 1 column 1 (char 0)
Raw response (9428 chars):
{
"id": "WHO_9d4da8d7704e2f93",
"date_iso": "2025-10-30T00:00:00",
"full_text": "Decades of conflict, recurrent climate shocks, disease outbreaks and widespread displacement have left millions of Somalis without access to basic health and nutrition care.\nSomalia has some of the worst health indicators globally, including high maternal and child mortality rates and widespread malnutrition.\nThe country’s health infrastructure is heavily reliant on international aid. Currently, 95% of Somalia’s health care funding is supported by external donors, leaving the entire health system vulnerable to shifts in global financing. Recent funding cuts have placed immense pressure on essential health and nutrition services.\nIn this challenging context, the World Health Organization (WHO) plays a central role in supporting health and nutrition services and protecting vulnerable populations.\nIn addition to supporting emergency preparedness and response, through routine and emergency immunization programmes and outbreak-prone disease surveillance – WHO provides public health training and capacity-building for frontline health workers. In 2021, the Organization has supported the establishment and training of 74 rapid response teams, with a particular focus on mass casualty management, as well as the creation and operation of 65 nutrition stabilization centers and 11 trauma hospitals. Furthermore, WHO has strengthened outbreak detection and control through 412 surveillance sites and 7 public health laboratories. WHO works closely with the Ministry of Health, local and international partners to ensure health services reach underserved communities, even in conflict-affected and remote areas. Its role in Somalia is not only technical – it is strategic.\nAdapting to sustain impact\nIn response to funding constraints, the WHO Country Office in Somalia has implemented measures to reduce internal overheads while preserving impact and maintaining operations, reprioritizing activities to foc
... [truncated, total 9428 chars]
================================================================================

================================================================================
Article ID: WHO_9d4da8d7704e2f93 | Attempt: 3
Error: Cannot extract valid JSON from response: line 1 column 1 (char 0)
Raw response (9470 chars):
{
"id": "WHO_9d4da8d7704e2f93",
"date_iso": "2025-10-30T00:00:00",
"full_text": "Decades of conflict, recurrent climate shocks, disease outbreaks and widespread displacement have left millions of Somalis without access to basic health and nutrition care.\nSomalia has some of the worst health indicators globally, including high maternal and child mortality rates and widespread malnutrition.\nThe country’s health infrastructure is heavily reliant on international aid. Currently, 95% of Somalia’s health care funding is supported by external donors, leaving the entire health system vulnerable to shifts in global financing. Recent funding cuts have placed immense pressure on essential health and nutrition services.\nIn this challenging context, the World Health Organization (WHO) plays a central role in supporting health and nutrition services and protecting vulnerable populations.\nIn addition to supporting emergency preparedness and response, through routine and emergency immunization programmes and outbreak-prone disease surveillance – WHO provides public health training and capacity-building for frontline health workers. In 2021, the Organization has supported the establishment and training of 74 rapid response teams, with a particular focus on mass casualty management, as well as the creation and operation of 65 nutrition stabilization centers and 11 trauma hospitals. Furthermore, WHO has strengthened outbreak detection and control through 412 surveillance sites and 7 public health laboratories. WHO works closely with the Ministry of Health, local and international partners to ensure health services reach underserved communities, even in conflict-affected and remote areas. Its role in Somalia is not only technical – it is strategic.\nAdapting to sustain impact\nIn response to funding constraints, the WHO Country Office in Somalia has implemented measures to reduce internal overheads while preserving impact and maintaining operations, reprioritizing activities to foc
... [truncated, total 9470 chars]
================================================================================

================================================================================
Article ID: WHO_1bac4c1742bbb591 | Attempt: 1
Error: Cannot extract valid JSON from response: line 1 column 1 (char 0)
Raw response (8435 chars):
{
"id": "WHO_1bac4c1742bbb591",
"date_iso": "2025-10-29T00:00:00",
"full_text": "The 16th Annual Meeting of the World Health Organization International Regulatory Cooperation for Herbal Medicines (WHO-IRCH) was successfully convened in Jakarta, Indonesia, hosted by the Indonesian Food and Drug Authority (BPOM). The meeting brought together regulatory authorities, policy-makers, researchers, and WHO representatives from across the world to strengthen collaboration on the quality, safety, and efficacy of herbal medicines. A meeting of the WHO-IRCH Steering Group preceded the annual session on 13 October.\nStrengthening global regulatory collaboration\nIn his opening address, Dr Sungchol Kim, Chair of WHO-IRCH, emphasized the importance of harmonized regulatory approaches, noting that “cooperation among Member States is essential to build confidence in herbal medicines through evidence-based regulation and mutual learning.” Dr Taruna Ikrar, Chairperson of Indonesia’s FDA, welcomed delegates and reaffirmed Indonesia’s commitment to regulatory excellence, highlighting the country’s long-standing jamu traditions and the growing role of traditional medicine in public health.\nOver the three-day meeting, 57 representatives joined in person with 31 connected online representing 22 and 31 WHO IRCH members/observers respectively who shared updates on the status of herbal medicine regulation across WHO regions. Plenary and technical sessions focused on key themes including safety and regulation of herbal medicines (Working Group 1); quality control, standardization, and sustainability of herbal medicines (Working Group 2); as well as efficacy and intended use of herbal medicines (Working Group 3). Workshops conducted under WHO-IRCH Working Groups showcased recent capacity-building efforts, including training programmes organized earlier this year by the Governments of India (three days hybrid workshop for Working Groups 1 and 3) and China (two days online workshop for Working G
... [truncated, total 8435 chars]
================================================================================

================================================================================
Article ID: WHO_1bac4c1742bbb591 | Attempt: 2
Error: Cannot extract valid JSON from response: line 1 column 1 (char 0)
Raw response (8665 chars):
{
"id": "WHO_1bac4c1742bbb591",
"date_iso": "2025-10-29T00:00:00",
"full_text": "The 16th Annual Meeting of the World Health Organization International Regulatory Cooperation for Herbal Medicines (WHO-IRCH) was successfully convened in Jakarta, Indonesia, hosted by the Indonesian Food and Drug Authority (BPOM). The meeting brought together regulatory authorities, policy-makers, researchers, and WHO representatives from across the world to strengthen collaboration on the quality, safety, and efficacy of herbal medicines. A meeting of the WHO-IRCH Steering Group preceded the annual session on 13 October.\nStrengthening global regulatory collaboration\nIn his opening address, Dr Sungchol Kim, Chair of WHO-IRCH, emphasized the importance of harmonized regulatory approaches, noting that “cooperation among Member States is essential to build confidence in herbal medicines through evidence-based regulation and mutual learning.” Dr Taruna Ikrar, Chairperson of Indonesia’s FDA, welcomed delegates and reaffirmed Indonesia’s commitment to regulatory excellence, highlighting the country’s long-standing jamu traditions and the growing role of traditional medicine in public health.\nOver the three-day meeting, 57 representatives joined in person with 31 connected online representing 22 and 31 WHO IRCH members/observers respectively who shared updates on the status of herbal medicine regulation across WHO regions. Plenary and technical sessions focused on key themes including safety and regulation of herbal medicines (Working Group 1); quality control, standardization, and sustainability of herbal medicines (Working Group 2); as well as efficacy and intended use of herbal medicines (Working Group 3). Workshops conducted under WHO-IRCH Working Groups showcased recent capacity-building efforts, including training programmes organized earlier this year by the Governments of India (three days hybrid workshop for Working Groups 1 and 3) and China (two days online workshop for Working G
... [truncated, total 8665 chars]
================================================================================

================================================================================
Article ID: WHO_1bac4c1742bbb591 | Attempt: 3
Error: Cannot extract valid JSON from response: line 1 column 1 (char 0)
Raw response (8702 chars):
{
"id": "WHO_1bac4c1742bbb591",
"date_iso": "2025-10-29T00:00:00",
"full_text": "The 16th Annual Meeting of the World Health Organization International Regulatory Cooperation for Herbal Medicines (WHO-IRCH) was successfully convened in Jakarta, Indonesia, hosted by the Indonesian Food and Drug Authority (BPOM). The meeting brought together regulatory authorities, policy-makers, researchers, and WHO representatives from across the world to strengthen collaboration on the quality, safety, and efficacy of herbal medicines. A meeting of the WHO-IRCH Steering Group preceded the annual session on 13 October.\nStrengthening global regulatory collaboration\nIn his opening address, Dr Sungchol Kim, Chair of WHO-IRCH, emphasized the importance of harmonized regulatory approaches, noting that “cooperation among Member States is essential to build confidence in herbal medicines through evidence-based regulation and mutual learning.” Dr Taruna Ikrar, Chairperson of Indonesia’s FDA, welcomed delegates and reaffirmed Indonesia’s commitment to regulatory excellence, highlighting the country’s long-standing jamu traditions and the growing role of traditional medicine in public health.\nOver the three-day meeting, 57 representatives joined in person with 31 connected online representing 22 and 31 WHO IRCH members/observers respectively who shared updates on the status of herbal medicine regulation across WHO regions. Plenary and technical sessions focused on key themes including safety and regulation of herbal medicines (Working Group 1); quality control, standardization, and sustainability of herbal medicines (Working Group 2); as well as efficacy and intended use of herbal medicines (Working Group 3). Workshops conducted under WHO-IRCH Working Groups showcased recent capacity-building efforts, including training programmes organized earlier this year by the Governments of India (three days hybrid workshop for Working Groups 1 and 3) and China (two days online workshop for Working G
... [truncated, total 8702 chars]
================================================================================

================================================================================
Article ID: WHO_ed21c07c60f52880 | Attempt: 1
Error: Cannot extract valid JSON from response: line 1 column 1 (char 0)
Raw response (9106 chars):
{
"id": "WHO_ed21c07c60f52880",
"date_iso": "2025-10-23T00:00:00",
"full_text": "An isolate of Middle East respiratory syndrome coronavirus (MERS-CoV) , one of three high-impact coronaviruses with pandemic potential to have emerged in recent years, has been added to the WHO BioHub System .\nThrough the BioHub, countries can voluntarily share and request biological materials with epidemic or pandemic potential. This initiative, set up by the Director-General of WHO during the COVID-19 pandemic, directly supports pathogen characterization and research, surveillance and risk assessments, and in the future will contribute to the development of medical countermeasures such as diagnostics, vaccines, and therapeutics by enabling rapid access to verified biological materials and data essential for advancing research, validation, and product development.\nMERS-CoV is a zoonotic virus and can be transmitted between dromedary camels and humans. Infection in people may lead to acute respiratory disease and even death, with a fatal outcome in 37% of cases reported to date. There are currently no licensed vaccines or therapeutics against MERS.\n\"Since its identification, outbreaks caused by MERS-CoV have been sporadic. As such MERS-CoV isolates have been challenging to obtain, making it all the more important that the WHO BioHub System provides researchers with access to this virus isolate,” said Dr Maria Van Kerkhove, Acting Director of WHO’s Epidemic and Pandemic Management Department. “By supporting timely and transparent sharing of biological materials like the MERS-CoV isolate, the WHO BioHub is supporting research that helps the world prepare for epidemics and, potentially, pandemics.”\nMost MERS research to date has used clade A isolates, which are believed tohave been extinct since 2015. The isolate now available in the BioHub was derived from a camel and is of clade C, which is the clade found to be widely circulating in African camel populations.\nRecent pandemics and 
... [truncated, total 9106 chars]
================================================================================

================================================================================
Article ID: WHO_6c565fb5d9eea1c8 | Attempt: 1
Error: Cannot extract valid JSON from response: line 1 column 1 (char 0)
Raw response (15164 chars):
{
"id": "WHO_6c565fb5d9eea1c8",
"date_iso": "2025-10-15T00:00:00",
"full_text": "Evidence-based recommendations for homes, schools and public spaces to improve public health and reduce preventable illnesses On Global Handwashing Day, WHO and UNICEF have released the first-ever global Guidelines on Hand Hygiene in Community Settings to support governments and practitioners in promoting effective hand hygiene outside health care – across households, public spaces and institutions. Framing hand hygiene as a public good and a government responsibility, the Guidelines translate evidence into ready-to-adopt actions that enable sustainable access to effective hygiene services. This will reduce diarrhoeal disease, acute respiratory infections and other preventable illnesses, strengthening routine public health where people live, work, visit and study, and emergency preparedness, including outbreaks like cholera. Despite clear benefits, 1.7 billion people still lacked basic hand hygiene services at home in 2024, including 611 million with no facility at all. Meeting the 2030 target will require accelerated progress – about a doubling in the global rate, and much faster in specific settings (up to 11 - fold in least-developed countries and 8-fold in fragile contexts). Hand hygiene remains one of the most cost-effective health investments, reducing diarrhoea by 30% and acute respiratory infections by 17%, with large, measurable gains for population health. “Clean hands save lives, but results at scale require policy, financing and accountability,” said Dr Ruediger Krech, Director a.i, Department of Environment, Climate Change, One Health & Migration at the World Health Organization. “These Guidelines help countries move beyond fragmented projects to government-led systems that make soap, water, and conditions conducive to everyday hand hygiene the norm.” “Children and young people pay the highest price when basic hygiene is out of reach,” said Cecilia Scharp, Director, Water S
... [truncated, total 15164 chars]
================================================================================

================================================================================
Article ID: WHO_03f2d2eeae8874dd | Attempt: 1
Error: Cannot extract valid JSON from response: line 1 column 1 (char 0)
Raw response (8456 chars):
{
"id": "WHO_03f2d2eeae8874dd",
"date_iso": "2025-10-14T00:00:00",
"full_text": "The World Health Organization (WHO) and the European Union (EU) announced today a new agreement to support the digital transformation of health systems and wider adoption of WHO’s Global Digital Health Certification Network (GDHCN) in sub-Saharan Africa. This EU–WHO partnership will improve pandemic preparedness and accelerate progress towards better health and well-being for all.\nThe agreement was announced at the World Health Summit 2025 by Dr Yukiko Nakatani, WHO Assistant Director-General for Health Systems, Access and Data; Dr Mohamed Yakub Janabi, WHO Regional Director for Africa; and Mr Martin Seychell, Deputy Director-General of the European Commission Directorate-General for International Partnerships.\nThe GDHCN is a global system that enables countries to securely and reliably verify nationally approved digital health credentials across borders. The system builds on the European Union Digital COVID Certificate (EU DCC), which facilitated verification of vaccination, testing and recovery certification for international travelers connecting 76 countries and territories. However, only four countries from the WHO African Region—Benin, Cabo Verde, Seychelles and Togo—were able to join the EU DCC network.\nSince its transfer to the WHO in 2023, the GDHCN has shown strong potential to support the digitization of the International Certificate of Vaccination or Prophylaxis (ICVP), commonly known as the Yellow Card, in alignment with the updated International Health Regulations (IHR). Making the most of its potential could enhance global vaccination tracking, reduce fraud, and simplify international health requirements.\nUnder the new joint agreement, which includes an €8 million EU grant spanning 2025 to 2028, WHO and the European Union will collaborate to bolster national efforts to advance the digital transformation of health systems in sub-Saharan Africa. WHO will provide technica
... [truncated, total 8456 chars]
================================================================================

================================================================================
Article ID: WHO_5c3b0a198e260649 | Attempt: 1
Error: API error: AttributeError: 'list' object has no attribute 'get'
Raw response (0 chars):

================================================================================

================================================================================
Article ID: WHO_5c3b0a198e260649 | Attempt: 2
Error: API error: AttributeError: 'list' object has no attribute 'get'
Raw response (0 chars):

================================================================================

================================================================================
Article ID: WHO_5c3b0a198e260649 | Attempt: 3
Error: API error: AttributeError: 'list' object has no attribute 'get'
Raw response (0 chars):

================================================================================

================================================================================
Article ID: WHO_23ee536515b6e651 | Attempt: 1
Error: API error: AttributeError: 'list' object has no attribute 'get'
Raw response (0 chars):

================================================================================

================================================================================
Article ID: WHO_23ee536515b6e651 | Attempt: 2
Error: API error: AttributeError: 'list' object has no attribute 'get'
Raw response (0 chars):

================================================================================

================================================================================
Article ID: WHO_23ee536515b6e651 | Attempt: 3
Error: API error: AttributeError: 'list' object has no attribute 'get'
Raw response (0 chars):

================================================================================

================================================================================
Article ID: WHO_23ee536515b6e651 | Attempt: 4
Error: API error: AttributeError: 'list' object has no attribute 'get'
Raw response (0 chars):

================================================================================

================================================================================
Article ID: WHO_23ee536515b6e651 | Attempt: 5
Error: API error: AttributeError: 'list' object has no attribute 'get'
Raw response (0 chars):

================================================================================

================================================================================
Article ID: WHO_32af3960df21bb92 | Attempt: 1
Error: API error: AttributeError: 'list' object has no attribute 'get'
Raw response (0 chars):

================================================================================

================================================================================
Article ID: WHO_32af3960df21bb92 | Attempt: 2
Error: API error: AttributeError: 'list' object has no attribute 'get'
Raw response (0 chars):

================================================================================

================================================================================
Article ID: WHO_32af3960df21bb92 | Attempt: 3
Error: API error: AttributeError: 'list' object has no attribute 'get'
Raw response (0 chars):

================================================================================

================================================================================
Article ID: WHO_32af3960df21bb92 | Attempt: 4
Error: API error: AttributeError: 'list' object has no attribute 'get'
Raw response (0 chars):

================================================================================

================================================================================
Article ID: WHO_32af3960df21bb92 | Attempt: 5
Error: API error: AttributeError: 'list' object has no attribute 'get'
Raw response (0 chars):

================================================================================

================================================================================
Article ID: WHO_c40a08dc7de3e48f | Attempt: 1
Error: Cannot extract valid JSON from response: line 1 column 1 (char 0)
Raw response (6658 chars):
{
"id": "WHO_c40a08dc7de3e48f",
"date_iso": "2025-10-09T00:00:00",
"full_text": "WHO is convening a Guideline Development Group (GDG) for the development of evidence-based recommendations on Human T‐cell lymphotropic virus-1 (HTLV-1) .\nHTLV‑1 – the first human retrovirus to be identified, in 1977 – affects at least 5-10 million people globally. It is concentrated in western and central Africa, Latin America, and the Western Pacific Region. This neglected sexually transmitted infection (STI) causes an aggressive malignancy of the blood and blood-forming organs, known as adult T-cell leukaemia/lymphoma (ATL). HTLV‑1 also causes a progressive neurological condition known as HTLV-1-associated myelopathy or tropical spastic paraparesis (HAM/TSP). Serological studies show that infection with HTLV‑1 is endemic in some countries and rare in others, with considerable intraregional variation. Most high-income countries have introduced HTLV‑1 screening of blood donations, but few public health measures have been implemented. More concerted global public health actions are needed to contain this infectious disease.\nThis is the first guideline to incorporate the latest evidence and good practices on addressing testing for and prevention of HTLV‑1. It will feed into a larger process of setting priorities and principles for HTLV‑1 testing and prevention and stimulate the development of a public health response. This work is being led in close collaboration with the Pan American Health Organization (PAHO).\nThe GDG will meet in a virtual meeting on 8-9 December 2025. The objective of this meeting will be to provide recommendations and guidance on HTLV‑1 testing and prevention, addressing who to test, how to test, resource use and broader prevention approaches.\nGuideline Development Group composition.\nIn accordance with WHO guidelines for developing recommendations , the GDG is composed of members from all WHO regions, serving in their individual capacities rather than as repres
... [truncated, total 6658 chars]
================================================================================

================================================================================
Article ID: WHO_b0bb7de4cc76f4bf | Attempt: 1
Error: API error: AttributeError: 'list' object has no attribute 'get'
Raw response (0 chars):

================================================================================

================================================================================
Article ID: WHO_b0bb7de4cc76f4bf | Attempt: 2
Error: API error: AttributeError: 'list' object has no attribute 'get'
Raw response (0 chars):

================================================================================

================================================================================
Article ID: WHO_b0bb7de4cc76f4bf | Attempt: 3
Error: API error: AttributeError: 'list' object has no attribute 'get'
Raw response (0 chars):

================================================================================

================================================================================
Article ID: WHO_b0bb7de4cc76f4bf | Attempt: 4
Error: API error: AttributeError: 'list' object has no attribute 'get'
Raw response (0 chars):

================================================================================

================================================================================
Article ID: WHO_b0bb7de4cc76f4bf | Attempt: 5
Error: API error: AttributeError: 'list' object has no attribute 'get'
Raw response (0 chars):

================================================================================

================================================================================
Article ID: WHO_4f77b2cf8baf0536 | Attempt: 1
Error: API error: AttributeError: 'list' object has no attribute 'get'
Raw response (0 chars):

================================================================================

================================================================================
Article ID: WHO_5adfabfa41d63f03 | Attempt: 1
Error: API error: AttributeError: 'list' object has no attribute 'get'
Raw response (0 chars):

================================================================================

================================================================================
Article ID: WHO_5adfabfa41d63f03 | Attempt: 2
Error: API error: AttributeError: 'list' object has no attribute 'get'
Raw response (0 chars):

================================================================================

================================================================================
Article ID: WHO_5adfabfa41d63f03 | Attempt: 3
Error: API error: AttributeError: 'list' object has no attribute 'get'
Raw response (0 chars):

================================================================================

================================================================================
Article ID: WHO_5adfabfa41d63f03 | Attempt: 4
Error: API error: AttributeError: 'list' object has no attribute 'get'
Raw response (0 chars):

================================================================================

================================================================================
Article ID: WHO_5adfabfa41d63f03 | Attempt: 5
Error: API error: AttributeError: 'list' object has no attribute 'get'
Raw response (0 chars):

================================================================================

================================================================================
Article ID: WHO_955be8f9f738c09d | Attempt: 1
Error: API error: AttributeError: 'list' object has no attribute 'get'
Raw response (0 chars):

================================================================================

================================================================================
Article ID: WHO_955be8f9f738c09d | Attempt: 2
Error: API error: AttributeError: 'list' object has no attribute 'get'
Raw response (0 chars):

================================================================================

================================================================================
Article ID: WHO_955be8f9f738c09d | Attempt: 3
Error: API error: AttributeError: 'list' object has no attribute 'get'
Raw response (0 chars):

================================================================================

================================================================================
Article ID: WHO_955be8f9f738c09d | Attempt: 4
Error: API error: AttributeError: 'list' object has no attribute 'get'
Raw response (0 chars):

================================================================================

================================================================================
Article ID: WHO_955be8f9f738c09d | Attempt: 5
Error: API error: AttributeError: 'list' object has no attribute 'get'
Raw response (0 chars):

================================================================================

================================================================================
Article ID: WHO_32d65c22ae089172 | Attempt: 1
Error: API error: AttributeError: 'list' object has no attribute 'get'
Raw response (0 chars):

================================================================================

================================================================================
Article ID: WHO_32d65c22ae089172 | Attempt: 2
Error: API error: AttributeError: 'list' object has no attribute 'get'
Raw response (0 chars):

================================================================================

================================================================================
Article ID: WHO_32d65c22ae089172 | Attempt: 3
Error: API error: AttributeError: 'list' object has no attribute 'get'
Raw response (0 chars):

================================================================================

================================================================================
Article ID: WHO_32d65c22ae089172 | Attempt: 4
Error: API error: AttributeError: 'list' object has no attribute 'get'
Raw response (0 chars):

================================================================================

================================================================================
Article ID: WHO_32d65c22ae089172 | Attempt: 5
Error: API error: AttributeError: 'list' object has no attribute 'get'
Raw response (0 chars):

================================================================================

================================================================================
Article ID: WHO_dad6e3f4034b8e23 | Attempt: 1
Error: API error: AttributeError: 'list' object has no attribute 'get'
Raw response (0 chars):

================================================================================

================================================================================
Article ID: WHO_dad6e3f4034b8e23 | Attempt: 2
Error: API error: AttributeError: 'list' object has no attribute 'get'
Raw response (0 chars):

================================================================================

================================================================================
Article ID: WHO_dad6e3f4034b8e23 | Attempt: 3
Error: API error: AttributeError: 'list' object has no attribute 'get'
Raw response (0 chars):

================================================================================

================================================================================
Article ID: WHO_dad6e3f4034b8e23 | Attempt: 4
Error: API error: AttributeError: 'list' object has no attribute 'get'
Raw response (0 chars):

================================================================================

================================================================================
Article ID: WHO_dad6e3f4034b8e23 | Attempt: 5
Error: API error: AttributeError: 'list' object has no attribute 'get'
Raw response (0 chars):

================================================================================

================================================================================
Article ID: WHO_dea7f64e88bee51d | Attempt: 1
Error: API error: AttributeError: 'list' object has no attribute 'get'
Raw response (0 chars):

================================================================================

================================================================================
Article ID: WHO_dea7f64e88bee51d | Attempt: 2
Error: API error: AttributeError: 'list' object has no attribute 'get'
Raw response (0 chars):

================================================================================

================================================================================
Article ID: WHO_dea7f64e88bee51d | Attempt: 3
Error: API error: AttributeError: 'list' object has no attribute 'get'
Raw response (0 chars):

================================================================================

================================================================================
Article ID: WHO_dea7f64e88bee51d | Attempt: 4
Error: API error: AttributeError: 'list' object has no attribute 'get'
Raw response (0 chars):

================================================================================

================================================================================
Article ID: WHO_dea7f64e88bee51d | Attempt: 5
Error: API error: AttributeError: 'list' object has no attribute 'get'
Raw response (0 chars):

================================================================================

================================================================================
Article ID: WHO_43897c86a9a39764 | Attempt: 1
Error: API error: AttributeError: 'list' object has no attribute 'get'
Raw response (0 chars):

================================================================================

================================================================================
Article ID: WHO_43897c86a9a39764 | Attempt: 2
Error: API error: AttributeError: 'list' object has no attribute 'get'
Raw response (0 chars):

================================================================================

================================================================================
Article ID: WHO_43897c86a9a39764 | Attempt: 3
Error: API error: AttributeError: 'list' object has no attribute 'get'
Raw response (0 chars):

================================================================================

================================================================================
Article ID: WHO_43897c86a9a39764 | Attempt: 4
Error: API error: AttributeError: 'list' object has no attribute 'get'
Raw response (0 chars):

================================================================================

================================================================================
Article ID: WHO_43897c86a9a39764 | Attempt: 5
Error: API error: AttributeError: 'list' object has no attribute 'get'
Raw response (0 chars):

================================================================================

================================================================================
Article ID: WHO_bcbb0a3dc23aa26b | Attempt: 1
Error: API error: AttributeError: 'list' object has no attribute 'get'
Raw response (0 chars):

================================================================================

================================================================================
Article ID: WHO_bcbb0a3dc23aa26b | Attempt: 2
Error: API error: AttributeError: 'list' object has no attribute 'get'
Raw response (0 chars):

================================================================================

================================================================================
Article ID: WHO_bcbb0a3dc23aa26b | Attempt: 3
Error: API error: AttributeError: 'list' object has no attribute 'get'
Raw response (0 chars):

================================================================================

================================================================================
Article ID: WHO_bcbb0a3dc23aa26b | Attempt: 4
Error: API error: AttributeError: 'list' object has no attribute 'get'
Raw response (0 chars):

================================================================================

================================================================================
Article ID: WHO_bcbb0a3dc23aa26b | Attempt: 5
Error: API error: AttributeError: 'list' object has no attribute 'get'
Raw response (0 chars):

================================================================================

================================================================================
Article ID: WHO_2374f5f514ce660c | Attempt: 1
Error: API error: AttributeError: 'list' object has no attribute 'get'
Raw response (0 chars):

================================================================================

================================================================================
Article ID: WHO_2374f5f514ce660c | Attempt: 2
Error: API error: AttributeError: 'list' object has no attribute 'get'
Raw response (0 chars):

================================================================================

================================================================================
Article ID: WHO_2374f5f514ce660c | Attempt: 3
Error: API error: AttributeError: 'list' object has no attribute 'get'
Raw response (0 chars):

================================================================================

================================================================================
Article ID: WHO_2374f5f514ce660c | Attempt: 4
Error: API error: AttributeError: 'list' object has no attribute 'get'
Raw response (0 chars):

================================================================================

================================================================================
Article ID: WHO_2374f5f514ce660c | Attempt: 5
Error: API error: AttributeError: 'list' object has no attribute 'get'
Raw response (0 chars):

================================================================================

================================================================================
Article ID: WHO_0efcaf4c968bea9c | Attempt: 1
Error: API error: AttributeError: 'list' object has no attribute 'get'
Raw response (0 chars):

================================================================================

================================================================================
Article ID: WHO_0efcaf4c968bea9c | Attempt: 2
Error: API error: AttributeError: 'list' object has no attribute 'get'
Raw response (0 chars):

================================================================================

================================================================================
Article ID: WHO_0efcaf4c968bea9c | Attempt: 3
Error: API error: AttributeError: 'list' object has no attribute 'get'
Raw response (0 chars):

================================================================================

================================================================================
Article ID: WHO_0efcaf4c968bea9c | Attempt: 4
Error: API error: AttributeError: 'list' object has no attribute 'get'
Raw response (0 chars):

================================================================================

================================================================================
Article ID: WHO_0efcaf4c968bea9c | Attempt: 5
Error: API error: AttributeError: 'list' object has no attribute 'get'
Raw response (0 chars):

================================================================================

================================================================================
Article ID: WHO_fc61991e943304ce | Attempt: 1
Error: API error: AttributeError: 'list' object has no attribute 'get'
Raw response (0 chars):

================================================================================

================================================================================
Article ID: WHO_fc61991e943304ce | Attempt: 2
Error: API error: AttributeError: 'list' object has no attribute 'get'
Raw response (0 chars):

================================================================================

================================================================================
Article ID: WHO_fc61991e943304ce | Attempt: 3
Error: API error: AttributeError: 'list' object has no attribute 'get'
Raw response (0 chars):

================================================================================

================================================================================
Article ID: WHO_fc61991e943304ce | Attempt: 4
Error: API error: AttributeError: 'list' object has no attribute 'get'
Raw response (0 chars):

================================================================================

================================================================================
Article ID: WHO_fc61991e943304ce | Attempt: 5
Error: API error: AttributeError: 'list' object has no attribute 'get'
Raw response (0 chars):

================================================================================

================================================================================
Article ID: WHO_380cbfea17eca448 | Attempt: 1
Error: API error: AttributeError: 'list' object has no attribute 'get'
Raw response (0 chars):

================================================================================

================================================================================
Article ID: WHO_380cbfea17eca448 | Attempt: 2
Error: API error: AttributeError: 'list' object has no attribute 'get'
Raw response (0 chars):

================================================================================

================================================================================
Article ID: WHO_380cbfea17eca448 | Attempt: 3
Error: API error: AttributeError: 'list' object has no attribute 'get'
Raw response (0 chars):

================================================================================

================================================================================
Article ID: WHO_380cbfea17eca448 | Attempt: 4
Error: API error: AttributeError: 'list' object has no attribute 'get'
Raw response (0 chars):

================================================================================

================================================================================
Article ID: WHO_380cbfea17eca448 | Attempt: 5
Error: API error: AttributeError: 'list' object has no attribute 'get'
Raw response (0 chars):

================================================================================

================================================================================
Article ID: WHO_4163fb02344151eb | Attempt: 1
Error: API error: AttributeError: 'list' object has no attribute 'get'
Raw response (0 chars):

================================================================================

================================================================================
Article ID: WHO_4163fb02344151eb | Attempt: 2
Error: API error: AttributeError: 'list' object has no attribute 'get'
Raw response (0 chars):

================================================================================

================================================================================
Article ID: WHO_4163fb02344151eb | Attempt: 3
Error: API error: AttributeError: 'list' object has no attribute 'get'
Raw response (0 chars):

================================================================================

================================================================================
Article ID: WHO_4163fb02344151eb | Attempt: 4
Error: API error: AttributeError: 'list' object has no attribute 'get'
Raw response (0 chars):

================================================================================

================================================================================
Article ID: WHO_4163fb02344151eb | Attempt: 5
Error: API error: AttributeError: 'list' object has no attribute 'get'
Raw response (0 chars):

================================================================================

================================================================================
Article ID: WHO_90d2f4349312729c | Attempt: 1
Error: API error: AttributeError: 'list' object has no attribute 'get'
Raw response (0 chars):

================================================================================

================================================================================
Article ID: WHO_90d2f4349312729c | Attempt: 2
Error: API error: AttributeError: 'list' object has no attribute 'get'
Raw response (0 chars):

================================================================================

================================================================================
Article ID: WHO_90d2f4349312729c | Attempt: 3
Error: API error: AttributeError: 'list' object has no attribute 'get'
Raw response (0 chars):

================================================================================

================================================================================
Article ID: WHO_90d2f4349312729c | Attempt: 4
Error: API error: AttributeError: 'list' object has no attribute 'get'
Raw response (0 chars):

================================================================================

================================================================================
Article ID: WHO_90d2f4349312729c | Attempt: 5
Error: API error: AttributeError: 'list' object has no attribute 'get'
Raw response (0 chars):

================================================================================

================================================================================
Article ID: WHO_7669dd4fd2068deb | Attempt: 1
Error: API error: AttributeError: 'list' object has no attribute 'get'
Raw response (0 chars):

================================================================================

================================================================================
Article ID: WHO_7669dd4fd2068deb | Attempt: 2
Error: API error: AttributeError: 'list' object has no attribute 'get'
Raw response (0 chars):

================================================================================

================================================================================
Article ID: WHO_7669dd4fd2068deb | Attempt: 3
Error: API error: AttributeError: 'list' object has no attribute 'get'
Raw response (0 chars):

================================================================================

================================================================================
Article ID: WHO_7669dd4fd2068deb | Attempt: 4
Error: API error: AttributeError: 'list' object has no attribute 'get'
Raw response (0 chars):

================================================================================

================================================================================
Article ID: WHO_7669dd4fd2068deb | Attempt: 5
Error: API error: AttributeError: 'list' object has no attribute 'get'
Raw response (0 chars):

================================================================================

================================================================================
Article ID: WHO_3e1b33524795b6fa | Attempt: 1
Error: API error: AttributeError: 'list' object has no attribute 'get'
Raw response (0 chars):

================================================================================

================================================================================
Article ID: WHO_3e1b33524795b6fa | Attempt: 2
Error: API error: AttributeError: 'list' object has no attribute 'get'
Raw response (0 chars):

================================================================================

================================================================================
Article ID: WHO_3e1b33524795b6fa | Attempt: 3
Error: API error: AttributeError: 'list' object has no attribute 'get'
Raw response (0 chars):

================================================================================

================================================================================
Article ID: WHO_3e1b33524795b6fa | Attempt: 4
Error: API error: AttributeError: 'list' object has no attribute 'get'
Raw response (0 chars):

================================================================================

================================================================================
Article ID: WHO_3e1b33524795b6fa | Attempt: 5
Error: API error: AttributeError: 'list' object has no attribute 'get'
Raw response (0 chars):

================================================================================

================================================================================
Article ID: WHO_6c8595c87f2421fd | Attempt: 1
Error: API error: AttributeError: 'list' object has no attribute 'get'
Raw response (0 chars):

================================================================================

================================================================================
Article ID: WHO_6c8595c87f2421fd | Attempt: 2
Error: API error: AttributeError: 'list' object has no attribute 'get'
Raw response (0 chars):

================================================================================

================================================================================
Article ID: WHO_6c8595c87f2421fd | Attempt: 3
Error: API error: AttributeError: 'list' object has no attribute 'get'
Raw response (0 chars):

================================================================================

================================================================================
Article ID: WHO_6c8595c87f2421fd | Attempt: 4
Error: API error: AttributeError: 'list' object has no attribute 'get'
Raw response (0 chars):

================================================================================

================================================================================
Article ID: WHO_6c8595c87f2421fd | Attempt: 5
Error: API error: AttributeError: 'list' object has no attribute 'get'
Raw response (0 chars):

================================================================================

================================================================================
Article ID: WHO_30c9651b4e9a4702 | Attempt: 1
Error: API error: AttributeError: 'list' object has no attribute 'get'
Raw response (0 chars):

================================================================================

================================================================================
Article ID: WHO_30c9651b4e9a4702 | Attempt: 2
Error: API error: AttributeError: 'list' object has no attribute 'get'
Raw response (0 chars):

================================================================================

================================================================================
Article ID: WHO_30c9651b4e9a4702 | Attempt: 3
Error: API error: AttributeError: 'list' object has no attribute 'get'
Raw response (0 chars):

================================================================================

================================================================================
Article ID: WHO_30c9651b4e9a4702 | Attempt: 4
Error: API error: AttributeError: 'list' object has no attribute 'get'
Raw response (0 chars):

================================================================================

================================================================================
Article ID: WHO_30c9651b4e9a4702 | Attempt: 5
Error: API error: AttributeError: 'list' object has no attribute 'get'
Raw response (0 chars):

================================================================================

================================================================================
Article ID: WHO_6e654dd2c8fd2857 | Attempt: 1
Error: API error: AttributeError: 'list' object has no attribute 'get'
Raw response (0 chars):

================================================================================

================================================================================
Article ID: WHO_6e654dd2c8fd2857 | Attempt: 2
Error: API error: AttributeError: 'list' object has no attribute 'get'
Raw response (0 chars):

================================================================================

================================================================================
Article ID: WHO_6e654dd2c8fd2857 | Attempt: 3
Error: API error: AttributeError: 'list' object has no attribute 'get'
Raw response (0 chars):

================================================================================

================================================================================
Article ID: WHO_6e654dd2c8fd2857 | Attempt: 4
Error: API error: AttributeError: 'list' object has no attribute 'get'
Raw response (0 chars):

================================================================================

================================================================================
Article ID: WHO_6e654dd2c8fd2857 | Attempt: 5
Error: API error: AttributeError: 'list' object has no attribute 'get'
Raw response (0 chars):

================================================================================

================================================================================
Article ID: WHO_6bdecea9046a4a5c | Attempt: 1
Error: API error: AttributeError: 'list' object has no attribute 'get'
Raw response (0 chars):

================================================================================

================================================================================
Article ID: WHO_6bdecea9046a4a5c | Attempt: 2
Error: API error: AttributeError: 'list' object has no attribute 'get'
Raw response (0 chars):

================================================================================

================================================================================
Article ID: WHO_6bdecea9046a4a5c | Attempt: 3
Error: API error: AttributeError: 'list' object has no attribute 'get'
Raw response (0 chars):

================================================================================

================================================================================
Article ID: WHO_6bdecea9046a4a5c | Attempt: 4
Error: API error: AttributeError: 'list' object has no attribute 'get'
Raw response (0 chars):

================================================================================

================================================================================
Article ID: WHO_6bdecea9046a4a5c | Attempt: 5
Error: API error: AttributeError: 'list' object has no attribute 'get'
Raw response (0 chars):

================================================================================

================================================================================
Article ID: WHO_21377471fe8dba1c | Attempt: 1
Error: API error: AttributeError: 'list' object has no attribute 'get'
Raw response (0 chars):

================================================================================

================================================================================
Article ID: WHO_21377471fe8dba1c | Attempt: 2
Error: API error: AttributeError: 'list' object has no attribute 'get'
Raw response (0 chars):

================================================================================

================================================================================
Article ID: WHO_21377471fe8dba1c | Attempt: 3
Error: API error: AttributeError: 'list' object has no attribute 'get'
Raw response (0 chars):

================================================================================

================================================================================
Article ID: WHO_21377471fe8dba1c | Attempt: 4
Error: API error: AttributeError: 'list' object has no attribute 'get'
Raw response (0 chars):

================================================================================

================================================================================
Article ID: WHO_21377471fe8dba1c | Attempt: 5
Error: API error: AttributeError: 'list' object has no attribute 'get'
Raw response (0 chars):

================================================================================

================================================================================
Article ID: WHO_7f924d7380a90af7 | Attempt: 1
Error: API error: AttributeError: 'list' object has no attribute 'get'
Raw response (0 chars):

================================================================================

================================================================================
Article ID: WHO_7f924d7380a90af7 | Attempt: 2
Error: API error: AttributeError: 'list' object has no attribute 'get'
Raw response (0 chars):

================================================================================

================================================================================
Article ID: WHO_7f924d7380a90af7 | Attempt: 3
Error: API error: AttributeError: 'list' object has no attribute 'get'
Raw response (0 chars):

================================================================================

================================================================================
Article ID: WHO_7f924d7380a90af7 | Attempt: 4
Error: API error: AttributeError: 'list' object has no attribute 'get'
Raw response (0 chars):

================================================================================

================================================================================
Article ID: WHO_7f924d7380a90af7 | Attempt: 5
Error: API error: AttributeError: 'list' object has no attribute 'get'
Raw response (0 chars):

================================================================================

================================================================================
Article ID: WHO_c5abdde1267c010a | Attempt: 1
Error: API error: AttributeError: 'list' object has no attribute 'get'
Raw response (0 chars):

================================================================================

================================================================================
Article ID: WHO_c5abdde1267c010a | Attempt: 2
Error: API error: AttributeError: 'list' object has no attribute 'get'
Raw response (0 chars):

================================================================================

================================================================================
Article ID: WHO_c5abdde1267c010a | Attempt: 3
Error: API error: AttributeError: 'list' object has no attribute 'get'
Raw response (0 chars):

================================================================================

================================================================================
Article ID: WHO_c5abdde1267c010a | Attempt: 4
Error: API error: AttributeError: 'list' object has no attribute 'get'
Raw response (0 chars):

================================================================================

================================================================================
Article ID: WHO_c5abdde1267c010a | Attempt: 5
Error: API error: AttributeError: 'list' object has no attribute 'get'
Raw response (0 chars):

================================================================================

================================================================================
Article ID: WHO_a5aec3a72ac0fbed | Attempt: 1
Error: API error: AttributeError: 'list' object has no attribute 'get'
Raw response (0 chars):

================================================================================

================================================================================
Article ID: WHO_a5aec3a72ac0fbed | Attempt: 2
Error: API error: AttributeError: 'list' object has no attribute 'get'
Raw response (0 chars):

================================================================================

================================================================================
Article ID: WHO_a5aec3a72ac0fbed | Attempt: 3
Error: API error: AttributeError: 'list' object has no attribute 'get'
Raw response (0 chars):

================================================================================

================================================================================
Article ID: WHO_a5aec3a72ac0fbed | Attempt: 4
Error: API error: AttributeError: 'list' object has no attribute 'get'
Raw response (0 chars):

================================================================================

================================================================================
Article ID: WHO_a5aec3a72ac0fbed | Attempt: 5
Error: API error: AttributeError: 'list' object has no attribute 'get'
Raw response (0 chars):

================================================================================

================================================================================
Article ID: WHO_6d07dc474ed5fc6f | Attempt: 1
Error: API error: AttributeError: 'list' object has no attribute 'get'
Raw response (0 chars):

================================================================================

================================================================================
Article ID: WHO_6d07dc474ed5fc6f | Attempt: 2
Error: API error: AttributeError: 'list' object has no attribute 'get'
Raw response (0 chars):

================================================================================

================================================================================
Article ID: WHO_6d07dc474ed5fc6f | Attempt: 3
Error: API error: AttributeError: 'list' object has no attribute 'get'
Raw response (0 chars):

================================================================================

================================================================================
Article ID: WHO_6d07dc474ed5fc6f | Attempt: 4
Error: API error: AttributeError: 'list' object has no attribute 'get'
Raw response (0 chars):

================================================================================

================================================================================
Article ID: WHO_6d07dc474ed5fc6f | Attempt: 5
Error: API error: AttributeError: 'list' object has no attribute 'get'
Raw response (0 chars):

================================================================================

================================================================================
Article ID: WHO_e3a5007dd551f777 | Attempt: 1
Error: API error: AttributeError: 'list' object has no attribute 'get'
Raw response (0 chars):

================================================================================

================================================================================
Article ID: WHO_e3a5007dd551f777 | Attempt: 2
Error: API error: AttributeError: 'list' object has no attribute 'get'
Raw response (0 chars):

================================================================================

================================================================================
Article ID: WHO_e3a5007dd551f777 | Attempt: 3
Error: API error: AttributeError: 'list' object has no attribute 'get'
Raw response (0 chars):

================================================================================

================================================================================
Article ID: WHO_e3a5007dd551f777 | Attempt: 4
Error: API error: AttributeError: 'list' object has no attribute 'get'
Raw response (0 chars):

================================================================================

================================================================================
Article ID: WHO_e3a5007dd551f777 | Attempt: 5
Error: API error: AttributeError: 'list' object has no attribute 'get'
Raw response (0 chars):

================================================================================

================================================================================
Article ID: WHO_b58747a8dde62908 | Attempt: 1
Error: API error: AttributeError: 'list' object has no attribute 'get'
Raw response (0 chars):

================================================================================

================================================================================
Article ID: WHO_b58747a8dde62908 | Attempt: 2
Error: API error: AttributeError: 'list' object has no attribute 'get'
Raw response (0 chars):

================================================================================

================================================================================
Article ID: WHO_b58747a8dde62908 | Attempt: 3
Error: API error: AttributeError: 'list' object has no attribute 'get'
Raw response (0 chars):

================================================================================

================================================================================
Article ID: WHO_b58747a8dde62908 | Attempt: 4
Error: API error: AttributeError: 'list' object has no attribute 'get'
Raw response (0 chars):

================================================================================

================================================================================
Article ID: WHO_b58747a8dde62908 | Attempt: 5
Error: API error: AttributeError: 'list' object has no attribute 'get'
Raw response (0 chars):

================================================================================

================================================================================
Article ID: WHO_8fb7724f80a3e4eb | Attempt: 1
Error: API error: AttributeError: 'list' object has no attribute 'get'
Raw response (0 chars):

================================================================================

================================================================================
Article ID: WHO_8fb7724f80a3e4eb | Attempt: 2
Error: API error: AttributeError: 'list' object has no attribute 'get'
Raw response (0 chars):

================================================================================

================================================================================
Article ID: WHO_8fb7724f80a3e4eb | Attempt: 3
Error: API error: AttributeError: 'list' object has no attribute 'get'
Raw response (0 chars):

================================================================================

================================================================================
Article ID: WHO_8fb7724f80a3e4eb | Attempt: 4
Error: API error: AttributeError: 'list' object has no attribute 'get'
Raw response (0 chars):

================================================================================

================================================================================
Article ID: WHO_8fb7724f80a3e4eb | Attempt: 5
Error: API error: AttributeError: 'list' object has no attribute 'get'
Raw response (0 chars):

================================================================================

================================================================================
Article ID: WHO_6c0d226d4fc3a07d | Attempt: 1
Error: API error: AttributeError: 'list' object has no attribute 'get'
Raw response (0 chars):

================================================================================

================================================================================
Article ID: WHO_6c0d226d4fc3a07d | Attempt: 2
Error: API error: AttributeError: 'list' object has no attribute 'get'
Raw response (0 chars):

================================================================================

================================================================================
Article ID: WHO_6c0d226d4fc3a07d | Attempt: 3
Error: API error: AttributeError: 'list' object has no attribute 'get'
Raw response (0 chars):

================================================================================

================================================================================
Article ID: WHO_6c0d226d4fc3a07d | Attempt: 4
Error: API error: AttributeError: 'list' object has no attribute 'get'
Raw response (0 chars):

================================================================================

================================================================================
Article ID: WHO_6c0d226d4fc3a07d | Attempt: 5
Error: API error: AttributeError: 'list' object has no attribute 'get'
Raw response (0 chars):

================================================================================

================================================================================
Article ID: WHO_17272cc63cb5e938 | Attempt: 1
Error: API error: AttributeError: 'list' object has no attribute 'get'
Raw response (0 chars):

================================================================================

================================================================================
Article ID: WHO_17272cc63cb5e938 | Attempt: 2
Error: API error: AttributeError: 'list' object has no attribute 'get'
Raw response (0 chars):

================================================================================

================================================================================
Article ID: WHO_17272cc63cb5e938 | Attempt: 3
Error: API error: AttributeError: 'list' object has no attribute 'get'
Raw response (0 chars):

================================================================================

================================================================================
Article ID: WHO_17272cc63cb5e938 | Attempt: 4
Error: API error: AttributeError: 'list' object has no attribute 'get'
Raw response (0 chars):

================================================================================

================================================================================
Article ID: WHO_17272cc63cb5e938 | Attempt: 5
Error: API error: AttributeError: 'list' object has no attribute 'get'
Raw response (0 chars):

================================================================================

================================================================================
Article ID: WHO_96683c1062fd2b73 | Attempt: 1
Error: API error: AttributeError: 'list' object has no attribute 'get'
Raw response (0 chars):

================================================================================

================================================================================
Article ID: WHO_96683c1062fd2b73 | Attempt: 2
Error: API error: AttributeError: 'list' object has no attribute 'get'
Raw response (0 chars):

================================================================================

================================================================================
Article ID: WHO_96683c1062fd2b73 | Attempt: 3
Error: API error: AttributeError: 'list' object has no attribute 'get'
Raw response (0 chars):

================================================================================

================================================================================
Article ID: WHO_96683c1062fd2b73 | Attempt: 4
Error: API error: AttributeError: 'list' object has no attribute 'get'
Raw response (0 chars):

================================================================================

================================================================================
Article ID: WHO_96683c1062fd2b73 | Attempt: 5
Error: API error: AttributeError: 'list' object has no attribute 'get'
Raw response (0 chars):

================================================================================

================================================================================
Article ID: WHO_7f7153793ec9cf08 | Attempt: 1
Error: API error: AttributeError: 'list' object has no attribute 'get'
Raw response (0 chars):

================================================================================

================================================================================
Article ID: WHO_7f7153793ec9cf08 | Attempt: 2
Error: API error: AttributeError: 'list' object has no attribute 'get'
Raw response (0 chars):

================================================================================

================================================================================
Article ID: WHO_7f7153793ec9cf08 | Attempt: 3
Error: API error: AttributeError: 'list' object has no attribute 'get'
Raw response (0 chars):

================================================================================

================================================================================
Article ID: WHO_7f7153793ec9cf08 | Attempt: 4
Error: API error: AttributeError: 'list' object has no attribute 'get'
Raw response (0 chars):

================================================================================

================================================================================
Article ID: WHO_7f7153793ec9cf08 | Attempt: 5
Error: API error: AttributeError: 'list' object has no attribute 'get'
Raw response (0 chars):

================================================================================

================================================================================
Article ID: WHO_b26b4f228dcac928 | Attempt: 1
Error: API error: AttributeError: 'list' object has no attribute 'get'
Raw response (0 chars):

================================================================================

================================================================================
Article ID: WHO_b26b4f228dcac928 | Attempt: 2
Error: API error: AttributeError: 'list' object has no attribute 'get'
Raw response (0 chars):

================================================================================

================================================================================
Article ID: WHO_b26b4f228dcac928 | Attempt: 3
Error: API error: AttributeError: 'list' object has no attribute 'get'
Raw response (0 chars):

================================================================================

================================================================================
Article ID: WHO_b26b4f228dcac928 | Attempt: 4
Error: API error: AttributeError: 'list' object has no attribute 'get'
Raw response (0 chars):

================================================================================

================================================================================
Article ID: WHO_b26b4f228dcac928 | Attempt: 5
Error: API error: AttributeError: 'list' object has no attribute 'get'
Raw response (0 chars):

================================================================================

================================================================================
Article ID: WHO_733447ca74370698 | Attempt: 1
Error: API error: AttributeError: 'list' object has no attribute 'get'
Raw response (0 chars):

================================================================================

================================================================================
Article ID: WHO_733447ca74370698 | Attempt: 2
Error: API error: AttributeError: 'list' object has no attribute 'get'
Raw response (0 chars):

================================================================================

================================================================================
Article ID: WHO_733447ca74370698 | Attempt: 3
Error: API error: AttributeError: 'list' object has no attribute 'get'
Raw response (0 chars):

================================================================================

================================================================================
Article ID: WHO_733447ca74370698 | Attempt: 4
Error: API error: AttributeError: 'list' object has no attribute 'get'
Raw response (0 chars):

================================================================================

================================================================================
Article ID: WHO_733447ca74370698 | Attempt: 5
Error: API error: AttributeError: 'list' object has no attribute 'get'
Raw response (0 chars):

================================================================================

================================================================================
Article ID: WHO_024eeead7ed46244 | Attempt: 1
Error: API error: AttributeError: 'list' object has no attribute 'get'
Raw response (0 chars):

================================================================================

================================================================================
Article ID: WHO_024eeead7ed46244 | Attempt: 2
Error: API error: AttributeError: 'list' object has no attribute 'get'
Raw response (0 chars):

================================================================================

================================================================================
Article ID: WHO_024eeead7ed46244 | Attempt: 3
Error: API error: AttributeError: 'list' object has no attribute 'get'
Raw response (0 chars):

================================================================================

================================================================================
Article ID: WHO_024eeead7ed46244 | Attempt: 4
Error: API error: AttributeError: 'list' object has no attribute 'get'
Raw response (0 chars):

================================================================================

================================================================================
Article ID: WHO_024eeead7ed46244 | Attempt: 5
Error: API error: AttributeError: 'list' object has no attribute 'get'
Raw response (0 chars):

================================================================================

================================================================================
Article ID: WHO_e43259d19f0b3b55 | Attempt: 1
Error: API error: AttributeError: 'list' object has no attribute 'get'
Raw response (0 chars):

================================================================================

================================================================================
Article ID: WHO_e43259d19f0b3b55 | Attempt: 2
Error: API error: AttributeError: 'list' object has no attribute 'get'
Raw response (0 chars):

================================================================================

================================================================================
Article ID: WHO_e43259d19f0b3b55 | Attempt: 3
Error: API error: AttributeError: 'list' object has no attribute 'get'
Raw response (0 chars):

================================================================================

================================================================================
Article ID: WHO_e43259d19f0b3b55 | Attempt: 4
Error: API error: AttributeError: 'list' object has no attribute 'get'
Raw response (0 chars):

================================================================================

================================================================================
Article ID: WHO_e43259d19f0b3b55 | Attempt: 5
Error: API error: AttributeError: 'list' object has no attribute 'get'
Raw response (0 chars):

================================================================================

================================================================================
Article ID: WHO_b5a06ae6ffc6037b | Attempt: 1
Error: API error: AttributeError: 'list' object has no attribute 'get'
Raw response (0 chars):

================================================================================

================================================================================
Article ID: WHO_b5a06ae6ffc6037b | Attempt: 2
Error: API error: AttributeError: 'list' object has no attribute 'get'
Raw response (0 chars):

================================================================================

================================================================================
Article ID: WHO_b5a06ae6ffc6037b | Attempt: 3
Error: API error: AttributeError: 'list' object has no attribute 'get'
Raw response (0 chars):

================================================================================

================================================================================
Article ID: WHO_b5a06ae6ffc6037b | Attempt: 4
Error: API error: AttributeError: 'list' object has no attribute 'get'
Raw response (0 chars):

================================================================================

================================================================================
Article ID: WHO_b5a06ae6ffc6037b | Attempt: 5
Error: API error: AttributeError: 'list' object has no attribute 'get'
Raw response (0 chars):

================================================================================

================================================================================
Article ID: WHO_f609b8b3d1f4e165 | Attempt: 1
Error: API error: AttributeError: 'list' object has no attribute 'get'
Raw response (0 chars):

================================================================================

================================================================================
Article ID: WHO_f609b8b3d1f4e165 | Attempt: 2
Error: API error: AttributeError: 'list' object has no attribute 'get'
Raw response (0 chars):

================================================================================

================================================================================
Article ID: WHO_f609b8b3d1f4e165 | Attempt: 3
Error: API error: AttributeError: 'list' object has no attribute 'get'
Raw response (0 chars):

================================================================================

================================================================================
Article ID: WHO_f609b8b3d1f4e165 | Attempt: 4
Error: API error: AttributeError: 'list' object has no attribute 'get'
Raw response (0 chars):

================================================================================

================================================================================
Article ID: WHO_f609b8b3d1f4e165 | Attempt: 5
Error: API error: AttributeError: 'list' object has no attribute 'get'
Raw response (0 chars):

================================================================================

================================================================================
Article ID: WHO_583d2ff015de2c15 | Attempt: 1
Error: API error: AttributeError: 'list' object has no attribute 'get'
Raw response (0 chars):

================================================================================

================================================================================
Article ID: WHO_583d2ff015de2c15 | Attempt: 2
Error: API error: AttributeError: 'list' object has no attribute 'get'
Raw response (0 chars):

================================================================================

================================================================================
Article ID: WHO_583d2ff015de2c15 | Attempt: 3
Error: API error: AttributeError: 'list' object has no attribute 'get'
Raw response (0 chars):

================================================================================

================================================================================
Article ID: WHO_583d2ff015de2c15 | Attempt: 4
Error: API error: AttributeError: 'list' object has no attribute 'get'
Raw response (0 chars):

================================================================================

================================================================================
Article ID: WHO_583d2ff015de2c15 | Attempt: 5
Error: API error: AttributeError: 'list' object has no attribute 'get'
Raw response (0 chars):

================================================================================

================================================================================
Article ID: WHO_dec34d8a8f9e2147 | Attempt: 1
Error: API error: AttributeError: 'list' object has no attribute 'get'
Raw response (0 chars):

================================================================================

================================================================================
Article ID: WHO_dec34d8a8f9e2147 | Attempt: 2
Error: API error: AttributeError: 'list' object has no attribute 'get'
Raw response (0 chars):

================================================================================

================================================================================
Article ID: WHO_dec34d8a8f9e2147 | Attempt: 3
Error: API error: AttributeError: 'list' object has no attribute 'get'
Raw response (0 chars):

================================================================================

================================================================================
Article ID: WHO_dec34d8a8f9e2147 | Attempt: 4
Error: API error: AttributeError: 'list' object has no attribute 'get'
Raw response (0 chars):

================================================================================

================================================================================
Article ID: WHO_dec34d8a8f9e2147 | Attempt: 5
Error: API error: AttributeError: 'list' object has no attribute 'get'
Raw response (0 chars):

================================================================================

================================================================================
Article ID: WHO_d724b95a86656c80 | Attempt: 1
Error: API error: AttributeError: 'list' object has no attribute 'get'
Raw response (0 chars):

================================================================================

================================================================================
Article ID: WHO_d724b95a86656c80 | Attempt: 2
Error: API error: AttributeError: 'list' object has no attribute 'get'
Raw response (0 chars):

================================================================================

================================================================================
Article ID: WHO_d724b95a86656c80 | Attempt: 3
Error: API error: AttributeError: 'list' object has no attribute 'get'
Raw response (0 chars):

================================================================================

================================================================================
Article ID: WHO_d724b95a86656c80 | Attempt: 4
Error: API error: AttributeError: 'list' object has no attribute 'get'
Raw response (0 chars):

================================================================================

================================================================================
Article ID: WHO_d724b95a86656c80 | Attempt: 5
Error: API error: AttributeError: 'list' object has no attribute 'get'
Raw response (0 chars):

================================================================================

================================================================================
Article ID: WHO_b73ff2b1f5067f86 | Attempt: 1
Error: API error: AttributeError: 'list' object has no attribute 'get'
Raw response (0 chars):

================================================================================

================================================================================
Article ID: WHO_b73ff2b1f5067f86 | Attempt: 2
Error: API error: AttributeError: 'list' object has no attribute 'get'
Raw response (0 chars):

================================================================================

================================================================================
Article ID: WHO_b73ff2b1f5067f86 | Attempt: 3
Error: API error: AttributeError: 'list' object has no attribute 'get'
Raw response (0 chars):

================================================================================

================================================================================
Article ID: WHO_b73ff2b1f5067f86 | Attempt: 4
Error: API error: AttributeError: 'list' object has no attribute 'get'
Raw response (0 chars):

================================================================================

================================================================================
Article ID: WHO_b73ff2b1f5067f86 | Attempt: 5
Error: API error: AttributeError: 'list' object has no attribute 'get'
Raw response (0 chars):

================================================================================

================================================================================
Article ID: WHO_7309c2f9bf8c992e | Attempt: 1
Error: API error: AttributeError: 'list' object has no attribute 'get'
Raw response (0 chars):

================================================================================

================================================================================
Article ID: WHO_7309c2f9bf8c992e | Attempt: 2
Error: API error: AttributeError: 'list' object has no attribute 'get'
Raw response (0 chars):

================================================================================

================================================================================
Article ID: WHO_7309c2f9bf8c992e | Attempt: 3
Error: API error: AttributeError: 'list' object has no attribute 'get'
Raw response (0 chars):

================================================================================

================================================================================
Article ID: WHO_7309c2f9bf8c992e | Attempt: 4
Error: API error: AttributeError: 'list' object has no attribute 'get'
Raw response (0 chars):

================================================================================

================================================================================
Article ID: WHO_7309c2f9bf8c992e | Attempt: 5
Error: API error: AttributeError: 'list' object has no attribute 'get'
Raw response (0 chars):

================================================================================

================================================================================
Article ID: WHO_dbab78624dd1188d | Attempt: 1
Error: API error: AttributeError: 'list' object has no attribute 'get'
Raw response (0 chars):

================================================================================

================================================================================
Article ID: WHO_dbab78624dd1188d | Attempt: 2
Error: API error: AttributeError: 'list' object has no attribute 'get'
Raw response (0 chars):

================================================================================

================================================================================
Article ID: WHO_dbab78624dd1188d | Attempt: 3
Error: API error: AttributeError: 'list' object has no attribute 'get'
Raw response (0 chars):

================================================================================

================================================================================
Article ID: WHO_dbab78624dd1188d | Attempt: 4
Error: API error: AttributeError: 'list' object has no attribute 'get'
Raw response (0 chars):

================================================================================

================================================================================
Article ID: WHO_dbab78624dd1188d | Attempt: 5
Error: API error: AttributeError: 'list' object has no attribute 'get'
Raw response (0 chars):

================================================================================

================================================================================
Article ID: WHO_9b894b73e3fbba5a | Attempt: 1
Error: API error: AttributeError: 'list' object has no attribute 'get'
Raw response (0 chars):

================================================================================

================================================================================
Article ID: WHO_9b894b73e3fbba5a | Attempt: 2
Error: API error: AttributeError: 'list' object has no attribute 'get'
Raw response (0 chars):

================================================================================

================================================================================
Article ID: WHO_9b894b73e3fbba5a | Attempt: 3
Error: API error: AttributeError: 'list' object has no attribute 'get'
Raw response (0 chars):

================================================================================

================================================================================
Article ID: WHO_9b894b73e3fbba5a | Attempt: 4
Error: API error: AttributeError: 'list' object has no attribute 'get'
Raw response (0 chars):

================================================================================

================================================================================
Article ID: WHO_9b894b73e3fbba5a | Attempt: 5
Error: API error: AttributeError: 'list' object has no attribute 'get'
Raw response (0 chars):

================================================================================

================================================================================
Article ID: WHO_3203376e0a172ffe | Attempt: 1
Error: API error: AttributeError: 'list' object has no attribute 'get'
Raw response (0 chars):

================================================================================

================================================================================
Article ID: WHO_3203376e0a172ffe | Attempt: 2
Error: API error: AttributeError: 'list' object has no attribute 'get'
Raw response (0 chars):

================================================================================

================================================================================
Article ID: WHO_3203376e0a172ffe | Attempt: 3
Error: API error: AttributeError: 'list' object has no attribute 'get'
Raw response (0 chars):

================================================================================

================================================================================
Article ID: WHO_3203376e0a172ffe | Attempt: 4
Error: API error: AttributeError: 'list' object has no attribute 'get'
Raw response (0 chars):

================================================================================

================================================================================
Article ID: WHO_3203376e0a172ffe | Attempt: 5
Error: API error: AttributeError: 'list' object has no attribute 'get'
Raw response (0 chars):

================================================================================

================================================================================
Article ID: WHO_2371349a75f431fb | Attempt: 1
Error: API error: AttributeError: 'list' object has no attribute 'get'
Raw response (0 chars):

================================================================================

================================================================================
Article ID: WHO_2371349a75f431fb | Attempt: 2
Error: API error: AttributeError: 'list' object has no attribute 'get'
Raw response (0 chars):

================================================================================

================================================================================
Article ID: WHO_2371349a75f431fb | Attempt: 3
Error: API error: AttributeError: 'list' object has no attribute 'get'
Raw response (0 chars):

================================================================================

================================================================================
Article ID: WHO_2371349a75f431fb | Attempt: 4
Error: API error: AttributeError: 'list' object has no attribute 'get'
Raw response (0 chars):

================================================================================

================================================================================
Article ID: WHO_2371349a75f431fb | Attempt: 5
Error: API error: AttributeError: 'list' object has no attribute 'get'
Raw response (0 chars):

================================================================================

================================================================================
Article ID: WHO_31a66357b3ead452 | Attempt: 1
Error: API error: AttributeError: 'list' object has no attribute 'get'
Raw response (0 chars):

================================================================================

================================================================================
Article ID: WHO_31a66357b3ead452 | Attempt: 2
Error: API error: AttributeError: 'list' object has no attribute 'get'
Raw response (0 chars):

================================================================================

================================================================================
Article ID: WHO_31a66357b3ead452 | Attempt: 3
Error: API error: AttributeError: 'list' object has no attribute 'get'
Raw response (0 chars):

================================================================================

================================================================================
Article ID: WHO_31a66357b3ead452 | Attempt: 4
Error: API error: AttributeError: 'list' object has no attribute 'get'
Raw response (0 chars):

================================================================================

================================================================================
Article ID: WHO_31a66357b3ead452 | Attempt: 5
Error: API error: AttributeError: 'list' object has no attribute 'get'
Raw response (0 chars):

================================================================================

================================================================================
Article ID: WHO_56798348b90f521e | Attempt: 1
Error: API error: AttributeError: 'list' object has no attribute 'get'
Raw response (0 chars):

================================================================================

================================================================================
Article ID: WHO_56798348b90f521e | Attempt: 2
Error: API error: AttributeError: 'list' object has no attribute 'get'
Raw response (0 chars):

================================================================================

================================================================================
Article ID: WHO_56798348b90f521e | Attempt: 3
Error: API error: AttributeError: 'list' object has no attribute 'get'
Raw response (0 chars):

================================================================================

================================================================================
Article ID: WHO_56798348b90f521e | Attempt: 4
Error: API error: AttributeError: 'list' object has no attribute 'get'
Raw response (0 chars):

================================================================================

================================================================================
Article ID: WHO_56798348b90f521e | Attempt: 5
Error: API error: AttributeError: 'list' object has no attribute 'get'
Raw response (0 chars):

================================================================================

================================================================================
Article ID: WHO_0255a9004d5a794a | Attempt: 1
Error: API error: AttributeError: 'list' object has no attribute 'get'
Raw response (0 chars):

================================================================================

================================================================================
Article ID: WHO_0255a9004d5a794a | Attempt: 2
Error: API error: AttributeError: 'list' object has no attribute 'get'
Raw response (0 chars):

================================================================================

================================================================================
Article ID: WHO_0255a9004d5a794a | Attempt: 3
Error: API error: AttributeError: 'list' object has no attribute 'get'
Raw response (0 chars):

================================================================================

================================================================================
Article ID: WHO_0255a9004d5a794a | Attempt: 4
Error: API error: AttributeError: 'list' object has no attribute 'get'
Raw response (0 chars):

================================================================================

================================================================================
Article ID: WHO_0255a9004d5a794a | Attempt: 5
Error: API error: AttributeError: 'list' object has no attribute 'get'
Raw response (0 chars):

================================================================================

================================================================================
Article ID: WHO_aa7771ebd38dc915 | Attempt: 1
Error: API error: AttributeError: 'list' object has no attribute 'get'
Raw response (0 chars):

================================================================================

================================================================================
Article ID: WHO_aa7771ebd38dc915 | Attempt: 2
Error: API error: AttributeError: 'list' object has no attribute 'get'
Raw response (0 chars):

================================================================================

================================================================================
Article ID: WHO_aa7771ebd38dc915 | Attempt: 3
Error: API error: AttributeError: 'list' object has no attribute 'get'
Raw response (0 chars):

================================================================================

================================================================================
Article ID: WHO_aa7771ebd38dc915 | Attempt: 4
Error: API error: AttributeError: 'list' object has no attribute 'get'
Raw response (0 chars):

================================================================================

================================================================================
Article ID: WHO_aa7771ebd38dc915 | Attempt: 5
Error: API error: AttributeError: 'list' object has no attribute 'get'
Raw response (0 chars):

================================================================================

================================================================================
Article ID: WHO_68fd008efaf4ed50 | Attempt: 1
Error: API error: AttributeError: 'list' object has no attribute 'get'
Raw response (0 chars):

================================================================================

================================================================================
Article ID: WHO_68fd008efaf4ed50 | Attempt: 2
Error: API error: AttributeError: 'list' object has no attribute 'get'
Raw response (0 chars):

================================================================================

================================================================================
Article ID: WHO_68fd008efaf4ed50 | Attempt: 3
Error: API error: AttributeError: 'list' object has no attribute 'get'
Raw response (0 chars):

================================================================================

================================================================================
Article ID: WHO_68fd008efaf4ed50 | Attempt: 4
Error: API error: AttributeError: 'list' object has no attribute 'get'
Raw response (0 chars):

================================================================================

================================================================================
Article ID: WHO_68fd008efaf4ed50 | Attempt: 5
Error: API error: AttributeError: 'list' object has no attribute 'get'
Raw response (0 chars):

================================================================================

================================================================================
Article ID: WHO_e510f769e9d39a06 | Attempt: 1
Error: API error: AttributeError: 'list' object has no attribute 'get'
Raw response (0 chars):

================================================================================

================================================================================
Article ID: WHO_e510f769e9d39a06 | Attempt: 2
Error: API error: AttributeError: 'list' object has no attribute 'get'
Raw response (0 chars):

================================================================================

================================================================================
Article ID: WHO_e510f769e9d39a06 | Attempt: 3
Error: API error: AttributeError: 'list' object has no attribute 'get'
Raw response (0 chars):

================================================================================

================================================================================
Article ID: WHO_e510f769e9d39a06 | Attempt: 4
Error: API error: AttributeError: 'list' object has no attribute 'get'
Raw response (0 chars):

================================================================================

================================================================================
Article ID: WHO_e510f769e9d39a06 | Attempt: 5
Error: API error: AttributeError: 'list' object has no attribute 'get'
Raw response (0 chars):

================================================================================

================================================================================
Article ID: WHO_e925c00be74392f4 | Attempt: 1
Error: API error: AttributeError: 'list' object has no attribute 'get'
Raw response (0 chars):

================================================================================

================================================================================
Article ID: WHO_e925c00be74392f4 | Attempt: 2
Error: API error: AttributeError: 'list' object has no attribute 'get'
Raw response (0 chars):

================================================================================

================================================================================
Article ID: WHO_e925c00be74392f4 | Attempt: 3
Error: API error: AttributeError: 'list' object has no attribute 'get'
Raw response (0 chars):

================================================================================

================================================================================
Article ID: WHO_e925c00be74392f4 | Attempt: 4
Error: API error: AttributeError: 'list' object has no attribute 'get'
Raw response (0 chars):

================================================================================

================================================================================
Article ID: WHO_e925c00be74392f4 | Attempt: 5
Error: API error: AttributeError: 'list' object has no attribute 'get'
Raw response (0 chars):

================================================================================

================================================================================
Article ID: WHO_074ebc21702873e2 | Attempt: 1
Error: API error: AttributeError: 'list' object has no attribute 'get'
Raw response (0 chars):

================================================================================

================================================================================
Article ID: WHO_074ebc21702873e2 | Attempt: 2
Error: API error: AttributeError: 'list' object has no attribute 'get'
Raw response (0 chars):

================================================================================

================================================================================
Article ID: WHO_074ebc21702873e2 | Attempt: 3
Error: API error: AttributeError: 'list' object has no attribute 'get'
Raw response (0 chars):

================================================================================

================================================================================
Article ID: WHO_074ebc21702873e2 | Attempt: 4
Error: API error: AttributeError: 'list' object has no attribute 'get'
Raw response (0 chars):

================================================================================

================================================================================
Article ID: VAFC_4c0c0affe6d1bbec | Attempt: 1
Error: API error: AttributeError: 'list' object has no attribute 'get'
Raw response (0 chars):

================================================================================

================================================================================
Article ID: VAFC_4c0c0affe6d1bbec | Attempt: 1
Error: Cannot extract valid JSON from response: line 1 column 1 (char 0)
Raw response (4873 chars):
{
"id": "VAFC_4c0c0affe6d1bbec",
"date_iso": "2021-01-11T00:00:00",
"full_text": "Tài khoản giả mạo đăng các thông tin không kiểm chứng liên quan đến dự báo, cảnh báo và truyền tin thiên tai khí tượng thủy văn, gây hoang mang, xáo trộn, ảnh hưởng lớn đến đời sống sinh hoạt của người dân.\nTheo văn bản xác nhận từ Tổng cục Khí tượng Thủy văn, tài khoản trang Facebook https://www.facebook.com/TrungTamKttvQuocGia/about giả mạo Trung tâm Dự báo Khí tượng Thủy văn quốc gia.\Hình ảnh tài khoản giả mạo\nTrung tâm Xử lý Tin giả Việt Nam đề nghị cẩn trọng khi tiếp nhận và chia sẻ thông tin liên quan tới thiên tai, khí tượng thủy văn từ các nguồn tin không chính thức.\nVAFC",
"claims": {
"SUPPORTED": [
{
"claim": "Tài khoản trang Facebook https://www.facebook.com/TrungTamKttvQuocGia/about đã giả mạo Trung tâm Dự báo Khí tượng Thủy văn quốc gia theo văn bản xác nhận từ Tổng cục Khí tượng Thủy văn.",
"label": "SUPPORTED",
"evidence": [
{
"type": "text",
"quote": ["Theo văn bản xác nhận từ Tổng cục Khí tượng Thủy văn, tài khoản trang Facebook https://www.facebook.com/TrungTamKttvQuocGia/about giả mạo Trung tâm Dự báo Khí tượng Thủy văn quốc gia."],
"article_id": "VAFC_4c0c0affe6d1bbec",
"url": "https://tingia.gov.vn/tai-khoan-gia-mao-trung-tam-khi-tuong-thuy-van-quoc-gia-1.html"
}
],
"reason": "Thông tin trong claim khớp hoàn toàn với văn bản xác nhận được trích dẫn trong bài viết."
},
{
"claim": "Trung tâm Xử lý Tin giả Việt Nam đã đưa ra đề nghị mọi người cần cẩn trọng khi tiếp nhận và chia sẻ thông tin liên quan tới thiên tai và khí tượng thủy văn từ các nguồn tin không chính thức.",
"label": "SUPPORTED",
"evidence": [
{
"type": "text",
"quote": ["Trung tâm Xử lý Tin giả Việt Nam đề nghị cẩn trọng khi tiếp nhận và chia sẻ thông tin liên quan tới thiên tai, khí tượng thủy văn từ các nguồn tin không chính thức."],
"article_id": "VAFC_4c0c0affe6d1bbec",
"url": "https://tingia.gov.vn/tai-khoan-gia-mao-trung-tam-khi-tuong-thuy-van-quoc-gia-1.html"
}
],
"reason": "Claim phản ánh ch
... [truncated, total 4873 chars]
================================================================================

================================================================================
Article ID: VAFC_4c0c0affe6d1bbec | Attempt: 2
Error: Cannot extract valid JSON from response: line 1 column 1 (char 0)
Raw response (4972 chars):
{
"id": "VAFC_4c0c0affe6d1bbec",
"date_iso": "2021-01-11T00:00:00",
"full_text": "Tài khoản giả mạo đăng các thông tin không kiểm chứng liên quan đến dự báo, cảnh báo và truyền tin thiên tai khí tượng thủy văn, gây hoang mang, xáo trộn, ảnh hưởng lớn đến đời sống sinh hoạt của người dân.\nTheo văn bản xác nhận từ Tổng cục Khí tượng Thủy văn, tài khoản trang Facebook https://www.facebook.com/TrungTamKttvQuocGia/about giả mạo Trung tâm Dự báo Khí tượng Thủy văn quốc gia.\Hình ảnh tài khoản giả mạo\nTrung tâm Xử lý Tin giả Việt Nam đề nghị cẩn trọng khi tiếp nhận và chia sẻ thông tin liên quan tới thiên tai, khí tượng thủy văn từ các nguồn tin không chính thức.\nVAFC",
"claims": {
"SUPPORTED": [
{
"claim": "Tài khoản trang Facebook https://www.facebook.com/TrungTamKttvQuocGia/about là tài khoản giả mạo Trung tâm Dự báo Khí tượng Thủy văn quốc gia theo văn bản xác nhận từ Tổng cục Khí tượng Thủy văn.",
"label": "SUPPORTED",
"evidence": [
{
"type": "text",
"quote": ["Theo văn bản xác nhận từ Tổng cục Khí tượng Thủy văn, tài khoản trang Facebook https://www.facebook.com/TrungTamKttvQuocGia/about giả mạo Trung tâm Dự báo Khí tượng Thủy văn quốc gia."],
"article_id": "VAFC_4c0c0affe6d1bbec",
"url": "https://tingia.gov.vn/tai-khoan-gia-mao-trung-tam-khi-tuong-thuy-van-quoc-gia-1.html"
}
],
"reason": "Thông tin trong claim khớp hoàn toàn với văn bản xác nhận từ Tổng cục Khí tượng Thủy văn được trích dẫn trong bài."
},
{
"claim": "Trung tâm Xử lý Tin giả Việt Nam đưa ra đề nghị mọi người cần cẩn trọng khi tiếp nhận và chia sẻ thông tin liên quan tới thiên tai, khí tượng thủy văn từ các nguồn tin không chính thức.",
"label": "SUPPORTED",
"evidence": [
{
"type": "text",
"quote": ["Trung tâm Xử lý Tin giả Việt Nam đề nghị cẩn trọng khi tiếp nhận và chia sẻ thông tin liên quan tới thiên tai, khí tượng thủy văn từ các nguồn tin không chính thức."],
"article_id": "VAFC_4c0c0affe6d1bbec",
"url": "https://tingia.gov.vn/tai-khoan-gia-mao-trung-tam-khi-tuong-thuy-van-quoc-gia-1.html"
}

... [truncated, total 4972 chars]
================================================================================

================================================================================
Article ID: VAFC_4c0c0affe6d1bbec | Attempt: 3
Error: Cannot extract valid JSON from response: line 1 column 1 (char 0)
Raw response (4933 chars):
{
"id": "VAFC_4c0c0affe6d1bbec",
"date_iso": "2021-01-11T00:00:00",
"full_text": "Tài khoản giả mạo đăng các thông tin không kiểm chứng liên quan đến dự báo, cảnh báo và truyền tin thiên tai khí tượng thủy văn, gây hoang mang, xáo trộn, ảnh hưởng lớn đến đời sống sinh hoạt của người dân.\nTheo văn bản xác nhận từ Tổng cục Khí tượng Thủy văn, tài khoản trang Facebook https://www.facebook.com/TrungTamKttvQuocGia/about giả mạo Trung tâm Dự báo Khí tượng Thủy văn quốc gia.\Hình ảnh tài khoản giả mạo\nTrung tâm Xử lý Tin giả Việt Nam đề nghị cẩn trọng khi tiếp nhận và chia sẻ thông tin liên quan tới thiên tai, khí tượng thủy văn từ các nguồn tin không chính thức.\nVAFC",
"claims": {
"SUPPORTED": [
{
"claim": "Tổng cục Khí tượng Thủy văn có văn bản xác nhận tài khoản trang Facebook https://www.facebook.com/TrungTamKttvQuocGia/about là giả mạo Trung tâm Dự báo Khí tượng Thủy văn quốc gia.",
"label": "SUPPORTED",
"evidence": [
{
"type": "text",
"quote": ["Theo văn bản xác nhận từ Tổng cục Khí tượng Thủy văn, tài khoản trang Facebook https://www.facebook.com/TrungTamKttvQuocGia/about giả mạo Trung tâm Dự báo Khí tượng Thủy văn quốc gia."],
"article_id": "VAFC_4c0c0affe6d1bbec",
"url": "https://tingia.gov.vn/tai-khoan-gia-mao-trung-tam-khi-tuong-thuy-van-quoc-gia-1.html"
}
],
"reason": "Thông tin trong claim khớp hoàn toàn với nội dung văn bản xác nhận từ Tổng cục Khí tượng Thủy văn trong bài viết."
},
{
"claim": "Trung tâm Xử lý Tin giả Việt Nam đưa ra đề nghị người dân cẩn trọng khi tiếp nhận và chia sẻ thông tin liên quan tới thiên tai từ các nguồn tin không chính thức.",
"label": "SUPPORTED",
"evidence": [
{
"type": "text",
"quote": ["Trung tâm Xử lý Tin giả Việt Nam đề nghị cẩn trọng khi tiếp nhận và chia sẻ thông tin liên quan tới thiên tai, khí tượng thủy văn từ các nguồn tin không chính thức."],
"article_id": "VAFC_4c0c0affe6d1bbec",
"url": "https://tingia.gov.vn/tai-khoan-gia-mao-trung-tam-khi-tuong-thuy-van-quoc-gia-1.html"
}
],
"reason": "Claim phản ánh chính xác đ
... [truncated, total 4933 chars]
================================================================================

================================================================================
Article ID: VAFC_4c0c0affe6d1bbec | Attempt: 4
Error: Cannot extract valid JSON from response: line 1 column 1 (char 0)
Raw response (4926 chars):
{
"id": "VAFC_4c0c0affe6d1bbec",
"date_iso": "2021-01-11T00:00:00",
"full_text": "Tài khoản giả mạo đăng các thông tin không kiểm chứng liên quan đến dự báo, cảnh báo và truyền tin thiên tai khí tượng thủy văn, gây hoang mang, xáo trộn, ảnh hưởng lớn đến đời sống sinh hoạt của người dân.\nTheo văn bản xác nhận từ Tổng cục Khí tượng Thủy văn, tài khoản trang Facebook https://www.facebook.com/TrungTamKttvQuocGia/about giả mạo Trung tâm Dự báo Khí tượng Thủy văn quốc gia.\Hình ảnh tài khoản giả mạo\nTrung tâm Xử lý Tin giả Việt Nam đề nghị cẩn trọng khi tiếp nhận và chia sẻ thông tin liên quan tới thiên tai, khí tượng thủy văn từ các nguồn tin không chính thức.\nVAFC",
"claims": {
"SUPPORTED": [
{
"claim": "Tài khoản trang Facebook https://www.facebook.com/TrungTamKttvQuocGia/about đã giả mạo Trung tâm Dự báo Khí tượng Thủy văn quốc gia theo văn bản xác nhận từ Tổng cục Khí tượng Thủy văn.",
"label": "SUPPORTED",
"evidence": [
{
"type": "text",
"quote": ["Theo văn bản xác nhận từ Tổng cục Khí tượng Thủy văn, tài khoản trang Facebook https://www.facebook.com/TrungTamKttvQuocGia/about giả mạo Trung tâm Dự báo Khí tượng Thủy văn quốc gia."],
"article_id": "VAFC_4c0c0affe6d1bbec",
"url": "https://tingia.gov.vn/tai-khoan-gia-mao-trung-tam-khi-tuong-thuy-van-quoc-gia-1.html"
}
],
"reason": "Thông tin được khẳng định trực tiếp trong văn bản xác nhận từ Tổng cục Khí tượng Thủy văn có trong bài viết."
},
{
"claim": "Trung tâm Xử lý Tin giả Việt Nam đưa ra đề nghị mọi người cần cẩn trọng khi tiếp nhận và chia sẻ thông tin liên quan tới thiên tai, khí tượng thủy văn từ các nguồn tin không chính thức.",
"label": "SUPPORTED",
"evidence": [
{
"type": "text",
"quote": ["Trung tâm Xử lý Tin giả Việt Nam đề nghị cẩn trọng khi tiếp nhận và chia sẻ thông tin liên quan tới thiên tai, khí tượng thủy văn từ các nguồn tin không chính thức."],
"article_id": "VAFC_4c0c0affe6d1bbec",
"url": "https://tingia.gov.vn/tai-khoan-gia-mao-trung-tam-khi-tuong-thuy-van-quoc-gia-1.html"
}
],
"reason": "Nộ
... [truncated, total 4926 chars]
================================================================================

================================================================================
Article ID: VAFC_4c0c0affe6d1bbec | Attempt: 5
Error: Cannot extract valid JSON from response: line 1 column 1 (char 0)
Raw response (4964 chars):
{
"id": "VAFC_4c0c0affe6d1bbec",
"date_iso": "2021-01-11T00:00:00",
"full_text": "Tài khoản giả mạo đăng các thông tin không kiểm chứng liên quan đến dự báo, cảnh báo và truyền tin thiên tai khí tượng thủy văn, gây hoang mang, xáo trộn, ảnh hưởng lớn đến đời sống sinh hoạt của người dân.\nTheo văn bản xác nhận từ Tổng cục Khí tượng Thủy văn, tài khoản trang Facebook https://www.facebook.com/TrungTamKttvQuocGia/about giả mạo Trung tâm Dự báo Khí tượng Thủy văn quốc gia.\Hình ảnh tài khoản giả mạo\nTrung tâm Xử lý Tin giả Việt Nam đề nghị cẩn trọng khi tiếp nhận và chia sẻ thông tin liên quan tới thiên tai, khí tượng thủy văn từ các nguồn tin không chính thức.\nVAFC",
"claims": {
"SUPPORTED": [
{
"claim": "Tài khoản trang Facebook https://www.facebook.com/TrungTamKttvQuocGia/about đã giả mạo Trung tâm Dự báo Khí tượng Thủy văn quốc gia theo văn bản xác nhận từ Tổng cục Khí tượng Thủy văn.",
"label": "SUPPORTED",
"evidence": [
{
"type": "text",
"quote": ["Theo văn bản xác nhận từ Tổng cục Khí tượng Thủy văn, tài khoản trang Facebook https://www.facebook.com/TrungTamKttvQuocGia/about giả mạo Trung tâm Dự báo Khí tượng Thủy văn quốc gia."],
"article_id": "VAFC_4c0c0affe6d1bbec",
"url": "https://tingia.gov.vn/tai-khoan-gia-mao-trung-tam-khi-tuong-thuy-van-quoc-gia-1.html"
}
],
"reason": "Thông tin trong claim khớp hoàn toàn với văn bản xác nhận từ Tổng cục Khí tượng Thủy văn được trích dẫn trong bài viết."
},
{
"claim": "Trung tâm Xử lý Tin giả Việt Nam đã đưa ra đề nghị cẩn trọng khi tiếp nhận và chia sẻ thông tin liên quan tới thiên tai, khí tượng thủy văn từ các nguồn tin không chính thức.",
"label": "SUPPORTED",
"evidence": [
{
"type": "text",
"quote": ["Trung tâm Xử lý Tin giả Việt Nam đề nghị cẩn trọng khi tiếp nhận và chia sẻ thông tin liên quan tới thiên tai, khí tượng thủy văn từ các nguồn tin không chính thức."],
"article_id": "VAFC_4c0c0affe6d1bbec",
"url": "https://tingia.gov.vn/tai-khoan-gia-mao-trung-tam-khi-tuong-thuy-van-quoc-gia-1.html"
}
],
"reason": "Cl
... [truncated, total 4964 chars]
================================================================================

================================================================================
Article ID: WHO_2712068c3e6384a0 | Attempt: 1
Error: Cannot extract valid JSON from response: line 1 column 1 (char 0)
Raw response (8749 chars):
{
"id": "WHO_2712068c3e6384a0",
"date_iso": "2026-02-10T00:00:00",
"full_text": "A survivor-founded movement Teal Asia mobilizes communities across Malaysia through a week of action, partnership, and awareness.\nTo mark the first official World Cervical Cancer Elimination Day on 17 November, cervical cancer survivor and patient advocate Selina Yeop Jr launched Teal Asia, the country’s first peer-to-peer cervical cancer support movement, alongside a week-long series of activities across Malaysia.\nTeal Asia was created to ensure that no woman faces cervical cancer alone. The movement focuses on education, peer support, and collaboration – helping communities better understand prevention, screening, and early detection, and encouraging women and families to seek timely care.\nA week of action across communities\nFrom 17–21 November, Teal Asia’s programme engaged a wide range of audiences through activities designed to meet people where they are, across workplaces, sports, community spaces, and creative platforms, while keeping cervical cancer prevention and care at the centre.\nThe week began with the official launch of Teal Asia, marking a public commitment to sustained survivor-led advocacy in Malaysia and setting the tone for collective action.\nTeal Tuesday encouraged corporate solidarity, inviting workplaces and professional networks to wear teal as a visible sign of support for cervical cancer elimination and to help spark conversations about prevention and screening in everyday settings.\nCommunity engagement continued through padel and pickleball charity tournaments, using sport to bring women and men together around health, well-being, and shared responsibility for prevention.\nOn Teal Thursday, an event titled “Men Matter Too” created space to engage male allies, recognizing the role men play as partners, family members, and advocates in supporting women’s health decisions and challenging stigma around cervical cancer.\nThe week concluded with a finale fashi
... [truncated, total 8749 chars]
================================================================================

================================================================================
Article ID: WHO_2712068c3e6384a0 | Attempt: 2
Error: API error: ProviderAPIError: OpenRouter HTTP 403: Key limit exceeded (total limit). Manage it using https://openrouter.ai/workspaces/default/keys/89095c9dd560518a9b3c0459a0a6c05b2d9a04690a30600f86920d99fa56db82
Raw response (0 chars):

================================================================================

================================================================================
Article ID: WHO_2712068c3e6384a0 | Attempt: 3
Error: API error: ProviderAPIError: OpenRouter HTTP 403: Key limit exceeded (total limit). Manage it using https://openrouter.ai/workspaces/default/keys/89095c9dd560518a9b3c0459a0a6c05b2d9a04690a30600f86920d99fa56db82
Raw response (0 chars):

================================================================================

================================================================================
Article ID: WHO_2712068c3e6384a0 | Attempt: 4
Error: API error: ProviderAPIError: OpenRouter HTTP 403: Key limit exceeded (total limit). Manage it using https://openrouter.ai/workspaces/default/keys/89095c9dd560518a9b3c0459a0a6c05b2d9a04690a30600f86920d99fa56db82
Raw response (0 chars):

================================================================================

================================================================================
Article ID: WHO_2712068c3e6384a0 | Attempt: 5
Error: API error: ProviderAPIError: OpenRouter HTTP 403: Key limit exceeded (total limit). Manage it using https://openrouter.ai/workspaces/default/keys/89095c9dd560518a9b3c0459a0a6c05b2d9a04690a30600f86920d99fa56db82
Raw response (0 chars):

================================================================================

================================================================================
Article ID: WHO_267595d804e07620 | Attempt: 1
Error: API error: ProviderAPIError: OpenRouter HTTP 403: Key limit exceeded (total limit). Manage it using https://openrouter.ai/workspaces/default/keys/89095c9dd560518a9b3c0459a0a6c05b2d9a04690a30600f86920d99fa56db82
Raw response (0 chars):

================================================================================

================================================================================
Article ID: VAFC_4c0c0affe6d1bbec | Attempt: 1
Error: API error: ProviderAPIError: OpenRouter HTTP 403: Key limit exceeded (total limit). Manage it using https://openrouter.ai/workspaces/default/keys/89095c9dd560518a9b3c0459a0a6c05b2d9a04690a30600f86920d99fa56db82
Raw response (0 chars):

================================================================================

================================================================================
Article ID: VAFC_4c0c0affe6d1bbec | Attempt: 2
Error: API error: ProviderAPIError: OpenRouter HTTP 403: Key limit exceeded (total limit). Manage it using https://openrouter.ai/workspaces/default/keys/89095c9dd560518a9b3c0459a0a6c05b2d9a04690a30600f86920d99fa56db82
Raw response (0 chars):

================================================================================

================================================================================
Article ID: VAFC_4c0c0affe6d1bbec | Attempt: 1
Error: API error: ProviderAPIError: OpenRouter HTTP 403: Key limit exceeded (total limit). Manage it using https://openrouter.ai/workspaces/default/keys/89095c9dd560518a9b3c0459a0a6c05b2d9a04690a30600f86920d99fa56db82
Raw response (0 chars):

================================================================================

================================================================================
Article ID: VAFC_4c0c0affe6d1bbec | Attempt: 1
Error: API error: ProviderAPIError: OpenRouter HTTP 403: Key limit exceeded (total limit). Manage it using https://openrouter.ai/workspaces/default/keys/89095c9dd560518a9b3c0459a0a6c05b2d9a04690a30600f86920d99fa56db82
Raw response (0 chars):

================================================================================

================================================================================
Article ID: VAFC_4c0c0affe6d1bbec | Attempt: 2
Error: API error: ProviderAPIError: OpenRouter HTTP 403: Key limit exceeded (total limit). Manage it using https://openrouter.ai/workspaces/default/keys/89095c9dd560518a9b3c0459a0a6c05b2d9a04690a30600f86920d99fa56db82
Raw response (0 chars):

================================================================================

================================================================================
Article ID: VAFC_4c0c0affe6d1bbec | Attempt: 1
Error: API error: ProviderAPIError: OpenRouter HTTP 403: Key limit exceeded (total limit). Manage it using https://openrouter.ai/workspaces/default/keys/89095c9dd560518a9b3c0459a0a6c05b2d9a04690a30600f86920d99fa56db82
Raw response (0 chars):

================================================================================

================================================================================
Article ID: VAFC_4c0c0affe6d1bbec | Attempt: 2
Error: API error: ProviderAPIError: OpenRouter HTTP 403: Key limit exceeded (total limit). Manage it using https://openrouter.ai/workspaces/default/keys/89095c9dd560518a9b3c0459a0a6c05b2d9a04690a30600f86920d99fa56db82
Raw response (0 chars):

================================================================================
