
================================================================================
Article ID: MOH_eb38113ded776cdf | Attempt: 1
Error: API error: AttributeError: 'list' object has no attribute 'get'
Raw response (0 chars):

================================================================================

================================================================================
Article ID: MOH_eb38113ded776cdf | Attempt: 2
Error: API error: AttributeError: 'list' object has no attribute 'get'
Raw response (0 chars):

================================================================================

================================================================================
Article ID: MOH_eb38113ded776cdf | Attempt: 3
Error: API error: AttributeError: 'list' object has no attribute 'get'
Raw response (0 chars):

================================================================================

================================================================================
Article ID: MOH_eb38113ded776cdf | Attempt: 4
Error: API error: AttributeError: 'list' object has no attribute 'get'
Raw response (0 chars):

================================================================================

================================================================================
Article ID: MOH_eb38113ded776cdf | Attempt: 5
Error: API error: AttributeError: 'list' object has no attribute 'get'
Raw response (0 chars):

================================================================================

================================================================================
Article ID: MOH_3532cfff9f643bec | Attempt: 1
Error: API error: AttributeError: 'list' object has no attribute 'get'
Raw response (0 chars):

================================================================================

================================================================================
Article ID: MOH_3532cfff9f643bec | Attempt: 2
Error: API error: AttributeError: 'list' object has no attribute 'get'
Raw response (0 chars):

================================================================================

================================================================================
Article ID: MOH_3532cfff9f643bec | Attempt: 3
Error: API error: AttributeError: 'list' object has no attribute 'get'
Raw response (0 chars):

================================================================================

================================================================================
Article ID: MOH_3532cfff9f643bec | Attempt: 4
Error: API error: AttributeError: 'list' object has no attribute 'get'
Raw response (0 chars):

================================================================================

================================================================================
Article ID: MOH_3532cfff9f643bec | Attempt: 5
Error: API error: AttributeError: 'list' object has no attribute 'get'
Raw response (0 chars):

================================================================================

================================================================================
Article ID: MOH_bff686db1481395d | Attempt: 1
Error: API error: AttributeError: 'list' object has no attribute 'get'
Raw response (0 chars):

================================================================================

================================================================================
Article ID: MOH_bff686db1481395d | Attempt: 2
Error: API error: AttributeError: 'list' object has no attribute 'get'
Raw response (0 chars):

================================================================================

================================================================================
Article ID: MOH_bff686db1481395d | Attempt: 3
Error: API error: AttributeError: 'list' object has no attribute 'get'
Raw response (0 chars):

================================================================================

================================================================================
Article ID: MOH_bff686db1481395d | Attempt: 4
Error: API error: AttributeError: 'list' object has no attribute 'get'
Raw response (0 chars):

================================================================================

================================================================================
Article ID: MOH_bff686db1481395d | Attempt: 5
Error: API error: AttributeError: 'list' object has no attribute 'get'
Raw response (0 chars):

================================================================================

================================================================================
Article ID: MOH_da88b3c0c6c3f9a2 | Attempt: 1
Error: API error: AttributeError: 'list' object has no attribute 'get'
Raw response (0 chars):

================================================================================

================================================================================
Article ID: MOH_da88b3c0c6c3f9a2 | Attempt: 2
Error: API error: AttributeError: 'list' object has no attribute 'get'
Raw response (0 chars):

================================================================================

================================================================================
Article ID: MOH_da88b3c0c6c3f9a2 | Attempt: 3
Error: API error: AttributeError: 'list' object has no attribute 'get'
Raw response (0 chars):

================================================================================

================================================================================
Article ID: MOH_da88b3c0c6c3f9a2 | Attempt: 4
Error: API error: AttributeError: 'list' object has no attribute 'get'
Raw response (0 chars):

================================================================================

================================================================================
Article ID: MOH_da88b3c0c6c3f9a2 | Attempt: 5
Error: API error: AttributeError: 'list' object has no attribute 'get'
Raw response (0 chars):

================================================================================

================================================================================
Article ID: MOH_89ade2b70e3e4553 | Attempt: 1
Error: API error: AttributeError: 'list' object has no attribute 'get'
Raw response (0 chars):

================================================================================

================================================================================
Article ID: MOH_89ade2b70e3e4553 | Attempt: 2
Error: API error: AttributeError: 'list' object has no attribute 'get'
Raw response (0 chars):

================================================================================

================================================================================
Article ID: MOH_89ade2b70e3e4553 | Attempt: 3
Error: API error: AttributeError: 'list' object has no attribute 'get'
Raw response (0 chars):

================================================================================

================================================================================
Article ID: MOH_89ade2b70e3e4553 | Attempt: 4
Error: API error: AttributeError: 'list' object has no attribute 'get'
Raw response (0 chars):

================================================================================

================================================================================
Article ID: MOH_89ade2b70e3e4553 | Attempt: 5
Error: API error: AttributeError: 'list' object has no attribute 'get'
Raw response (0 chars):

================================================================================

================================================================================
Article ID: MOH_8923ab1a1a10e777 | Attempt: 1
Error: API error: AttributeError: 'list' object has no attribute 'get'
Raw response (0 chars):

================================================================================

================================================================================
Article ID: MOH_8923ab1a1a10e777 | Attempt: 2
Error: API error: AttributeError: 'list' object has no attribute 'get'
Raw response (0 chars):

================================================================================

================================================================================
Article ID: MOH_8923ab1a1a10e777 | Attempt: 3
Error: API error: AttributeError: 'list' object has no attribute 'get'
Raw response (0 chars):

================================================================================

================================================================================
Article ID: MOH_8923ab1a1a10e777 | Attempt: 4
Error: API error: AttributeError: 'list' object has no attribute 'get'
Raw response (0 chars):

================================================================================

================================================================================
Article ID: MOH_8923ab1a1a10e777 | Attempt: 5
Error: API error: AttributeError: 'list' object has no attribute 'get'
Raw response (0 chars):

================================================================================

================================================================================
Article ID: MOH_da6fa013dc5fb432 | Attempt: 1
Error: API error: AttributeError: 'list' object has no attribute 'get'
Raw response (0 chars):

================================================================================

================================================================================
Article ID: MOH_da6fa013dc5fb432 | Attempt: 2
Error: API error: AttributeError: 'list' object has no attribute 'get'
Raw response (0 chars):

================================================================================

================================================================================
Article ID: MOH_da6fa013dc5fb432 | Attempt: 3
Error: API error: AttributeError: 'list' object has no attribute 'get'
Raw response (0 chars):

================================================================================

================================================================================
Article ID: MOH_da6fa013dc5fb432 | Attempt: 4
Error: API error: AttributeError: 'list' object has no attribute 'get'
Raw response (0 chars):

================================================================================

================================================================================
Article ID: MOH_da6fa013dc5fb432 | Attempt: 5
Error: API error: AttributeError: 'list' object has no attribute 'get'
Raw response (0 chars):

================================================================================

================================================================================
Article ID: MOH_0e1d48e31e0a3bb1 | Attempt: 1
Error: API error: AttributeError: 'list' object has no attribute 'get'
Raw response (0 chars):

================================================================================

================================================================================
Article ID: MOH_0e1d48e31e0a3bb1 | Attempt: 2
Error: API error: AttributeError: 'list' object has no attribute 'get'
Raw response (0 chars):

================================================================================

================================================================================
Article ID: MOH_0e1d48e31e0a3bb1 | Attempt: 3
Error: API error: AttributeError: 'list' object has no attribute 'get'
Raw response (0 chars):

================================================================================

================================================================================
Article ID: MOH_0e1d48e31e0a3bb1 | Attempt: 4
Error: API error: AttributeError: 'list' object has no attribute 'get'
Raw response (0 chars):

================================================================================

================================================================================
Article ID: MOH_0e1d48e31e0a3bb1 | Attempt: 5
Error: API error: AttributeError: 'list' object has no attribute 'get'
Raw response (0 chars):

================================================================================

================================================================================
Article ID: MOH_c801e7c9562b0c7c | Attempt: 1
Error: API error: AttributeError: 'list' object has no attribute 'get'
Raw response (0 chars):

================================================================================

================================================================================
Article ID: MOH_c801e7c9562b0c7c | Attempt: 2
Error: API error: AttributeError: 'list' object has no attribute 'get'
Raw response (0 chars):

================================================================================

================================================================================
Article ID: MOH_c801e7c9562b0c7c | Attempt: 3
Error: API error: AttributeError: 'list' object has no attribute 'get'
Raw response (0 chars):

================================================================================

================================================================================
Article ID: MOH_c801e7c9562b0c7c | Attempt: 4
Error: API error: AttributeError: 'list' object has no attribute 'get'
Raw response (0 chars):

================================================================================

================================================================================
Article ID: MOH_c801e7c9562b0c7c | Attempt: 5
Error: API error: AttributeError: 'list' object has no attribute 'get'
Raw response (0 chars):

================================================================================

================================================================================
Article ID: MOH_2e6df9189bb60172 | Attempt: 1
Error: API error: AttributeError: 'list' object has no attribute 'get'
Raw response (0 chars):

================================================================================

================================================================================
Article ID: MOH_2e6df9189bb60172 | Attempt: 2
Error: API error: AttributeError: 'list' object has no attribute 'get'
Raw response (0 chars):

================================================================================

================================================================================
Article ID: MOH_2e6df9189bb60172 | Attempt: 3
Error: API error: AttributeError: 'list' object has no attribute 'get'
Raw response (0 chars):

================================================================================

================================================================================
Article ID: MOH_2e6df9189bb60172 | Attempt: 4
Error: API error: AttributeError: 'list' object has no attribute 'get'
Raw response (0 chars):

================================================================================

================================================================================
Article ID: MOH_2e6df9189bb60172 | Attempt: 5
Error: API error: AttributeError: 'list' object has no attribute 'get'
Raw response (0 chars):

================================================================================

================================================================================
Article ID: MOH_b934456386be1b36 | Attempt: 1
Error: API error: AttributeError: 'list' object has no attribute 'get'
Raw response (0 chars):

================================================================================

================================================================================
Article ID: MOH_b934456386be1b36 | Attempt: 2
Error: API error: AttributeError: 'list' object has no attribute 'get'
Raw response (0 chars):

================================================================================

================================================================================
Article ID: MOH_b934456386be1b36 | Attempt: 3
Error: API error: AttributeError: 'list' object has no attribute 'get'
Raw response (0 chars):

================================================================================

================================================================================
Article ID: MOH_b934456386be1b36 | Attempt: 4
Error: API error: AttributeError: 'list' object has no attribute 'get'
Raw response (0 chars):

================================================================================

================================================================================
Article ID: MOH_b934456386be1b36 | Attempt: 5
Error: API error: AttributeError: 'list' object has no attribute 'get'
Raw response (0 chars):

================================================================================

================================================================================
Article ID: MOH_39d04249a72139ab | Attempt: 1
Error: API error: AttributeError: 'list' object has no attribute 'get'
Raw response (0 chars):

================================================================================

================================================================================
Article ID: MOH_39d04249a72139ab | Attempt: 2
Error: API error: AttributeError: 'list' object has no attribute 'get'
Raw response (0 chars):

================================================================================

================================================================================
Article ID: MOH_39d04249a72139ab | Attempt: 3
Error: API error: AttributeError: 'list' object has no attribute 'get'
Raw response (0 chars):

================================================================================

================================================================================
Article ID: MOH_39d04249a72139ab | Attempt: 4
Error: API error: AttributeError: 'list' object has no attribute 'get'
Raw response (0 chars):

================================================================================

================================================================================
Article ID: MOH_39d04249a72139ab | Attempt: 5
Error: API error: AttributeError: 'list' object has no attribute 'get'
Raw response (0 chars):

================================================================================

================================================================================
Article ID: MOH_6ce7ca560a59deda | Attempt: 1
Error: API error: AttributeError: 'list' object has no attribute 'get'
Raw response (0 chars):

================================================================================

================================================================================
Article ID: MOH_6ce7ca560a59deda | Attempt: 2
Error: API error: AttributeError: 'list' object has no attribute 'get'
Raw response (0 chars):

================================================================================

================================================================================
Article ID: MOH_6ce7ca560a59deda | Attempt: 3
Error: API error: AttributeError: 'list' object has no attribute 'get'
Raw response (0 chars):

================================================================================

================================================================================
Article ID: MOH_6ce7ca560a59deda | Attempt: 4
Error: API error: AttributeError: 'list' object has no attribute 'get'
Raw response (0 chars):

================================================================================

================================================================================
Article ID: MOH_6ce7ca560a59deda | Attempt: 5
Error: API error: AttributeError: 'list' object has no attribute 'get'
Raw response (0 chars):

================================================================================

================================================================================
Article ID: MOH_c09bc1c12bcc653b | Attempt: 1
Error: API error: AttributeError: 'list' object has no attribute 'get'
Raw response (0 chars):

================================================================================

================================================================================
Article ID: MOH_c09bc1c12bcc653b | Attempt: 2
Error: API error: AttributeError: 'list' object has no attribute 'get'
Raw response (0 chars):

================================================================================

================================================================================
Article ID: MOH_c09bc1c12bcc653b | Attempt: 3
Error: API error: AttributeError: 'list' object has no attribute 'get'
Raw response (0 chars):

================================================================================

================================================================================
Article ID: MOH_c09bc1c12bcc653b | Attempt: 4
Error: API error: AttributeError: 'list' object has no attribute 'get'
Raw response (0 chars):

================================================================================

================================================================================
Article ID: MOH_c09bc1c12bcc653b | Attempt: 5
Error: API error: AttributeError: 'list' object has no attribute 'get'
Raw response (0 chars):

================================================================================

================================================================================
Article ID: MOH_b44d8dcabf6d9799 | Attempt: 1
Error: API error: AttributeError: 'list' object has no attribute 'get'
Raw response (0 chars):

================================================================================

================================================================================
Article ID: MOH_b44d8dcabf6d9799 | Attempt: 2
Error: API error: AttributeError: 'list' object has no attribute 'get'
Raw response (0 chars):

================================================================================

================================================================================
Article ID: MOH_b44d8dcabf6d9799 | Attempt: 3
Error: API error: AttributeError: 'list' object has no attribute 'get'
Raw response (0 chars):

================================================================================

================================================================================
Article ID: MOH_b44d8dcabf6d9799 | Attempt: 4
Error: API error: AttributeError: 'list' object has no attribute 'get'
Raw response (0 chars):

================================================================================

================================================================================
Article ID: MOH_b44d8dcabf6d9799 | Attempt: 5
Error: API error: AttributeError: 'list' object has no attribute 'get'
Raw response (0 chars):

================================================================================

================================================================================
Article ID: MOH_4b3172dc22693fd1 | Attempt: 1
Error: API error: AttributeError: 'list' object has no attribute 'get'
Raw response (0 chars):

================================================================================

================================================================================
Article ID: MOH_4b3172dc22693fd1 | Attempt: 2
Error: API error: AttributeError: 'list' object has no attribute 'get'
Raw response (0 chars):

================================================================================

================================================================================
Article ID: MOH_4b3172dc22693fd1 | Attempt: 3
Error: API error: AttributeError: 'list' object has no attribute 'get'
Raw response (0 chars):

================================================================================

================================================================================
Article ID: MOH_4b3172dc22693fd1 | Attempt: 4
Error: API error: AttributeError: 'list' object has no attribute 'get'
Raw response (0 chars):

================================================================================

================================================================================
Article ID: MOH_4b3172dc22693fd1 | Attempt: 5
Error: API error: AttributeError: 'list' object has no attribute 'get'
Raw response (0 chars):

================================================================================

================================================================================
Article ID: MOH_32dc96ceeb2f399f | Attempt: 1
Error: API error: AttributeError: 'list' object has no attribute 'get'
Raw response (0 chars):

================================================================================

================================================================================
Article ID: MOH_32dc96ceeb2f399f | Attempt: 2
Error: API error: AttributeError: 'list' object has no attribute 'get'
Raw response (0 chars):

================================================================================

================================================================================
Article ID: MOH_32dc96ceeb2f399f | Attempt: 3
Error: API error: AttributeError: 'list' object has no attribute 'get'
Raw response (0 chars):

================================================================================

================================================================================
Article ID: MOH_32dc96ceeb2f399f | Attempt: 4
Error: API error: AttributeError: 'list' object has no attribute 'get'
Raw response (0 chars):

================================================================================

================================================================================
Article ID: MOH_32dc96ceeb2f399f | Attempt: 5
Error: API error: AttributeError: 'list' object has no attribute 'get'
Raw response (0 chars):

================================================================================

================================================================================
Article ID: MOH_cd1706f6aeaef68b | Attempt: 1
Error: API error: AttributeError: 'list' object has no attribute 'get'
Raw response (0 chars):

================================================================================

================================================================================
Article ID: MOH_cd1706f6aeaef68b | Attempt: 2
Error: API error: AttributeError: 'list' object has no attribute 'get'
Raw response (0 chars):

================================================================================

================================================================================
Article ID: MOH_cd1706f6aeaef68b | Attempt: 3
Error: API error: AttributeError: 'list' object has no attribute 'get'
Raw response (0 chars):

================================================================================

================================================================================
Article ID: MOH_cd1706f6aeaef68b | Attempt: 4
Error: API error: AttributeError: 'list' object has no attribute 'get'
Raw response (0 chars):

================================================================================

================================================================================
Article ID: MOH_cd1706f6aeaef68b | Attempt: 5
Error: API error: AttributeError: 'list' object has no attribute 'get'
Raw response (0 chars):

================================================================================

================================================================================
Article ID: MOH_783e8401f4f57884 | Attempt: 1
Error: API error: AttributeError: 'list' object has no attribute 'get'
Raw response (0 chars):

================================================================================

================================================================================
Article ID: MOH_783e8401f4f57884 | Attempt: 2
Error: API error: AttributeError: 'list' object has no attribute 'get'
Raw response (0 chars):

================================================================================

================================================================================
Article ID: MOH_783e8401f4f57884 | Attempt: 3
Error: API error: AttributeError: 'list' object has no attribute 'get'
Raw response (0 chars):

================================================================================

================================================================================
Article ID: MOH_783e8401f4f57884 | Attempt: 4
Error: API error: AttributeError: 'list' object has no attribute 'get'
Raw response (0 chars):

================================================================================

================================================================================
Article ID: MOH_783e8401f4f57884 | Attempt: 5
Error: API error: AttributeError: 'list' object has no attribute 'get'
Raw response (0 chars):

================================================================================

================================================================================
Article ID: MOH_025f5877d1b76b84 | Attempt: 1
Error: API error: AttributeError: 'list' object has no attribute 'get'
Raw response (0 chars):

================================================================================

================================================================================
Article ID: MOH_025f5877d1b76b84 | Attempt: 2
Error: API error: AttributeError: 'list' object has no attribute 'get'
Raw response (0 chars):

================================================================================

================================================================================
Article ID: MOH_025f5877d1b76b84 | Attempt: 3
Error: API error: AttributeError: 'list' object has no attribute 'get'
Raw response (0 chars):

================================================================================

================================================================================
Article ID: MOH_025f5877d1b76b84 | Attempt: 4
Error: API error: AttributeError: 'list' object has no attribute 'get'
Raw response (0 chars):

================================================================================

================================================================================
Article ID: MOH_025f5877d1b76b84 | Attempt: 5
Error: API error: AttributeError: 'list' object has no attribute 'get'
Raw response (0 chars):

================================================================================

================================================================================
Article ID: MOH_8ae5ba6ccc47be18 | Attempt: 1
Error: API error: AttributeError: 'list' object has no attribute 'get'
Raw response (0 chars):

================================================================================

================================================================================
Article ID: MOH_8ae5ba6ccc47be18 | Attempt: 2
Error: API error: AttributeError: 'list' object has no attribute 'get'
Raw response (0 chars):

================================================================================

================================================================================
Article ID: MOH_8ae5ba6ccc47be18 | Attempt: 3
Error: API error: AttributeError: 'list' object has no attribute 'get'
Raw response (0 chars):

================================================================================

================================================================================
Article ID: MOH_8ae5ba6ccc47be18 | Attempt: 4
Error: API error: AttributeError: 'list' object has no attribute 'get'
Raw response (0 chars):

================================================================================

================================================================================
Article ID: MOH_8ae5ba6ccc47be18 | Attempt: 5
Error: API error: AttributeError: 'list' object has no attribute 'get'
Raw response (0 chars):

================================================================================

================================================================================
Article ID: MOH_4466989ae6b1fcc0 | Attempt: 1
Error: API error: AttributeError: 'list' object has no attribute 'get'
Raw response (0 chars):

================================================================================

================================================================================
Article ID: MOH_4466989ae6b1fcc0 | Attempt: 2
Error: API error: AttributeError: 'list' object has no attribute 'get'
Raw response (0 chars):

================================================================================

================================================================================
Article ID: MOH_4466989ae6b1fcc0 | Attempt: 3
Error: API error: AttributeError: 'list' object has no attribute 'get'
Raw response (0 chars):

================================================================================

================================================================================
Article ID: MOH_4466989ae6b1fcc0 | Attempt: 4
Error: API error: AttributeError: 'list' object has no attribute 'get'
Raw response (0 chars):

================================================================================

================================================================================
Article ID: MOH_4466989ae6b1fcc0 | Attempt: 5
Error: API error: AttributeError: 'list' object has no attribute 'get'
Raw response (0 chars):

================================================================================

================================================================================
Article ID: MOH_02ee550f68be7c1d | Attempt: 1
Error: API error: AttributeError: 'list' object has no attribute 'get'
Raw response (0 chars):

================================================================================

================================================================================
Article ID: MOH_02ee550f68be7c1d | Attempt: 2
Error: API error: AttributeError: 'list' object has no attribute 'get'
Raw response (0 chars):

================================================================================

================================================================================
Article ID: MOH_02ee550f68be7c1d | Attempt: 3
Error: API error: AttributeError: 'list' object has no attribute 'get'
Raw response (0 chars):

================================================================================

================================================================================
Article ID: MOH_02ee550f68be7c1d | Attempt: 4
Error: API error: AttributeError: 'list' object has no attribute 'get'
Raw response (0 chars):

================================================================================

================================================================================
Article ID: MOH_02ee550f68be7c1d | Attempt: 5
Error: API error: AttributeError: 'list' object has no attribute 'get'
Raw response (0 chars):

================================================================================

================================================================================
Article ID: MOH_4bd3e24b64e73ef1 | Attempt: 1
Error: API error: AttributeError: 'list' object has no attribute 'get'
Raw response (0 chars):

================================================================================

================================================================================
Article ID: MOH_eb38113ded776cdf | Attempt: 1
Error: API error: AttributeError: 'list' object has no attribute 'get'
Raw response (0 chars):

================================================================================

================================================================================
Article ID: MOH_eb38113ded776cdf | Attempt: 2
Error: API error: AttributeError: 'list' object has no attribute 'get'
Raw response (0 chars):

================================================================================

================================================================================
Article ID: MOH_eb38113ded776cdf | Attempt: 3
Error: API error: AttributeError: 'list' object has no attribute 'get'
Raw response (0 chars):

================================================================================

================================================================================
Article ID: MOH_eb38113ded776cdf | Attempt: 4
Error: API error: AttributeError: 'list' object has no attribute 'get'
Raw response (0 chars):

================================================================================

================================================================================
Article ID: MOH_eb38113ded776cdf | Attempt: 5
Error: API error: AttributeError: 'list' object has no attribute 'get'
Raw response (0 chars):

================================================================================

================================================================================
Article ID: MOH_3532cfff9f643bec | Attempt: 1
Error: API error: AttributeError: 'list' object has no attribute 'get'
Raw response (0 chars):

================================================================================

================================================================================
Article ID: MOH_3532cfff9f643bec | Attempt: 2
Error: API error: AttributeError: 'list' object has no attribute 'get'
Raw response (0 chars):

================================================================================

================================================================================
Article ID: MOH_3532cfff9f643bec | Attempt: 3
Error: API error: AttributeError: 'list' object has no attribute 'get'
Raw response (0 chars):

================================================================================

================================================================================
Article ID: MOH_3532cfff9f643bec | Attempt: 4
Error: API error: AttributeError: 'list' object has no attribute 'get'
Raw response (0 chars):

================================================================================

================================================================================
Article ID: MOH_3532cfff9f643bec | Attempt: 5
Error: API error: AttributeError: 'list' object has no attribute 'get'
Raw response (0 chars):

================================================================================

================================================================================
Article ID: MOH_bff686db1481395d | Attempt: 1
Error: API error: AttributeError: 'list' object has no attribute 'get'
Raw response (0 chars):

================================================================================

================================================================================
Article ID: MOH_bff686db1481395d | Attempt: 2
Error: API error: AttributeError: 'list' object has no attribute 'get'
Raw response (0 chars):

================================================================================

================================================================================
Article ID: MOH_bff686db1481395d | Attempt: 3
Error: API error: AttributeError: 'list' object has no attribute 'get'
Raw response (0 chars):

================================================================================

================================================================================
Article ID: MOH_bff686db1481395d | Attempt: 4
Error: API error: AttributeError: 'list' object has no attribute 'get'
Raw response (0 chars):

================================================================================

================================================================================
Article ID: MOH_bff686db1481395d | Attempt: 5
Error: API error: AttributeError: 'list' object has no attribute 'get'
Raw response (0 chars):

================================================================================

================================================================================
Article ID: MOH_da88b3c0c6c3f9a2 | Attempt: 1
Error: API error: AttributeError: 'list' object has no attribute 'get'
Raw response (0 chars):

================================================================================

================================================================================
Article ID: MOH_da88b3c0c6c3f9a2 | Attempt: 2
Error: API error: AttributeError: 'list' object has no attribute 'get'
Raw response (0 chars):

================================================================================

================================================================================
Article ID: MOH_da88b3c0c6c3f9a2 | Attempt: 3
Error: API error: AttributeError: 'list' object has no attribute 'get'
Raw response (0 chars):

================================================================================

================================================================================
Article ID: MOH_da88b3c0c6c3f9a2 | Attempt: 4
Error: API error: AttributeError: 'list' object has no attribute 'get'
Raw response (0 chars):

================================================================================

================================================================================
Article ID: MOH_da88b3c0c6c3f9a2 | Attempt: 5
Error: API error: AttributeError: 'list' object has no attribute 'get'
Raw response (0 chars):

================================================================================

================================================================================
Article ID: MOH_89ade2b70e3e4553 | Attempt: 1
Error: API error: AttributeError: 'list' object has no attribute 'get'
Raw response (0 chars):

================================================================================

================================================================================
Article ID: MOH_89ade2b70e3e4553 | Attempt: 2
Error: API error: AttributeError: 'list' object has no attribute 'get'
Raw response (0 chars):

================================================================================

================================================================================
Article ID: MOH_89ade2b70e3e4553 | Attempt: 3
Error: API error: AttributeError: 'list' object has no attribute 'get'
Raw response (0 chars):

================================================================================

================================================================================
Article ID: MOH_89ade2b70e3e4553 | Attempt: 4
Error: API error: AttributeError: 'list' object has no attribute 'get'
Raw response (0 chars):

================================================================================

================================================================================
Article ID: MOH_89ade2b70e3e4553 | Attempt: 5
Error: API error: AttributeError: 'list' object has no attribute 'get'
Raw response (0 chars):

================================================================================

================================================================================
Article ID: MOH_8923ab1a1a10e777 | Attempt: 1
Error: API error: AttributeError: 'list' object has no attribute 'get'
Raw response (0 chars):

================================================================================

================================================================================
Article ID: MOH_8923ab1a1a10e777 | Attempt: 2
Error: API error: AttributeError: 'list' object has no attribute 'get'
Raw response (0 chars):

================================================================================

================================================================================
Article ID: MOH_8923ab1a1a10e777 | Attempt: 3
Error: API error: AttributeError: 'list' object has no attribute 'get'
Raw response (0 chars):

================================================================================

================================================================================
Article ID: MOH_8923ab1a1a10e777 | Attempt: 4
Error: API error: AttributeError: 'list' object has no attribute 'get'
Raw response (0 chars):

================================================================================

================================================================================
Article ID: MOH_8923ab1a1a10e777 | Attempt: 5
Error: API error: AttributeError: 'list' object has no attribute 'get'
Raw response (0 chars):

================================================================================

================================================================================
Article ID: MOH_da6fa013dc5fb432 | Attempt: 1
Error: API error: AttributeError: 'list' object has no attribute 'get'
Raw response (0 chars):

================================================================================

================================================================================
Article ID: MOH_eb38113ded776cdf | Attempt: 1
Error: API error: AttributeError: 'list' object has no attribute 'get'
Raw response (0 chars):

================================================================================

================================================================================
Article ID: MOH_eb38113ded776cdf | Attempt: 2
Error: API error: AttributeError: 'list' object has no attribute 'get'
Raw response (0 chars):

================================================================================

================================================================================
Article ID: MOH_eb38113ded776cdf | Attempt: 3
Error: API error: AttributeError: 'list' object has no attribute 'get'
Raw response (0 chars):

================================================================================

================================================================================
Article ID: MOH_eb38113ded776cdf | Attempt: 4
Error: API error: AttributeError: 'list' object has no attribute 'get'
Raw response (0 chars):

================================================================================

================================================================================
Article ID: MOH_eb38113ded776cdf | Attempt: 5
Error: API error: AttributeError: 'list' object has no attribute 'get'
Raw response (0 chars):

================================================================================

================================================================================
Article ID: MOH_3532cfff9f643bec | Attempt: 1
Error: API error: AttributeError: 'list' object has no attribute 'get'
Raw response (0 chars):

================================================================================

================================================================================
Article ID: MOH_3532cfff9f643bec | Attempt: 2
Error: API error: AttributeError: 'list' object has no attribute 'get'
Raw response (0 chars):

================================================================================

================================================================================
Article ID: MOH_3532cfff9f643bec | Attempt: 1
Error: Cannot extract valid JSON from response: line 1 column 1 (char 0)
Raw response (7859 chars):
{
"id": "MOH_3532cfff9f643bec",
"date_iso": "2026-03-29T00:00:00",
"full_text": "Phó Thủ tướng Nguyễn Chí Dũng ký Quyết định số 11/2026/QĐ-TTg ban hành Danh mục cơ sở dữ liệu quốc gia. \n \n \n \n Hình minh họa. \n \n Quyết định ban hành 20 loại cơ sở dữ liệu quốc gia, gồm: cơ sở dữ liệu tổng hợp quốc gia; cơ sở dữ liệu quốc gia về dân cư; cơ sở dữ liệu định danh địa điểm; cơ sở dữ liệu danh tính điện tử; cơ sở dữ liệu quốc gia về xuất nhập cảnh; cơ sở dữ liệu quốc gia về xử lý vi phạm hành chính; cơ sở dữ liệu quốc gia về trí tuệ nhân tạo; cơ sở dữ liệu quốc gia về tài chính; cơ sở dữ liệu quốc gia về đăng ký doanh nghiệp; cơ sở dữ liệu quốc gia về bảo hiểm; cơ sở dữ liệu quốc gia về đất đai; cơ sở dữ liệu quốc gia về biến đổi khí hậu; cơ sở dữ liệu quốc gia về cán bộ, công chức, viên chức; cơ sở dữ liệu quốc gia về an sinh xã hội; cơ sở dữ liệu tài liệu lưu trữ phông lưu trữ Nhà nước Việt Nam; cơ sở dữ liệu quốc gia về thủ tục hành chính; cơ sở dữ liệu quốc gia về hoạt động xây dựng; cơ sở dữ liệu quốc gia về y tế; cơ sở dữ liệu quốc gia về giáo dục và đào tạo; cơ sở dữ liệu quốc gia về kiểm soát tài sản, thu nhập. \n \n Phó Thủ tướng yêu cầu Bộ Công an có trách nhiệm tổ chức triển khai, hướng dẫn, kiểm tra, đôn đốc việc thực hiện Quyết định này; chủ trì, phối hợp với các cơ quan liên quan tổng hợp, rà soát, đề xuất sửa đổi, bổ sung Danh mục cơ sở dữ liệu quốc gia, trình Thủ tướng Chính phủ phê duyệt. \n \n Các bộ, cơ quan ngang bộ, cơ quan thuộc Chính phủ, UBND các tỉnh, thành phố có trách nhiệm xây dựng các cơ sở dữ liệu quốc gia thuộc phạm vi quản lý, bảo đảm phù hợp với Khung Kiến trúc dữ liệu quốc gia, Khung quản trị, quản lý dữ liệu quốc gia, Từ điển dữ liệu dùng chung; phối hợp với Bộ Công an đề xuất bổ sung, cập nhật, điều chỉnh Danh mục cơ sở dữ liệu quốc gia; chỉ đạo các cơ quan, đơn vị tuân thủ quy định của pháp luật về dữ liệu trong quá trình xây dựng cơ sở dữ liệu quốc gia. Quyết định có hiệu lực từ ngày 19/5/2026",
"claims": {
"SUPPORTED": [
{
"claim
... [truncated, total 7859 chars]
================================================================================

================================================================================
Article ID: MOH_89ade2b70e3e4553 | Attempt: 1
Error: Cannot extract valid JSON from response: line 1 column 1 (char 0)
Raw response (8927 chars):
{
"id": "MOH_89ade2b70e3e4553",
"date_iso": "2026-03-28T00:00:00",
"full_text": "Ngày 27/3/2026, Đoàn công tác của Bộ Y tế do đồng chí Đỗ Xuân Tuyên, Thứ trưởng Bộ Y tế làm trưởng đoàn đã làm việc với UBND tỉnh Sơn La, đánh giá việc triển khai thực hiện Nghị quyết số 72-NQ/TW ngày 09/9/2025 của Bộ Chính trị “Về một số giải pháp đột phá, tăng cường bảo vệ, chăm sóc và nâng cao sức khỏe nhân dân” và kết quả thực hiện công tác dân số năm 2025. \n \n \n \n Đoàn công tác của Bộ Y tế do Thứ trưởng Bộ Y tế Đỗ Xuân Tuyên làm trưởng đoàn làm việc với lãnh đạo UBND tỉnh Sơn La \n \n Tiếp và làm việc với đoàn có đồng chí Hà Trung Chiến, Ủy viên Ban Thường vụ Tỉnh ủy, Phó Chủ tịch Thường trực UBND tỉnh; lãnh đạo một số Sở, ngành, đơn vị, địa phương của tỉnh Sơn La. \n \n Toàn tỉnh Sơn La có 19 bệnh viện tuyến tỉnh; 01 trung tâm bảo trợ cấp tỉnh và 75 Trạm Y tế xã, phường. Tổng số nhân lực toàn ngành Y tế có 5.703 người, trong đó 1.211 bác sĩ. Các mục tiêu, chỉ tiêu về y tế và chăm sóc sức khỏe Nhân dân được lồng ghép trong kế hoạch phát triển kinh tế - xã hội của tỉnh, đến nay, tỷ lệ bác sĩ/10.000 dân đạt 9,01%; tỷ lệ giường bệnh/10.000 dân đạt 33,6%; tỷ lệ bao phủ BHYT đạt 96,3%. \n \n \n \n \n \n Các đại biểu dự chương trình làm việc. \n \n Những năm qua, Tỉnh ủy, UBND tỉnh Sơn La luôn xác định công tác dân số và phát triển là nhiệm vụ chiến lược, lâu dài, có tác động trực tiếp đến phát triển kinh tế - xã hội, bảo đảm quốc phòng - an ninh và nâng cao chất lượng nguồn nhân lực. Các chỉ tiêu về dân số hàng năm cơ bản được duy trì và thực hiện theo kế hoạch đề ra. Ngành Y tế và các địa phương trong tỉnh tăng cường các hoạt động truyền thông, giáo dục sức khỏe, phòng chống dịch bệnh; thực hiện tốt chủ trương luân phiên, luân chuyển cán bộ y tế. Đến nay, mạng lưới Trạm Y tế xã cơ bản được kiện toàn, mỗi xã có ít nhất 01 bác sĩ, đáp ứng cơ bản nhu cầu chăm sóc sức khỏe ban đầu cho Nhân dân. \n \n Công tác dân số và phát triển được quan tâm, toàn tỉnh hiện có 2.204 cộng tác viên dân
... [truncated, total 8927 chars]
================================================================================

================================================================================
Article ID: MOH_8923ab1a1a10e777 | Attempt: 1
Error: Cannot extract valid JSON from response: line 1 column 1 (char 0)
Raw response (11393 chars):
{
"id": "MOH_8923ab1a1a10e777",
"date_iso": "2026-03-27T00:00:00",
"full_text": "Hội nghị Trung ương 2 khóa XIV đã hoàn thành toàn bộ nội dung, chương trình sau ba ngày làm việc khẩn trương, nghiêm túc, trách nhiệm, kết thúc sớm hơn hai ngày so dự kiến. \n \n \n \n Tổng Bí thư Tô Lâm phát biểu bế mạc Hội nghị lần thứ hai Ban Chấp hành Trung ương Đảng khóa XIV. (Ảnh: ĐĂNG KHOA) \n \n Hội nghị đã xem xét, thảo luận dân chủ, thẳng thắn, sâu sắc và quyết định nhiều nội dung đặc biệt quan trọng, có ý nghĩa nền tảng đối với nhiệm vụ triển khai thắng lợi Nghị quyết Đại hội XIV của Đảng, và “đều là những việc phải làm, cần làm ngay, không thể chậm trễ” như nhận định của Tổng Bí thư Tô Lâm. \n \n Cùng với một số nội dung về cơ cấu tổ chức bộ máy nhà nước và phương án giới thiệu nhân sự đảm nhiệm các chức danh lãnh đạo cơ quan nhà nước khóa XVI, nhiệm kỳ 2026-2031; cho ý kiến về các kế hoạch phát triển kinh tế-xã hội từ nay đến hết nhiệm kỳ, Hội nghị đã thống nhất thông qua các văn bản, văn kiện quan trọng, trong đó, thảo luận, tiếp thu, hoàn thiện để sớm ban hành và tổ chức thực hiện Quy định về công tác chính trị, tư tưởng; các Nghị quyết về đổi mới, nâng cao hiệu lực công tác kiểm tra, giám sát và kỷ luật đảng; về tiếp tục tăng cường sự lãnh đạo của Đảng đối với công tác phòng, chống tham nhũng, lãng phí, tiêu cực trong giai đoạn mới… \n \n Trên tinh thần cơ bản chắt lọc, tiếp thu, kế thừa bố cục, nội dung của các văn kiện đã có, lược bỏ một số nội dung không còn phù hợp; bổ sung các quan điểm mới, nội dung mới, quy định mới của Trung ương và pháp luật của Nhà nước; những nội dung đã được thực tế kiểm nghiệm, chứng minh, bảo đảm quy định, nghị quyết ban hành mới phải đồng bộ, thống nhất với Nghị quyết Đại hội XIV của Đảng, phù hợp thực tiễn xây dựng Đảng và phát triển đất nước trong giai đoạn mới. \n \n Theo đồng chí Tổng Bí thư, đó chính là những “hành lang pháp lý”, những “quy tắc vận hành”, những “nguyên tắc kỷ luật”, những “chuẩn mực hành động” để đưa nghị quyết của Đả
... [truncated, total 11393 chars]
================================================================================

================================================================================
Article ID: MOH_4466989ae6b1fcc0 | Attempt: 1
Error: Cannot extract valid JSON from response: line 1 column 1 (char 0)
Raw response (6889 chars):
{
"id": "MOH_4466989ae6b1fcc0",
"date_iso": "2026-03-16T00:00:00",
"full_text": "Sở Y tế tỉnh Phú Thọ vừa có văn bản gửi UBND các xã, phường trên địa bàn tỉnh về việc hướng dẫn kiện toàn tổ chức và hoạt động của trạm y tế trên địa bàn, nhằm bảo đảm bộ máy hoạt động hiệu lực, hiệu quả, đáp ứng yêu cầu chăm sóc sức khỏe ban đầu cho Nhân dân trong tình hình mới. \n \n Theo đó, Sở Y tế đề nghị UBND các xã, phường tiếp tục quan tâm chỉ đạo việc kiện toàn, hoàn thiện tổ chức trạm y tế theo quy định tại các Thông tư số 43/2025/TT-BYT ngày 15/11/2025 và số 53/2025/TT-BYT ngày 31/12/2025 của Bộ Y tế; đồng thời thực hiện theo chỉ đạo của UBND tỉnh và hướng dẫn của các cơ quan liên quan. Trong quá trình tổ chức thực hiện, việc thành lập các khoa, phòng và các tổ chức trực thuộc trạm y tế cần bảo đảm linh hoạt về số lượng, nhưng vẫn phải thực hiện đầy đủ chức năng, nhiệm vụ theo quy định. \n \n Việc tổ chức bộ máy phải đáp ứng các tiêu chí thành lập khoa, phòng theo quy định tại Nghị định số 120/2020/NĐ-CP của Chính phủ (được sửa đổi, bổ sung tại các Nghị định số 83/2024/NĐ-CP và Nghị định số 283/2025/NĐ-CP); phù hợp với điều kiện thực tế về cơ sở vật chất, trang thiết bị và số lượng, chất lượng nhân lực tại từng trạm y tế. \n \n \n \n Người dân xã Dân Chủ được chăm sóc sức khoẻ ban đầu ngay tại trạm y tế xã. \n \n UBND xã, phường khẩn trương hoàn thành quy trình bổ nhiệm viên chức giữ các chức vụ quản lý tại trạm y tế, bao gồm: Giám đốc, Phó Giám đốc, Trưởng phòng, Phó Trưởng phòng, Trưởng khoa, Phó Trưởng khoa. Việc bổ nhiệm phải thực hiện đúng tiêu chuẩn, điều kiện, thẩm quyền, trình tự, thủ tục theo quy định. \n \n Đối với các trạm y tế hiện có viên chức đang giữ chức vụ Trưởng trạm, Phó Trưởng trạm, các địa phương cần hoàn thành việc chuyển đổi, bổ nhiệm sang chức danh Giám đốc, Phó Giám đốc nếu đáp ứng đủ điều kiện, tiêu chuẩn theo quy định. \n \n Trường hợp chưa có nhân sự đáp ứng yêu cầu, UBND các xã, phường cần xem xét giao phụ trách trạm y tế hoặc các bộ phận trực thu
... [truncated, total 6889 chars]
================================================================================

================================================================================
Article ID: MOH_59ce7016ea022565 | Attempt: 1
Error: Cannot extract valid JSON from response: line 1 column 1 (char 0)
Raw response (12364 chars):
{
"id": "MOH_59ce7016ea022565",
"date_iso": "2026-03-09T00:00:00",
"full_text": "Đưa các Trạm y tế từ Trung tâm Y tế khu vực về cấp xã, phường quản lý là mô hình chuyển giao nhằm tăng cường trách nhiệm địa phương, nâng cao hiệu quả hoạt động ở cơ sở. Việc chuyển đổi hình thức quản lý không nằm ngoài mục tiêu làm tốt nhất, hiệu quả nhất sứ mệnh chăm sóc sức khỏe cộng đồng ngay từ cơ sở tại tỉnh Tuyên Quang, theo đúng tinh thần chỉ đạo của Đảng, Nhà nước trong sắp xếp, tinh gọn bộ máy từ địa phương. \n \n \n \n Cán bộ Trạm Y tế xã Sơn Vĩ tuyên truyền cho người dân lợi ích về khám sức khỏe ngay tại trạm y tế. \n \n Sắp xếp hệ thống theo hướng gần dân \n \n Theo Thông tư 43, Tuyên Quang là một trong những địa phương đi đầu trong cả nước thiết lập lại các trạm y tế xã, phường, hoàn thành việc sắp xếp và đưa vào hoạt động theo mô hình mới từ ngày 1/1/2026. Mỗi Trạm Y tế tại Tuyên Quang gồm trạm y tế chính, các điểm trạm và phòng khám đa khoa khu vực, thực hiện nhiệm vụ khám chữa bệnh ban đầu cho người dân trên địa bàn. \n \n Theo Quyết định số 1723/QĐ-UBND ngày 30/12/2025 của UBND tỉnh từ ngày 1/1/2026, 101 Trạm Y tế xã, phường, 26 Phòng khám đa khoa khu vực và các điểm trạm thuộc Trung tâm Y tế khu vực trực thuộc Sở Y tế được bàn giao về UBND cấp xã, phường quản lý. Đây là bước đi nhằm cụ thể hóa Nghị quyết số 72 của Bộ Chính trị về các giải pháp đột phá trong công tác bảo vệ, chăm sóc và nâng cao sức khỏe nhân dân; phù hợp với mô hình tổ chức chính quyền địa phương hai cấp. \n \n Bác sĩ Nguyễn Thị Luân, Giám đốc Trạm Y tế xã Lũng Cú cho biết: Việc Trạm Y tế được bàn giao về cho UBND xã quản lý là một bước ngoặt giúp chúng tôi gần dân và sát thực tế địa phương hơn bao giờ hết. Hiện nay, với đội ngũ 15 cán bộ biên chế, trong đó có 2 bác sĩ, chúng tôi đang nỗ lực tối đa để chăm sóc sức khỏe cho hơn 14.000 người dân trên địa bàn. Dù áp lực công việc không nhỏ khi mỗi ngày tiếp nhận trên 30 lượt khám, nhưng nhờ cơ sở vật chất và trang thiết bị phục vụ cho công tác khám và đi
... [truncated, total 12364 chars]
================================================================================

================================================================================
Article ID: MOH_f7c3c25056054bcb | Attempt: 1
Error: Cannot extract valid JSON from response: line 1 column 1 (char 0)
Raw response (8805 chars):
{
"id": "MOH_f7c3c25056054bcb",
"date_iso": "2026-03-07T00:00:00",
"full_text": "Từ ngày 04/3 đến ngày 06/3/2026, đoàn công tác của Bộ Y tế do PGS.TS.BSCKII Nguyễn Tri Thức làm trưởng đoàn đã làm việc tại một số cơ sở y tế trên địa bàn tỉnh Cà Mau nhằm khảo sát, trao đổi về công tác phát triển nhân lực y tế cho Trạm Y tế cấp xã. \n \n \n \n Thứ trưởng Bộ Y tế Nguyễn Tri Thức làm việc tại Cà Mau về phát triển nhân lực y tế cho Trạm Y tế cấp xã \n \n Tham gia đoàn có lãnh đạo một số đơn vị thuộc Bộ Y tế như Cục Khoa học Công nghệ và Đào tạo, Vụ Tổ chức cán bộ, Vụ Kế hoạch – Tài chính, Cục Bà mẹ - Trẻ em, Viện Chiến lược và Chính sách y tế; cùng đại diện Quỹ Bảo trợ trẻ em Việt Nam, Trường Đại học Y Dược Cần Thơ, Văn phòng Bộ Y tế tại Thành phố Hồ Chí Minh, Báo Sức khỏe và Đời sống, Quỹ Thiện Tâm và Tập đoàn Vingroup. \n \n Chương trình công tác nhằm thực hiện nhiệm vụ được giao tại Nghị quyết số 282/NQ-CP của Chính phủ về Chương trình hành động triển khai Nghị quyết số 72-NQ/TW của Bộ Chính trị về một số giải pháp đột phá, tăng cường bảo vệ, chăm sóc và nâng cao sức khỏe Nhân dân. \n \n \n \n Thứ trưởng Bộ Y tế Nguyễn Tri Thức cùng đoàn công tác gửi tặng phần quà cho Trạm Y tế phường An Xuyên. \n \n Theo chương trình làm việc, đoàn công tác thăm, làm việc tại Trạm Y tế phường An Xuyên. Tại đây, Thứ trưởng Bộ Y tế Nguyễn Tri Thức tham quan cơ sở vật chất, nghe báo cáo ngắn về tình hình nhân lực, thuốc, vật tư, công tác y tế dự phòng, quản lý bệnh không lây nhiễm, những khó khăn sau sắp xếp đơn vị hành chính và các đề xuất, kiến nghị của địa phương. Thay mặt lãnh đạo Bộ Y tế, Thứ trưởng Nguyễn Tri Thức trao tặng Trạm Y tế phường An Xuyên một số trang thiết bị y tế phục vụ khám, chữa bệnh và 70 phần quà (mỗi phần trị giá 01 triệu đồng) cho học sinh có hoàn cảnh khó khăn trên địa bàn.. \n \n Trong chiều cùng ngày, đoàn làm việc với Sở Y tế tỉnh Cà Mau để nghe báo cáo kết quả công tác y tế năm 2025 của tỉnh, đánh giá thực trạng nguồn lực tại các trạm y tế và trao đổi các g
... [truncated, total 8805 chars]
================================================================================

================================================================================
Article ID: MOH_f7c3c25056054bcb | Attempt: 2
Error: Cannot extract valid JSON from response: line 1 column 1 (char 0)
Raw response (9089 chars):
{
"id": "MOH_f7c3c25056054bcb",
"date_iso": "2026-03-07T00:00:00",
"full_text": "Từ ngày 04/3 đến ngày 06/3/2026, đoàn công tác của Bộ Y tế do PGS.TS.BSCKII Nguyễn Tri Thức làm trưởng đoàn đã làm việc tại một số cơ sở y tế trên địa bàn tỉnh Cà Mau nhằm khảo sát, trao đổi về công tác phát triển nhân lực y tế cho Trạm Y tế cấp xã. \n \n \n \n Thứ trưởng Bộ Y tế Nguyễn Tri Thức làm việc tại Cà Mau về phát triển nhân lực y tế cho Trạm Y tế cấp xã \n \n Tham gia đoàn có lãnh đạo một số đơn vị thuộc Bộ Y tế như Cục Khoa học Công nghệ và Đào tạo, Vụ Tổ chức cán bộ, Vụ Kế hoạch – Tài chính, Cục Bà mẹ - Trẻ em, Viện Chiến lược và Chính sách y tế; cùng đại diện Quỹ Bảo trợ trẻ em Việt Nam, Trường Đại học Y Dược Cần Thơ, Văn phòng Bộ Y tế tại Thành phố Hồ Chí Minh, Báo Sức khỏe và Đời sống, Quỹ Thiện Tâm và Tập đoàn Vingroup. \n \n Chương trình công tác nhằm thực hiện nhiệm vụ được giao tại Nghị quyết số 282/NQ-CP của Chính phủ về Chương trình hành động triển khai Nghị quyết số 72-NQ/TW của Bộ Chính trị về một số giải pháp đột phá, tăng cường bảo vệ, chăm sóc và nâng cao sức khỏe Nhân dân. \n \n \n \n Thứ trưởng Bộ Y tế Nguyễn Tri Thức cùng đoàn công tác gửi tặng phần quà cho Trạm Y tế phường An Xuyên. \n \n Theo chương trình làm việc, đoàn công tác thăm, làm việc tại Trạm Y tế phường An Xuyên. Tại đây, Thứ trưởng Bộ Y tế Nguyễn Tri Thức tham quan cơ sở vật chất, nghe báo cáo ngắn về tình hình nhân lực, thuốc, vật tư, công tác y tế dự phòng, quản lý bệnh không lây nhiễm, những khó khăn sau sắp xếp đơn vị hành chính và các đề xuất, kiến nghị của địa phương. Thay mặt lãnh đạo Bộ Y tế, Thứ trưởng Nguyễn Tri Thức trao tặng Trạm Y tế phường An Xuyên một số trang thiết bị y tế phục vụ khám, chữa bệnh và 70 phần quà (mỗi phần trị giá 01 triệu đồng) cho học sinh có hoàn cảnh khó khăn trên địa bàn.. \n \n Trong chiều cùng ngày, đoàn làm việc với Sở Y tế tỉnh Cà Mau để nghe báo cáo kết quả công tác y tế năm 2025 của tỉnh, đánh giá thực trạng nguồn lực tại các trạm y tế và trao đổi các g
... [truncated, total 9089 chars]
================================================================================

================================================================================
Article ID: MOH_cba1e3a9349a8af2 | Attempt: 1
Error: Cannot extract valid JSON from response: line 1 column 1 (char 0)
Raw response (9840 chars):
{
"id": "MOH_cba1e3a9349a8af2",
"date_iso": "2026-03-02T00:00:00",
"full_text": "Chiều 02/3/2026, tại trụ sở Bộ Y tế, Hội đồng Y khoa Quốc gia tổ chức chương trình gặp gỡ phóng viên báo chí nhằm cung cấp thông tin liên quan đến kiểm tra, đánh giá năng lực hành nghề khám bệnh, chữa bệnh theo quy định của pháp luật. \n \n \n \n Hội đồng Y khoa Quốc gia cung cấp thông tin liên quan đến kiểm tra, đánh giá năng lực hành nghề khám bệnh, chữa bệnh theo quy định của pháp luật \n \n GS.TS Nguyễn Viết Tiến, Phó Chủ tịch Thường trực Hội đồng Y khoa Quốc gia chủ trì. Cùng dự có TS.BS Nguyễn Ngô Quang, Cục trưởng Cục Khoa họ Công nghệ và Đào tạo, Phó Chủ tịch Hội đồng Y khoa Quốc gia; TS.BS Hà Anh Đức, Cục trưởng Cục Quản lý Khám, chữa bệnh, Phó Chủ tịch Hội đồng Y khoa Quốc gia. Cùng một số thành viên của Hội đồng Y khoa Quốc gia. \n \n \n \n GS.TS Nguyễn Viết Tiến, Phó Chủ tịch Thường trực Hội đồng Y khoa Quốc gia phát biểu \n \n Trao đổi với báo chí, GS.TS Nguyễn Viết Tiến, Phó Chủ tịch Thường trực Hội đồng Y khoa Quốc gia, cho hay Luật Khám bệnh, chữa bệnh (sửa đổi) cùng các Nghị định, Thông tư liên quan đã quy định rõ nguyên tắc, thời điểm, đối tượng và nội dung kiểm tra, đánh giá năng lực hành nghề. \n \n Mục tiêu của hoạt động này là bảo đảm người hành nghề đáp ứng đầy đủ yêu cầu về kiến thức chuyên môn, kỹ năng thực hành và đạo đức nghề nghiệp, qua đó nâng cao chất lượng dịch vụ y tế và an toàn người bệnh. \n \n \n \n \n \n Các phóng viên báo chí đặt ra nhiều câu hỏi xung quanh công tác kiểm tra, đánh giá năng lực hành nghề khám bệnh, chữa bệnh \n \n \"Việc kiểm tra, đánh giá được tổ chức trên cơ sở tuân thủ pháp luật, bảo đảm tính khách quan, minh bạch, khoa học và phù hợp với điều kiện thực tiễn của hệ thống y tế Việt Nam, không nhằm tạo thêm rào cản cho đội ngũ nhân viên y tế\", Phó Chủ tịch Thường trực Hội đồng Y khoa Quốc gia Nguyễn Viết Tiến khẳng định. \n \n Hoạt động kiểm tra, đánh giá năng lực hành nghề được triển khai theo lộ trình phù hợp, có tính chuyển tiếp,
... [truncated, total 9840 chars]
================================================================================

================================================================================
Article ID: MOH_0c5c3b591eae5c0a | Attempt: 1
Error: Cannot extract valid JSON from response: line 1 column 1 (char 0)
Raw response (10564 chars):
{
"id": "MOH_0c5c3b591eae5c0a",
"date_iso": "2026-02-28T00:00:00",
"full_text": "Ngày 27/2, Bộ Y tế đã có văn bản số 1222/BYT-ATTP gửi Ủy ban nhân dân các tỉnh, thành phố về việc đôn đốc triển khai thực hiện Nghị định số 46/2026/NĐ-CP và Nghị quyết số 66.13/2026/NQ-CP. \n \n \n \n Làm thủ tục thông quan hàng hóa tại cửa khẩu Hữu Nghị (Lạng Sơn). (Ảnh: ANH QUÂN) \n \n Bộ Y tế cho biết, Chính phủ đã ban hành Nghị định số 46/2026/NĐ-CP ngày 26/1/2026 quy định chi tiết thi hành một số điều và biện pháp để tổ chức, hướng dẫn thi hành Luật an toàn thực phẩm và Nghị quyết số 66.13/2026/NQ-CP ngày 27/1/2026 quy định về công bố, đăng ký sản phẩm thực phẩm (sau đây gọi là Nghị định và Nghị quyết). \n \n Để bảo đảm nguồn lực triển khai Nghị định và Nghị quyết này, Chính phủ đã ban hành Nghị quyết số 09/2026/NQ-CP ngày 4/2/2026 tạm ngưng hiệu lực và điều chỉnh thời hạn áp dụng Nghị định số 46/2026/NĐ-CP ngày 26/1/2026 của Chính phủ quy định chi tiết thi hành một số điều và biện pháp để tổ chức, hướng dẫn thi hành Luật An toàn thực phẩm và Nghị quyết số 66.13/2026/NQ-CP ngày 27/1/2026 của Chính phủ về công bố, đăng ký sản phẩm thực phẩm. Theo đó Điều 1 tạm ngưng hiệu lực của Nghị định và Nghị quyết đến ngày hết ngày 15/4/2026. \n \n Thực hiện ý kiến chỉ đạo của Phó Thủ tướng Chính phủ Lê Thành Long tại Thông báo số 58/TB-VPCP ngày 2/2/2026 của Văn phòng Chính phủ; ý kiến chỉ đạo của Thủ tướng Chính phủ Phạm Minh Chính tại Công điện số 08/CĐ-TTg ngày 3/2/2026; các công văn của Văn phòng Chính phủ, để bảo đảm nguồn lực cho triển khai Nghị định và Nghị quyết khi có hiệu lực, Bộ Y tế (Cơ quan thường trực Ban Chỉ đạo liên ngành Trung ương về an toàn thực phẩm) đề nghị Ủy ban nhân dân các tỉnh, thành phố khẩn trương triển khai giao nhiệm vụ cho cơ quan quản lý nhà nước tại địa phương (cơ quan chuyên môn thuộc Ủy ban nhân dân cấp tỉnh) thực hiện kiểm tra nhà nước về an toàn thực phẩm và chỉ định cơ sở kiểm nghiệm thực phẩm phục vụ quản lý nhà nước về an toàn thực phẩm. \n \n Việc chỉ đ
... [truncated, total 10564 chars]
================================================================================

================================================================================
Article ID: MOH_0c5c3b591eae5c0a | Attempt: 2
Error: Cannot extract valid JSON from response: line 1 column 1 (char 0)
Raw response (10682 chars):
{
"id": "MOH_0c5c3b591eae5c0a",
"date_iso": "2026-02-28T00:00:00",
"full_text": "Ngày 27/2, Bộ Y tế đã có văn bản số 1222/BYT-ATTP gửi Ủy ban nhân dân các tỉnh, thành phố về việc đôn đốc triển khai thực hiện Nghị định số 46/2026/NĐ-CP và Nghị quyết số 66.13/2026/NQ-CP. \n \n \n \n Làm thủ tục thông quan hàng hóa tại cửa khẩu Hữu Nghị (Lạng Sơn). (Ảnh: ANH QUÂN) \n \n Bộ Y tế cho biết, Chính phủ đã ban hành Nghị định số 46/2026/NĐ-CP ngày 26/1/2026 quy định chi tiết thi hành một số điều và biện pháp để tổ chức, hướng dẫn thi hành Luật an toàn thực phẩm và Nghị quyết số 66.13/2026/NQ-CP ngày 27/1/2026 quy định về công bố, đăng ký sản phẩm thực phẩm (sau đây gọi là Nghị định và Nghị quyết). \n \n Để bảo đảm nguồn lực triển khai Nghị định và Nghị quyết này, Chính phủ đã ban hành Nghị quyết số 09/2026/NQ-CP ngày 4/2/2026 tạm ngưng hiệu lực và điều chỉnh thời hạn áp dụng Nghị định số 46/2026/NĐ-CP ngày 26/1/2026 của Chính phủ quy định chi tiết thi hành một số điều và biện pháp để tổ chức, hướng dẫn thi hành Luật An toàn thực phẩm và Nghị quyết số 66.13/2026/NQ-CP ngày 27/1/2026 của Chính phủ về công bố, đăng ký sản phẩm thực phẩm. Theo đó Điều 1 tạm ngưng hiệu lực của Nghị định và Nghị quyết đến ngày hết ngày 15/4/2026. \n \n Thực hiện ý kiến chỉ đạo của Phó Thủ tướng Chính phủ Lê Thành Long tại Thông báo số 58/TB-VPCP ngày 2/2/2026 của Văn phòng Chính phủ; ý kiến chỉ đạo của Thủ tướng Chính phủ Phạm Minh Chính tại Công điện số 08/CĐ-TTg ngày 3/2/2026; các công văn của Văn phòng Chính phủ, để bảo đảm nguồn lực cho triển khai Nghị định và Nghị quyết khi có hiệu lực, Bộ Y tế (Cơ quan thường trực Ban Chỉ đạo liên ngành Trung ương về an toàn thực phẩm) đề nghị Ủy ban nhân dân các tỉnh, thành phố khẩn trương triển khai giao nhiệm vụ cho cơ quan quản lý nhà nước tại địa phương (cơ quan chuyên môn thuộc Ủy ban nhân dân cấp tỉnh) thực hiện kiểm tra nhà nước về an toàn thực phẩm và chỉ định cơ sở kiểm nghiệm thực phẩm phục vụ quản lý nhà nước về an toàn thực phẩm. \n \n Việc chỉ đ
... [truncated, total 10682 chars]
================================================================================

================================================================================
Article ID: MOH_0c5c3b591eae5c0a | Attempt: 3
Error: API error: IncompleteRead: IncompleteRead(583 bytes read)
Raw response (0 chars):

================================================================================

================================================================================
Article ID: MOH_0c5c3b591eae5c0a | Attempt: 4
Error: Cannot extract valid JSON from response: line 1 column 1 (char 0)
Raw response (10238 chars):
{
"id": "MOH_0c5c3b591eae5c0a",
"date_iso": "2026-02-28T00:00:00",
"full_text": "Ngày 27/2, Bộ Y tế đã có văn bản số 1222/BYT-ATTP gửi Ủy ban nhân dân các tỉnh, thành phố về việc đôn đốc triển khai thực hiện Nghị định số 46/2026/NĐ-CP và Nghị quyết số 66.13/2026/NQ-CP. \n \n \n \n Làm thủ tục thông quan hàng hóa tại cửa khẩu Hữu Nghị (Lạng Sơn). (Ảnh: ANH QUÂN) \n \n Bộ Y tế cho biết, Chính phủ đã ban hành Nghị định số 46/2026/NĐ-CP ngày 26/1/2026 quy định chi tiết thi hành một số điều và biện pháp để tổ chức, hướng dẫn thi hành Luật an toàn thực phẩm và Nghị quyết số 66.13/2026/NQ-CP ngày 27/1/2026 quy định về công bố, đăng ký sản phẩm thực phẩm (sau đây gọi là Nghị định và Nghị quyết). \n \n Để bảo đảm nguồn lực triển khai Nghị định và Nghị quyết này, Chính phủ đã ban hành Nghị quyết số 09/2026/NQ-CP ngày 4/2/2026 tạm ngưng hiệu lực và điều chỉnh thời hạn áp dụng Nghị định số 46/2026/NĐ-CP ngày 26/1/2026 của Chính phủ quy định chi tiết thi hành một số điều và biện pháp để tổ chức, hướng dẫn thi hành Luật An toàn thực phẩm và Nghị quyết số 66.13/2026/NQ-CP ngày 27/1/2026 của Chính phủ về công bố, đăng ký sản phẩm thực phẩm. Theo đó Điều 1 tạm ngưng hiệu lực của Nghị định và Nghị quyết đến ngày hết ngày 15/4/2026. \n \n Thực hiện ý kiến chỉ đạo của Phó Thủ tướng Chính phủ Lê Thành Long tại Thông báo số 58/TB-VPCP ngày 2/2/2026 của Văn phòng Chính phủ; ý kiến chỉ đạo của Thủ tướng Chính phủ Phạm Minh Chính tại Công điện số 08/CĐ-TTg ngày 3/2/2026; các công văn của Văn phòng Chính phủ, để bảo đảm nguồn lực cho triển khai Nghị định và Nghị quyết khi có hiệu lực, Bộ Y tế (Cơ quan thường trực Ban Chỉ đạo liên ngành Trung ương về an toàn thực phẩm) đề nghị Ủy ban nhân dân các tỉnh, thành phố khẩn trương triển khai giao nhiệm vụ cho cơ quan quản lý nhà nước tại địa phương (cơ quan chuyên môn thuộc Ủy ban nhân dân cấp tỉnh) thực hiện kiểm tra nhà nước về an toàn thực phẩm và chỉ định cơ sở kiểm nghiệm thực phẩm phục vụ quản lý nhà nước về an toàn thực phẩm. \n \n Việc chỉ đ
... [truncated, total 10238 chars]
================================================================================

================================================================================
Article ID: MOH_0c5c3b591eae5c0a | Attempt: 5
Error: Cannot extract valid JSON from response: line 1 column 1 (char 0)
Raw response (10073 chars):
{
"id": "MOH_0c5c3b591eae5c0a",
"date_iso": "2026-02-28T00:00:00",
"full_text": "Ngày 27/2, Bộ Y tế đã có văn bản số 1222/BYT-ATTP gửi Ủy ban nhân dân các tỉnh, thành phố về việc đôn đốc triển khai thực hiện Nghị định số 46/2026/NĐ-CP và Nghị quyết số 66.13/2026/NQ-CP. \n \n \n \n Làm thủ tục thông quan hàng hóa tại cửa khẩu Hữu Nghị (Lạng Sơn). (Ảnh: ANH QUÂN) \n \n Bộ Y tế cho biết, Chính phủ đã ban hành Nghị định số 46/2026/NĐ-CP ngày 26/1/2026 quy định chi tiết thi hành một số điều và biện pháp để tổ chức, hướng dẫn thi hành Luật an toàn thực phẩm và Nghị quyết số 66.13/2026/NQ-CP ngày 27/1/2026 quy định về công bố, đăng ký sản phẩm thực phẩm (sau đây gọi là Nghị định và Nghị quyết). \n \n Để bảo đảm nguồn lực triển khai Nghị định và Nghị quyết này, Chính phủ đã ban hành Nghị quyết số 09/2026/NQ-CP ngày 4/2/2026 tạm ngưng hiệu lực và điều chỉnh thời hạn áp dụng Nghị định số 46/2026/NĐ-CP ngày 26/1/2026 của Chính phủ quy định chi tiết thi hành một số điều và biện pháp để tổ chức, hướng dẫn thi hành Luật An toàn thực phẩm và Nghị quyết số 66.13/2026/NQ-CP ngày 27/1/2026 của Chính phủ về công bố, đăng ký sản phẩm thực phẩm. Theo đó Điều 1 tạm ngưng hiệu lực của Nghị định và Nghị quyết đến ngày hết ngày 15/4/2026. \n \n Thực hiện ý kiến chỉ đạo của Phó Thủ tướng Chính phủ Lê Thành Long tại Thông báo số 58/TB-VPCP ngày 2/2/2026 của Văn phòng Chính phủ; ý kiến chỉ đạo của Thủ tướng Chính phủ Phạm Minh Chính tại Công điện số 08/CĐ-TTg ngày 3/2/2026; các công văn của Văn phòng Chính phủ, để bảo đảm nguồn lực cho triển khai Nghị định và Nghị quyết khi có hiệu lực, Bộ Y tế (Cơ quan thường trực Ban Chỉ đạo liên ngành Trung ương về an toàn thực phẩm) đề nghị Ủy ban nhân dân các tỉnh, thành phố khẩn trương triển khai giao nhiệm vụ cho cơ quan quản lý nhà nước tại địa phương (cơ quan chuyên môn thuộc Ủy ban nhân dân cấp tỉnh) thực hiện kiểm tra nhà nước về an toàn thực phẩm và chỉ định cơ sở kiểm nghiệm thực phẩm phục vụ quản lý nhà nước về an toàn thực phẩm. \n \n Việc chỉ đ
... [truncated, total 10073 chars]
================================================================================

================================================================================
Article ID: MOH_2b012084107a12b4 | Attempt: 1
Error: Cannot extract valid JSON from response: line 1 column 1 (char 0)
Raw response (11981 chars):
{
"id": "MOH_2b012084107a12b4",
"date_iso": "2026-02-02T00:00:00",
"full_text": "Thủ tướng Phạm Minh Chính vừa ký ban hành Công điện số 07/CĐ-TTg về việc đôn đốc triển khai thực hiện nhiệm vụ phục vụ nhân dân đón Tết Nguyên đán Bính Ngọ 2026. \n \n \n \n Ảnh minh họa. (Ảnh: THÀNH ĐẠT) \n \n Công điện gửi Bộ trưởng, Thủ trưởng cơ quan ngang bộ, cơ quan thuộc Chính phủ; Chủ tịch Ủy ban nhân dân các tỉnh, thành phố trực thuộc Trung ương. \n \n Công điện nêu rõ, để chuẩn bị chu đáo và bảo đảm các điều kiện cần thiết phục vụ nhân dân đón mừng năm mới 2026 và vui xuân, đón Tết Nguyên đán Bính Ngọ, Thủ tướng Chính phủ yêu cầu các Bộ trưởng, Thủ trưởng cơ quan ngang bộ, Thủ trưởng cơ quan thuộc Chính phủ, Chủ tịch Ủy ban nhân dân các tỉnh, thành phố trực thuộc trung ương theo chức năng, nhiệm vụ, thẩm quyền được giao tập trung chỉ đạo thực hiện tốt, đồng bộ, hiệu quả các nhiệm vụ, giải pháp tại Chỉ thị số 55-CT/TW ngày 22/12/2025 của Ban Bí thư về việc tổ chức Tết Bính Ngọ năm 2026 và Chỉ thị số 36/CT-TTg ngày 31/12/2025 của Thủ tướng Chính phủ về việc tổ chức Tết Nguyên đán Bính Ngọ năm 2026 vui tươi, lành mạnh, an toàn, tiết kiệm; trong đó, tập trung thực hiện một số nhiệm vụ sau: \n \n Bộ Công thương chủ trì, phối hợp các bộ, cơ quan, địa phương liên quan: theo dõi sát tình hình thị trường, chỉ đạo các địa phương, đơn vị chuẩn bị đầy đủ nguồn hàng thiết yếu, không để xảy ra tình trạng thiếu hàng, gián đoạn nguồn cung gây tăng giá bất hợp lý; triển khai mạnh mẽ các chương trình bình ổn thị trường, kết nối cung cầu, đưa hàng Việt về nông thôn, khu công nghiệp và vùng sâu, vùng xa. Phối hợp chặt chẽ với Ủy ban nhân dân các tỉnh, thành phố trực thuộc Trung ương chỉ đạo lực lượng Quản lý thị trường mở chiến dịch tăng cường công tác phòng chống buôn lậu, gian lận thương mại và hàng giả; kiểm tra, kiểm soát thị trường, kiểm tra về nguồn gốc xuất xứ, chất lượng sản phẩm, hàng hóa. Bảo đảm nguồn cung xăng dầu, điện cho hoạt động sản xuất, kinh doanh của doanh nghiệp và sinh hoạt 
... [truncated, total 11981 chars]
================================================================================

================================================================================
Article ID: MOH_2b012084107a12b4 | Attempt: 2
Error: Cannot extract valid JSON from response: line 1 column 1 (char 0)
Raw response (11688 chars):
{
"id": "MOH_2b012084107a12b4",
"date_iso": "2026-02-02T00:00:00",
"full_text": "Thủ tướng Phạm Minh Chính vừa ký ban hành Công điện số 07/CĐ-TTg về việc đôn đốc triển khai thực hiện nhiệm vụ phục vụ nhân dân đón Tết Nguyên đán Bính Ngọ 2026. \n \n \n \n Ảnh minh họa. (Ảnh: THÀNH ĐẠT) \n \n Công điện gửi Bộ trưởng, Thủ trưởng cơ quan ngang bộ, cơ quan thuộc Chính phủ; Chủ tịch Ủy ban nhân dân các tỉnh, thành phố trực thuộc Trung ương. \n \n Công điện nêu rõ, để chuẩn bị chu đáo và bảo đảm các điều kiện cần thiết phục vụ nhân dân đón mừng năm mới 2026 và vui xuân, đón Tết Nguyên đán Bính Ngọ, Thủ tướng Chính phủ yêu cầu các Bộ trưởng, Thủ trưởng cơ quan ngang bộ, Thủ trưởng cơ quan thuộc Chính phủ, Chủ tịch Ủy ban nhân dân các tỉnh, thành phố trực thuộc trung ương theo chức năng, nhiệm vụ, thẩm quyền được giao tập trung chỉ đạo thực hiện tốt, đồng bộ, hiệu quả các nhiệm vụ, giải pháp tại Chỉ thị số 55-CT/TW ngày 22/12/2025 của Ban Bí thư về việc tổ chức Tết Bính Ngọ năm 2026 và Chỉ thị số 36/CT-TTg ngày 31/12/2025 của Thủ tướng Chính phủ về việc tổ chức Tết Nguyên đán Bính Ngọ năm 2026 vui tươi, lành mạnh, an toàn, tiết kiệm; trong đó, tập trung thực hiện một số nhiệm vụ sau: \n \n Bộ Công thương chủ trì, phối hợp các bộ, cơ quan, địa phương liên quan: theo dõi sát tình hình thị trường, chỉ đạo các địa phương, đơn vị chuẩn bị đầy đủ nguồn hàng thiết yếu, không để xảy ra thiếu hàng, gián đoạn nguồn cung gây tăng giá bất hợp lý; triển khai mạnh mẽ các chương trình bình ổn thị trường, kết nối cung cầu, đưa hàng Việt về nông thôn, khu công nghiệp và vùng sâu, vùng xa. Phối hợp chặt chẽ với Ủy ban nhân dân các tỉnh, thành phố trực thuộc Trung ương chỉ đạo lực lượng Quản lý thị trường mở chiến dịch tăng cường công tác phòng chống buôn lậu, gian lận thương mại và hàng giả; kiểm tra, kiểm soát thị trường, kiểm tra về nguồn gốc xuất xứ, chất lượng sản phẩm, hàng hóa. Bảo đảm nguồn cung xăng dầu, điện cho hoạt động sản xuất, kinh doanh của doanh nghiệp và sinh hoạt của người d
... [truncated, total 11688 chars]
================================================================================

================================================================================
Article ID: MOH_77fc91691499afc1 | Attempt: 1
Error: Cannot extract valid JSON from response: line 1 column 1 (char 0)
Raw response (10029 chars):
{
"id": "MOH_77fc91691499afc1",
"date_iso": "2026-01-27T00:00:00",
"full_text": "Ngày 26/01/2026, Đoàn công tác của Bộ Y tế do PGS.TS.BSCKII Nguyễn Tri Thức, Thứ trưởng Bộ Y tế làm Trưởng đoàn đã có buổi làm việc với ngành Y tế tỉnh Tuyên Quang. Tham gia đoàn có Lãnh đạo các Cục: Khoa học Công nghệ và Đào tạo, Bà mẹ - Trẻ em; Các Vụ: Tổ chức cán bộ, Kế hoạch - Tài chính, Viện Chiến lược và Chính sách y tế, Quỹ Bảo trợ trẻ em Việt Nam, Trung tâm Thông tin y tế Quốc gia. \n \n Về phía tỉnh Tuyên Quang, tiếp và làm việc với Đoàn có: Đồng chí Vương Ngọc Hà, Ủy viên Ban Thường vụ Tỉnh ủy, Phó Chủ tịch UBND tỉnh; Lãnh đạo Sở Y tế, các phòng chức năng thuộc Sở Y tế cùng đại diện lãnh đạo các đơn vị y tế tuyến tỉnh, Trung tâm Y tế khu vực Yên Sơn và Trung tâm Y tế khu vực Tuyên Quang. \n \n \n \n Thứ trưởng Bộ Y tế Nguyễn Tri Thức cùng Đoàn công tác; Lãnh đạo UBND tỉnh, Sở Y tế Tuyên Quang dâng hương tại Đền thờ Chủ tịch Hồ Chí Minh (phường Minh Xuân, tỉnh Tuyên Quang). \n \n \n \n Thứ trưởng Bộ Y tế Nguyễn Tri Thức cùng Đoàn công tác; Lãnh đạo UBND tỉnh, Sở Y tế Tuyên Quang dâng hương tại Khu di tích lịch sử Bộ Y tế (xã Tân Long, tỉnh Tuyên Quang). \n \n Tại buổi làm việc, Giám đốc Sở Y tế tỉnh Tuyên Quang Nguyễn Thành Hưng đã báo cáo tình hình hoạt động của ngành Y tế trên địa bàn. Theo đó, sau hợp nhất, Sở Y tế đã sắp xếp theo đơn vị hành chính với 124 xã, phường mới đều có 01 trạm Y tế hoặc phòng khám đa khoa khu vực và các điểm trạm; ngày 31/12/2025 Sở Y tế đã bàn giao nguyên trạng 101 trạm Y tế, 26 phòng khám đa khoa khu vực về UBND xã, phường quản lý; về bác sĩ làm việc tại các Trạm Y tế hiện nay: 24 xã có 01 bác sĩ/ trạm Y tế; 72 xã có 02 bác sĩ/Trạm Y tế; 22 xã có 03 bác sĩ/ Trạm Y tế; 06 xã, phường có 04 bác sĩ/trạm Y tế. Việc thành lập Trạm Y tế theo thông tư 43/2025/TT-BYT và Thông tư 53/2025/TT-BYT, về cơ bản các trạm Y tế xã, phường, phòng khám đa khoa khu vực đã có cơ sở vật chất, trang thiết bị cơ bản, nhân lực để tổ chức hoạt động, thực hiện chức năng nhiệm
... [truncated, total 10029 chars]
================================================================================

================================================================================
Article ID: MOH_d0fdee04c90e9d81 | Attempt: 1
Error: Cannot extract valid JSON from response: line 1 column 1 (char 0)
Raw response (16285 chars):
{
"id": "MOH_d0fdee04c90e9d81",
"date_iso": "2026-01-21T00:00:00",
"full_text": "Trong không khí cả nước hướng về Đại hội đại biểu toàn quốc lần thứ XIV của Đảng (diễn ra từ 19/1 - 25/1), Ủy viên Trung ương Đảng, Bộ trưởng Bộ Y tế Đào Hồng Lan đã dành cho PV Báo Sức khỏe và Đời sống cuộc trao đổi về việc triển khai Nghị quyết 72-NQ/TW ngày 09/09/2025 của Bộ Chính trị. Cổng Thông tin Điện tử Bộ Y tế trân trọng đăng tải. \n \n - Phóng viên: Thưa Bộ trưởng, Nghị quyết 72-NQ/TW chuyển trọng tâm từ khám bệnh, chữa bệnh sang chăm sóc sức khỏe toàn diện, Bộ triển khai định hướng này như thế nào? \n \n Bộ trưởng Đào Hồng Lan: Thời gian qua, Đảng và Nhà nước đã ban hành nhiều chủ trương, cơ chế, chính sách quan trọng nhằm thúc đẩy phát triển ngành y tế. Trong đó, Nghị quyết số 72-NQ/TW do Bộ Chính trị ban hành là văn bản định hướng mang tính đột phá, tạo cơ sở cho sự nghiệp chăm sóc, bảo vệ và nâng cao sức khỏe Nhân dân. \n \n Nghị quyết 72-NQ/TW được tiếp cận trên cơ sở lấy sức khỏe người dân là vốn quý nhất và là trọng tâm cho sự phục vụ, triển khai thực hiện các nhiệm vụ, giải pháp trong lĩnh vực y tế. Đồng thời, Nghị quyết cũng thể hiện rõ tinh thần tháo gỡ những \"điểm nghẽn\" trong lĩnh vực y tế mà thời gian dài vừa qua chưa được giải quyết một cách căn cơ. \n \n \n \n Ủy viên Trung ương Đảng, Bộ trưởng Bộ Y tế Đào Hồng Lan. Ảnh: Trần Minh \n \n Nghị quyết 72-NQ/TW đã đề cập đến các nội dung chuyển đổi trong công tác y tế, theo hướng thay vì tập trung chủ yếu vào khám bệnh, chữa bệnh chuyển sang chăm sóc sức khỏe toàn diện; nâng cao vai trò, tầm quan trọng của công tác phòng bệnh; chăm sóc sức khỏe của người dân từ sớm, từ xa. \n \n Công tác chăm sóc, bảo vệ và nâng cao sức khỏe của nhân dân sẽ gắn chặt với quản lý, chăm sóc sức khỏe toàn diện theo vòng đời. Đây là định hướng thay đổi rất lớn trong quá trình triển khai thực hiện nhiệm vụ của ngành y tế trong thời gian tới. \n \n Với cách tiếp cận tập trung tháo gỡ các \"điểm nghẽn\", Bộ Y tế đã báo cáo, đề xuất để Chín
... [truncated, total 16285 chars]
================================================================================

================================================================================
Article ID: MOH_d0fdee04c90e9d81 | Attempt: 2
Error: Cannot extract valid JSON from response: line 1 column 1 (char 0)
Raw response (16619 chars):
{
"id": "MOH_d0fdee04c90e9d81",
"date_iso": "2026-01-21T00:00:00",
"full_text": "Trong không khí cả nước hướng về Đại hội đại biểu toàn quốc lần thứ XIV của Đảng (diễn ra từ 19/1 - 25/1), Ủy viên Trung ương Đảng, Bộ trưởng Bộ Y tế Đào Hồng Lan đã dành cho PV Báo Sức khỏe và Đời sống cuộc trao đổi về việc triển khai Nghị quyết 72-NQ/TW ngày 09/09/2025 của Bộ Chính trị. Cổng Thông tin Điện tử Bộ Y tế trân trọng đăng tải. \n \n - Phóng viên: Thưa Bộ trưởng, Nghị quyết 72-NQ/TW chuyển trọng tâm từ khám bệnh, chữa bệnh sang chăm sóc sức khỏe toàn diện, Bộ triển khai định hướng này như thế nào? \n \n Bộ trưởng Đào Hồng Lan: Thời gian qua, Đảng và Nhà nước đã ban hành nhiều chủ trương, cơ chế, chính sách quan trọng nhằm thúc đẩy phát triển ngành y tế. Trong đó, Nghị quyết số 72-NQ/TW do Bộ Chính trị ban hành là văn bản định hướng mang tính đột phá, tạo cơ sở cho sự nghiệp chăm sóc, bảo vệ và nâng cao sức khỏe Nhân dân. \n \n Nghị quyết 72-NQ/TW được tiếp cận trên cơ sở lấy sức khỏe người dân là vốn quý nhất và là trọng tâm cho sự phục vụ, triển khai thực hiện các nhiệm vụ, giải pháp trong lĩnh vực y tế. Đồng thời, Nghị quyết cũng thể hiện rõ tinh thần tháo gỡ những \"điểm nghẽn\" trong lĩnh vực y tế mà thời gian dài vừa qua chưa được giải quyết một cách căn cơ. \n \n \n \n Ủy viên Trung ương Đảng, Bộ trưởng Bộ Y tế Đào Hồng Lan. Ảnh: Trần Minh \n \n Nghị quyết 72-NQ/TW đã đề cập đến các nội dung chuyển đổi trong công tác y tế, theo hướng thay vì tập trung chủ yếu vào khám bệnh, chữa bệnh chuyển sang chăm sóc sức khỏe toàn diện; nâng cao vai trò, tầm quan trọng của công tác phòng bệnh; chăm sóc sức khỏe của người dân từ sớm, từ xa. \n \n Công tác chăm sóc, bảo vệ và nâng cao sức khỏe của nhân dân sẽ gắn chặt với quản lý, chăm sóc sức khỏe toàn diện theo vòng đời. Đây là định hướng thay đổi rất lớn trong quá trình triển khai thực hiện nhiệm vụ của ngành y tế trong thời gian tới. \n \n Với cách tiếp cận tập trung tháo gỡ các \"điểm nghẽn\", Bộ Y tế đã báo cáo, đề xuất để Chín
... [truncated, total 16619 chars]
================================================================================

================================================================================
Article ID: MOH_4825f66ae67760f0 | Attempt: 1
Error: Cannot extract valid JSON from response: line 1 column 1 (char 0)
Raw response (46491 chars):
{
"id": "MOH_4825f66ae67760f0",
"date_iso": "2026-01-20T00:00:00",
"full_text": "TOÀN VĂN: Nghị quyết 79-NQ/TW của Bộ Chính trị về phát triển kinh tế nhà nước\nTổng Bí thư Tô Lâm đã ký ban hành Nghị quyết số 79-NQ/TW, ngày 6/1/2026 của Bộ Chính trị về phát triển kinh tế nhà nước.\nSau đây là toàn văn Nghị quyết số 79-NQ/TW:\nKinh tế nhà nước là thành phần đặc biệt quan trọng của nền kinh tế thị trường định hướng xã hội chủ nghĩa. Nền tảng của kinh tế nhà nước bao gồm các nguồn lực do Nhà nước nắm giữ, quản lý và chi phối hoạt động nhằm thực hiện các mục tiêu phát triển kinh tế-xã hội, ổn định vĩ mô và bảo đảm an ninh, quốc phòng, như: Đất đai, tài nguyên khoáng sản, tài nguyên nước, vùng biển, vùng trời, không gian ngầm, các công trình kết cấu hạ tầng do Nhà nước đầu tư xây dựng, ngân sách nhà nước, dự trữ quốc gia, các quỹ tài chính nhà nước ngoài ngân sách, doanh nghiệp nhà nước, tổ chức tín dụng nhà nước, vốn nhà nước tại doanh nghiệp do Nhà nước nắm giữ từ 50% vốn điều lệ trở xuống, đơn vị sự nghiệp công lập...\nSau 80 năm xây dựng và phát triển, đặc biệt sau gần 40 năm thực hiện công cuộc đổi mới đất nước, kinh tế nhà nước luôn giữ vai trò chủ đạo, thực hiện tốt chức năng định hướng, dẫn dắt, điều tiết các hoạt động kinh tế, góp phần thúc đẩy tăng trưởng, ổn định kinh tế vĩ mô, giữ vững các cân đối lớn của nền kinh tế, bảo đảm quốc phòng, an ninh, thúc đẩy tiến bộ, công bằng xã hội, nâng cao đời sống nhân dân và vị thế Việt Nam trên trường quốc tế.\nTuy nhiên, bên cạnh đó vẫn còn nhiều hạn chế, bất cập. Chính sách pháp luật về kinh tế nhà nước chậm đổi mới, chưa theo kịp thực tiễn phát triển của nền kinh tế. Quản lý, khai thác và sử dụng nhiều nguồn lực, tài sản của Nhà nước chưa thực sự hiệu quả, chưa gắn với yêu cầu hạch toán kinh tế đầy đủ, còn lãng phí, thất thoát, chưa thể hiện rõ vai trò chủ đạo, chi phối trong nền kinh tế quốc dân. Các doanh nghiệp nhà nước-lực lượng nòng cốt của kinh tế nhà nước, hoạt động chưa hiệu quả, chưa tương xứng với vị trí, nguồ
... [truncated, total 46491 chars]
================================================================================

================================================================================
Article ID: MOH_4825f66ae67760f0 | Attempt: 2
Error: Cannot extract valid JSON from response: line 1 column 1 (char 0)
Raw response (46458 chars):
{
"id": "MOH_4825f66ae67760f0",
"date_iso": "2026-01-20T00:00:00",
"full_text": "TOÀN VĂN: Nghị quyết 79-NQ/TW của Bộ Chính trị về phát triển kinh tế nhà nước\nTổng Bí thư Tô Lâm đã ký ban hành Nghị quyết số 79-NQ/TW, ngày 6/1/2026 của Bộ Chính trị về phát triển kinh tế nhà nước.\nSau đây là toàn văn Nghị quyết số 79-NQ/TW:\nKinh tế nhà nước là thành phần đặc biệt quan trọng của nền kinh tế thị trường định hướng xã hội chủ nghĩa. Nền tảng của kinh tế nhà nước bao gồm các nguồn lực do Nhà nước nắm giữ, quản lý và chi phối hoạt động nhằm thực hiện các mục tiêu phát triển kinh tế-xã hội, ổn định vĩ mô và bảo đảm an ninh, quốc phòng, như: Đất đai, tài nguyên khoáng sản, tài nguyên nước, vùng biển, vùng trời, không gian ngầm, các công trình kết cấu hạ tầng do Nhà nước đầu tư xây dựng, ngân sách nhà nước, dự trữ quốc gia, các quỹ tài chính nhà nước ngoài ngân sách, doanh nghiệp nhà nước, tổ chức tín dụng nhà nước, vốn nhà nước tại doanh nghiệp do Nhà nước nắm giữ từ 50% vốn điều lệ trở xuống, đơn vị sự nghiệp công lập...\nSau 80 năm xây dựng và phát triển, đặc biệt sau gần 40 năm thực hiện công cuộc đổi mới đất nước, kinh tế nhà nước luôn giữ vai trò chủ đạo, thực hiện tốt chức năng định hướng, dẫn dắt, điều tiết các hoạt động kinh tế, góp phần thúc đẩy tăng trưởng, ổn định kinh tế vĩ mô, giữ vững các cân đối lớn của nền kinh tế, bảo đảm quốc phòng, an ninh, thúc đẩy tiến bộ, công bằng xã hội, nâng cao đời sống nhân dân và vị thế Việt Nam trên trường quốc tế.\nTuy nhiên, bên cạnh đó vẫn còn nhiều hạn chế, bất cập. Chính sách pháp luật về kinh tế nhà nước chậm đổi mới, chưa theo kịp thực tiễn phát triển của nền kinh tế. Quản lý, khai thác và sử dụng nhiều nguồn lực, tài sản của Nhà nước chưa thực sự hiệu quả, chưa gắn với yêu cầu hạch toán kinh tế đầy đủ, còn lãng phí, thất thoát, chưa thể hiện rõ vai trò chủ đạo, chi phối trong nền kinh tế quốc dân. Các doanh nghiệp nhà nước-lực lượng nòng cốt của kinh tế nhà nước, hoạt động chưa hiệu quả, chưa tương xứng với vị trí, nguồ
... [truncated, total 46458 chars]
================================================================================

================================================================================
Article ID: MOH_4825f66ae67760f0 | Attempt: 3
Error: Cannot extract valid JSON from response: line 1 column 1 (char 0)
Raw response (46210 chars):
{
"id": "MOH_4825f66ae67760f0",
"date_iso": "2026-01-20T00:00:00",
"full_text": "TOÀN VĂN: Nghị quyết 79-NQ/TW của Bộ Chính trị về phát triển kinh tế nhà nước\nTổng Bí thư Tô Lâm đã ký ban hành Nghị quyết số 79-NQ/TW, ngày 6/1/2026 của Bộ Chính trị về phát triển kinh tế nhà nước.\nSau đây là toàn văn Nghị quyết số 79-NQ/TW:\nKinh tế nhà nước là thành phần đặc biệt quan trọng của nền kinh tế thị trường định hướng xã hội chủ nghĩa. Nền tảng của kinh tế nhà nước bao gồm các nguồn lực do Nhà nước nắm giữ, quản lý và chi phối hoạt động nhằm thực hiện các mục tiêu phát triển kinh tế-xã hội, ổn định vĩ mô và bảo đảm an ninh, quốc phòng, như: Đất đai, tài nguyên khoáng sản, tài nguyên nước, vùng biển, vùng trời, không gian ngầm, các công trình kết cấu hạ tầng do Nhà nước đầu tư xây dựng, ngân sách nhà nước, dự trữ quốc gia, các quỹ tài chính nhà nước ngoài ngân sách, doanh nghiệp nhà nước, tổ chức tín dụng nhà nước, vốn nhà nước tại doanh nghiệp do Nhà nước nắm giữ từ 50% vốn điều lệ trở xuống, đơn vị sự nghiệp công lập...\nSau 80 năm xây dựng và phát triển, đặc biệt sau gần 40 năm thực hiện công cuộc đổi mới đất nước, kinh tế nhà nước luôn giữ vai trò chủ đạo, thực hiện tốt chức năng định hướng, dẫn dắt, điều tiết các hoạt động kinh tế, góp phần thúc đẩy tăng trưởng, ổn định kinh tế vĩ mô, giữ vững các cân đối lớn của nền kinh tế, bảo đảm quốc phòng, an ninh, thúc đẩy tiến bộ, công bằng xã hội, nâng cao đời sống nhân dân và vị thế Việt Nam trên trường quốc tế.\nTuy nhiên, bên cạnh đó vẫn còn nhiều hạn chế, bất cập. Chính sách pháp luật về kinh tế nhà nước chậm đổi mới, chưa theo kịp thực tiễn phát triển của nền kinh tế. Quản lý, khai thác và sử dụng nhiều nguồn lực, tài sản của Nhà nước chưa thực sự hiệu quả, chưa gắn với yêu cầu hạch toán kinh tế đầy đủ, còn lãng phí, thất thoát, chưa thể hiện rõ vai trò chủ đạo, chi phối trong nền kinh tế quốc dân. Các doanh nghiệp nhà nước-lực lượng nòng cốt của kinh tế nhà nước, hoạt động chưa hiệu quả, chưa tương xứng với vị trí, nguồ
... [truncated, total 46210 chars]
================================================================================

================================================================================
Article ID: MOH_a8ee7c3cdd61d332 | Attempt: 1
Error: Cannot extract valid JSON from response: line 1 column 1 (char 0)
Raw response (14975 chars):
{
"id": "MOH_a8ee7c3cdd61d332",
"date_iso": "2026-01-15T00:00:00",
"full_text": "Chiều 14/1, tại Trụ sở Chính phủ, Phiên họp lần thứ sáu Ban Chỉ đạo quốc gia triển khai thực hiện cam kết của Việt Nam tại Hội nghị COP26. Cùng dự có các Phó Thủ tướng Chính phủ Trần Hồng Hà và Hồ Quốc Dũng. \n \n \n \n Thủ tướng Chính phủ Phạm Minh Chính chủ trì Phiên họp lần thứ 6 của Ban Chỉ đạo quốc gia triển khai thực hiện cam kết của Việt Nam tại COP26. (Ảnh: TRẦN HẢI) \n \n Kết luận phiên họp, Thủ tướng Phạm Minh Chính nhấn mạnh, thời gian tới, tình hình biến đổi khí hậu ngày càng diễn biến phức tạp, khó lường, cực đoan, hậu quả của thiên tai sẽ rất lớn, do đó chúng ta cần nhìn nhận các khó khăn, thách thức như: \n \n Các ngành xuất khẩu chủ lực đang gặp khó khăn về các hàng rào kỹ thuật liên quan phát triển xanh (chủ yếu từ châu Âu và Mỹ); phải đồng thời giải bài toán liên quan chuyển đổi xanh, chuyển đổi số và kinh tế tuần hoàn trong lúc nguồn lực có hạn. Nền kinh tế thường xuyên phải hứng chịu thiệt hại nặng nề do thảm họa thiên tai, do đó phải tự lực, tự cường, phát triển nhanh và bền vững, ưu tiên bảo vệ môi trường; người dân phải được sống trong an toàn. Phát triển kinh tế carbon thấp, hệ sinh thái carbon xanh, nông nghiệp giảm phát thải, thực hiện tín chỉ carbon. Phát triển kinh tế carbon thấp với lợi thế “rừng vàng, biển bạc”, hệ sinh thái carbon xanh, nông nghiệp giảm phát thải, thương mại hóa tín chỉ carbon; có nhiều tiềm năng đẩy mạnh chiến lược phát triển khoa học công nghệ, đổi mới sáng tạo, gắn chặt với chuyển đổi xanh, chuyển đổi số, giảm phát thải các ngành công nghiệp, thương mại, dịch vụ. \n \n \n \n Đại diện lãnh đạo các bộ, ngành, cơ quan tham dự phiên họp. (Ảnh: TRẦN HẢI) \n \n Do đó, thời gian tới, Thủ tướng yêu cầu Ban Chỉ đạo phải quán triệt: phải thích ứng biến đổi khí hậu, thực hiện phát thải ròng bằng 0; phát triển đất nước nhanh và bền vững; xây dựng nền kinh tế độc lập, tự chủ, chủ động hội nhập quốc tế sâu rộng và hiệu quả. Thực hiện đa mục tiêu, vừa
... [truncated, total 14975 chars]
================================================================================

================================================================================
Article ID: MOH_a8ee7c3cdd61d332 | Attempt: 2
Error: Cannot extract valid JSON from response: line 1 column 1 (char 0)
Raw response (14797 chars):
{
"id": "MOH_a8ee7c3cdd61d332",
"date_iso": "2026-01-15T00:00:00",
"full_text": "Chiều 14/1, tại Trụ sở Chính phủ, Phiên họp lần thứ sáu Ban Chỉ đạo quốc gia triển khai thực hiện cam kết của Việt Nam tại Hội nghị COP26. Cùng dự có các Phó Thủ tướng Chính phủ Trần Hồng Hà và Hồ Quốc Dũng. \n \n \n \n Thủ tướng Chính phủ Phạm Minh Chính chủ trì Phiên họp lần thứ 6 của Ban Chỉ đạo quốc gia triển khai thực hiện cam kết của Việt Nam tại COP26. (Ảnh: TRẦN HẢI) \n \n Kết luận phiên họp, Thủ tướng Phạm Minh Chính nhấn mạnh, thời gian tới, tình hình biến đổi khí hậu ngày càng diễn biến phức tạp, khó lường, cực đoan, hậu quả của thiên tai sẽ rất lớn, do đó chúng ta cần nhìn nhận các khó khăn, thách thức như: \n \n Các ngành xuất khẩu chủ lực đang gặp khó khăn về các hàng rào kỹ thuật liên quan phát triển xanh (chủ yếu từ châu Âu và Mỹ); phải đồng thời giải bài toán liên quan chuyển đổi xanh, chuyển đổi số và kinh tế tuần hoàn trong lúc nguồn lực có hạn. Nền kinh tế thường xuyên phải hứng chịu thiệt hại nặng nề do thảm họa thiên tai, do đó phải tự lực, tự cường, phát triển nhanh và bền vững, ưu tiên bảo vệ môi trường; người dân phải được sống trong an toàn. Phát triển kinh tế carbon thấp, hệ sinh thái carbon xanh, nông nghiệp giảm phát thải, thực hiện tín chỉ carbon. Phát triển kinh tế carbon thấp với lợi thế “rừng vàng, biển bạc”, hệ sinh thái carbon xanh, nông nghiệp giảm phát thải, thương mại hóa tín chỉ carbon; có nhiều tiềm năng đẩy mạnh chiến lược phát triển khoa học công nghệ, đổi mới sáng tạo, gắn chặt với chuyển đổi xanh, chuyển đổi số, giảm phát thải các ngành công nghiệp, thương mại, dịch vụ. \n \n \n \n Đại diện lãnh đạo các bộ, ngành, cơ quan tham dự phiên họp. (Ảnh: TRẦN HẢI) \n \n Do đó, thời gian tới, Thủ tướng yêu cầu Ban Chỉ đạo phải quán triệt: phải thích ứng biến đổi khí hậu, thực hiện phát thải ròng bằng 0; phát triển đất nước nhanh và bền vững; xây dựng nền kinh tế độc lập, tự chủ, chủ động hội nhập quốc tế sâu rộng và hiệu quả. Thực hiện đa mục tiêu, vừa
... [truncated, total 14797 chars]
================================================================================

================================================================================
Article ID: MOH_a8ee7c3cdd61d332 | Attempt: 3
Error: Cannot extract valid JSON from response: line 1 column 1 (char 0)
Raw response (14506 chars):
{
"id": "MOH_a8ee7c3cdd61d332",
"date_iso": "2026-01-15T00:00:00",
"full_text": "Chiều 14/1, tại Trụ sở Chính phủ, Phiên họp lần thứ sáu Ban Chỉ đạo quốc gia triển khai thực hiện cam kết của Việt Nam tại Hội nghị COP26. Cùng dự có các Phó Thủ tướng Chính phủ Trần Hồng Hà và Hồ Quốc Dũng. \n \n \n \n Thủ tướng Chính phủ Phạm Minh Chính chủ trì Phiên họp lần thứ 6 của Ban Chỉ đạo quốc gia triển khai thực hiện cam kết của Việt Nam tại COP26. (Ảnh: TRẦN HẢI) \n \n Kết luận phiên họp, Thủ tướng Phạm Minh Chính nhấn mạnh, thời gian tới, tình hình biến đổi khí hậu ngày càng diễn biến phức tạp, khó lường, cực đoan, hậu quả của thiên tai sẽ rất lớn, do đó chúng ta cần nhìn nhận các khó khăn, thách thức như: \n \n Các ngành xuất khẩu chủ lực đang gặp khó khăn về các hàng rào kỹ thuật liên quan phát triển xanh (chủ yếu từ châu Âu và Mỹ); phải đồng thời giải bài toán liên quan chuyển đổi xanh, chuyển đổi số và kinh tế tuần hoàn trong lúc nguồn lực có hạn. Nền kinh tế thường xuyên phải hứng chịu thiệt hại nặng nề do thảm họa thiên tai, do đó phải tự lực, tự cường, phát triển nhanh và bền vững, ưu tiên bảo vệ môi trường; người dân phải được sống trong an toàn. Phát triển kinh tế carbon thấp, hệ sinh thái carbon xanh, nông nghiệp giảm phát thải, thực hiện tín chỉ carbon. Phát triển kinh tế carbon thấp với lợi thế “rừng vàng, biển bạc”, hệ sinh thái carbon xanh, nông nghiệp giảm phát thải, thương mại hóa tín chỉ carbon; có nhiều tiềm năng đẩy mạnh chiến lược phát triển khoa học công nghệ, đổi mới sáng tạo, gắn chặt với chuyển đổi xanh, chuyển đổi số, giảm phát thải các ngành công nghiệp, thương mại, dịch vụ. \n \n \n \n Đại diện lãnh đạo các bộ, ngành, cơ quan tham dự phiên họp. (Ảnh: TRẦN HẢI) \n \n Do đó, thời gian tới, Thủ tướng yêu cầu Ban Chỉ đạo phải quán triệt: phải thích ứng biến đổi khí hậu, thực hiện phát thải ròng bằng 0; phát triển đất nước nhanh và bền vững; xây dựng nền kinh tế độc lập, tự chủ, chủ động hội nhập quốc tế sâu rộng và hiệu quả. Thực hiện đa mục tiêu, vừa
... [truncated, total 14506 chars]
================================================================================

================================================================================
Article ID: MOH_a8ee7c3cdd61d332 | Attempt: 4
Error: Cannot extract valid JSON from response: line 1 column 1 (char 0)
Raw response (14700 chars):
{
"id": "MOH_a8ee7c3cdd61d332",
"date_iso": "2026-01-15T00:00:00",
"full_text": "Chiều 14/1, tại Trụ sở Chính phủ, Phiên họp lần thứ sáu Ban Chỉ đạo quốc gia triển khai thực hiện cam kết của Việt Nam tại Hội nghị COP26. Cùng dự có các Phó Thủ tướng Chính phủ Trần Hồng Hà và Hồ Quốc Dũng. \n \n \n \n Thủ tướng Chính phủ Phạm Minh Chính chủ trì Phiên họp lần thứ 6 của Ban Chỉ đạo quốc gia triển khai thực hiện cam kết của Việt Nam tại COP26. (Ảnh: TRẦN HẢI) \n \n Kết luận phiên họp, Thủ tướng Phạm Minh Chính nhấn mạnh, thời gian tới, tình hình biến đổi khí hậu ngày càng diễn biến phức tạp, khó lường, cực đoan, hậu quả của thiên tai sẽ rất lớn, do đó chúng ta cần nhìn nhận các khó khăn, thách thức như: \n \n Các ngành xuất khẩu chủ lực đang gặp khó khăn về các hàng rào kỹ thuật liên quan phát triển xanh (chủ yếu từ châu Âu và Mỹ); phải đồng thời giải bài toán liên quan chuyển đổi xanh, chuyển đổi số và kinh tế tuần hoàn trong lúc nguồn lực có hạn. Nền kinh tế thường xuyên phải hứng chịu thiệt hại nặng nề do thảm họa thiên tai, do đó phải tự lực, tự cường, phát triển nhanh và bền vững, ưu tiên bảo vệ môi trường; người dân phải được sống trong an toàn. Phát triển kinh tế carbon thấp, hệ sinh thái carbon xanh, nông nghiệp giảm phát thải, thực hiện tín chỉ carbon. Phát triển kinh tế carbon thấp với lợi thế “rừng vàng, biển bạc”, hệ sinh thái carbon xanh, nông nghiệp giảm phát thải, thương mại hóa tín chỉ carbon; có nhiều tiềm năng đẩy mạnh chiến lược phát triển khoa học công nghệ, đổi mới sáng tạo, gắn chặt với chuyển đổi xanh, chuyển đổi số, giảm phát thải các ngành công nghiệp, thương mại, dịch vụ. \n \n \n \n Đại diện lãnh đạo các bộ, ngành, cơ quan tham dự phiên họp. (Ảnh: TRẦN HẢI) \n \n Do đó, thời gian tới, Thủ tướng yêu cầu Ban Chỉ đạo phải quán triệt: phải thích ứng biến đổi khí hậu, thực hiện phát thải ròng bằng 0; phát triển đất nước nhanh và bền vững; xây dựng nền kinh tế độc lập, tự chủ, chủ động hội nhập quốc tế sâu rộng và hiệu quả. Thực hiện đa mục tiêu, vừa
... [truncated, total 14700 chars]
================================================================================

================================================================================
Article ID: MOH_a8ee7c3cdd61d332 | Attempt: 5
Error: Cannot extract valid JSON from response: line 1 column 1 (char 0)
Raw response (14630 chars):
{
"id": "MOH_a8ee7c3cdd61d332",
"date_iso": "2026-01-15T00:00:00",
"full_text": "Chiều 14/1, tại Trụ sở Chính phủ, Phiên họp lần thứ sáu Ban Chỉ đạo quốc gia triển khai thực hiện cam kết của Việt Nam tại Hội nghị COP26. Cùng dự có các Phó Thủ tướng Chính phủ Trần Hồng Hà và Hồ Quốc Dũng. \n \n \n \n Thủ tướng Chính phủ Phạm Minh Chính chủ trì Phiên họp lần thứ 6 của Ban Chỉ đạo quốc gia triển khai thực hiện cam kết của Việt Nam tại COP26. (Ảnh: TRẦN HẢI) \n \n Kết luận phiên họp, Thủ tướng Phạm Minh Chính nhấn mạnh, thời gian tới, tình hình biến đổi khí hậu ngày càng diễn biến phức tạp, khó lường, cực đoan, hậu quả của thiên tai sẽ rất lớn, do đó chúng ta cần nhìn nhận các khó khăn, thách thức như: \n \n Các ngành xuất khẩu chủ lực đang gặp khó khăn về các hàng rào kỹ thuật liên quan phát triển xanh (chủ yếu từ châu Âu và Mỹ); phải đồng thời giải bài toán liên quan chuyển đổi xanh, chuyển đổi số và kinh tế tuần hoàn trong lúc nguồn lực có hạn. Nền kinh tế thường xuyên phải hứng chịu thiệt hại nặng nề do thảm họa thiên tai, do đó phải tự lực, tự cường, phát triển nhanh và bền vững, ưu tiên bảo vệ môi trường; người dân phải được sống trong an toàn. Phát triển kinh tế carbon thấp, hệ sinh thái carbon xanh, nông nghiệp giảm phát thải, thực hiện tín chỉ carbon. Phát triển kinh tế carbon thấp với lợi thế “rừng vàng, biển bạc”, hệ sinh thái carbon xanh, nông nghiệp giảm phát thải, thương mại hóa tín chỉ carbon; có nhiều tiềm năng đẩy mạnh chiến lược phát triển khoa học công nghệ, đổi mới sáng tạo, gắn chặt với chuyển đổi xanh, chuyển đổi số, giảm phát thải các ngành công nghiệp, thương mại, dịch vụ. \n \n \n \n Đại diện lãnh đạo các bộ, ngành, cơ quan tham dự phiên họp. (Ảnh: TRẦN HẢI) \n \n Do đó, thời gian tới, Thủ tướng yêu cầu Ban Chỉ đạo phải quán triệt: phải thích ứng biến đổi khí hậu, thực hiện phát thải ròng bằng 0; phát triển đất nước nhanh và bền vững; xây dựng nền kinh tế độc lập, tự chủ, chủ động hội nhập quốc tế sâu rộng và hiệu quả. Thực hiện đa mục tiêu, vừa
... [truncated, total 14630 chars]
================================================================================

================================================================================
Article ID: MOH_0cef7526542a7d47 | Attempt: 1
Error: Cannot extract valid JSON from response: line 1 column 1 (char 0)
Raw response (8229 chars):
{
"id": "MOH_0cef7526542a7d47",
"date_iso": "2026-01-15T00:00:00",
"full_text": "Chiều 14/01/2026, Bộ Y tế và UBND thành phố Đà Nẵng tổ chức hội nghị chuyển giao Bệnh viện Đa khoa Trung ương Quảng Nam (trực thuộc Bộ Y tế) về UBND thành phố Đà Nẵng quản lý. \n \n \n \n \n \n Quang cảnh hội nghị bàn giao \n \n Thứ trưởng Bộ Y tế Đỗ Xuân Tuyên và Phó Chủ tịch UBND thành phố Đà Nẵng Nguyễn Thị Anh Thi đồng chủ trì hội nghị. \n \n Tham dự hội nghị có đại diện lãnh đạo các Cục, Vụ thuộc Bộ Y tế, các Sở, ban, ngành và địa phương liên quan của thành phố Đà Nẵng. \n \n \n \n Thứ trưởng Bộ Y tế Đỗ Xuân Tuyên, Phó Chủ tịch UBND thành phố Đà Nẵng Nguyễn Thị Anh Thi thực hiện nghi thức chuyển giao và tiếp nhận quản lý Bệnh viện Đa khoa Trung ương Quảng Nam. \n \n Tại hội nghị, đại diện Bộ Y tế công bố Quyết định số 01/QĐ-TTg ngày 01/01/2026 của Thủ tướng Chính phủ chuyển giao nguyên trạng Bệnh viện Đa khoa Trung ương Quảng Nam từ Bộ Y tế về UBND thành phố Đà Nẵng quản lý. \n \n Nội dung chuyển giao bao gồm: Toàn bộ tổ chức bộ máy, nhân sự, tài chính, tài sản, cơ sở vật chất, trang thiết bị, đất đai cũng như các nhiệm vụ chuyên môn đang triển khai. \n \n Quá trình chuyển giao bảo đảm công khai, minh bạch, đúng quy định pháp luật và không gây gián đoạn hoạt động khám, chữa bệnh của người dân. \n \n \n \n Thứ trưởng Bộ Y tế Đỗ Xuân Tuyên phát biểu tại hội nghị \n \n Phát biểu tại Hội nghị, đồng chí Đỗ Xuân Tuyên, Thứ trưởng Bộ Y tế chia sẻ: “Việc chuyển giao Bệnh viện Đa khoa Trung ương Quảng Nam về UBND thành phố Đà Nẵng quản lý là chủ trương lớn của Đảng, Nhà nước nhằm đẩy mạnh phân cấp, phân quyền, nâng cao hiệu lực, hiệu quả quản lý trong lĩnh vực y tế”. Thứ trưởng Bộ Y tế khẳng định việc bàn giao được thực hiện nguyên trạng, bảo đảm chặt chẽ, đúng quy định, đặc biệt không làm gián đoạn hoạt động khám, chữa bệnh; đồng thời đề nghị thành phố Đà Nẵng và các đơn vị liên quan tiếp tục quan tâm, hỗ trợ để Bệnh viện ổn định tổ chức, phát huy thế mạnh chuyên môn, phát triển bền vững t
... [truncated, total 8229 chars]
================================================================================

================================================================================
Article ID: MOH_0c71c04937f9f77c | Attempt: 1
Error: Cannot extract valid JSON from response: line 1 column 1 (char 0)
Raw response (14976 chars):
{
"id": "MOH_0c71c04937f9f77c",
"date_iso": "2026-01-11T00:00:00",
"full_text": "Chiều 10/01/2026, Đoàn công tác của Bộ Y tế do TS.BS Vũ Mạnh Hà, Ủy viên Dự khuyết Trung ương Đảng, Thứ trưởng Thường trực Bộ Y tế làm Trưởng đoàn đã có buổi làm việc với ngành Y tế tỉnh Tuyên Quang về thực hiện các nhiệm vụ công tác năm 2025 và nhiệm vụ năm 2026. \n \n \n \n Thứ trưởng Thường trực Bộ Y tế Vũ Mạnh Hà ghi sổ truyền thống tại phòng truyền thống Sở Y tế tỉnh Tuyên Quang \n \n \n \n \n \n \n \n Quang cảnh chương trình làm việc \n \n Tham gia đoàn công tác có các đồng chí lãnh đạo, chuyên viên các Cục: Quản lý Khám, chữa bệnh, Phòng bệnh, Quản lý Y dược cổ truyền, Dân số; các Vụ: Bảo hiểm y tế, Kế hoạch –Tài chính và Văn phòng Bộ Y tế. \n \n \n \n Thứ trưởng Thường trực Bộ Y tế Vũ Mạnh Hà và Phó Chủ tịch UBND tỉnh Tuyên Quang Vương Ngọc Hà đồng chủ trì chương trình làm việc \n \n Cùng dự buổi làm việc có đồng chí Vương Ngọc Hà, Ủy viên Ban Thường vụ Tỉnh ủy, Phó Chủ tịch UBND tỉnh, lãnh đạo Sở Y tế tỉnh Tuyên Quang. \n \n Năm 2025, ngành Y tế tỉnh Tuyên Quang đã thực hiện tốt các biện pháp nhằm nâng cao chất lượng khám, chữa bệnh, nâng cao y đức, phục vụ tốt người bệnh tại các cơ sở khám, chữa bệnh; thực hiện có hiệu quả nội dung hợp tác, hỗ trợ chuyên môn từ các bệnh viện tuyến Trung ương. Tỉnh đã đạt 5/6 chỉ tiêu y tế - xã hội chủ yếu: Tỷ lệ tiêm chủng đầy đủ cho trẻ em dưới 1 tuổi đạt trên 96%; đạt 40 giường bệnh và 10,2 bác sĩ trên 10.000 dân; tỷ lệ bao phủ bảo hiểm y tế đạt 97%; tỷ lệ suy dinh dưỡng thể nhẹ cân ở trẻ em dưới 5 tuổi giảm còn 13,5%. \n \n \n \n Giám đốc Sở Y tế tỉnh Tuyên Quang Nguyễn Thành Hưng báo cáo tại buổi làm việc \n \n Trong năm có trên 2,5 triệu lượt bệnh nhân đến khám bệnh, điều trị nội trú cho trên 427 nghìn lượt bệnh nhân; nhiều kỹ thuật mới, kỹ thuật chuyên sâu được triển khai tại các bệnh viện tuyến tỉnh và tuyến khu vực, từng bước giảm chuyển tuyến, giảm chi phí cho người dân. Việc triển khai bệnh án điện tử, hồ sơ sức khỏe điện tử, khám ch
... [truncated, total 14976 chars]
================================================================================

================================================================================
Article ID: MOH_0c71c04937f9f77c | Attempt: 2
Error: Cannot extract valid JSON from response: line 1 column 1 (char 0)
Raw response (14739 chars):
{
"id": "MOH_0c71c04937f9f77c",
"date_iso": "2026-01-11T00:00:00",
"full_text": "Chiều 10/01/2026, Đoàn công tác của Bộ Y tế do TS.BS Vũ Mạnh Hà, Ủy viên Dự khuyết Trung ương Đảng, Thứ trưởng Thường trực Bộ Y tế làm Trưởng đoàn đã có buổi làm việc với ngành Y tế tỉnh Tuyên Quang về thực hiện các nhiệm vụ công tác năm 2025 và nhiệm vụ năm 2026. \n \n \n \n Thứ trưởng Thường trực Bộ Y tế Vũ Mạnh Hà ghi sổ truyền thống tại phòng truyền thống Sở Y tế tỉnh Tuyên Quang \n \n \n \n \n \n \n \n Quang cảnh chương trình làm việc \n \n Tham gia đoàn công tác có các đồng chí lãnh đạo, chuyên viên các Cục: Quản lý Khám, chữa bệnh, Phòng bệnh, Quản lý Y dược cổ truyền, Dân số; các Vụ: Bảo hiểm y tế, Kế hoạch –Tài chính và Văn phòng Bộ Y tế. \n \n \n \n Thứ trưởng Thường trực Bộ Y tế Vũ Mạnh Hà và Phó Chủ tịch UBND tỉnh Tuyên Quang Vương Ngọc Hà đồng chủ trì chương trình làm việc \n \n Cùng dự buổi làm việc có đồng chí Vương Ngọc Hà, Ủy viên Ban Thường vụ Tỉnh ủy, Phó Chủ tịch UBND tỉnh, lãnh đạo Sở Y tế tỉnh Tuyên Quang. \n \n Năm 2025, ngành Y tế tỉnh Tuyên Quang đã thực hiện tốt các biện pháp nhằm nâng cao chất lượng khám, chữa bệnh, nâng cao y đức, phục vụ tốt người bệnh tại các cơ sở khám, chữa bệnh; thực hiện có hiệu quả nội dung hợp tác, hỗ trợ chuyên môn từ các bệnh viện tuyến Trung ương. Tỉnh đã đạt 5/6 chỉ tiêu y tế - xã hội chủ yếu: Tỷ lệ tiêm chủng đầy đủ cho trẻ em dưới 1 tuổi đạt trên 96%; đạt 40 giường bệnh và 10,2 bác sĩ trên 10.000 dân; tỷ lệ bao phủ bảo hiểm y tế đạt 97%; tỷ lệ suy dinh dưỡng thể nhẹ cân ở trẻ em dưới 5 tuổi giảm còn 13,5%. \n \n \n \n Giám đốc Sở Y tế tỉnh Tuyên Quang Nguyễn Thành Hưng báo cáo tại buổi làm việc \n \n Trong năm có trên 2,5 triệu lượt bệnh nhân đến khám bệnh, điều trị nội trú cho trên 427 nghìn lượt bệnh nhân; nhiều kỹ thuật mới, kỹ thuật chuyên sâu được triển khai tại các bệnh viện tuyến tỉnh và tuyến khu vực, từng bước giảm chuyển tuyến, giảm chi phí cho người dân. Việc triển khai bệnh án điện tử, hồ sơ sức khỏe điện tử, khám ch
... [truncated, total 14739 chars]
================================================================================

================================================================================
Article ID: MOH_55bc802625652670 | Attempt: 1
Error: Cannot extract valid JSON from response: line 1 column 1 (char 0)
Raw response (9920 chars):
{
"id": "MOH_55bc802625652670",
"date_iso": "2026-01-09T00:00:00",
"full_text": "Tại kỳ họp thứ 10, Quốc hội khóa XV đã biểu quyết thông qua Luật Phòng bệnh số 114/2025/QH15 và có hiệu lực từ ngày 1/7/2026. Đây là đạo luật có ý nghĩa quan trọng tạo nền tảng pháp lý toàn diện về phòng bệnh, với phương châm “đáp ứng khám, chữa bệnh” sang “chủ động phòng bệnh” lấy người dân làm trung tâm. \n \n \n \n Hoạt động khám, chữa bệnh tại Bệnh viện Tim Hà Nội. (Ảnh: TUỆ NGHI) \n \n Theo Bộ Y tế, trong bối cảnh mô hình bệnh tật tại Việt Nam đang có sự thay đổi nhanh chóng, phức tạp với sự xuất hiện nhiều bệnh truyền nhiễm mới, nhất là tỷ lệ bệnh không lây nhiễm, rối loạn tâm thần ngày một gia tăng... đã và đang đặt ra yêu cầu cấp bách nâng cao năng lực y tế dự phòng một cách chủ động, bền vững. Do vậy, việc xây dựng và ban hành Luật Phòng bệnh với phạm vi điều chỉnh bao quát toàn diện về phòng bệnh là hết sức cần thiết. \n \n Luật Phòng bệnh được ban hành đã thể chế hóa đầy đủ, toàn diện đường lối, chính sách của Đảng và Nhà nước về phòng bệnh, được khẳng định trong Hiến pháp: Mọi người có quyền được bảo vệ, chăm sóc sức khỏe, bình đẳng trong việc sử dụng các dịch vụ y tế và có nghĩa vụ thực hiện các quy định về phòng bệnh, khám, chữa bệnh; cũng như Nghị quyết số 72-NQ/TW ngày 9/9/2025 của Bộ Chính trị về một số giải pháp đột phá, tăng cường bảo vệ, chăm sóc và nâng cao sức khỏe nhân dân; Nghị quyết số 20-NQ/TW ngày 25/10/2017 của Ban Chấp hành Trung ương Đảng khóa XII về tăng cường công tác bảo vệ, chăm sóc và nâng cao sức khỏe nhân dân trong tình hình mới… \n \n Thời gian qua, ngành y tế đang chuyển mạnh từ tư duy tập trung “khám, chữa bệnh” sang “chủ động phòng bệnh”, “phòng bệnh từ sớm, từ xa, từ cơ sở”, chú trọng bảo vệ, chăm sóc, nâng cao sức khỏe toàn diện, liên tục theo vòng đời. \n \n Chia sẻ về những điểm nổi bật của Luật Phòng bệnh, Thứ trưởng Bộ Y tế Nguyễn Thị Liên Hương cho biết: Luật Phòng bệnh gồm 6 Chương, 46 Điều, được xây dựng trên cơ sở kế thừa, sửa đổi, bổ s
... [truncated, total 9920 chars]
================================================================================

================================================================================
Article ID: MOH_404640f201f8ec1c | Attempt: 1
Error: Cannot extract valid JSON from response: line 1 column 1 (char 0)
Raw response (9665 chars):
{
"id": "MOH_404640f201f8ec1c",
"date_iso": "2026-01-08T00:00:00",
"full_text": "Ủy viên Bộ Chính trị, Thường trực Ban Bí thư Trần Cẩm Tú ký ban hành Kết luận của Bộ Chính trị, Ban Bí thư về thực hiện một số nội dung, nhiệm vụ trọng tâm trong hoạt động của tổ chức cơ sở đảng trong thời gian tới (Kết luận số 229-KL/TW, ngày 5/1/2026). \n \n \n \n Sáng 16/9/2025, Bộ Chính trị, Ban Bí thư tổ chức Hội nghị toàn quốc (trực tiếp kết hợp trực tuyến) quán triệt, triển khai thực hiện 4 nghị quyết của Bộ Chính trị (Nghị quyết số 59-NQ/TW, Nghị quyết số 70-NQ/TW, Nghị quyết số 71-NQ/TW, Nghị quyết số 72-NQ/TW) - TTXVN \n \n Kết luận nêu: Tại phiên họp ngày 30/12/2025, trên cơ sở Báo cáo của Ban Tổ chức Trung ương về tình hình hoạt động của tổ chức cơ sở đảng quý IV/2025 (Báo cáo số 614-BC/BTCTW, ngày 29/12/2025 của Ban Tổ chức Trung ương), Bộ Chính trị, Ban Bí thư kết luận như sau: \n \n 1. Cơ bản thống nhất với nội dung báo cáo và kiến nghị, đề xuất của Ban Tổ chức Trung ương về tình hình hoạt động của tổ chức cơ sở đảng quý IV/2025. Yêu cầu các cấp uỷ, tổ chức đảng từ Trung ương đến địa phương xác định quý I/2026 là đợt cao điểm để đưa hoạt động của tổ chức cơ sở đảng vào nền nếp, tạo nền tảng vững chắc cho việc thực hiện thắng lợi nghị quyết đại hội đảng bộ các cấp và Nghị quyết Đại hội đại biểu toàn quốc lần thứ XIV của Đảng; tiếp tục lãnh đạo, chỉ đạo đồng bộ các giải pháp nâng cao chất lượng, hiệu quả hoạt động của các tổ chức cơ sở đảng; tập trung những nội dung trọng tâm sau: \n \n 2. Các tỉnh uỷ, thành uỷ, đảng uỷ trực thuộc Trung ương chủ động: \n \n (i) Tổ chức triển khai quán triệt, học tập Nghị quyết Đại hội đại biểu toàn quốc lần thứ XIV của Đảng; xây dựng chương trình, kế hoạch hành động cụ thể, phù hợp với tình hình thực tiễn của từng địa phương, đơn vị; tập trung chỉ đạo, phối hợp chuẩn bị các nội dung phục vụ công tác tổ chức bầu cử Đại biểu Quốc hội khoá XVI và Đại biểu Hội đồng nhân dân các cấp nhiệm kỳ 2026-2031. \n \n (ii) Tiếp tục đổi mới, nâng cao chất 
... [truncated, total 9665 chars]
================================================================================

================================================================================
Article ID: MOH_404640f201f8ec1c | Attempt: 2
Error: Cannot extract valid JSON from response: line 1 column 1 (char 0)
Raw response (9173 chars):
{
"id": "MOH_404640f201f8ec1c",
"date_iso": "2026-01-08T00:00:00",
"full_text": "Ủy viên Bộ Chính trị, Thường trực Ban Bí thư Trần Cẩm Tú ký ban hành Kết luận của Bộ Chính trị, Ban Bí thư về thực hiện một số nội dung, nhiệm vụ trọng tâm trong hoạt động của tổ chức cơ sở đảng trong thời gian tới (Kết luận số 229-KL/TW, ngày 5/1/2026). \n \n \n \n Sáng 16/9/2025, Bộ Chính trị, Ban Bí thư tổ chức Hội nghị toàn quốc (trực tiếp kết hợp trực tuyến) quán triệt, triển khai thực hiện 4 nghị quyết của Bộ Chính trị (Nghị quyết số 59-NQ/TW, Nghị quyết số 70-NQ/TW, Nghị quyết số 71-NQ/TW, Nghị quyết số 72-NQ/TW) - TTXVN \n \n Kết luận nêu: Tại phiên họp ngày 30/12/2025, trên cơ sở Báo cáo của Ban Tổ chức Trung ương về tình hình hoạt động của tổ chức cơ sở đảng quý IV/2025 (Báo cáo số 614-BC/BTCTW, ngày 29/12/2025 của Ban Tổ chức Trung ương), Bộ Chính trị, Ban Bí thư kết luận như sau: \n \n 1. Cơ bản thống nhất với nội dung báo cáo và kiến nghị, đề xuất của Ban Tổ chức Trung ương về tình hình hoạt động của tổ chức cơ sở đảng quý IV/2025. Yêu cầu các cấp uỷ, tổ chức đảng từ Trung ương đến địa phương xác định quý I/2026 là đợt cao điểm để đưa hoạt động của tổ chức cơ sở đảng vào nền nếp, tạo nền tảng vững chắc cho việc thực hiện thắng lợi nghị quyết đại hội đảng bộ các cấp và Nghị quyết Đại hội đại biểu toàn quốc lần thứ XIV của Đảng; tiếp tục lãnh đạo, chỉ đạo đồng bộ các giải pháp nâng cao chất lượng, hiệu quả hoạt động của các tổ chức cơ sở đảng; tập trung những nội dung trọng tâm sau: \n \n 2. Các tỉnh uỷ, thành uỷ, đảng uỷ trực thuộc Trung ương chủ động: \n \n (i) Tổ chức triển khai quán triệt, học tập Nghị quyết Đại hội đại biểu toàn quốc lần thứ XIV của Đảng; xây dựng chương trình, kế hoạch hành động cụ thể, phù hợp với tình hình thực tiễn của từng địa phương, đơn vị; tập trung chỉ đạo, phối hợp chuẩn bị các nội dung phục vụ công tác tổ chức bầu cử Đại biểu Quốc hội khoá XVI và Đại biểu Hội đồng nhân dân các cấp nhiệm kỳ 2026-2031. \n \n (ii) Tiếp tục đổi mới, nâng cao chất 
... [truncated, total 9173 chars]
================================================================================

================================================================================
Article ID: MOH_404640f201f8ec1c | Attempt: 3
Error: Cannot extract valid JSON from response: line 1 column 1 (char 0)
Raw response (9663 chars):
{
"id": "MOH_404640f201f8ec1c",
"date_iso": "2026-01-08T00:00:00",
"full_text": "Ủy viên Bộ Chính trị, Thường trực Ban Bí thư Trần Cẩm Tú ký ban hành Kết luận của Bộ Chính trị, Ban Bí thư về thực hiện một số nội dung, nhiệm vụ trọng tâm trong hoạt động của tổ chức cơ sở đảng trong thời gian tới (Kết luận số 229-KL/TW, ngày 5/1/2026). \n \n \n \n Sáng 16/9/2025, Bộ Chính trị, Ban Bí thư tổ chức Hội nghị toàn quốc (trực tiếp kết hợp trực tuyến) quán triệt, triển khai thực hiện 4 nghị quyết của Bộ Chính trị (Nghị quyết số 59-NQ/TW, Nghị quyết số 70-NQ/TW, Nghị quyết số 71-NQ/TW, Nghị quyết số 72-NQ/TW) - TTXVN \n \n Kết luận nêu: Tại phiên họp ngày 30/12/2025, trên cơ sở Báo cáo của Ban Tổ chức Trung ương về tình hình hoạt động của tổ chức cơ sở đảng quý IV/2025 (Báo cáo số 614-BC/BTCTW, ngày 29/12/2025 của Ban Tổ chức Trung ương), Bộ Chính trị, Ban Bí thư kết luận như sau: \n \n 1. Cơ bản thống nhất với nội dung báo cáo và kiến nghị, đề xuất của Ban Tổ chức Trung ương về tình hình hoạt động của tổ chức cơ sở đảng quý IV/2025. Yêu cầu các cấp uỷ, tổ chức đảng từ Trung ương đến địa phương xác định quý I/2026 là đợt cao điểm để đưa hoạt động của tổ chức cơ sở đảng vào nền nếp, tạo nền tảng vững chắc cho việc thực hiện thắng lợi nghị quyết đại hội đảng bộ các cấp và Nghị quyết Đại hội đại biểu toàn quốc lần thứ XIV của Đảng; tiếp tục lãnh đạo, chỉ đạo đồng bộ các giải pháp nâng cao chất lượng, hiệu quả hoạt động của các tổ chức cơ sở đảng; tập trung những nội dung trọng tâm sau: \n \n 2. Các tỉnh uỷ, thành uỷ, đảng uỷ trực thuộc Trung ương chủ động: \n \n (i) Tổ chức triển khai quán triệt, học tập Nghị quyết Đại hội đại biểu toàn quốc lần thứ XIV của Đảng; xây dựng chương trình, kế hoạch hành động cụ thể, phù hợp với tình hình thực tiễn của từng địa phương, đơn vị; tập trung chỉ đạo, phối hợp chuẩn bị các nội dung phục vụ công tác tổ chức bầu cử Đại biểu Quốc hội khoá XVI và Đại biểu Hội đồng nhân dân các cấp nhiệm kỳ 2026-2031. \n \n (ii) Tiếp tục đổi mới, nâng cao chất 
... [truncated, total 9663 chars]
================================================================================

================================================================================
Article ID: MOH_404640f201f8ec1c | Attempt: 4
Error: Cannot extract valid JSON from response: line 1 column 1 (char 0)
Raw response (9628 chars):
{
"id": "MOH_404640f201f8ec1c",
"date_iso": "2026-01-08T00:00:00",
"full_text": "Ủy viên Bộ Chính trị, Thường trực Ban Bí thư Trần Cẩm Tú ký ban hành Kết luận của Bộ Chính trị, Ban Bí thư về thực hiện một số nội dung, nhiệm vụ trọng tâm trong hoạt động của tổ chức cơ sở đảng trong thời gian tới (Kết luận số 229-KL/TW, ngày 5/1/2026). \n \n \n \n Sáng 16/9/2025, Bộ Chính trị, Ban Bí thư tổ chức Hội nghị toàn quốc (trực tiếp kết hợp trực tuyến) quán triệt, triển khai thực hiện 4 nghị quyết của Bộ Chính trị (Nghị quyết số 59-NQ/TW, Nghị quyết số 70-NQ/TW, Nghị quyết số 71-NQ/TW, Nghị quyết số 72-NQ/TW) - TTXVN \n \n Kết luận nêu: Tại phiên họp ngày 30/12/2025, trên cơ sở Báo cáo của Ban Tổ chức Trung ương về tình hình hoạt động của tổ chức cơ sở đảng quý IV/2025 (Báo cáo số 614-BC/BTCTW, ngày 29/12/2025 của Ban Tổ chức Trung ương), Bộ Chính trị, Ban Bí thư kết luận như sau: \n \n 1. Cơ bản thống nhất với nội dung báo cáo và kiến nghị, đề xuất của Ban Tổ chức Trung ương về tình hình hoạt động của tổ chức cơ sở đảng quý IV/2025. Yêu cầu các cấp uỷ, tổ chức đảng từ Trung ương đến địa phương xác định quý I/2026 là đợt cao điểm để đưa hoạt động của tổ chức cơ sở đảng vào nền nếp, tạo nền tảng vững chắc cho việc thực hiện thắng lợi nghị quyết đại hội đảng bộ các cấp và Nghị quyết Đại hội đại biểu toàn quốc lần thứ XIV của Đảng; tiếp tục lãnh đạo, chỉ đạo đồng bộ các giải pháp nâng cao chất lượng, hiệu quả hoạt động của các tổ chức cơ sở đảng; tập trung những nội dung trọng tâm sau: \n \n 2. Các tỉnh uỷ, thành uỷ, đảng uỷ trực thuộc Trung ương chủ động: \n \n (i) Tổ chức triển khai quán triệt, học tập Nghị quyết Đại hội đại biểu toàn quốc lần thứ XIV của Đảng; xây dựng chương trình, kế hoạch hành động cụ thể, phù hợp với tình hình thực tiễn của từng địa phương, đơn vị; tập trung chỉ đạo, phối hợp chuẩn bị các nội dung phục vụ công tác tổ chức bầu cử Đại biểu Quốc hội khoá XVI và Đại biểu Hội đồng nhân dân các cấp nhiệm kỳ 2026-2031. \n \n (ii) Tiếp tục đổi mới, nâng cao chất 
... [truncated, total 9628 chars]
================================================================================

================================================================================
Article ID: MOH_404640f201f8ec1c | Attempt: 5
Error: Cannot extract valid JSON from response: line 1 column 1 (char 0)
Raw response (9448 chars):
{
"id": "MOH_404640f201f8ec1c",
"date_iso": "2026-01-08T00:00:00",
"full_text": "Ủy viên Bộ Chính trị, Thường trực Ban Bí thư Trần Cẩm Tú ký ban hành Kết luận của Bộ Chính trị, Ban Bí thư về thực hiện một số nội dung, nhiệm vụ trọng tâm trong hoạt động của tổ chức cơ sở đảng trong thời gian tới (Kết luận số 229-KL/TW, ngày 5/1/2026). \n \n \n \n Sáng 16/9/2025, Bộ Chính trị, Ban Bí thư tổ chức Hội nghị toàn quốc (trực tiếp kết hợp trực tuyến) quán triệt, triển khai thực hiện 4 nghị quyết của Bộ Chính trị (Nghị quyết số 59-NQ/TW, Nghị quyết số 70-NQ/TW, Nghị quyết số 71-NQ/TW, Nghị quyết số 72-NQ/TW) - TTXVN \n \n Kết luận nêu: Tại phiên họp ngày 30/12/2025, trên cơ sở Báo cáo của Ban Tổ chức Trung ương về tình hình hoạt động của tổ chức cơ sở đảng quý IV/2025 (Báo cáo số 614-BC/BTCTW, ngày 29/12/2025 của Ban Tổ chức Trung ương), Bộ Chính trị, Ban Bí thư kết luận như sau: \n \n 1. Cơ bản thống nhất với nội dung báo cáo và kiến nghị, đề xuất của Ban Tổ chức Trung ương về tình hình hoạt động của tổ chức cơ sở đảng quý IV/2025. Yêu cầu các cấp uỷ, tổ chức đảng từ Trung ương đến địa phương xác định quý I/2026 là đợt cao điểm để đưa hoạt động của tổ chức cơ sở đảng vào nền nếp, tạo nền tảng vững chắc cho việc thực hiện thắng lợi nghị quyết đại hội đảng bộ các cấp và Nghị quyết Đại hội đại biểu toàn quốc lần thứ XIV của Đảng; tiếp tục lãnh đạo, chỉ đạo đồng bộ các giải pháp nâng cao chất lượng, hiệu quả hoạt động của các tổ chức cơ sở đảng; tập trung những nội dung trọng tâm sau: \n \n 2. Các tỉnh uỷ, thành uỷ, đảng uỷ trực thuộc Trung ương chủ động: \n \n (i) Tổ chức triển khai quán triệt, học tập Nghị quyết Đại hội đại biểu toàn quốc lần thứ XIV của Đảng; xây dựng chương trình, kế hoạch hành động cụ thể, phù hợp với tình hình thực tiễn của từng địa phương, đơn vị; tập trung chỉ đạo, phối hợp chuẩn bị các nội dung phục vụ công tác tổ chức bầu cử Đại biểu Quốc hội khoá XVI và Đại biểu Hội đồng nhân dân các cấp nhiệm kỳ 2026-2031. \n \n (ii) Tiếp tục đổi mới, nâng cao chất 
... [truncated, total 9448 chars]
================================================================================

================================================================================
Article ID: MOH_2201cbef7dc0b62c | Attempt: 1
Error: Cannot extract valid JSON from response: line 1 column 1 (char 0)
Raw response (6952 chars):
{
"id": "MOH_2201cbef7dc0b62c",
"date_iso": "2026-01-03T00:00:00",
"full_text": "Nghị quyết 261 năm 2025 của Quốc hội đã chính thức có hiệu lực từ ngày 1/1/2026, trong đó quy định nhiều cơ chế, chính sách đặc biệt tạo đột phá cho nhân viên y tế trong công tác bảo vệ, chăm sóc và nâng cao sức khỏe người dân. \n \n \n \n Theo đó, bác sĩ y khoa, bác sĩ y học cổ truyền, bác sĩ răng hàm mặt, bác sĩ y học dự phòng, dược sĩ được xếp lương từ bậc 2 khi được tuyển dụng vào chức danh nghề nghiệp tương ứng cho đến khi có quy định mới về tiền lương. \n \n Cùng với đó, nhân viên y tế được hưởng 100% phụ cấp ưu đãi nghề nếu thuộc trường hợp: Người thường xuyên và trực tiếp làm chuyên môn y tế thuộc lĩnh vực tâm thần, pháp y, pháp y tâm thần, hồi sức cấp cứu, giải phẫu bệnh; \n \n Người thường xuyên và trực tiếp làm chuyên môn y tế tại trạm y tế cấp xã, cơ sở y tế dự phòng đối với khu vực vùng đồng bào dân tộc thiểu số và miền núi, vùng có điều kiện kinh tế - xã hội khó khăn, vùng có điều kiện kinh tế - xã hội đặc biệt khó khăn, biên giới, hải đảo. Nhân viên y tế hưởng tối thiểu 70% nếu không thuộc trường hợp trên. \n \n Không áp dụng điều kiện về thời gian công tác theo quy định của pháp luật về viên chức khi tiếp nhận người vào làm viên chức tại trạm y tế cấp xã nếu đáp ứng các điều kiện như: \n \n Có giấy phép hành nghề khám bệnh, chữa bệnh phù hợp với yêu cầu của vị trí việc làm dự kiến tiếp nhận. Cam kết bằng văn bản về làm việc tại trạm y tế cấp xã ít nhất 5 năm; Người được tiếp nhận vào làm viên chức theo quy định trên không làm đủ 5 năm thì bị buộc thôi việc theo quy định của pháp luật về viên chức; Ưu tiên về đất đai, thuế, tài chính trong lĩnh vực y tế \n \n Cũng tại Nghị quyết 261 quy định việc HĐND cấp tỉnh quyết định điều chỉnh, bổ sung kế hoạch sử dụng đất đã được phê duyệt mà không phải chờ đến kỳ điều chỉnh tiếp theo để sử dụng cho các dự án đầu tư trong lĩnh vực y tế. Việc chuyển mục đích sử dụng đất, giao đất, cho thuê đất đối với các dự án này được thực hiện the
... [truncated, total 6952 chars]
================================================================================

================================================================================
Article ID: MOH_8661369bf9ac8f6a | Attempt: 1
Error: Cannot extract valid JSON from response: line 1 column 1 (char 0)
Raw response (12841 chars):
{
"id": "MOH_8661369bf9ac8f6a",
"date_iso": "2026-01-02T00:00:00",
"full_text": "Những luận điệu, chiêu trò của các thế lực thù địch, phản động, cơ hội chính trị không ngoài mục đích gây tâm lý hoang mang, hoài nghi trong xã hội; làm rối tư tưởng, chia rẽ, phá hoại đoàn kết nội bộ, làm suy giảm niềm tin của cán bộ, đảng viên, nhân dân với Đảng, Nhà nước và chế độ xã hội chủ nghĩa ở Việt Nam. \n \n Những luận điệu, chiêu trò của các thế lực thù địch, phản động, cơ hội chính trị không ngoài mục đích gây tâm lý hoang mang, hoài nghi trong xã hội; làm rối tư tưởng, chia rẽ, phá hoại đoàn kết nội bộ, làm suy giảm niềm tin của cán bộ, đảng viên, nhân dân với Đảng, Nhà nước và chế độ xã hội chủ nghĩa ở Việt Nam. \n \n Càng gần đến Đại hội Đảng toàn quốc lần thứ XIV, các đối tượng bất mãn, phản động càng gia tăng cường độ và tần suất xuyên tạc, chống phá. Lợi dụng mạng xã hội, chúng liên tục đăng tải nhiều bài viết, thư ngỏ, video clip, tài liệu không kiểm chứng, sai sự thật về công tác chuẩn bị nhân sự cho Đại hội XIV của Đảng, gây hoang mang dư luận, tạo bất ổn xã hội, phục vụ ý đồ chống phá của các thế lực chính trị phản động. Hơn ai hết, mỗi cán bộ, đảng viên và nhân dân, cần tỉnh táo trước những thông tin xấu độc này. \n \n \n \n Lợi dụng mạng xã hội, các đối tượng bất mãn, phản động càng gia tăng cường độ và tần suất xuyên tạc, chống phá. Hình ảnh minh họa \n \n Điển hình cho những luận điệu chống phá về công tác nhân sự Đại hội Đảng lần thứ XIV và bầu cử Quốc hội khóa XVI nhiệm kỳ 2026-2031, thời gian gần đây, nhất là sau Hội nghị Trung ương lần thứ 13, các trang web, tài khoản mạng xã hội mang tên “Việt Tân”, “Nhật ký yêu nước”, “Chân trời mới Media”, Người Việt Daily News, Thời báo.de… các kênh truyền thông từ nước ngoài, hoặc một số cựu nhà báo, hoặc một số cá nhân tổ chức nhân danh \"trí thức\", \"lương tri\", tự lập ra các trang fanpage tuyên bố mình là \"truyền thông sạch\", là \"báo trung lập\" nhưng lại đưa ra những bình luận, phân tích mang tính suy diễn, xu
... [truncated, total 12841 chars]
================================================================================

================================================================================
Article ID: MOH_8661369bf9ac8f6a | Attempt: 2
Error: Cannot extract valid JSON from response: line 1 column 1 (char 0)
Raw response (13530 chars):
{
"id": "MOH_8661369bf9ac8f6a",
"date_iso": "2026-01-02T00:00:00",
"full_text": "Những luận điệu, chiêu trò của các thế lực thù địch, phản động, cơ hội chính trị không ngoài mục đích gây tâm lý hoang mang, hoài nghi trong xã hội; làm rối tư tưởng, chia rẽ, phá hoại đoàn kết nội bộ, làm suy giảm niềm tin của cán bộ, đảng viên, nhân dân với Đảng, Nhà nước và chế độ xã hội chủ nghĩa ở Việt Nam. \n \n Những luận điệu, chiêu trò của các thế lực thù địch, phản động, cơ hội chính trị không ngoài mục đích gây tâm lý hoang mang, hoài nghi trong xã hội; làm rối tư tưởng, chia rẽ, phá hoại đoàn kết nội bộ, làm suy giảm niềm tin của cán bộ, đảng viên, nhân dân với Đảng, Nhà nước và chế độ xã hội chủ nghĩa ở Việt Nam. \n \n Càng gần đến Đại hội Đảng toàn quốc lần thứ XIV, các đối tượng bất mãn, phản động càng gia tăng cường độ và tần suất xuyên tạc, chống phá. Lợi dụng mạng xã hội, chúng liên tục đăng tải nhiều bài viết, thư ngỏ, video clip, tài liệu không kiểm chứng, sai sự thật về công tác chuẩn bị nhân sự cho Đại hội XIV của Đảng, gây hoang mang dư luận, tạo bất ổn xã hội, phục vụ ý đồ chống phá của các thế lực chính trị phản động. Hơn ai hết, mỗi cán bộ, đảng viên và nhân dân, cần tỉnh táo trước những thông tin xấu độc này. \n \n \n \n Lợi dụng mạng xã hội, các đối tượng bất mãn, phản động càng gia tăng cường độ và tần suất xuyên tạc, chống phá. Hình ảnh minh họa \n \n Điển hình cho những luận điệu chống phá về công tác nhân sự Đại hội Đảng lần thứ XIV và bầu cử Quốc hội khóa XVI nhiệm kỳ 2026-2031, thời gian gần đây, nhất là sau Hội nghị Trung ương lần thứ 13, các trang web, tài khoản mạng xã hội mang tên “Việt Tân”, “Nhật ký yêu nước”, “Chân trời mới Media”, Người Việt Daily News, Thời báo.de… các kênh truyền thông từ nước ngoài, hoặc một số cựu nhà báo, hoặc một số cá nhân tổ chức nhân danh \"trí thức\", \"lương tri\", tự lập ra các trang fanpage tuyên bố mình là \"truyền thông sạch\", là \"báo trung lập\" nhưng lại đưa ra những bình luận, phân tích mang tính suy diễn, xu
... [truncated, total 13530 chars]
================================================================================

================================================================================
Article ID: MOH_011817197c715fa1 | Attempt: 1
Error: Cannot extract valid JSON from response: line 1 column 1 (char 0)
Raw response (9690 chars):
{
"id": "MOH_011817197c715fa1",
"date_iso": "2026-01-01T00:00:00",
"full_text": "Thủ tướng Chính phủ Phạm Minh Chính vừa ký ban hành Chỉ thị số 36/CT-TTg về việc tổ chức Tết Nguyên đán Bính Ngọ năm 2026 vui tươi, lành mạnh, an toàn, tiết kiệm. \n \n Chi trả gộp 2 tháng lương hưu, trợ cấp BHXH \n \n Theo đó, để triển khai thực hiện quyết liệt, hiệu quả Chỉ thị số 55-CT/TW của Ban Bí thư về việc tổ chức Tết Bính Ngọ năm 2026 và chuẩn bị tốt nhất các điều kiện phục vụ Nhân dân đón Tết Nguyên đán Bính Ngọ vui tươi, lành mạnh, an toàn, tiết kiệm, Thủ tướng Chính phủ yêu cầu Bộ Công Thương theo dõi sát tình hình thị trường, chủ động chỉ đạo các địa phương có phương án chuẩn bị nguồn cung các mặt hàng thiết yếu, các mặt hàng có nhu cầu tiêu dùng cao, bảo đảm chất lượng, đáp ứng đầy đủ, kịp thời nhu cầu của người dân; không để xảy ra tình trạng thiếu hàng, gián đoạn nguồn hàng gây tăng giá bất hợp lý. \n \n Phối hợp chặt chẽ với UBND các tỉnh, thành phố trực thuộc Trung ương chỉ đạo lực lượng Quản lý thị trường triển khai Kế hoạch cao điểm chống buôn lậu, gian lận thương mại và hàng giả dịp trước, trong và sau Tết Nguyên đán Bính Ngọ năm 2026. \n \n \n \n Tổ chức Tết Nguyên đán Bính Ngọ năm 2026 vui tươi, lành mạnh, an toàn, tiết kiệm. \n \n Bộ Tài chính kịp thời xuất cấp hàng dự trữ quốc gia đúng đối tượng, bảo đảm an sinh xã hội, đặc biệt tại các địa bàn xảy ra thiên tai, bão lũ…, không để Nhân dân bị thiếu đói trong dịp Tết Nguyên đán và thời kỳ giáp hạt. Theo dõi sát diễn biến giá cả, thị trường, nhất là những hàng hóa, dịch vụ tiêu dùng thiết yếu, mặt hàng thuộc diện bình ổn giá; kịp thời chỉ đạo và có biện pháp xử lý nghiêm các hành vi vi phạm pháp luật về giá theo thẩm quyền. \n \n Cùng với đó, chỉ đạo BHXH Việt Nam thực hiện tốt công tác giải quyết và chi trả các chế độ về BHXH, BHTN, BHYT, bảo đảm đầy đủ, kịp thời; thực hiện chi trả gộp 2 tháng lương hưu và trợ cấp BHXH (tháng 2 và tháng 3 năm 2026) vào kỳ chi trả tháng 2 năm 2026 nhằm tạo điều kiện cho người thụ h
... [truncated, total 9690 chars]
================================================================================

================================================================================
Article ID: MOH_69d76273a3a443c0 | Attempt: 1
Error: Cannot extract valid JSON from response: line 1 column 1 (char 0)
Raw response (8401 chars):
{
"id": "MOH_69d76273a3a443c0",
"date_iso": "2025-12-28T00:00:00",
"full_text": "Ngày 26-12, Sở Y tế TPHCM cho biết đang triển khai sắp xếp 38 trung tâm y tế khu vực (bao gồm 168 trạm y tế) trực thuộc Sở Y tế thành 168 trạm y tế xã, phường, đặc khu trực thuộc UBND cấp xã, dự kiến hoàn thành và chính thức vận hành từ ngày 1-1-2026. \n \n \n \n Phụ huynh đưa trẻ đến tiêm chủng tại một trạm y tế trên địa bàn TPHCM \n \n Đây là bước đi quan trọng nhằm cụ thể hóa Nghị quyết số 72-NQ/TW của Bộ Chính trị về một số giải pháp đột phá trong công tác bảo vệ, chăm sóc và nâng cao sức khỏe nhân dân; đồng thời phù hợp với mô hình tổ chức chính quyền địa phương hai cấp theo các kết luận mới của Trung ương. \n \n \"Điểm chạm\" y tế đầu tiên của người dân \n \n Theo Đề án, các trạm y tế sau sắp xếp là đơn vị sự nghiệp y tế công lập trực thuộc UBND xã, phường, đặc khu, có tư cách pháp nhân, con dấu và tài khoản riêng; chịu sự quản lý trực tiếp về tổ chức bộ máy, nhân lực và tài chính của chính quyền địa phương, đồng thời tiếp tục được Sở Y tế hướng dẫn, hỗ trợ và kiểm tra về chuyên môn, nghiệp vụ. \n \n Các trung tâm y tế khu vực không có giường bệnh, toàn bộ chức năng y tế dự phòng, chăm sóc sức khỏe ban đầu, quản lý bệnh không lây nhiễm, tiêm chủng, truyền thông – giáo dục sức khỏe… được chuyển giao đầy đủ về trạm y tế cấp xã; các trung tâm này sẽ chấm dứt hoạt động sau khi hoàn tất bàn giao theo đúng quy định. Đối với các trung tâm y tế khu vực có giường bệnh, thành phố thực hiện chuyển giao một phần nhiệm vụ về y tế cơ sở cho trạm y tế, đồng thời tiếp tục duy trì hoạt động khám, chữa bệnh nội trú, ngoại trú và xây dựng lộ trình chuyển đổi phù hợp với quy hoạch mạng lưới y tế của thành phố trong giai đoạn tiếp theo. \n \n Theo PGS-TS-BS Tăng Chí Thượng, Giám đốc Sở Y tế TPHCM, việc đưa trạm y tế trực thuộc UBND xã, phường, đặc khu được kỳ vọng sẽ rút ngắn khoảng cách quản lý, tăng tính chủ động của chính quyền cơ sở, đồng thời giúp trạm y tế bám sát hơn nhu cầu chăm sóc sức khỏe b
... [truncated, total 8401 chars]
================================================================================

================================================================================
Article ID: MOH_69d76273a3a443c0 | Attempt: 2
Error: Cannot extract valid JSON from response: line 1 column 1 (char 0)
Raw response (8940 chars):
{
"id": "MOH_69d76273a3a443c0",
"date_iso": "2025-12-28T00:00:00",
"full_text": "Ngày 26-12, Sở Y tế TPHCM cho biết đang triển khai sắp xếp 38 trung tâm y tế khu vực (bao gồm 168 trạm y tế) trực thuộc Sở Y tế thành 168 trạm y tế xã, phường, đặc khu trực thuộc UBND cấp xã, dự kiến hoàn thành và chính thức vận hành từ ngày 1-1-2026. \n \n \n \n Phụ huynh đưa trẻ đến tiêm chủng tại một trạm y tế trên địa bàn TPHCM \n \n Đây là bước đi quan trọng nhằm cụ thể hóa Nghị quyết số 72-NQ/TW của Bộ Chính trị về một số giải pháp đột phá trong công tác bảo vệ, chăm sóc và nâng cao sức khỏe nhân dân; đồng thời phù hợp với mô hình tổ chức chính quyền địa phương hai cấp theo các kết luận mới của Trung ương. \n \n \"Điểm chạm\" y tế đầu tiên của người dân \n \n Theo Đề án, các trạm y tế sau sắp xếp là đơn vị sự nghiệp y tế công lập trực thuộc UBND xã, phường, đặc khu, có tư cách pháp nhân, con dấu và tài khoản riêng; chịu sự quản lý trực tiếp về tổ chức bộ máy, nhân lực và tài chính của chính quyền địa phương, đồng thời tiếp tục được Sở Y tế hướng dẫn, hỗ trợ và kiểm tra về chuyên môn, nghiệp vụ. \n \n Các trung tâm y tế khu vực không có giường bệnh, toàn bộ chức năng y tế dự phòng, chăm sóc sức khỏe ban đầu, quản lý bệnh không lây nhiễm, tiêm chủng, truyền thông – giáo dục sức khỏe… được chuyển giao đầy đủ về trạm y tế cấp xã; các trung tâm này sẽ chấm dứt hoạt động sau khi hoàn tất bàn giao theo đúng quy định. Đối với các trung tâm y tế khu vực có giường bệnh, thành phố thực hiện chuyển giao một phần nhiệm vụ về y tế cơ sở cho trạm y tế, đồng thời tiếp tục duy trì hoạt động khám, chữa bệnh nội trú, ngoại trú và xây dựng lộ trình chuyển đổi phù hợp với quy hoạch mạng lưới y tế của thành phố trong giai đoạn tiếp theo. \n \n Theo PGS-TS-BS Tăng Chí Thượng, Giám đốc Sở Y tế TPHCM, việc đưa trạm y tế trực thuộc UBND xã, phường, đặc khu được kỳ vọng sẽ rút ngắn khoảng cách quản lý, tăng tính chủ động của chính quyền cơ sở, đồng thời giúp trạm y tế bám sát hơn nhu cầu chăm sóc sức khỏe b
... [truncated, total 8940 chars]
================================================================================

================================================================================
Article ID: MOH_69d76273a3a443c0 | Attempt: 3
Error: Cannot extract valid JSON from response: line 1 column 1 (char 0)
Raw response (8866 chars):
{
"id": "MOH_69d76273a3a443c0",
"date_iso": "2025-12-28T00:00:00",
"full_text": "Ngày 26-12, Sở Y tế TPHCM cho biết đang triển khai sắp xếp 38 trung tâm y tế khu vực (bao gồm 168 trạm y tế) trực thuộc Sở Y tế thành 168 trạm y tế xã, phường, đặc khu trực thuộc UBND cấp xã, dự kiến hoàn thành và chính thức vận hành từ ngày 1-1-2026. \n \n \n \n Phụ huynh đưa trẻ đến tiêm chủng tại một trạm y tế trên địa bàn TPHCM \n \n Đây là bước đi quan trọng nhằm cụ thể hóa Nghị quyết số 72-NQ/TW của Bộ Chính trị về một số giải pháp đột phá trong công tác bảo vệ, chăm sóc và nâng cao sức khỏe nhân dân; đồng thời phù hợp với mô hình tổ chức chính quyền địa phương hai cấp theo các kết luận mới của Trung ương. \n \n \"Điểm chạm\" y tế đầu tiên của người dân \n \n Theo Đề án, các trạm y tế sau sắp xếp là đơn vị sự nghiệp y tế công lập trực thuộc UBND xã, phường, đặc khu, có tư cách pháp nhân, con dấu và tài khoản riêng; chịu sự quản lý trực tiếp về tổ chức bộ máy, nhân lực và tài chính của chính quyền địa phương, đồng thời tiếp tục được Sở Y tế hướng dẫn, hỗ trợ và kiểm tra về chuyên môn, nghiệp vụ. \n \n Các trung tâm y tế khu vực không có giường bệnh, toàn bộ chức năng y tế dự phòng, chăm sóc sức khỏe ban đầu, quản lý bệnh không lây nhiễm, tiêm chủng, truyền thông – giáo dục sức khỏe… được chuyển giao đầy đủ về trạm y tế cấp xã; các trung tâm này sẽ chấm dứt hoạt động sau khi hoàn tất bàn giao theo đúng quy định. Đối với các trung tâm y tế khu vực có giường bệnh, thành phố thực hiện chuyển giao một phần nhiệm vụ về y tế cơ sở cho trạm y tế, đồng thời tiếp tục duy trì hoạt động khám, chữa bệnh nội trú, ngoại trú và xây dựng lộ trình chuyển đổi phù hợp với quy hoạch mạng lưới y tế của thành phố trong giai đoạn tiếp theo. \n \n Theo PGS-TS-BS Tăng Chí Thượng, Giám đốc Sở Y tế TPHCM, việc đưa trạm y tế trực thuộc UBND xã, phường, đặc khu được kỳ vọng sẽ rút ngắn khoảng cách quản lý, tăng tính chủ động của chính quyền cơ sở, đồng thời giúp trạm y tế bám sát hơn nhu cầu chăm sóc sức khỏe b
... [truncated, total 8866 chars]
================================================================================

================================================================================
Article ID: MOH_69d76273a3a443c0 | Attempt: 4
Error: Cannot extract valid JSON from response: line 1 column 1 (char 0)
Raw response (8944 chars):
{
"id": "MOH_69d76273a3a443c0",
"date_iso": "2025-12-28T00:00:00",
"full_text": "Ngày 26-12, Sở Y tế TPHCM cho biết đang triển khai sắp xếp 38 trung tâm y tế khu vực (bao gồm 168 trạm y tế) trực thuộc Sở Y tế thành 168 trạm y tế xã, phường, đặc khu trực thuộc UBND cấp xã, dự kiến hoàn thành và chính thức vận hành từ ngày 1-1-2026. \n \n \n \n Phụ huynh đưa trẻ đến tiêm chủng tại một trạm y tế trên địa bàn TPHCM \n \n Đây là bước đi quan trọng nhằm cụ thể hóa Nghị quyết số 72-NQ/TW của Bộ Chính trị về một số giải pháp đột phá trong công tác bảo vệ, chăm sóc và nâng cao sức khỏe nhân dân; đồng thời phù hợp với mô hình tổ chức chính quyền địa phương hai cấp theo các kết luận mới của Trung ương. \n \n \"Điểm chạm\" y tế đầu tiên của người dân \n \n Theo Đề án, các trạm y tế sau sắp xếp là đơn vị sự nghiệp y tế công lập trực thuộc UBND xã, phường, đặc khu, có tư cách pháp nhân, con dấu và tài khoản riêng; chịu sự quản lý trực tiếp về tổ chức bộ máy, nhân lực và tài chính của chính quyền địa phương, đồng thời tiếp tục được Sở Y tế hướng dẫn, hỗ trợ và kiểm tra về chuyên môn, nghiệp vụ. \n \n Các trung tâm y tế khu vực không có giường bệnh, toàn bộ chức năng y tế dự phòng, chăm sóc sức khỏe ban đầu, quản lý bệnh không lây nhiễm, tiêm chủng, truyền thông – giáo dục sức khỏe… được chuyển giao đầy đủ về trạm y tế cấp xã; các trung tâm này sẽ chấm dứt hoạt động sau khi hoàn tất bàn giao theo đúng quy định. Đối với các trung tâm y tế khu vực có giường bệnh, thành phố thực hiện chuyển giao một phần nhiệm vụ về y tế cơ sở cho trạm y tế, đồng thời tiếp tục duy trì hoạt động khám, chữa bệnh nội trú, ngoại trú và xây dựng lộ trình chuyển đổi phù hợp với quy hoạch mạng lưới y tế của thành phố trong giai đoạn tiếp theo. \n \n Theo PGS-TS-BS Tăng Chí Thượng, Giám đốc Sở Y tế TPHCM, việc đưa trạm y tế trực thuộc UBND xã, phường, đặc khu được kỳ vọng sẽ rút ngắn khoảng cách quản lý, tăng tính chủ động của chính quyền cơ sở, đồng thời giúp trạm y tế bám sát hơn nhu cầu chăm sóc sức khỏe b
... [truncated, total 8944 chars]
================================================================================

================================================================================
Article ID: MOH_0c5c3b591eae5c0a | Attempt: 1
Error: Cannot extract valid JSON from response: line 1 column 1 (char 0)
Raw response (9817 chars):
{
"id": "MOH_0c5c3b591eae5c0a",
"date_iso": "2026-02-28T00:00:00",
"full_text": "Ngày 27/2, Bộ Y tế đã có văn bản số 1222/BYT-ATTP gửi Ủy ban nhân dân các tỉnh, thành phố về việc đôn đốc triển khai thực hiện Nghị định số 46/2026/NĐ-CP và Nghị quyết số 66.13/2026/NQ-CP. \n \n \n \n Làm thủ tục thông quan hàng hóa tại cửa khẩu Hữu Nghị (Lạng Sơn). (Ảnh: ANH QUÂN) \n \n Bộ Y tế cho biết, Chính phủ đã ban hành Nghị định số 46/2026/NĐ-CP ngày 26/1/2026 quy định chi tiết thi hành một số điều và biện pháp để tổ chức, hướng dẫn thi hành Luật an toàn thực phẩm và Nghị quyết số 66.13/2026/NQ-CP ngày 27/1/2026 quy định về công bố, đăng ký sản phẩm thực phẩm (sau đây gọi là Nghị định và Nghị quyết). \n \n Để bảo đảm nguồn lực triển khai Nghị định và Nghị quyết này, Chính phủ đã ban hành Nghị quyết số 09/2026/NQ-CP ngày 4/2/2026 tạm ngưng hiệu lực và điều chỉnh thời hạn áp dụng Nghị định số 46/2026/NĐ-CP ngày 26/1/2026 của Chính phủ quy định chi tiết thi hành một số điều và biện pháp để tổ chức, hướng dẫn thi hành Luật An toàn thực phẩm và Nghị quyết số 66.13/2026/NQ-CP ngày 27/1/2026 của Chính phủ về công bố, đăng ký sản phẩm thực phẩm. Theo đó Điều 1 tạm ngưng hiệu lực của Nghị định và Nghị quyết đến ngày hết ngày 15/4/2026. \n \n Thực hiện ý kiến chỉ đạo của Phó Thủ tướng Chính phủ Lê Thành Long tại Thông báo số 58/TB-VPCP ngày 2/2/2026 của Văn phòng Chính phủ; ý kiến chỉ đạo của Thủ tướng Chính phủ Phạm Minh Chính tại Công điện số 08/CĐ-TTg ngày 3/2/2026; các công văn của Văn phòng Chính phủ, để bảo đảm nguồn lực cho triển khai Nghị định và Nghị quyết khi có hiệu lực, Bộ Y tế (Cơ quan thường trực Ban Chỉ đạo liên ngành Trung ương về an toàn thực phẩm) đề nghị Ủy ban nhân dân các tỉnh, thành phố khẩn trương triển khai giao nhiệm vụ cho cơ quan quản lý nhà nước tại địa phương (cơ quan chuyên môn thuộc Ủy ban nhân dân cấp tỉnh) thực hiện kiểm tra nhà nước về an toàn thực phẩm và chỉ định cơ sở kiểm nghiệm thực phẩm phục vụ quản lý nhà nước về an toàn thực phẩm. \n \n Việc chỉ đ
... [truncated, total 9817 chars]
================================================================================

================================================================================
Article ID: MOH_0c5c3b591eae5c0a | Attempt: 2
Error: Cannot extract valid JSON from response: line 1 column 1 (char 0)
Raw response (10275 chars):
{
"id": "MOH_0c5c3b591eae5c0a",
"date_iso": "2026-02-28T00:00:00",
"full_text": "Ngày 27/2, Bộ Y tế đã có văn bản số 1222/BYT-ATTP gửi Ủy ban nhân dân các tỉnh, thành phố về việc đôn đốc triển khai thực hiện Nghị định số 46/2026/NĐ-CP và Nghị quyết số 66.13/2026/NQ-CP. \n \n \n \n Làm thủ tục thông quan hàng hóa tại cửa khẩu Hữu Nghị (Lạng Sơn). (Ảnh: ANH QUÂN) \n \n Bộ Y tế cho biết, Chính phủ đã ban hành Nghị định số 46/2026/NĐ-CP ngày 26/1/2026 quy định chi tiết thi hành một số điều và biện pháp để tổ chức, hướng dẫn thi hành Luật an toàn thực phẩm và Nghị quyết số 66.13/2026/NQ-CP ngày 27/1/2026 quy định về công bố, đăng ký sản phẩm thực phẩm (sau đây gọi là Nghị định và Nghị quyết). \n \n Để bảo đảm nguồn lực triển khai Nghị định và Nghị quyết này, Chính phủ đã ban hành Nghị quyết số 09/2026/NQ-CP ngày 4/2/2026 tạm ngưng hiệu lực và điều chỉnh thời hạn áp dụng Nghị định số 46/2026/NĐ-CP ngày 26/1/2026 của Chính phủ quy định chi tiết thi hành một số điều và biện pháp để tổ chức, hướng dẫn thi hành Luật An toàn thực phẩm và Nghị quyết số 66.13/2026/NQ-CP ngày 27/1/2026 của Chính phủ về công bố, đăng ký sản phẩm thực phẩm. Theo đó Điều 1 tạm ngưng hiệu lực của Nghị định và Nghị quyết đến ngày hết ngày 15/4/2026. \n \n Thực hiện ý kiến chỉ đạo của Phó Thủ tướng Chính phủ Lê Thành Long tại Thông báo số 58/TB-VPCP ngày 2/2/2026 của Văn phòng Chính phủ; ý kiến chỉ đạo của Thủ tướng Chính phủ Phạm Minh Chính tại Công điện số 08/CĐ-TTg ngày 3/2/2026; các công văn của Văn phòng Chính phủ, để bảo đảm nguồn lực cho triển khai Nghị định và Nghị quyết khi có hiệu lực, Bộ Y tế (Cơ quan thường trực Ban Chỉ đạo liên ngành Trung ương về an toàn thực phẩm) đề nghị Ủy ban nhân dân các tỉnh, thành phố khẩn trương triển khai giao nhiệm vụ cho cơ quan quản lý nhà nước tại địa phương (cơ quan chuyên môn thuộc Ủy ban nhân dân cấp tỉnh) thực hiện kiểm tra nhà nước về an toàn thực phẩm và chỉ định cơ sở kiểm nghiệm thực phẩm phục vụ quản lý nhà nước về an toàn thực phẩm. \n \n Việc chỉ đ
... [truncated, total 10275 chars]
================================================================================

================================================================================
Article ID: MOH_37edd0953a030f70 | Attempt: 1
Error: Cannot extract valid JSON from response: line 1 column 1 (char 0)
Raw response (9625 chars):
{
"id": "MOH_37edd0953a030f70",
"date_iso": "2025-12-24T00:00:00",
"full_text": "Trung tâm Khám chữa bệnh theo yêu cầu và Quốc tế – Bệnh viện Bệnh Nhiệt đới Trung ương vừa tiếp nhận và điều trị thành công một trường hợp tổn thương não do ký sinh trùng với biểu hiện lâm sàng dễ gây nhầm lẫn với u não. Người bệnh nhập viện trong tình trạng co giật và đau đầu kéo dài – những triệu chứng thần kinh không đặc hiệu nhưng tiềm ẩn nguy cơ bệnh lý nặng nếu không được chẩn đoán chính xác. \n \n \n \n Bệnh nhân là anh N.H.T (39 tuổi, ở Hà Nội), trước đó hoàn toàn khỏe mạnh, không có bệnh lý nền đáng chú ý. Theo BSCKII Nguyễn Văn Phương, Phó Giám đốc Trung tâm Khám chữa bệnh theo yêu cầu và Quốc tế, khoảng 8 ngày trước khi nhập viện, người bệnh bất ngờ xuất hiện cơn co cứng kèm theo tê tay trái khi đang ở nhà. Sau thăm khám ban đầu tại một cơ sở y tế, các bác sĩ ghi nhận tổn thương nghi ngờ u não, đồng thời chưa loại trừ yếu tố nhiễm trùng, nên bệnh nhân được chuyển đến Bệnh viện Bệnh Nhiệt đới Trung ương để đánh giá chuyên sâu. \n \n Tại thời điểm nhập viện, người bệnh trong tình trạng tỉnh táo, không sốt, huyết động ổn định. Khám thần kinh không ghi nhận dấu hiệu khu trú rõ ràng hay hội chứng màng não. Tuy nhiên, người bệnh vẫn đau đầu nhiều và còn cảm giác tê nhẹ tay trái, cho thấy tổn thương thần kinh vẫn đang tồn tại. \n \n Để làm rõ nguyên nhân, các bác sĩ chỉ định chụp cộng hưởng từ (MRI) sọ não. Kết quả cho thấy có một tổn thương dạng nang nhỏ tại thùy trán trái, kích thước khoảng 11 x 7 mm, xung quanh có phù não nhẹ. Hình ảnh này gợi ý nhiều đến tổn thương do ký sinh trùng hơn là u não nguyên phát, qua đó giúp định hướng chẩn đoán theo hướng nhiễm trùng ký sinh trùng hệ thần kinh trung ương. \n \n \n \n Trong quá trình điều trị nội trú, bệnh nhân được theo dõi sát để phát hiện sớm các biến chứng có thể xảy ra như tăng áp lực nội sọ hay tái phát cơn co giật. \n \n Trên cơ sở đó, các xét nghiệm huyết thanh học tiếp tục được chỉ định nhằm xác định tác nhân gây bệnh. Kết qu
... [truncated, total 9625 chars]
================================================================================

================================================================================
Article ID: MOH_37edd0953a030f70 | Attempt: 2
Error: Cannot extract valid JSON from response: line 1 column 1 (char 0)
Raw response (9593 chars):
{
"id": "MOH_37edd0953a030f70",
"date_iso": "2025-12-24T00:00:00",
"full_text": "Trung tâm Khám chữa bệnh theo yêu cầu và Quốc tế – Bệnh viện Bệnh Nhiệt đới Trung ương vừa tiếp nhận và điều trị thành công một trường hợp tổn thương não do ký sinh trùng với biểu hiện lâm sàng dễ gây nhầm lẫn với u não. Người bệnh nhập viện trong tình trạng co giật và đau đầu kéo dài – những triệu chứng thần kinh không đặc hiệu nhưng tiềm ẩn nguy cơ bệnh lý nặng nếu không được chẩn đoán chính xác. \n \n \n \n Bệnh nhân là anh N.H.T (39 tuổi, ở Hà Nội), trước đó hoàn toàn khỏe mạnh, không có bệnh lý nền đáng chú ý. Theo BSCKII Nguyễn Văn Phương, Phó Giám đốc Trung tâm Khám chữa bệnh theo yêu cầu và Quốc tế, khoảng 8 ngày trước khi nhập viện, người bệnh bất ngờ xuất hiện cơn co cứng kèm theo tê tay trái khi đang ở nhà. Sau thăm khám ban đầu tại một cơ sở y tế, các bác sĩ ghi nhận tổn thương nghi ngờ u não, đồng thời chưa loại trừ yếu tố nhiễm trùng, nên bệnh nhân được chuyển đến Bệnh viện Bệnh Nhiệt đới Trung ương để đánh giá chuyên sâu. \n \n Tại thời điểm nhập viện, người bệnh trong tình trạng tỉnh táo, không sốt, huyết động ổn định. Khám thần kinh không ghi nhận dấu hiệu khu trú rõ ràng hay hội chứng màng não. Tuy nhiên, người bệnh vẫn đau đầu nhiều và còn cảm giác tê nhẹ tay trái, cho thấy tổn thương thần kinh vẫn đang tồn tại. \n \n Để làm rõ nguyên nhân, các bác sĩ chỉ định chụp cộng hưởng từ (MRI) sọ não. Kết quả cho thấy có một tổn thương dạng nang nhỏ tại thùy trán trái, kích thước khoảng 11 x 7 mm, xung quanh có phù não nhẹ. Hình ảnh này gợi ý nhiều đến tổn thương do ký sinh trùng hơn là u não nguyên phát, qua đó giúp định hướng chẩn đoán theo hướng nhiễm trùng ký sinh trùng hệ thần kinh trung ương. \n \n \n \n Trong quá trình điều trị nội trú, bệnh nhân được theo dõi sát để phát hiện sớm các biến chứng có thể xảy ra như tăng áp lực nội sọ hay tái phát cơn co giật. \n \n Trên cơ sở đó, các xét nghiệm huyết thanh học tiếp tục được chỉ định nhằm xác định tác nhân gây bệnh. Kết qu
... [truncated, total 9593 chars]
================================================================================

================================================================================
Article ID: MOH_92352dc95291442f | Attempt: 1
Error: API error: TimeoutError: The read operation timed out
Raw response (0 chars):

================================================================================

================================================================================
Article ID: MOH_92352dc95291442f | Attempt: 2
Error: API error: TimeoutError: The read operation timed out
Raw response (0 chars):

================================================================================

================================================================================
Article ID: MOH_92352dc95291442f | Attempt: 3
Error: API error: TimeoutError: The read operation timed out
Raw response (0 chars):

================================================================================

================================================================================
Article ID: MOH_92352dc95291442f | Attempt: 4
Error: API error: TimeoutError: The read operation timed out
Raw response (0 chars):

================================================================================

================================================================================
Article ID: MOH_92352dc95291442f | Attempt: 5
Error: API error: TimeoutError: The read operation timed out
Raw response (0 chars):

================================================================================

================================================================================
Article ID: MOH_81da0c27e04206f6 | Attempt: 1
Error: API error: TimeoutError: The read operation timed out
Raw response (0 chars):

================================================================================

================================================================================
Article ID: MOH_66951f3aa0cf67d6 | Attempt: 1
Error: Cannot extract valid JSON from response: line 1 column 1 (char 0)
Raw response (8584 chars):
{
"id": "MOH_66951f3aa0cf67d6",
"date_iso": "2025-12-23T00:00:00",
"full_text": "Phụ nữ Việt vừa có thêm quyền lợi thiết thực như nghỉ thai sản 7 tháng, hỗ trợ nhà ở và dịch vụ y tế toàn diện, nhờ Luật Dân số mới, hướng tới nâng cao chất lượng cuộc sống và cơ hội bình đẳng. \n \n Tăng quyền lợi chăm sóc sức khỏe cho nữ giới \n \n Quốc hội Việt Nam vừa thông qua Luật Dân số và Luật Phòng bệnh, đánh dấu bước chuyển quan trọng trong quản lý dân số và chăm sóc sức khỏe cộng đồng. Đây là lần đầu tiên các chính sách dân số được luật hóa, đặt phụ nữ vào trung tâm của hệ thống chăm sóc sức khỏe, khám chữa bệnh và an sinh xã hội. Trong bối cảnh mức sinh giảm liên tục và già hóa dân số nhanh, các quy định mới hứa hẹn thay đổi thực chất về quyền lợi y tế và điều kiện sống của phụ nữ. \n \n Một trong những điểm nhấn của Luật là kéo dài thời gian nghỉ thai sản đối với lao động nữ sinh con thứ hai lên 7 tháng thay vì 6 tháng như hiện nay. Bộ Y tế cho biết, việc tăng thời gian nghỉ được xây dựng dựa trên nghiên cứu, tham khảo kinh nghiệm quốc tế, cân nhắc khả năng tài chính và nguồn lực trong nước. \n \n Thời gian nghỉ này giúp phụ nữ phục hồi sức khỏe sau sinh, chăm sóc trẻ nhỏ và cân bằng giữa công việc và cuộc sống gia đình. Ông Lê Thanh Dũng, Cục trưởng Cục Dân số cho biết, thời gian 7 tháng được đánh giá là trung bình so với các quốc gia trong khu vực và trên thế giới, vừa bảo đảm quyền lợi mẹ, vừa khả thi về mặt kinh tế - xã hội. \n \n Luật Dân số cũng nhấn mạnh quyền bình đẳng và tự nguyện trong sinh con, đồng thời bổ sung các chính sách về chăm sóc sức khỏe bà mẹ và trẻ em, sàng lọc trước và sau sinh, phòng chống suy dinh dưỡng, tư vấn sức khỏe tâm thần và hỗ trợ trở lại công việc sau thai sản. Đây là cơ sở pháp lý quan trọng để bảo vệ phụ nữ, tạo điều kiện cho họ phát triển toàn diện cả về sức khỏe, gia đình và sự nghiệp. \n \n Như vậy, Luật Dân số và Luật Phòng bệnh không chỉ định hình khung pháp lý về dân số, mà còn nâng cao vị thế phụ nữ, đảm bảo quyền lợi y tế và phúc
... [truncated, total 8584 chars]
================================================================================

================================================================================
Article ID: MOH_52f7ace48c3ff800 | Attempt: 1
Error: Cannot extract valid JSON from response: line 1 column 1 (char 0)
Raw response (12732 chars):
{
"id": "MOH_52f7ace48c3ff800",
"date_iso": "2025-12-22T00:00:00",
"full_text": "Ủy ban nhân dân tỉnh Khánh Hòa vừa ban hành Quyết định về việc công bố danh mục thủ tục hành chính không phụ thuộc vào địa giới hành chính thuộc thẩm quyền giải quyết của Sở Y tế và Ủy ban nhân dân cấp xã trên địa bàn tỉnh. Quyết định này được ban hành nhằm triển khai thống nhất, đồng bộ các quy định của Trung ương về cải cách thủ tục hành chính, tăng cường ứng dụng công nghệ thông tin, đẩy mạnh thực hiện cơ chế một cửa, một cửa liên thông, góp phần tạo thuận lợi cho tổ chức, cá nhân trong quá trình thực hiện thủ tục hành chính trong lĩnh vực y tế, bảo trợ xã hội, dân số, đào tạo – nghiên cứu khoa học và dược phẩm. \n \n Theo đó, tại Quyết định số 2207/QĐ-UBND ngày 24 tháng 11 năm 2025 của Chủ tịch Ủy ban nhân dân tỉnh Khánh Hòa, danh mục thủ tục hành chính không phụ thuộc vào địa giới hành chính thuộc thẩm quyền giải quyết của Sở Y tế và Ủy ban nhân dân cấp xã được chính thức công bố và tổ chức thực hiện trên phạm vi toàn tỉnh. Việc công bố danh mục này là bước triển khai cụ thể các quy định tại Nghị định số 118/2025/NĐ-CP ngày 09/6/2025 của Chính phủ về thực hiện thủ tục hành chính theo cơ chế một cửa, một cửa liên thông tại Bộ phận Một cửa và Cổng Dịch vụ công quốc gia, đồng thời phù hợp với yêu cầu cải cách hành chính, xây dựng chính quyền số, phục vụ người dân và doanh nghiệp ngày càng tốt hơn. \n \n Quyết định được ban hành trên cơ sở các căn cứ pháp lý quan trọng, bao gồm Luật Tổ chức chính quyền địa phương ngày 16/6/2025; Nghị định số 63/2010/NĐ-CP ngày 08/6/2010 của Chính phủ về kiểm soát thủ tục hành chính, Nghị định số 92/2017/NĐ-CP ngày 07/8/2017 sửa đổi, bổ sung một số điều của các nghị định liên quan đến kiểm soát thủ tục hành chính; Thông tư số 02/2017/TT-VPCP ngày 31/10/2017 của Bộ trưởng, Chủ nhiệm Văn phòng Chính phủ hướng dẫn nghiệp vụ về kiểm soát thủ tục hành chính; Thông tư số 03/2025/TT-VPCP ngày 15/9/2025 của Bộ trưởng, Chủ nhiệm Văn phòng Chính phủ hướng dẫn thi
... [truncated, total 12732 chars]
================================================================================

================================================================================
Article ID: MOH_52f7ace48c3ff800 | Attempt: 2
Error: Cannot extract valid JSON from response: line 1 column 1 (char 0)
Raw response (12490 chars):
{
"id": "MOH_52f7ace48c3ff800",
"date_iso": "2025-12-22T00:00:00",
"full_text": "Ủy ban nhân dân tỉnh Khánh Hòa vừa ban hành Quyết định về việc công bố danh mục thủ tục hành chính không phụ thuộc vào địa giới hành chính thuộc thẩm quyền giải quyết của Sở Y tế và Ủy ban nhân dân cấp xã trên địa bàn tỉnh. Quyết định này được ban hành nhằm triển khai thống nhất, đồng bộ các quy định của Trung ương về cải cách thủ tục hành chính, tăng cường ứng dụng công nghệ thông tin, đẩy mạnh thực hiện cơ chế một cửa, một cửa liên thông, góp phần tạo thuận lợi cho tổ chức, cá nhân trong quá trình thực hiện thủ tục hành chính trong lĩnh vực y tế, bảo trợ xã hội, dân số, đào tạo – nghiên cứu khoa học và dược phẩm. \n \n Theo đó, tại Quyết định số 2207/QĐ-UBND ngày 24 tháng 11 năm 2025 của Chủ tịch Ủy ban nhân dân tỉnh Khánh Hòa, danh mục thủ tục hành chính không phụ thuộc vào địa giới hành chính thuộc thẩm quyền giải quyết của Sở Y tế và Ủy ban nhân dân cấp xã được chính thức công bố và tổ chức thực hiện trên phạm vi toàn tỉnh. Việc công bố danh mục này là bước triển khai cụ thể các quy định tại Nghị định số 118/2025/NĐ-CP ngày 09/6/2025 của Chính phủ về thực hiện thủ tục hành chính theo cơ chế một cửa, một cửa liên thông tại Bộ phận Một cửa và Cổng Dịch vụ công quốc gia, đồng thời phù hợp với yêu cầu cải cách hành chính, xây dựng chính quyền số, phục vụ người dân và doanh nghiệp ngày càng tốt hơn. \n \n Quyết định được ban hành trên cơ sở các căn cứ pháp lý quan trọng, bao gồm Luật Tổ chức chính quyền địa phương ngày 16/6/2025; Nghị định số 63/2010/NĐ-CP ngày 08/6/2010 của Chính phủ về kiểm soát thủ tục hành chính, Nghị định số 92/2017/NĐ-CP ngày 07/8/2017 sửa đổi, bổ sung một số điều của các nghị định liên quan đến kiểm soát thủ tục hành chính; Thông tư số 02/2017/TT-VPCP ngày 31/10/2017 của Bộ trưởng, Chủ nhiệm Văn phòng Chính phủ hướng dẫn nghiệp vụ về kiểm soát thủ tục hành chính; Thông tư số 03/2025/TT-VPCP ngày 15/9/2025 của Bộ trưởng, Chủ nhiệm Văn phòng Chính phủ hướng dẫn thi
... [truncated, total 12490 chars]
================================================================================

================================================================================
Article ID: MOH_1482e56cf278b4a8 | Attempt: 1
Error: Cannot extract valid JSON from response: line 1 column 1 (char 0)
Raw response (9138 chars):
{
"id": "MOH_1482e56cf278b4a8",
"date_iso": "2025-12-22T00:00:00",
"full_text": "Thủ tướng Chính phủ Phạm Minh Chính vừa ký ban hành Công điện số 242/CĐ-TTg, yêu cầu tập trung hoàn thành mục tiêu cắt giảm, đơn giản hóa thủ tục hành chính (TTHC), điều kiện kinh doanh theo Nghị quyết số 66/NQ-CP ngày 26/3/2025 của Chính phủ. \n \n Công điện nhấn mạnh, để bảo đảm việc cắt giảm TTHC, điều kiện kinh doanh được thực hiện thực chất, hiệu quả, đúng tinh thần chỉ đạo của Bộ Chính trị, Ban Bí thư, Tổng Bí thư và Chính phủ, Thủ tướng Chính phủ yêu cầu Bộ trưởng, Thủ trưởng cơ quan ngang bộ, Chủ tịch UBND các tỉnh, thành phố trực thuộc Trung ương khẩn trương tập trung hoàn thành một số nhiệm vụ trọng tâm. \n \n Theo đó, Thủ tướng giao Bộ Tư pháp chủ trì, phối hợp với các bộ, cơ quan liên quan xây dựng và trình Chính phủ ban hành Nghị quyết theo Nghị quyết số 206/2025/QH15 ngày 24/6/2025 của Quốc hội về cơ chế đặc biệt xử lý các khó khăn, vướng mắc do quy định pháp luật. Nghị quyết này nhằm điều chỉnh các quy định trong văn bản quy phạm pháp luật do cơ quan Trung ương ban hành, phục vụ cắt giảm, đơn giản hóa TTHC, điều kiện kinh doanh theo phương án đã được Thủ tướng phê duyệt, hoàn thành trước ngày 31/12/2025. \n \n \n \n Hình minh họa. \n \n Đối với các bộ, cơ quan ngang bộ, Thủ tướng yêu cầu khẩn trương rà soát, bãi bỏ ngay các điều kiện kinh doanh đối với những ngành, nghề đã được đưa ra khỏi danh mục ngành, nghề đầu tư kinh doanh có điều kiện theo Luật Đầu tư. Đồng thời, tổng hợp các phương án cắt giảm, đơn giản hóa TTHC, điều kiện kinh doanh đã được phê duyệt nhưng chưa thực thi, gửi Bộ Tư pháp trước ngày 25/12/2025 để tổng hợp, xây dựng Nghị quyết trình Chính phủ, bảo đảm hoàn thành việc thực thi các phương án đã đề ra. \n \n Các bộ, cơ quan ngang bộ cũng phải rà soát, sửa đổi kịp thời những quy định không còn phù hợp với việc thực hiện TTHC không phụ thuộc vào địa giới hành chính và triển khai dịch vụ công trực tuyến toàn trình. Trọng tâm là bãi bỏ các yêu cầu như nộp hồ
... [truncated, total 9138 chars]
================================================================================

================================================================================
Article ID: MOH_7bef4110623e26ec | Attempt: 1
Error: Cannot extract valid JSON from response: line 1 column 1 (char 0)
Raw response (11814 chars):
{
"id": "MOH_7bef4110623e26ec",
"date_iso": "2025-12-19T00:00:00",
"full_text": "Ngày 21 tháng 11 năm 2025, Bộ trưởng Bộ Y tế đã ký ban hành Quyết định số 3608/QĐ-BYT về việc ban hành các quy trình giải quyết thủ tục hành chính tại cấp tỉnh, thực hiện thống nhất trên toàn quốc , qua đó chính thức ban hành kèm theo Quyết định 10 quy trình giải quyết thủ tục hành chính trong lĩnh vực y tế, tập trung chủ yếu vào y, dược cổ truyền và hoạt động khám bệnh, chữa bệnh bằng y học cổ truyền tại địa phương. \n \n Quyết định được ban hành trên cơ sở các quy định của pháp luật hiện hành, bao gồm Nghị định số 42/2025/NĐ-CP ngày 27/02/2025 của Chính phủ quy định chức năng, nhiệm vụ, quyền hạn và cơ cấu tổ chức của Bộ Y tế ; Nghị định số 118/2025/NĐ-CP ngày 09/6/2025 của Chính phủ về thực hiện thủ tục hành chính theo cơ chế một cửa, một cửa liên thông tại Bộ phận Một cửa và Cổng Dịch vụ công Quốc gia ; Thông tư số 03/2025/TT-BYT ngày 15/9/2025 của Văn phòng Chính phủ hướng dẫn thi hành một số nội dung của Nghị định số 118/2025/NĐ-CP cùng các văn bản pháp luật chuyên ngành có liên quan. Việc ban hành Quyết định nhằm cụ thể hóa chủ trương cải cách thủ tục hành chính, tăng cường phân cấp, phân quyền gắn với trách nhiệm của cơ quan chuyên môn về y tế thuộc Ủy ban nhân dân cấp tỉnh, đồng thời bảo đảm sự thống nhất, đồng bộ trong tổ chức thực hiện trên phạm vi toàn quốc. \n \n Theo nội dung Quyết định, tại Điều 1 , Bộ Y tế ban hành kèm theo 10 quy trình giải quyết thủ tục hành chính tại cấp tỉnh, được chia thành bốn nhóm chính, tương ứng với bốn phụ lục. Cụ thể, Phụ lục I ban hành 03 quy trình giải quyết nhóm thủ tục hành chính cấp giấy phép hành nghề khám bệnh, chữa bệnh đối với chức danh chuyên môn là lương y, người có bài thuốc gia truyền hoặc người có phương pháp chữa bệnh gia truyền, thuộc thẩm quyền giải quyết của cơ quan chuyên môn về y tế thuộc Ủy ban nhân dân cấp tỉnh. Phụ lục II ban hành 05 quy trình giải quyết nhóm thủ tục hành chính cấp giấy chứng nhận lương y, giấy chứng nhậ
... [truncated, total 11814 chars]
================================================================================

================================================================================
Article ID: MOH_30fb16d62f9280fd | Attempt: 1
Error: Cannot extract valid JSON from response: line 1 column 1 (char 0)
Raw response (10332 chars):
{
"id": "MOH_30fb16d62f9280fd",
"date_iso": "2025-12-18T00:00:00",
"full_text": "Ngày 22/10/2025, Thủ tướng Chính phủ đã ban hành Công điện số 201/CĐ-TTg về việc tập trung rà soát, cắt giảm, đơn giản hóa thủ tục hành chính (TTHC) dựa trên dữ liệu, nhằm tiếp tục đẩy mạnh cải cách TTHC theo hướng khoa học, bài bản, lấy thực tiễn làm thước đo và mức độ sẵn có của dữ liệu làm nền tảng triển khai. Công điện được ban hành trong bối cảnh yêu cầu cải cách hành chính gắn với chuyển đổi số ngày càng cấp thiết, đòi hỏi các bộ, ngành, địa phương phải có cách tiếp cận mới, thực chất hơn, tránh hình thức, bảo đảm mang lại lợi ích cụ thể cho người dân, doanh nghiệp. \n \n Công điện số 201/CĐ-TTg được ban hành trên cơ sở thực hiện ý kiến chỉ đạo của đồng chí Tổng Bí thư Tô Lâm tại Thông báo số 07-TB/CQTTBCĐ ngày 15/10/2025 của Cơ quan Thường trực Ban Chỉ đạo Trung ương về phát triển khoa học, công nghệ, đổi mới sáng tạo và chuyển đổi số, cùng với Thông báo số 386-TB/VPTW ngày 16/10/2025 về cuộc họp giao ban chủ chốt tháng 10/2025. Đây là những định hướng lớn, thể hiện quyết tâm chính trị cao trong việc đổi mới phương thức quản lý nhà nước, chuyển mạnh từ tiền kiểm sang hậu kiểm, từ quản lý bằng hồ sơ giấy sang quản lý dựa trên dữ liệu số. \n \n Theo nội dung Công điện, Thủ tướng Chính phủ yêu cầu Bộ trưởng, Thủ trưởng cơ quan ngang bộ và Chủ tịch Ủy ban nhân dân các tỉnh, thành phố trực thuộc Trung ương tập trung chỉ đạo rà soát, cắt giảm, đơn giản hóa TTHC theo hướng không yêu cầu người dân, doanh nghiệp cung cấp lại những thông tin, giấy tờ mà Nhà nước đã có trong các cơ sở dữ liệu quốc gia, cơ sở dữ liệu chuyên ngành. Yêu cầu này nhằm cắt giảm thời gian, chi phí tuân thủ, tạo thuận lợi tối đa cho hoạt động sản xuất, kinh doanh, đồng thời nâng cao hiệu lực, hiệu quả quản lý nhà nước. \n \n Cụ thể, Thủ tướng Chính phủ yêu cầu khẩn trương rà soát đối với 734 TTHC theo Văn bản số 4735/TCT ngày 20/10/2025 của Tổ Công tác triển khai Đề án 06, cải cách TTHC, chuyển đổi số gắn với Đề án
... [truncated, total 10332 chars]
================================================================================

================================================================================
Article ID: MOH_10c905ccbf94c03c | Attempt: 1
Error: Cannot extract valid JSON from response: line 1 column 1 (char 0)
Raw response (13392 chars):
{
"id": "MOH_10c905ccbf94c03c",
"date_iso": "2025-12-17T00:00:00",
"full_text": "Ngày 14/9/2025, Bộ Y tế đã ban hành Quyết định số 2911/QD-BYT về việc ban hành quy trình nội bộ giải quyết thủ tục hành chính lĩnh vực phòng bệnh. Quyết định được xây dựng trên cơ sở các quy định của pháp luật hiện hành về tổ chức bộ máy, cơ chế một cửa, một cửa liên thông trong giải quyết thủ tục hành chính, đồng thời kế thừa và cập nhật các thủ tục hành chính đã được công bố, sửa đổi, bổ sung trong lĩnh vực y tế dự phòng, đáp ứng yêu cầu quản lý nhà nước trong tình hình mới. \n \n Việc ban hành các quy trình nội bộ giải quyết thủ tục hành chính lĩnh vực phòng bệnh có ý nghĩa quan trọng trong việc cụ thể hóa trách nhiệm của từng cơ quan, đơn vị, cá nhân tham gia vào quá trình tiếp nhận, xử lý và trả kết quả giải quyết thủ tục hành chính; bảo đảm sự phối hợp chặt chẽ, nhịp nhàng giữa Bộ phận Một cửa Bộ Y tế, Cục Phòng bệnh, các phòng chuyên môn và các đơn vị có liên quan; đồng thời góp phần nâng cao chất lượng phục vụ tổ chức, cá nhân, doanh nghiệp, giảm thiểu thời gian, chi phí tuân thủ thủ tục hành chính, thúc đẩy cải cách hành chính trong lĩnh vực y tế. \n \n Theo Quyết định, Bộ Y tế ban hành kèm theo 05 quy trình nội bộ giải quyết thủ tục hành chính lĩnh vực phòng bệnh thuộc thẩm quyền giải quyết của Bộ, bao gồm: Quy trình cấp giấy phép nhập khẩu mẫu bệnh phẩm; quy trình cấp Giấy xác nhận công bố phù hợp quy định đối với thuốc lá; quy trình cấp lại Giấy xác nhận công bố phù hợp quy định đối với thuốc lá; quy trình quyết định chỉ định cơ sở xét nghiệm khẳng định HIV dương tính tham chiếu; và quy trình điều chỉnh quyết định chỉ định cơ sở xét nghiệm khẳng định HIV dương tính tham chiếu. Đây là những thủ tục hành chính có phạm vi tác động rộng, liên quan trực tiếp đến công tác phòng, chống dịch bệnh, kiểm soát yếu tố nguy cơ đối với sức khỏe cộng đồng và bảo đảm chất lượng, an toàn trong hoạt động y tế dự phòng. \n \n Đối với quy trình cấp giấy phép nhập khẩu mẫu bệnh phẩm, quy trình đ
... [truncated, total 13392 chars]
================================================================================

================================================================================
Article ID: MOH_3c43807f241e1db1 | Attempt: 1
Error: Cannot extract valid JSON from response: line 1 column 1 (char 0)
Raw response (10936 chars):
{
"id": "MOH_3c43807f241e1db1",
"date_iso": "2025-12-16T00:00:00",
"full_text": "Bộ Y tế vừa ban hành Quyết định số 3211/QĐ-BYT ngày 10/10/2025 về phê duyệt Danh mục hồ sơ, giấy tờ thủ tục hành chính phải thực hiện số hóa thuộc phạm vi quản lý của Bộ. Đây được xem là bước triển khai quan trọng nhằm đẩy nhanh tiến trình chuyển đổi số, hiện đại hóa công tác giải quyết thủ tục hành chính, đồng thời bảo đảm việc lưu trữ, quản lý và khai thác dữ liệu điện tử trong toàn ngành y tế diễn ra đồng bộ, minh bạch và hiệu quả hơn. \n \n Quyết định được ban hành trên cơ sở hàng loạt văn bản pháp lý quan trọng: Nghị định 42/2025/NĐ-CP quy định chức năng, nhiệm vụ và cơ cấu tổ chức của Bộ Y tế; Nghị định 118/2025/NĐ-CP về thực hiện TTHC theo cơ chế một cửa, một cửa liên thông; Nghị định 45/2020/NĐ-CP về thực hiện TTHC trên môi trường điện tử; Thông tư 03/2025/TT-VPCP hướng dẫn cơ chế một cửa; và Quyết định 468/QĐ-TTg của Thủ tướng Chính phủ về đổi mới thực hiện cơ chế một cửa, một cửa liên thông. \n \n Theo Quyết định, Bộ Y tế chính thức phê duyệt kèm theo Phụ lục Danh mục hồ sơ, giấy tờ thủ tục hành chính phải thực hiện số hóa trên nhiều lĩnh vực quản lý. Tất cả hồ sơ chuyên ngành, kết quả giải quyết thủ tục và các giấy tờ đi kèm đều phải được số hóa và lưu trữ tập trung trên Hệ thống Thông tin giải quyết TTHC của Bộ Y tế. \n \n Đáng chú ý, Quyết định nêu rõ việc số hóa trở thành nghĩa vụ bắt buộc đối với tất cả các đơn vị giải quyết thủ tục hành chính thuộc Bộ. Hồ sơ số hóa phải đảm bảo tính đầy đủ, chính xác, và tuân thủ nghiêm các quy định pháp luật về quản lý dữ liệu điện tử. \n \n Quyết định này đồng thời thay thế Quyết định 1908/QĐ-BYT ban hành năm 2024 về số hóa hồ sơ TTHC, phản ánh yêu cầu cập nhật danh mục phù hợp với các luật mới, quy trình mới và phạm vi TTHC ngày càng mở rộng. \n \n Quyết định phân định rõ trách nhiệm của từng cơ quan để bảo đảm triển khai thống nhất. \n \n Các Vụ, Cục giải quyết TTHC có trách nhiệm: Tổ chức số hóa đầy đủ hồ sơ, giấy tờ theo từng thủ t
... [truncated, total 10936 chars]
================================================================================

================================================================================
Article ID: MOH_3c43807f241e1db1 | Attempt: 2
Error: Cannot extract valid JSON from response: line 1 column 1 (char 0)
Raw response (11356 chars):
{
"id": "MOH_3c43807f241e1db1",
"date_iso": "2025-12-16T00:00:00",
"full_text": "Bộ Y tế vừa ban hành Quyết định số 3211/QĐ-BYT ngày 10/10/2025 về phê duyệt Danh mục hồ sơ, giấy tờ thủ tục hành chính phải thực hiện số hóa thuộc phạm vi quản lý của Bộ. Đây được xem là bước triển khai quan trọng nhằm đẩy nhanh tiến trình chuyển đổi số, hiện đại hóa công tác giải quyết thủ tục hành chính, đồng thời bảo đảm việc lưu trữ, quản lý và khai thác dữ liệu điện tử trong toàn ngành y tế diễn ra đồng bộ, minh bạch và hiệu quả hơn. \n \n Quyết định được ban hành trên cơ sở hàng loạt văn bản pháp lý quan trọng: Nghị định 42/2025/NĐ-CP quy định chức năng, nhiệm vụ và cơ cấu tổ chức của Bộ Y tế; Nghị định 118/2025/NĐ-CP về thực hiện TTHC theo cơ chế một cửa, một cửa liên thông; Nghị định 45/2020/NĐ-CP về thực hiện TTHC trên môi trường điện tử; Thông tư 03/2025/TT-VPCP hướng dẫn cơ chế một cửa; và Quyết định 468/QĐ-TTg của Thủ tướng Chính phủ về đổi mới thực hiện cơ chế một cửa, một cửa liên thông. \n \n Theo Quyết định, Bộ Y tế chính thức phê duyệt kèm theo Phụ lục Danh mục hồ sơ, giấy tờ thủ tục hành chính phải thực hiện số hóa trên nhiều lĩnh vực quản lý. Tất cả hồ sơ chuyên ngành, kết quả giải quyết thủ tục và các giấy tờ đi kèm đều phải được số hóa và lưu trữ tập trung trên Hệ thống Thông tin giải quyết TTHC của Bộ Y tế. \n \n Đáng chú ý, Quyết định nêu rõ việc số hóa trở thành nghĩa vụ bắt buộc đối với tất cả các đơn vị giải quyết thủ tục hành chính thuộc Bộ. Hồ sơ số hóa phải đảm bảo tính đầy đủ, chính xác, và tuân thủ nghiêm các quy định pháp luật về quản lý dữ liệu điện tử. \n \n Quyết định này đồng thời thay thế Quyết định 1908/QĐ-BYT ban hành năm 2024 về số hóa hồ sơ TTHC, phản ánh yêu cầu cập nhật danh mục phù hợp với các luật mới, quy trình mới và phạm vi TTHC ngày càng mở rộng. \n \n Quyết định phân định rõ trách nhiệm của từng cơ quan để bảo đảm triển khai thống nhất. \n \n Các Vụ, Cục giải quyết TTHC có trách nhiệm: Tổ chức số hóa đầy đủ hồ sơ, giấy tờ theo từng thủ t
... [truncated, total 11356 chars]
================================================================================

================================================================================
Article ID: MOH_3c43807f241e1db1 | Attempt: 3
Error: Cannot extract valid JSON from response: line 1 column 1 (char 0)
Raw response (11143 chars):
{
"id": "MOH_3c43807f241e1db1",
"date_iso": "2025-12-16T00:00:00",
"full_text": "Bộ Y tế vừa ban hành Quyết định số 3211/QĐ-BYT ngày 10/10/2025 về phê duyệt Danh mục hồ sơ, giấy tờ thủ tục hành chính phải thực hiện số hóa thuộc phạm vi quản lý của Bộ. Đây được xem là bước triển khai quan trọng nhằm đẩy nhanh tiến trình chuyển đổi số, hiện đại hóa công tác giải quyết thủ tục hành chính, đồng thời bảo đảm việc lưu trữ, quản lý và khai thác dữ liệu điện tử trong toàn ngành y tế diễn ra đồng bộ, minh bạch và hiệu quả hơn. \n \n Quyết định được ban hành trên cơ sở hàng loạt văn bản pháp lý quan trọng: Nghị định 42/2025/NĐ-CP quy định chức năng, nhiệm vụ và cơ cấu tổ chức của Bộ Y tế; Nghị định 118/2025/NĐ-CP về thực hiện TTHC theo cơ chế một cửa, một cửa liên thông; Nghị định 45/2020/NĐ-CP về thực hiện TTHC trên môi trường điện tử; Thông tư 03/2025/TT-VPCP hướng dẫn cơ chế một cửa; và Quyết định 468/QĐ-TTg của Thủ tướng Chính phủ về đổi mới thực hiện cơ chế một cửa, một cửa liên thông. \n \n Theo Quyết định, Bộ Y tế chính thức phê duyệt kèm theo Phụ lục Danh mục hồ sơ, giấy tờ thủ tục hành chính phải thực hiện số hóa trên nhiều lĩnh vực quản lý. Tất cả hồ sơ chuyên ngành, kết quả giải quyết thủ tục và các giấy tờ đi kèm đều phải được số hóa và lưu trữ tập trung trên Hệ thống Thông tin giải quyết TTHC của Bộ Y tế. \n \n Đáng chú ý, Quyết định nêu rõ việc số hóa trở thành nghĩa vụ bắt buộc đối với tất cả các đơn vị giải quyết thủ tục hành chính thuộc Bộ. Hồ sơ số hóa phải đảm bảo tính đầy đủ, chính xác, và tuân thủ nghiêm các quy định pháp luật về quản lý dữ liệu điện tử. \n \n Quyết định này đồng thời thay thế Quyết định 1908/QĐ-BYT ban hành năm 2024 về số hóa hồ sơ TTHC, phản ánh yêu cầu cập nhật danh mục phù hợp với các luật mới, quy trình mới và phạm vi TTHC ngày càng mở rộng. \n \n Quyết định phân định rõ trách nhiệm của từng cơ quan để bảo đảm triển khai thống nhất. \n \n Các Vụ, Cục giải quyết TTHC có trách nhiệm: Tổ chức số hóa đầy đủ hồ sơ, giấy tờ theo từng thủ t
... [truncated, total 11143 chars]
================================================================================

================================================================================
Article ID: MOH_0aba113ce678d4ff | Attempt: 1
Error: Cannot extract valid JSON from response: line 1 column 1 (char 0)
Raw response (10207 chars):
{
"id": "MOH_0aba113ce678d4ff",
"date_iso": "2025-12-16T00:00:00",
"full_text": "Bộ Y tế vừa ban hành Kế hoạch số 1041/KH-BYT ngày 17/10/2025 về nâng cao chất lượng cung cấp dịch vụ công trực tuyến toàn trình và phát triển các dịch vụ số cá nhân hóa cho người dân, doanh nghiệp giai đoạn 2025 2026. Kế hoạch được xây dựng trên cơ sở triển khai Quyết định số 1565/QĐ-TTg ngày 18/7/2025 của Thủ tướng Chính phủ và kết luận kiểm tra của Bộ Khoa học và Công nghệ, với mục tiêu đưa dịch vụ công ngành y tế bước sang giai đoạn phát triển mới là nhanh hơn, thông minh hơn và “bớt giấy tờ” hơn. \n \n Theo đó, việc nâng cao chất lượng dịch vụ công trực tuyến là nhiệm vụ trung tâm trong tiến trình chuyển đổi số ngành y tế. Đây cũng là yêu cầu cấp thiết trong bối cảnh người dân ngày càng quen với việc xử lý thủ tục qua môi trường điện tử. \n \n Bộ Y tế đặt mục tiêu trong năm 2025, 100% thủ tục hành chính thuộc thẩm quyền và đủ điều kiện sẽ được cung cấp trực tuyến toàn trình hoặc một phần trên Cổng Dịch vụ công Quốc gia. Trong đó, nhiều thủ tục sẽ được tái cấu trúc và chuẩn hóa theo mô hình tập trung, bảo đảm sự thống nhất trên toàn quốc. \n \n Đặc biệt, Bộ đặt chỉ tiêu tối thiểu 25 dịch vụ công trực tuyến toàn trình của Bộ phải có dữ liệu cung cấp theo thời gian thực để phục vụ người dân và doanh nghiệp. Tỷ lệ hồ sơ trực tuyến toàn trình đạt tối thiểu 85%, giúp giảm rõ rệt tình trạng nộp hồ sơ trực tiếp. 90% người dân hài lòng khi sử dụng dịch vụ công trực tuyến. Thời gian xử lý hồ sơ trực tuyến phải giảm tối thiểu 20% so với hình thức trực tiếp. \n \n Bước sang năm 2026, Bộ Y tế tiếp tục duy trì các chỉ tiêu năm 2025 và nâng chuẩn theo hướng: Thời gian thao tác của người dân trên hệ thống khi nộp hồ sơ trực tuyến phải dưới 5 phút. Thời gian giải quyết hồ sơ trực tuyến phải giảm tối thiểu 30% so với nộp trực tiếp. Mức độ hài lòng phải đạt 95%. \n \n Mục tiêu này đồng bộ với định hướng xây dựng Chính phủ số và hệ thống cung cấp dịch vụ công thống nhất, xuyên suốt từ trung ương đến đị
... [truncated, total 10207 chars]
================================================================================

================================================================================
Article ID: MOH_0aba113ce678d4ff | Attempt: 2
Error: Cannot extract valid JSON from response: line 1 column 1 (char 0)
Raw response (10250 chars):
{
"id": "MOH_0aba113ce678d4ff",
"date_iso": "2025-12-16T00:00:00",
"full_text": "Bộ Y tế vừa ban hành Kế hoạch số 1041/KH-BYT ngày 17/10/2025 về nâng cao chất lượng cung cấp dịch vụ công trực tuyến toàn trình và phát triển các dịch vụ số cá nhân hóa cho người dân, doanh nghiệp giai đoạn 2025 2026. Kế hoạch được xây dựng trên cơ sở triển khai Quyết định số 1565/QĐ-TTg ngày 18/7/2025 của Thủ tướng Chính phủ và kết luận kiểm tra của Bộ Khoa học và Công nghệ, với mục tiêu đưa dịch vụ công ngành y tế bước sang giai đoạn phát triển mới là nhanh hơn, thông minh hơn và “bớt giấy tờ” hơn. \n \n Theo đó, việc nâng cao chất lượng dịch vụ công trực tuyến là nhiệm vụ trung tâm trong tiến trình chuyển đổi số ngành y tế. Đây cũng là yêu cầu cấp thiết trong bối cảnh người dân ngày càng quen với việc xử lý thủ tục qua môi trường điện tử. \n \n Bộ Y tế đặt mục tiêu trong năm 2025, 100% thủ tục hành chính thuộc thẩm quyền và đủ điều kiện sẽ được cung cấp trực tuyến toàn trình hoặc một phần trên Cổng Dịch vụ công Quốc gia. Trong đó, nhiều thủ tục sẽ được tái cấu trúc và chuẩn hóa theo mô hình tập trung, bảo đảm sự thống nhất trên toàn quốc. \n \n Đặc biệt, Bộ đặt chỉ tiêu tối thiểu 25 dịch vụ công trực tuyến toàn trình của Bộ phải có dữ liệu cung cấp theo thời gian thực để phục vụ người dân và doanh nghiệp. Tỷ lệ hồ sơ trực tuyến toàn trình đạt tối thiểu 85%, giúp giảm rõ rệt tình trạng nộp hồ sơ trực tiếp. 90% người dân hài lòng khi sử dụng dịch vụ công trực tuyến. Thời gian xử lý hồ sơ trực tuyến phải giảm tối thiểu 20% so với hình thức trực tiếp. \n \n Bước sang năm 2026, Bộ Y tế tiếp tục duy trì các chỉ tiêu năm 2025 và nâng chuẩn theo hướng: Thời gian thao tác của người dân trên hệ thống khi nộp hồ sơ trực tuyến phải dưới 5 phút. Thời gian giải quyết hồ sơ trực tuyến phải giảm tối thiểu 30% so với nộp trực tiếp. Mức độ hài lòng phải đạt 95%. \n \n Mục tiêu này đồng bộ với định hướng xây dựng Chính phủ số và hệ thống cung cấp dịch vụ công thống nhất, xuyên suốt từ trung ương đến đị
... [truncated, total 10250 chars]
================================================================================

================================================================================
Article ID: MOH_3f10d59a8aaefc8d | Attempt: 1
Error: Cannot extract valid JSON from response: line 1 column 1 (char 0)
Raw response (7517 chars):
{
"id": "MOH_3f10d59a8aaefc8d",
"date_iso": "2025-12-15T00:00:00",
"full_text": "Ngày 25 tháng 9 năm 2025 , Chủ tịch Ủy ban nhân dân thành phố Đà Nẵng đã ban hành Quyết định số 1635/QĐ-UBND về việc công bố danh mục 02 thủ tục hành chính bị bãi bỏ trong lĩnh vực Bảo trợ xã hội , thuộc phạm vi chức năng quản lý nhà nước của Sở Y tế thành phố. Đây là động thái tiếp nối chuỗi nỗ lực cải cách thủ tục hành chính (TTHC) và tinh gọn quy trình nội bộ của thành phố nhằm phục vụ người dân và tổ chức một cách hiệu quả, thuận tiện hơn. \n \n Quyết định này được đưa ra trên cơ sở Quyết định số 2944/QĐ-BYT ngày 16/9/2025 của Bộ Y tế về việc công bố các thủ tục bị bãi bỏ trong lĩnh vực Bảo trợ xã hội cấp Bộ. Đây là động thái nhằm bảo đảm sự đồng bộ giữa TTHC cấp Bộ và địa phương, qua đó giúp hệ thống thủ tục được vận hành nhất quán, rõ ràng và tiết kiệm nguồn lực. \n \n Theo Quyết định của Chủ tịch UBND thành phố, 02 thủ tục hành chính thuộc lĩnh vực Bảo trợ xã hội bị bãi bỏ tại thành phố Đà Nẵng là những thủ tục đã được liệt kê tại số thứ tự 11 và 12, mục C, Phần I, Phụ lục I ban hành kèm theo Quyết định 2295/QĐ-UBND ngày 27/6/2025. Những thủ tục này đã không còn phù hợp với quy định mới của Bộ Y tế và yêu cầu cải cách của thành phố. \n \n Về bản chất, việc bãi bỏ những thủ tục này không chỉ là hành động kỹ thuật trong hệ thống TTHC mà còn phản ánh xu hướng hiện đại hóa quản lý nhà nước: những thủ tục nào không còn phù hợp đều được loại bỏ để tạo không gian cho các quy trình mới tinh gọn, hiệu quả hơn. \n \n V iệc bãi bỏ thủ tục giúp giảm thời gian và chi phí tuân thủ của người dân, đặc biệt là các đối tượng yếu thế vốn thuộc phạm vi bảo trợ xã hội. Người dân sẽ không phải chuẩn bị hồ sơ cho những thủ tục không còn hiệu lực; cơ quan nhà nước cũng không phải bố trí nhân lực để tiếp nhận và xử lý các thủ tục lỗi thời. \n \n V iệc tinh giản danh mục TTHC giúp tăng tính minh bạch. Khi số lượng thủ tục giảm, cơ sở dữ liệu TTHC của thành phố sẽ dễ truy cập, dễ tra cứu và tránh tình trạn
... [truncated, total 7517 chars]
================================================================================

================================================================================
Article ID: MOH_c47d7c6407b48771 | Attempt: 1
Error: Cannot extract valid JSON from response: line 1 column 1 (char 0)
Raw response (12301 chars):
{
"id": "MOH_c47d7c6407b48771",
"date_iso": "2025-12-13T00:00:00",
"full_text": "Văn phòng Trung ương Đảng vừa ban hành Thông báo kết luận của đồng chí Tổng Bí thư tại buổi làm việc với đại diện Đảng ủy Chính phủ và các ban, bộ, ngành Trung ương về tình hình thực hiện chủ trương, chính sách của Đảng, pháp luật của Nhà nước đối với người khuyết tật (Thông báo số 444-TB/VPTW). \n \n \n \n Tổng Bí thư Tô Lâm chủ trì cuộc làm việc về tình hình thực hiện chủ trương, chính sách của Đảng, Nhà nước đối với người khuyết tật, ngày 3-12-2025. Ảnh: Thống Nhất/TTXVN \n \n Thông báo số 444 nêu: Ngày 3-12-2025, tại Trụ sở Trung ương Đảng, đồng chí Tổng Bí thư đã có buổi làm việc với đại diện Đảng ủy Chính phủ và các ban, bộ, ngành Trung ương về tình hình thực hiện chủ trương, chính sách của Đảng, pháp luật của Nhà nước đối với người khuyết tật. Sau khi nghe Đảng ủy Bộ Y tế và lãnh đạo Liên Hiệp hội về người khuyết tật Việt Nam báo cáo, ý kiến của các cơ quan liên quan, đồng chí Tổng Bí thư kết luận như sau: \n \n Người khuyết tật là một bộ phận không tách rời của cộng đồng dân tộc, có quyền được bảo đảm các điều kiện sống, học tập, lao động và tham gia các hoạt động xã hội như mọi công dân. Chăm lo cho người khuyết tật với tinh thần \"không để ai bị bỏ lại phía sau\" không chỉ là trách nhiệm, đạo lý của cả hệ thống chính trị, mà còn là thước đo của xã hội văn minh, là yêu cầu của phát triển bền vững đất nước, thể hiện tính nhân văn, ưu việt của chế độ xã hội chủ nghĩa và cam kết của Đảng, Nhà nước trong việc bảo đảm quyền con người cho mọi công dân. Để làm tốt việc này, yêu cầu cấp ủy, tổ chức đảng, chính quyền, đoàn thể các cấp tập trung thực hiện tốt một số nhiệm vụ, giải pháp sau: \n \n 1. Có giải pháp đồng bộ để giảm số người khuyết tật mới. Đây là vấn đề cốt lõi, căn cơ và mang ý nghĩa chiến lược; thay vì tập trung xử lý hậu quả, việc chủ động phòng ngừa khuyết tật ngay từ gốc giúp giảm thiểu gánh nặng cho gia đình, xã hội và hệ thống an sinh; đồng thời nâng cao chất lượng dâ
... [truncated, total 12301 chars]
================================================================================

================================================================================
Article ID: MOH_66976fa8086609a9 | Attempt: 1
Error: Schema: Missing claims category: NOT_ENOUGH_INFO
Raw response (11972 chars):
{
"id": "MOH_66976fa8086609a9",
"date_iso": "2025-12-13T00:00:00",
"full_text": "Sáng 12/12/2025, tại trụ sở Bộ Y tế, Bộ Y tế tổ chức hội nghị trực tiếp và trực tuyến toàn quốc về công tác phòng, chống bệnh bại liệt. \n \n PGS.TS Nguyễn Thị Liên Hương, Thứ trưởng Bộ Y tế chủ trì Hội nghị. \n \n \n \n \n \n Toàn cảnh Hội nghị \n \n Hội nghị có sự tham gia của đại diện một số Cục, Vụ , Văn phòng Bộ Y tế; đại diện một số Tổ chức quốc tế tại Việt Nam; sở Y tế 34 tỉnh, thành trong cả nước. \n \n Với Việt Nam, dịch bại liệt được cảnh báo có nguy cơ xâm nhập rất cao và hiện hữu. \n \n Phát biểu khai mạc Hội nghị, Thứ trưởng Bộ Y tế Nguyễn Thị Liên Hương cho biết: Nước ta có trên 95% trẻ em được tiêm, uống vaccine bại liệt trong nhiều năm qua, Việt Nam đã không ghi nhận bất cứ trường hợp mắc bại liệt nào và được tổ chức WHO công nhận thanh toán bệnh bại liệt trên toàn quốc vào năm 2000. \n \n \n \n PGS.TS Nguyễn Thị Liên Hương, Thứ trưởng Bộ Y tế phát biểu khai mạc hội nghị \n \n Tuy nhiên, trước diễn biến tình hình bệnh bại liệt tại Lào vừa ghi nhận 01 ca dương tính với virus bại liệt tuýp 1 có nguồn gốc từ vaccine (VDPV1) vào cuối tháng 8 và đầu tháng 10/2025 quốc gia này ghi nhận thêm 02 trường hợp dương tính trong số 28 trẻ khỏe mạnh, ngày 17/10/2025, Lào đã công bố dịch bại liệt toàn quốc. \n \n Tổ chức WHO coi ổ dịch tại Lào là ổ dịch của khu vực và khuyến cáo các nước có chuyên biên giới với Lào cùng triển khai các biện pháp đáp ứng chống dịch. Tổ chức này cũng cảnh báo nguy cơ xâm nhập bại liệt vào Việt Nam là rất cao và hiện hữu. \n \n Trước cảnh báo của WHO về bệnh bại liệt trong khu vực và trên thế giới dẫn đến gia tăng nguy cơ virus bại liệt xâm nhập vào Việt Nam và bệnh này có thể quay trở lại sau nhiều năm khi đã được tổ chức này công nhận thanh toán, loại trừ, Thứ trưởng Bộ Y tế Nguyễn Thị Liên Hương cho biết, Bộ Y tế đã khẩn trương chỉ đạo các đơn vị tăng cường giám sát các trường hợp liệt mềm cấp, tăng cường tiêm chủng thường xuyên nhằm duy trì và nâng cao 
... [truncated, total 11972 chars]
================================================================================

================================================================================
Article ID: MOH_66976fa8086609a9 | Attempt: 2
Error: Cannot extract valid JSON from response: line 1 column 1 (char 0)
Raw response (11211 chars):
{
"id": "MOH_66976fa8086609a9",
"date_iso": "2025-12-13T00:00:00",
"full_text": "Sáng 12/12/2025, tại trụ sở Bộ Y tế, Bộ Y tế tổ chức hội nghị trực tiếp và trực tuyến toàn quốc về công tác phòng, chống bệnh bại liệt. \n \n PGS.TS Nguyễn Thị Liên Hương, Thứ trưởng Bộ Y tế chủ trì Hội nghị. \n \n \n \n \n \n Toàn cảnh Hội nghị \n \n Hội nghị có sự tham gia của đại diện một số Cục, Vụ , Văn phòng Bộ Y tế; đại diện một số Tổ chức quốc tế tại Việt Nam; sở Y tế 34 tỉnh, thành trong cả nước. \n \n Với Việt Nam, dịch bại liệt được cảnh báo có nguy cơ xâm nhập rất cao và hiện hữu. \n \n Phát biểu khai mạc Hội nghị, Thứ trưởng Bộ Y tế Nguyễn Thị Liên Hương cho biết: Nước ta có trên 95% trẻ em được tiêm, uống vaccine bại liệt trong nhiều năm qua, Việt Nam đã không ghi nhận bất cứ trường hợp mắc bại liệt nào và được tổ chức WHO công nhận thanh toán bệnh bại liệt trên toàn quốc vào năm 2000. \n \n \n \n PGS.TS Nguyễn Thị Liên Hương, Thứ trưởng Bộ Y tế phát biểu khai mạc hội nghị \n \n Tuy nhiên, trước diễn biến tình hình bệnh bại liệt tại Lào vừa ghi nhận 01 ca dương tính với virus bại liệt tuýp 1 có nguồn gốc từ vaccine (VDPV1) vào cuối tháng 8 và đầu tháng 10/2025 quốc gia này ghi nhận thêm 02 trường hợp dương tính trong số 28 trẻ khỏe mạnh, ngày 17/10/2025, Lào đã công bố dịch bại liệt toàn quốc. \n \n Tổ chức WHO coi ổ dịch tại Lào là ổ dịch của khu vực và khuyến cáo các nước có chuyên biên giới với Lào cùng triển khai các biện pháp đáp ứng chống dịch. Tổ chức này cũng cảnh báo nguy cơ xâm nhập bại liệt vào Việt Nam là rất cao và hiện hữu. \n \n Trước cảnh báo của WHO về bệnh bại liệt trong khu vực và trên thế giới dẫn đến gia tăng nguy cơ virus bại liệt xâm nhập vào Việt Nam và bệnh này có thể quay trở lại sau nhiều năm khi đã được tổ chức này công nhận thanh toán, loại trừ, Thứ trưởng Bộ Y tế Nguyễn Thị Liên Hương cho biết, Bộ Y tế đã khẩn trương chỉ đạo các đơn vị tăng cường giám sát các trường hợp liệt mềm cấp, tăng cường tiêm chủng thường xuyên nhằm duy trì và nâng cao 
... [truncated, total 11211 chars]
================================================================================

================================================================================
Article ID: MOH_7dbb3c161dd850ae | Attempt: 1
Error: Cannot extract valid JSON from response: line 1 column 1 (char 0)
Raw response (11973 chars):
{
"id": "MOH_7dbb3c161dd850ae",
"date_iso": "2025-12-08T00:00:00",
"full_text": "Trong hai ngày 05-06/12/2025, Viện Tim mạch - Bệnh viện Bạch Mai tổ chức Hội nghị Khoa học Quốc tế Thường niên 2025, sự kiện quy tụ những chuyên gia đầu ngành trong nước và quốc tế. Không chỉ là diễn đàn học thuật, hội nghị năm nay tiếp tục khẳng định tầm vóc của tim mạch Việt Nam trong dòng chảy y học hiện đại, góp phần hiện thực hóa chiến lược chăm sóc sức khỏe nhân dân của Đảng và Chính phủ trong thời kỳ hội nhập. \n \n Hội nghị vinh dự đón tiếp các đồng chí lãnh đạo Bộ Y tế: TS.BS. Vũ Mạnh Hà - Ủy viên dự khuyết BCH Trung ương Đảng, Thứ trưởng Thường trực Bộ Y tế; TS.BS. Hà Anh Đức - Cục trưởng Cục Quản lý Khám chữa bệnh; TS.BS. Nguyễn Ngô Quang - Cục trưởng Cục Khoa học và Đào tạo; ThS. Trần Thị Trang - Vụ trưởng Vụ Bảo hiểm Y tế cùng các chuyên gia, lãnh đạo trọng yếu của Hội Tim mạch học Việt Nam và các hiệp hội chuyên ngành: GS.TS. Huỳnh Văn Minh, GS.TS. Nguyễn Lân Việt, GS.TS. Đặng Vạn Phước, GS.TS. Lê Ngọc Thành, TS.BS. Tôn Thất Minh, GS.TS. Trương Quang Bình… Hội nghị cũng quy tụ nhiều diễn giả quốc tế đến từ Hoa Kỳ, Singapore, Úc, Ấn Độ, Đài Loan…Về phía đơn vị đăng cai, Bệnh viện Bạch Mai có sự tham dự của: PGS.TS. Đào Xuân Cơ - Bí thư Đảng uỷ, Giám đốc Bệnh viện, Trưởng Ban Tổ chức; PGS.TS. Vũ Văn Giáp - Phó Giám đốc Bệnh viện; PGS.TS. Nguyễn Thị Thu Hoài - Viện trưởng Viện Tim mạch, Phó Trưởng ban thường trực Ban Tổ chức. \n \n \n \n Với chủ đề “Định hình tương lai tim mạch học: Tầm nhìn và kiến tạo”, hội nghị không chỉ là nơi gặp gỡ của những trí tuệ hàng đầu mà còn là bệ phóng cho những chiến lược đột phá, hướng tới mục tiêu đưa Viện Tim mạch trở thành trung tâm hàng đầu Đông Nam Á trong thập kỷ tới. \n \n Những cam kết chiến lược vì mục tiêu “Chăm sóc sức khoẻ nhân dân” \n \n Trong bài phát biểu khai mạc đầy tâm huyết, PGS.TS. Đào Xuân Cơ - Giám đốc Bệnh viện Bạch Mai, Trưởng Ban Tổ chức Hội nghị đã nhìn lại hành trình phát triển của chuyên ngành tim mạch và đưa ra tầm
... [truncated, total 11973 chars]
================================================================================

================================================================================
Article ID: MOH_7d4f37e69c15b0c3 | Attempt: 1
Error: Cannot extract valid JSON from response: line 1 column 1 (char 0)
Raw response (10836 chars):
{
"id": "MOH_7d4f37e69c15b0c3",
"date_iso": "2025-12-08T00:00:00",
"full_text": "Nghị quyết số 72-NQ/TW của Bộ Chính trị đã đặt ra mục tiêu “Đến năm 2030, người dân được miễn viện phí ở mức cơ bản trong phạm vi quyền lợi bảo hiểm y tế theo lộ trình”. Hiện, Bộ Y tế đang xây dựng đề án để hiện thực mục tiêu đó, trong đó huy động đủ nguồn lực đóng vai trò quyết định. \n \n \n \n Thực hiện chính sách miễn viện phí sẽ giúp người dân, nhất là các đối tượng ưu tiên có điều kiện được chăm sóc sức khỏe tốt hơn. \n \n Theo báo cáo của Bộ Y tế, Việt Nam được quốc tế đánh giá cao trong việc thực hiện các mục tiêu phát triển bền vững của Liên hợp quốc về sức khỏe; chỉ số bao phủ dịch vụ y tế thiết yếu của Việt Nam cao hơn mức trung bình của các nước trong khu vực; nhiều chỉ số về sức khỏe người dân vượt trội so với nhiều quốc gia có cùng mức phát triển. Tuy nhiên, công tác bảo vệ, chăm sóc và nâng cao sức khỏe nhân dân còn những hạn chế, bất cập và khó khăn, thách thức. \n \n Nhằm làm tốt công tác chăm sóc sức khỏe người dân trong kỷ nguyên mới, ngày 9/9/2025, Bộ Chính trị đã ban hành Nghị quyết số 72-NQ/TW về một số giải pháp đột phá trong công tác bảo vệ, chăm sóc và nâng cao sức khỏe nhân dân. \n \n Nghị quyết hướng đến mục tiêu xây dựng một nước Việt Nam khỏe mạnh, mọi người dân đều được chăm sóc sức khỏe, sống lâu, sống khỏe, sống lành mạnh, nâng cao thể chất, ý thức bảo vệ sức khỏe và chủ động phòng ngừa bệnh tật trong toàn xã hội, góp phần quan trọng thúc đẩy phát triển đất nước giàu mạnh, văn minh, thịnh vượng. \n \n Đặc biệt, Nghị quyết đã đặt ra mục tiêu “Đến năm 2030, người dân được miễn viện phí ở mức cơ bản trong phạm vi quyền lợi bảo hiểm y tế theo lộ trình”. Ngày 15/9/2025, Chính phủ ban hành Nghị quyết số 282/NQ-CP, giao Bộ Y tế chủ trì xây dựng “Đề án từng bước thực hiện chính sách miễn viện phí theo lộ trình, đối tượng ưu tiên, phù hợp với mức đóng bảo hiểm y tế tăng theo quy định”. \n \n Dù tỷ lệ bao phủ bảo hiểm y tế của Việt Nam đã đạt 94,29% số dân; mạng lư
... [truncated, total 10836 chars]
================================================================================

================================================================================
Article ID: MOH_722880ce1bb9ef7e | Attempt: 1
Error: Cannot extract valid JSON from response: line 1 column 1 (char 0)
Raw response (8181 chars):
{
"id": "MOH_722880ce1bb9ef7e",
"date_iso": "2025-12-05T00:00:00",
"full_text": "Thời gian qua, chương trình thực hiện xét nghiệm thường quy cho phụ nữ mang thai 3 tháng đầu, 3 tháng giữa và trong vòng 1 tháng đầu sau sinh nhằm phát hiện sớm thai, trẻ sơ sinh có nguy cơ mắc các bệnh lý về di truyền, sàng lọc trước sinh và sơ sinh đã được ngành Y tế Thái Nguyên chỉ đạo triển khai thực hiện rộng khắp tại các cơ sở y tế và tuyên truyền rộng rãi trong nhân dân, từ đó đã đạt nhiều kết quả tích cực... \n \n \n \n Tuyên truyền sàng lọc trước sinh và sơ sinh tại xóm Cây Hồng, xã Võ Nhai. \n \n Thời gian qua, các trung tâm y tế, cơ sở y tế trên địa bàn tỉnh đã triển khai dịch vụ tư vấn, tầm soát, chẩn đoán, điều trị một số bệnh trước sinh và sơ sinh theo kế hoạch của Sở Y tế; đảm bảo phổ cập dịch vụ này để góp phần thực hiện thành công Chiến lược dân số Việt Nam đến năm 2030. \n \n Trung tâm Y tế Võ Nhai nằm trên địa bàn chủ yếu là đồng bào người dân tộc thiểu số sinh sống. Ở nhiều khu vực vùng sâu, vùng xa, đời sống của người dân còn gặp nhiều khó khăn, nhận thức về công tác sàng lọc trước sinh và sơ sinh còn hạn chế. Chính vì vậy, công tác tuyên truyền, nâng cao nhận thức của người dân lĩnh vực này đặt ra nhiều thách thức. \n \n Tuy nhiên, với mạng lưới cán bộ y tế thôn bản rộng khắp tại các địa bàn đã phát huy được hiệu quả trong công tác truyền thông, nâng cao nhận thức cho người dân, đặc biệt là thanh niên ở lứa tuổi kết hôn, sinh con. \n \n Anh Luân Trung Hậu, cán bộ y tế thôn bản xóm Cây Hồng, xã Võ Nhai cho biết: Thanh niên trong lứa tuổi kết hôn trên địa bàn đều được tuyên truyền, tư vấn tiền hôn nhân, thực hiện khám thai định kỳ, làm các xét nghiệm cần thiết trong quá trình mang thai và đối với trẻ sơ sinh khi ra đời. Bên cạnh đó, hiện nay, các bà mẹ khi sinh con đều đến trung tâm y tế. Do vậy, việc thực hiện các xét nghiệm sàng lọc trên địa bàn đạt tỷ lệ ngày càng cao. \n \n Còn tại Bệnh viện đa khoa Đại Từ, theo BSCKI Dương Thị Thu Hiền, Trưởng khoa Sản: Khi các 
... [truncated, total 8181 chars]
================================================================================

================================================================================
Article ID: MOH_22a8b8557cc248eb | Attempt: 1
Error: Cannot extract valid JSON from response: line 1 column 1 (char 0)
Raw response (11537 chars):
{
"id": "MOH_22a8b8557cc248eb",
"date_iso": "2025-12-04T00:00:00",
"full_text": "Ngày 29/9/2025, Ủy ban nhân dân tỉnh Lào Cai ban hành Quyết định số 1274/QĐ-UBND về việc công bố quy trình nội bộ giải quyết thủ tục hành chính trong lĩnh vực dược phẩm và mỹ phẩm thuộc phạm vi quản lý của Sở Y tế . Đây là bước đi cụ thể nhằm thực hiện chủ trương chuẩn hóa, đồng bộ, điện tử hóa toàn bộ quy trình xử lý thủ tục hành chính trên địa bàn tỉnh, theo đúng tinh thần Thông tư số 03/2025/TT-VPCP của Văn phòng Chính phủ. \n \n Hoàn thiện công cụ vận hành quy trình điện tử \n \n Quyết định 1274/QĐ-UBND là kết quả của quá trình rà soát, cập nhật và chuẩn hóa các quy trình nội bộ của Sở Y tế theo yêu cầu của Chính phủ về xây dựng, vận hành Hệ thống thông tin giải quyết thủ tục hành chính tỉnh Lào Cai . Theo đó, Ủy ban nhân dân tỉnh công bố toàn bộ 08 quy trình nội bộ trong lĩnh vực dược phẩm, mỹ phẩm – bao gồm các thủ tục liên quan đến cấp phép, gia hạn, điều chỉnh, cấp lại giấy chứng nhận đủ điều kiện kinh doanh dược, giấy tiếp nhận công bố sản phẩm mỹ phẩm và các hồ sơ chuyên ngành có tính chất quản lý nhà nước. \n \n Mỗi quy trình được thiết kế theo cấu trúc thống nhất, đảm bảo: \n \n Căn cứ pháp lý rõ ràng, cập nhật theo Luật Dược, Nghị định 54/2017/NĐ-CP và các văn bản sửa đổi; \n \n Thành phần hồ sơ, thời hạn, biểu mẫu điện tử được quy định cụ thể, tránh chồng chéo; \n \n Trình tự thực hiện được phân tách chi tiết giữa các bước xử lý của công chức, bộ phận chuyên môn và lãnh đạo phê duyệt; \n \n Kết quả giải quyết được đồng bộ hóa với Cổng dịch vụ công của tỉnh và Cơ sở dữ liệu quốc gia về thủ tục hành chính. \n \n Điểm đặc biệt của đợt công bố lần này là việc chuẩn hóa quy trình nội bộ điện tử – bảo đảm khi người dân, doanh nghiệp nộp hồ sơ trực tuyến, hệ thống sẽ tự động luân chuyển, cảnh báo thời hạn và ghi nhận kết quả giải quyết theo thời gian thực. Qua đó, vừa giảm áp lực thủ công cho cán bộ xử lý, vừa nâng cao tính minh bạch, trách nhiệm trong quá trình thực thi công vụ.
... [truncated, total 11537 chars]
================================================================================

================================================================================
Article ID: MOH_22a8b8557cc248eb | Attempt: 2
Error: Cannot extract valid JSON from response: line 1 column 1 (char 0)
Raw response (11816 chars):
{
"id": "MOH_22a8b8557cc248eb",
"date_iso": "2025-12-04T00:00:00",
"full_text": "Ngày 29/9/2025, Ủy ban nhân dân tỉnh Lào Cai ban hành Quyết định số 1274/QĐ-UBND về việc công bố quy trình nội bộ giải quyết thủ tục hành chính trong lĩnh vực dược phẩm và mỹ phẩm thuộc phạm vi quản lý của Sở Y tế . Đây là bước đi cụ thể nhằm thực hiện chủ trương chuẩn hóa, đồng bộ, điện tử hóa toàn bộ quy trình xử lý thủ tục hành chính trên địa bàn tỉnh, theo đúng tinh thần Thông tư số 03/2025/TT-VPCP của Văn phòng Chính phủ. \n \n Hoàn thiện công cụ vận hành quy trình điện tử \n \n Quyết định 1274/QĐ-UBND là kết quả của quá trình rà soát, cập nhật và chuẩn hóa các quy trình nội bộ của Sở Y tế theo yêu cầu của Chính phủ về xây dựng, vận hành Hệ thống thông tin giải quyết thủ tục hành chính tỉnh Lào Cai . Theo đó, Ủy ban nhân dân tỉnh công bố toàn bộ 08 quy trình nội bộ trong lĩnh vực dược phẩm, mỹ phẩm – bao gồm các thủ tục liên quan đến cấp phép, gia hạn, điều chỉnh, cấp lại giấy chứng nhận đủ điều kiện kinh doanh dược, giấy tiếp nhận công bố sản phẩm mỹ phẩm và các hồ sơ chuyên ngành có tính chất quản lý nhà nước. \n \n Mỗi quy trình được thiết kế theo cấu trúc thống nhất, đảm bảo: \n \n Căn cứ pháp lý rõ ràng, cập nhật theo Luật Dược, Nghị định 54/2017/NĐ-CP và các văn bản sửa đổi; \n \n Thành phần hồ sơ, thời hạn, biểu mẫu điện tử được quy định cụ thể, tránh chồng chéo; \n \n Trình tự thực hiện được phân tách chi tiết giữa các bước xử lý của công chức, bộ phận chuyên môn và lãnh đạo phê duyệt; \n \n Kết quả giải quyết được đồng bộ hóa với Cổng dịch vụ công của tỉnh và Cơ sở dữ liệu quốc gia về thủ tục hành chính. \n \n Điểm đặc biệt của đợt công bố lần này là việc chuẩn hóa quy trình nội bộ điện tử – bảo đảm khi người dân, doanh nghiệp nộp hồ sơ trực tuyến, hệ thống sẽ tự động luân chuyển, cảnh báo thời hạn và ghi nhận kết quả giải quyết theo thời gian thực. Qua đó, vừa giảm áp lực thủ công cho cán bộ xử lý, vừa nâng cao tính minh bạch, trách nhiệm trong quá trình thực thi công vụ.
... [truncated, total 11816 chars]
================================================================================

================================================================================
Article ID: MOH_22a8b8557cc248eb | Attempt: 3
Error: Cannot extract valid JSON from response: line 1 column 1 (char 0)
Raw response (11323 chars):
{
"id": "MOH_22a8b8557cc248eb",
"date_iso": "2025-12-04T00:00:00",
"full_text": "Ngày 29/9/2025, Ủy ban nhân dân tỉnh Lào Cai ban hành Quyết định số 1274/QĐ-UBND về việc công bố quy trình nội bộ giải quyết thủ tục hành chính trong lĩnh vực dược phẩm và mỹ phẩm thuộc phạm vi quản lý của Sở Y tế . Đây là bước đi cụ thể nhằm thực hiện chủ trương chuẩn hóa, đồng bộ, điện tử hóa toàn bộ quy trình xử lý thủ tục hành chính trên địa bàn tỉnh, theo đúng tinh thần Thông tư số 03/2025/TT-VPCP của Văn phòng Chính phủ. \n \n Hoàn thiện công cụ vận hành quy trình điện tử \n \n Quyết định 1274/QĐ-UBND là kết quả của quá trình rà soát, cập nhật và chuẩn hóa các quy trình nội bộ của Sở Y tế theo yêu cầu của Chính phủ về xây dựng, vận hành Hệ thống thông tin giải quyết thủ tục hành chính tỉnh Lào Cai . Theo đó, Ủy ban nhân dân tỉnh công bố toàn bộ 08 quy trình nội bộ trong lĩnh vực dược phẩm, mỹ phẩm – bao gồm các thủ tục liên quan đến cấp phép, gia hạn, điều chỉnh, cấp lại giấy chứng nhận đủ điều kiện kinh doanh dược, giấy tiếp nhận công bố sản phẩm mỹ phẩm và các hồ sơ chuyên ngành có tính chất quản lý nhà nước. \n \n Mỗi quy trình được thiết kế theo cấu trúc thống nhất, đảm bảo: \n \n Căn cứ pháp lý rõ ràng, cập nhật theo Luật Dược, Nghị định 54/2017/NĐ-CP và các văn bản sửa đổi; \n \n Thành phần hồ sơ, thời hạn, biểu mẫu điện tử được quy định cụ thể, tránh chồng chéo; \n \n Trình tự thực hiện được phân tách chi tiết giữa các bước xử lý của công chức, bộ phận chuyên môn và lãnh đạo phê duyệt; \n \n Kết quả giải quyết được đồng bộ hóa với Cổng dịch vụ công của tỉnh và Cơ sở dữ liệu quốc gia về thủ tục hành chính. \n \n Điểm đặc biệt của đợt công bố lần này là việc chuẩn hóa quy trình nội bộ điện tử – bảo đảm khi người dân, doanh nghiệp nộp hồ sơ trực tuyến, hệ thống sẽ tự động luân chuyển, cảnh báo thời hạn và ghi nhận kết quả giải quyết theo thời gian thực. Qua đó, vừa giảm áp lực thủ công cho cán bộ xử lý, vừa nâng cao tính minh bạch, trách nhiệm trong quá trình thực thi công vụ.
... [truncated, total 11323 chars]
================================================================================

================================================================================
Article ID: MOH_22a8b8557cc248eb | Attempt: 4
Error: Cannot extract valid JSON from response: line 1 column 1 (char 0)
Raw response (11354 chars):
{
"id": "MOH_22a8b8557cc248eb",
"date_iso": "2025-12-04T00:00:00",
"full_text": "Ngày 29/9/2025, Ủy ban nhân dân tỉnh Lào Cai ban hành Quyết định số 1274/QĐ-UBND về việc công bố quy trình nội bộ giải quyết thủ tục hành chính trong lĩnh vực dược phẩm và mỹ phẩm thuộc phạm vi quản lý của Sở Y tế . Đây là bước đi cụ thể nhằm thực hiện chủ trương chuẩn hóa, đồng bộ, điện tử hóa toàn bộ quy trình xử lý thủ tục hành chính trên địa bàn tỉnh, theo đúng tinh thần Thông tư số 03/2025/TT-VPCP của Văn phòng Chính phủ. \n \n Hoàn thiện công cụ vận hành quy trình điện tử \n \n Quyết định 1274/QĐ-UBND là kết quả của quá trình rà soát, cập nhật và chuẩn hóa các quy trình nội bộ của Sở Y tế theo yêu cầu của Chính phủ về xây dựng, vận hành Hệ thống thông tin giải quyết thủ tục hành chính tỉnh Lào Cai . Theo đó, Ủy ban nhân dân tỉnh công bố toàn bộ 08 quy trình nội bộ trong lĩnh vực dược phẩm, mỹ phẩm – bao gồm các thủ tục liên quan đến cấp phép, gia hạn, điều chỉnh, cấp lại giấy chứng nhận đủ điều kiện kinh doanh dược, giấy tiếp nhận công bố sản phẩm mỹ phẩm và các hồ sơ chuyên ngành có tính chất quản lý nhà nước. \n \n Mỗi quy trình được thiết kế theo cấu trúc thống nhất, đảm bảo: \n \n Căn cứ pháp lý rõ ràng, cập nhật theo Luật Dược, Nghị định 54/2017/NĐ-CP và các văn bản sửa đổi; \n \n Thành phần hồ sơ, thời hạn, biểu mẫu điện tử được quy định cụ thể, tránh chồng chéo; \n \n Trình tự thực hiện được phân tách chi tiết giữa các bước xử lý của công chức, bộ phận chuyên môn và lãnh đạo phê duyệt; \n \n Kết quả giải quyết được đồng bộ hóa với Cổng dịch vụ công của tỉnh và Cơ sở dữ liệu quốc gia về thủ tục hành chính. \n \n Điểm đặc biệt của đợt công bố lần này là việc chuẩn hóa quy trình nội bộ điện tử – bảo đảm khi người dân, doanh nghiệp nộp hồ sơ trực tuyến, hệ thống sẽ tự động luân chuyển, cảnh báo thời hạn và ghi nhận kết quả giải quyết theo thời gian thực. Qua đó, vừa giảm áp lực thủ công cho cán bộ xử lý, vừa nâng cao tính minh bạch, trách nhiệm trong quá trình thực thi công vụ.
... [truncated, total 11354 chars]
================================================================================

================================================================================
Article ID: MOH_bd57ba2802c5ab9c | Attempt: 1
Error: Cannot extract valid JSON from response: line 1 column 1 (char 0)
Raw response (10754 chars):
{
"id": "MOH_bd57ba2802c5ab9c",
"date_iso": "2025-12-04T00:00:00",
"full_text": "Ngày 3 tháng 10 năm 2025, Bộ Y tế đã ban hành Quyết định số 3146/QĐ-BYT về việc ban hành mười ba (13) quy trình nội bộ giải quyết thủ tục hành chính trong lĩnh vực dược phẩm, mỹ phẩm thuộc thẩm quyền giải quyết của Bộ. Đây là bước triển khai cụ thể các quy định tại Nghị định số 118/2025/NĐ-CP của Chính phủ về thực hiện thủ tục hành chính theo cơ chế “một cửa, một cửa liên thông” và Thông tư số 03/2025/TT-VPCP của Bộ trưởng, Chủ nhiệm Văn phòng Chính phủ hướng dẫn thi hành Nghị định này. \n \n Quyết định nêu rõ: trong số 13 quy trình nội bộ được ban hành, có 12 quy trình thuộc lĩnh vực quản lý kinh doanh dược và 01 quy trình thuộc lĩnh vực quản lý mỹ phẩm. Các quy trình được thiết kế nhằm đảm bảo tính thống nhất, chặt chẽ, minh bạch, tạo điều kiện thuận lợi cho tổ chức, cá nhân khi thực hiện thủ tục hành chính, đồng thời nâng cao hiệu quả công tác quản lý nhà nước trong lĩnh vực dược, mỹ phẩm. \n \n Việc ban hành bộ quy trình nội bộ lần này là một bước tiến quan trọng trong cải cách hành chính của Bộ Y tế, góp phần chuẩn hóa quy trình xử lý hồ sơ, xác định rõ trách nhiệm của từng cá nhân, đơn vị trong từng khâu công việc, từ tiếp nhận, thẩm định đến phê duyệt và trả kết quả. Đây cũng là căn cứ pháp lý để Bộ triển khai giải quyết thủ tục hành chính trên môi trường điện tử, hướng tới mô hình quản lý hiện đại, minh bạch, lấy người dân và doanh nghiệp làm trung tâm phục vụ. \n \n Cùng với việc ban hành mới, Quyết định của Bộ Y tế đồng thời bãi bỏ 08 quy trình nội bộ cũ được ban hành tại Quyết định số 1328/QĐ-BYT ngày 17/4/2025, bao gồm 06 quy trình trong lĩnh vực kinh doanh dược và 02 quy trình trong lĩnh vực mỹ phẩm. \n \n Các quy trình bị bãi bỏ chủ yếu liên quan đến cấp, cấp lại, điều chỉnh giấy chứng nhận đủ điều kiện kinh doanh dược; cấp phép nhập khẩu thuốc trong trường hợp cấp bách; cho phép hủy thuốc gây nghiện, hướng thần, tiền chất; đánh giá thực hành tốt bảo quản thuốc; hoặc cấp c
... [truncated, total 10754 chars]
================================================================================

================================================================================
Article ID: MOH_9344700b416996d3 | Attempt: 1
Error: Cannot extract valid JSON from response: line 1 column 1 (char 0)
Raw response (9821 chars):
{
"id": "MOH_9344700b416996d3",
"date_iso": "2025-12-04T00:00:00",
"full_text": "Các bác sĩ Bệnh viện Bệnh Nhiệt đới Trung ương vừa tiếp nhận và xử trí thành công một trường hợp bệnh nhân trẻ tuổi mắc đồng thời nhiều vấn đề sức khỏe nghiêm trọng, trong đó đáng chú ý là khối u vùng tiểu khung có kích thước “khổng lồ”, chiếm gần như toàn bộ ổ bụng dưới. Điều đặc biệt, khối u chỉ được phát hiện tình cờ trong quá trình đánh giá toàn trạng khi bệnh nhân nhập viện vì nhiễm trùng vết mổ sọ não sau tai nạn giao thông. \n \n \n \n Bệnh nhân là cô gái Đ.T.V, 20 tuổi, quê Hưng Yên. Tháng 8/2025, V. bị tai nạn giao thông gây chấn thương sọ não và được phẫu thuật lấy khối máu tụ, ghép xương sọ tại bệnh viện tuyến tỉnh. Ca phẫu thuật diễn ra thuận lợi, sức khỏe ổn định và vết mổ liền tốt. Tuy nhiên, chỉ hai tháng sau, V. bắt đầu xuất hiện tình trạng chảy dịch vàng vùng thái dương trái – đúng vị trí vết mổ cũ. Dù không sốt, không đau đầu, không buồn nôn nhưng nhận thấy dấu hiệu bất thường, gia đình đã đưa bệnh nhân đi kiểm tra. \n \n Kết quả thăm khám cho thấy V. có một lỗ rò 5 mm kèm tiêu xương vùng trán thái dương. Bệnh nhân được chẩn đoán nhiễm trùng vết mổ sau chấn thương sọ não. Sau bảy ngày điều trị nhưng không cải thiện, gia đình xin chuyển tuyến để phẫu thuật lại. V. tiếp tục được ghép xương, tuy nhiên, các ổ tiêu xương lớn khiến mảnh ghép không tương thích. Trong lúc đánh giá tổng trạng, bác sĩ bất ngờ phát hiện thêm một khối u lớn vùng tiểu khung. Nhận thấy bệnh nhân có nguy cơ nhiễm trùng tiến triển, đồng thời khối u chưa được xác định tính chất, các bác sĩ tuyến dưới quyết định chuyển em đến Bệnh viện Bệnh Nhiệt đới Trung ương để tiếp tục xử lý. \n \n \n \n Khi nhập viện tại Khoa Nhiễm khuẩn tổng hợp, tình trạng của V. trở nên phức tạp hơn: bệnh nhân bắt đầu sốt cao trên 38,5°C. Xét nghiệm cho kết quả dương tính với sốt Dengue, cùng với tình trạng nhiễm trùng vết mổ sọ não và khối u tiểu khung chưa được can thiệp. Trước các vấn đề nghiêm trọng chồng chéo, các bác sĩ ưu
... [truncated, total 9821 chars]
================================================================================

================================================================================
Article ID: MOH_29a3dd2380955843 | Attempt: 1
Error: Cannot extract valid JSON from response: line 1 column 1 (char 0)
Raw response (7831 chars):
{
"id": "MOH_29a3dd2380955843",
"date_iso": "2025-12-04T00:00:00",
"full_text": "Bệnh viện Nhi đồng 1 TP.HCM vừa được Tổ chức International Volunteers in Urology (IVUmed, Mỹ) trao chứng nhận Trung tâm Niệu nhi xuất sắc, trở thành đơn vị đầu tiên tại Việt Nam đạt danh hiệu uy tín này. \n \n \n \n PGS.TS Tăng Chí Thượng, Giám đốc Sở Y tế TP.HCM (đứng giữa) cùng đại diện IVUmed và Bệnh viện Nhi đồng 1 chúc mừng Trung tâm Niệu nhi xuất sắc. \n \n Sự kiện được tổ chức ngày 4/12, với sự tham dự của Ban Giám đốc Bệnh viện Nhi đồng 1, đại diện Sở Y tế TP.HCM, các chuyên gia từ Đại học Y Dược TP.HCM, Bệnh viện Chợ Rẫy, Bệnh viện Bình Dân và đoàn đại diện của IVUmed. \n \n TS.BS Ngô Ngọc Quang Minh, Giám đốc Bệnh viện Nhi đồng 1, cho biết bệnh viện hiện đã có ba trung tâm được công nhận đạt chuẩn quốc tế, gồm Trung tâm Khe hở môi - vòm miệng (2019), Trung tâm Tim mạch nhi (2023) và nay là Trung tâm Niệu nhi. Đây là dấu mốc quan trọng ghi nhận hành trình hơn ba thập kỷ hợp tác bền bỉ giữa bệnh viện và IVUmed trong phát triển chuyên ngành niệu nhi tại Việt Nam. \n \n Qua thời gian dài đào tạo và chuyển giao kỹ thuật, các bác sĩ của Trung tâm Niệu nhi đã làm chủ gần như toàn bộ các phẫu thuật từ cơ bản đến phức tạp trong lĩnh vực thận – tiết niệu trẻ em. Nhiều kỹ thuật khó được triển khai thường quy như điều trị lỗ tiểu thấp, lỗ tiểu cao, xử trí thận ứ nước, thận niệu quản đôi, các dị tật sinh dục hiếm gặp, đặc biệt là phẫu thuật lộ bàng quang – một trong những thách thức hàng đầu của niệu nhi. Trung tâm cũng phát triển mạnh các kỹ thuật chuyên sâu như tạo hình niệu – sinh dục bằng vi phẫu, nội soi niệu nhi, tán sỏi ít xâm lấn và tạo hình âm đạo cho trẻ bị rối loạn phát triển giới tính. \n \n Nhu cầu khám và điều trị tại Trung tâm tăng mạnh trong những năm gần đây. Từ năm 2019 đến nay, số lượt khám niệu nhi đã tăng từ 3.000 lên hơn 12.000 mỗi năm, cho thấy sự tin tưởng ngày càng lớn của bệnh nhi và gia đình. \n \n Chỉ trong gần một thập kỷ, Trung tâm đã tiếp nhận hơn 50.000 lượt
... [truncated, total 7831 chars]
================================================================================

================================================================================
Article ID: MOH_29a3dd2380955843 | Attempt: 2
Error: Cannot extract valid JSON from response: line 1 column 1 (char 0)
Raw response (8000 chars):
{
"id": "MOH_29a3dd2380955843",
"date_iso": "2025-12-04T00:00:00",
"full_text": "Bệnh viện Nhi đồng 1 TP.HCM vừa được Tổ chức International Volunteers in Urology (IVUmed, Mỹ) trao chứng nhận Trung tâm Niệu nhi xuất sắc, trở thành đơn vị đầu tiên tại Việt Nam đạt danh hiệu uy tín này. \n \n \n \n PGS.TS Tăng Chí Thượng, Giám đốc Sở Y tế TP.HCM (đứng giữa) cùng đại diện IVUmed và Bệnh viện Nhi đồng 1 chúc mừng Trung tâm Niệu nhi xuất sắc. \n \n Sự kiện được tổ chức ngày 4/12, với sự tham dự của Ban Giám đốc Bệnh viện Nhi đồng 1, đại diện Sở Y tế TP.HCM, các chuyên gia từ Đại học Y Dược TP.HCM, Bệnh viện Chợ Rẫy, Bệnh viện Bình Dân và đoàn đại diện của IVUmed. \n \n TS.BS Ngô Ngọc Quang Minh, Giám đốc Bệnh viện Nhi đồng 1, cho biết bệnh viện hiện đã có ba trung tâm được công nhận đạt chuẩn quốc tế, gồm Trung tâm Khe hở môi - vòm miệng (2019), Trung tâm Tim mạch nhi (2023) và nay là Trung tâm Niệu nhi. Đây là dấu mốc quan trọng ghi nhận hành trình hơn ba thập kỷ hợp tác bền bỉ giữa bệnh viện và IVUmed trong phát triển chuyên ngành niệu nhi tại Việt Nam. \n \n Qua thời gian dài đào tạo và chuyển giao kỹ thuật, các bác sĩ của Trung tâm Niệu nhi đã làm chủ gần như toàn bộ các phẫu thuật từ cơ bản đến phức tạp trong lĩnh vực thận – tiết niệu trẻ em. Nhiều kỹ thuật khó được triển khai thường quy như điều trị lỗ tiểu thấp, lỗ tiểu cao, xử trí thận ứ nước, thận niệu quản đôi, các dị tật sinh dục hiếm gặp, đặc biệt là phẫu thuật lộ bàng quang – một trong những thách thức hàng đầu của niệu nhi. Trung tâm cũng phát triển mạnh các kỹ thuật chuyên sâu như tạo hình niệu – sinh dục bằng vi phẫu, nội soi niệu nhi, tán sỏi ít xâm lấn và tạo hình âm đạo cho trẻ bị rối loạn phát triển giới tính. \n \n Nhu cầu khám và điều trị tại Trung tâm tăng mạnh trong những năm gần đây. Từ năm 2019 đến nay, số lượt khám niệu nhi đã tăng từ 3.000 lên hơn 12.000 mỗi năm, cho thấy sự tin tưởng ngày càng lớn của bệnh nhi và gia đình. \n \n Chỉ trong gần một thập kỷ, Trung tâm đã tiếp nhận hơn 50.000 lượt
... [truncated, total 8000 chars]
================================================================================

================================================================================
Article ID: MOH_c384fcff45b34bba | Attempt: 1
Error: Cannot extract valid JSON from response: line 1 column 1 (char 0)
Raw response (8671 chars):
{
"id": "MOH_c384fcff45b34bba",
"date_iso": "2025-12-04T00:00:00",
"full_text": "Chiều 03/12/2025, tại trụ sở Bộ Y tế, Thứ trưởng Bộ Y tế Đỗ Xuân Tuyên chủ trì cuộc họp với thành viên Tổ soạn thảo Dự án Luật An toàn thực phẩm (sửa đổi) nhằm thống nhất, hoàn chỉnh hồ sơ trình bổ sung Dự án Luật An toàn thực phẩm (sửa đổi) vào Chương trình lập pháp năm 2026. \n \n \n \n Quang cảnh cuộc họp \n \n Thứ trưởng Bộ Y tế Đỗ Xuân Tuyên thông tin tới các thành viên Tổ soạn thảo tham dự cuộc họp về ý kiến chỉ đạo của Phó Thủ tướng Chính phủ Lê Thành Long tại Công văn số 11560/VPCP-KGVX ngày 25 tháng 11 năm 2025 về việc yêu cầu Bộ Y tế chủ trì, phối hợp với các bộ, cơ quan liên quan hoàn chỉnh hồ sơ trình bổ sung Dự án Luật An toàn thực phẩm (sửa đổi) vào Chương trình lập pháp năm 2026. \n \n \n \n TS.DS Chu Quốc Thịnh, Quyền Cục trưởng Cục An toàn thực phẩm báo cáo \n \n Quyền Cục trưởng Cục An toàn thực phẩm Chu Quốc Thịnh báo cáo sơ bộ nhóm văn bản, hồ sơ đã tổng hợp, soạn thảo về Dự án Luật An toàn thực phẩm (sửa đổi). Trong đó, đảm bảo sửa đổi theo hướng tăng cường áp dụng các biện pháp quản lý rủi ro, chuyển trọng tâm từ tiền kiểm sang hậu kiểm đối với các sản phẩm thực phẩm có mức độ nguy cơ thấp. Đồng thời, đẩy mạnh ứng dụng thủ tục hành chính điện tử trong đăng ký, công bố thực phẩm. Với các sản phẩm thực phẩm có nguy cơ cao, dễ bị sử dụng sai mục đích hoặc chứa chất cấm, Tổ soạn thảo xây dựng theo hướng có cơ chế kiểm soát đặc biệt và quy định cụ thể. Nội dung căn bản được quan tâm hiện nay là khung đề cương bộ hồ sơ cần tiến hành đồng bộ, đúng trình tự quy định tại Luật Ban hành văn bản quy phạm pháp luật, số 64/2025/QH15. \n \n \n \n \n \n \n \n Thành viên Tổ soạn thảo, bộ, ngành liên quan thảo luận \n \n Các thành viên Tổ soạn thảo Bộ, ngành liên quan cùng bàn thảo phương án khẩn trương hoàn thiện hồ sơ chính sách theo quy định của Luật Ban hành văn bản quy phạm pháp luật, trong khi phải đáp ứng đúng tiến độ theo ý kiến chỉ đạo của Phó Thủ tướng Chính phủ Lê Thành L
... [truncated, total 8671 chars]
================================================================================

================================================================================
Article ID: MOH_200fd9b540adb8f8 | Attempt: 1
Error: Cannot extract valid JSON from response: line 1 column 1 (char 0)
Raw response (11866 chars):
{
"id": "MOH_200fd9b540adb8f8",
"date_iso": "2025-12-03T00:00:00",
"full_text": "Thực hiện chỉ đạo của Chính phủ về cải cách thủ tục hành chính (TTHC) gắn với chuyển đổi số, ngày 8 tháng 9 năm 2025, Ủy ban nhân dân tỉnh Thái Nguyên đã ban hành Quyết định số 1086/QĐ-UBND phê duyệt 12 quy trình nội bộ trong giải quyết thủ tục hành chính lĩnh vực an toàn thực phẩm thuộc phạm vi chức năng quản lý của Sở Y tế tỉnh Thái Nguyên . Đây là bước triển khai quan trọng, góp phần cụ thể hóa quy định tại Nghị định số 118/2025/NĐ-CP của Chính phủ về thực hiện thủ tục hành chính theo cơ chế “một cửa, một cửa liên thông” tại Bộ phận Một cửa và Cổng Dịch vụ công quốc gia. \n \n Theo Quyết định này, UBND tỉnh Thái Nguyên đã bãi bỏ 13 quy trình nội bộ cũ được ban hành tại Quyết định số 327/QĐ-UBND ngày 24/7/2025, đồng thời thay thế bằng 12 quy trình nội bộ mới được chuẩn hóa, cập nhật và phù hợp hơn với thực tiễn quản lý nhà nước về an toàn thực phẩm. \n \n Các quy trình mới được thiết kế theo hướng đơn giản hóa, rõ trách nhiệm, rút ngắn thời gian xử lý , đồng thời đảm bảo công khai, minh bạch và đồng bộ với Hệ thống thông tin giải quyết thủ tục hành chính của tỉnh . Mỗi quy trình đều quy định chi tiết các bước tiếp nhận, xử lý, phê duyệt, ban hành và trả kết quả cho tổ chức, cá nhân, bảo đảm phù hợp với quy định tại các nghị định, thông tư hướng dẫn của Bộ Y tế và Văn phòng Chính phủ. \n \n Cụ thể, 12 quy trình nội bộ được phê duyệt bao gồm: \n \n Cấp giấy chứng nhận lưu hành tự do (CFS) đối với sản phẩm thực phẩm xuất khẩu thuộc quyền quản lý của Bộ Y tế. Sửa đổi, bổ sung, cấp lại giấy chứng nhận lưu hành tự do (CFS). Đăng ký nội dung quảng cáo đối với thực phẩm dinh dưỡng y học, thực phẩm dùng cho chế độ ăn đặc biệt, sản phẩm dinh dưỡng cho trẻ đến 36 tháng tuổi. Đăng ký bản công bố sản phẩm nhập khẩu. Đăng ký bản công bố sản phẩm sản xuất trong nước. Chỉ định cơ sở kiểm nghiệm thực phẩm phục vụ quản lý nhà nước. Đăng ký gia hạn chỉ định cơ sở kiểm nghiệm thực phẩm. Đăng ký thay đổi,
... [truncated, total 11866 chars]
================================================================================

================================================================================
Article ID: MOH_258c1213f9082471 | Attempt: 1
Error: Cannot extract valid JSON from response: line 1 column 1 (char 0)
Raw response (12577 chars):
{
"id": "MOH_258c1213f9082471",
"date_iso": "2025-12-03T00:00:00",
"full_text": "Ngày 28/7/2025, Thủ tướng Chính phủ Phạm Minh Chính đã chủ trì cuộc họp quan trọng tại trụ sở Chính phủ nhằm đánh giá tình hình, tiến độ và kết quả bước đầu của việc sắp xếp tổ chức bộ máy, đơn vị hành chính và vận hành mô hình tổ chức chính quyền địa phương hai cấp kể từ ngày 01/7/2025. Cuộc họp có sự tham dự của các Phó Thủ tướng, lãnh đạo nhiều bộ, ngành trung ương, thể hiện tầm quan trọng đặc biệt của quá trình đổi mới tổ chức bộ máy gắn với cải cách thủ tục hành chính và xây dựng nền hành chính phục vụ. \n \n Trong kết luận, Thủ tướng Phạm Minh Chính biểu dương nỗ lực của các bộ, ngành, địa phương trong việc khẩn trương triển khai sắp xếp tổ chức, tinh gọn bộ máy và vận hành mô hình chính quyền địa phương hai cấp. Kết quả đạt được bước đầu đã khẳng định tính đúng đắn của chủ trương cải cách hành chính, tinh giản đầu mối, nâng cao hiệu quả quản lý nhà nước và phục vụ người dân theo tinh thần Nghị quyết số 60-NQ/TW ngày 12/4/2025 của Hội nghị Trung ương 11 khóa XIII. \n \n Cải cách hành chính, đặc biệt là cải cách TTHC, được xác định là nhiệm vụ trọng tâm, xuyên suốt trong quá trình hoàn thiện mô hình chính quyền địa phương mới. Đây là giải pháp then chốt để nâng cao năng lực quản trị, đảm bảo tính thống nhất, thông suốt và hiệu quả trong hoạt động của các cấp chính quyền, đồng thời thúc đẩy quá trình chuyển đổi số quốc gia, hướng tới chính phủ số, nền kinh tế số và xã hội số. \n \n Một trong những trọng tâm được Thủ tướng yêu cầu là khẩn trương rà soát, hoàn thiện hệ thống pháp luật liên quan đến tổ chức và hoạt động của chính quyền địa phương hai cấp. Việc này nhằm tạo hành lang pháp lý đồng bộ, thống nhất, khắc phục tình trạng chồng chéo, mâu thuẫn trong quy định pháp luật – vốn là nguyên nhân gây ách tắc, chậm trễ trong xử lý thủ tục hành chính ở nhiều lĩnh vực. \n \n Thủ tướng giao các bộ, ngành chủ động trình cấp có thẩm quyền ban hành văn bản quy phạm pháp luật cụ thể hóa đầy 
... [truncated, total 12577 chars]
================================================================================

================================================================================
Article ID: MOH_0f45e297a9eeb7d7 | Attempt: 1
Error: Cannot extract valid JSON from response: line 1 column 1 (char 0)
Raw response (12477 chars):
{
"id": "MOH_0f45e297a9eeb7d7",
"date_iso": "2025-12-03T00:00:00",
"full_text": "Chiều 3/12, tại Trụ sở Trung ương Đảng, Tổng Bí thư Tô Lâm chủ trì buổi làm việc về tình hình thực hiện chủ trương, chính sách của Đảng và Nhà nước đối với người khuyết tật. \n \n \n \n Tổng Bí thư Tô Lâm phát biểu. Ảnh: Thống Nhất/TTXVN \n \n Dự buổi làm việc có các đồng chí Ủy viên Trung ương Đảng: Lê Thành Long, Phó Thủ tướng Chính phủ; Phạm Gia Túc, Chánh Văn phòng Trung ương Đảng; Lâm Thị Phương Thanh, Phó Chánh Văn phòng Trung ương Đảng; Nguyễn Đắc Vinh, Chủ nhiệm Ủy ban Văn hóa và Xã hội; Đào Hồng Lan, Bộ trưởng Bộ Y tế; đại diện các ban, bộ, ngành liên quan. \n \n Theo báo cáo của Bộ Y tế, Việt Nam hiện có hơn 8 triệu người khuyết tật. Người khuyết tật đặc biệt nặng và nặng được hưởng chế độ trợ cấp xã hội hằng tháng, cấp thẻ bảo hiểm y tế, hỗ trợ chi phí giáo dục, học tập. \n \n Cả nước có 165 cơ sở trợ giúp xã hội chăm sóc người khuyết tật (104 cơ sở công lập và 61 cơ sở ngoài công lập) đang chăm sóc khoảng 25.000 người khuyết tật, tâm thần và quản lý khoảng 80.000 người khuyết tật, người tâm thần tại cộng đồng. \n \n Các bộ, ngành và địa phương đã xây dựng và tổ chức triển khai các chương trình, kế hoạch, đề án nhằm thực hiện mục tiêu đến năm 2030: Tất cả người khuyết tật đặc biệt nặng và nặng được trợ cấp xã hội hàng tháng và cấp thẻ bảo hiểm y tế miễn phí; khoảng 90% người khuyết tật tiếp cận các dịch vụ y tế dưới các hình thức khác nhau; 80% trẻ em từ sơ sinh đến 6 tuổi được sàng lọc phát hiện sớm khuyết tật bẩm sinh, rối loạn phát triển và được can thiệp sớm các dạng khuyết tật; 90% người khuyết tật ở độ tuổi mầm non và phổ thông được tiếp cận giáo dục. Toàn bộ công trình xây mới và 50% công trình cũ bảo đảm điều kiện tiếp cận đối với người khuyết tật… \n \n Qua khảo sát thực tế, hiện nay, việc tiếp cận giao thông chưa phù hợp với việc di chuyển của người khuyết tật và sử dụng các thiết bị trợ giúp người khuyết tật là một trong những vấn đề khó khắc phục nhất. Nhiều công 
... [truncated, total 12477 chars]
================================================================================

================================================================================
Article ID: MOH_32b09401f8e156cd | Attempt: 1
Error: Schema: Missing claims category: NOT_ENOUGH_INFO
Raw response (10344 chars):
{
"id": "MOH_32b09401f8e156cd",
"date_iso": "2025-12-03T00:00:00",
"full_text": "Sáng 2-12, tiếp tục chương trình kỳ họp thứ mười, Quốc hội thảo luận ở hội trường về Dự thảo Nghị quyết của Quốc hội về một số cơ chế, chính sách đột phá cho công tác bảo vệ, chăm sóc và nâng cao sức khỏe nhân dân; Chủ trương đầu tư Chương trình mục tiêu quốc gia về chăm sóc sức khỏe, dân số và phát triển giai đoạn 2026 - 2035. \n \n \n \n Bộ trưởng Bộ Y tế Đào Hồng Lan phát biểu tiếp thu, giải trình ý kiến đại biểu Quốc hội. Ảnh: Quochoi.vn \n \n Phát biểu giải trình ý kiến các đại biểu Quốc hội, Bộ trưởng Bộ Y tế Đào Hồng Lan cho biết, Nghị quyết 72 đã nêu rõ rằng công tác bảo vệ chăm sóc sức khỏe nhân dân vừa là mục tiêu, động lực, nhiệm vụ chính trị hàng đầu, gắn liền với ưu tiên trong mọi chiến lược phát triển kinh tế - xã hội và trách nhiệm của toàn bộ hệ thống chính trị. \n \n Trong đó, trách nhiệm của ngành y tế rất lớn, gồm: Hoàn thiện thể chế; triển khai tổ chức thực hiện; nâng cao chất lượng dịch vụ; giải quyết vấn đề nguồn lực và nguồn nhân lực; phục vụ người dân tốt hơn và tăng tỉ lệ hài lòng cho người bệnh; đảm bảo các điều kiện cho y tế được phát triển. \n \n Theo Bộ trưởng Đào Hồng Lan, tinh thần xây dựng Nghị quyết 72 là đề xuất các giải pháp đột phá để giải quyết những vướng mắc lớn trong ngành y tế thời gian qua. Các văn bản hướng dẫn và Chương trình mục tiêu quốc gia hiện nay được xây dựng theo hướng đáp ứng việc triển khai các giải pháp đột phá này; đồng thời đảm bảo không trùng lắp với chương trình đầu tư công, các việc thường xuyên của ngành y tế, hay các chương trình dự án khác. \n \n “ Nghị quyết này được xây dựng trong bối cảnh đang triển khai sắp xếp chính quyền địa phương hai cấp và rà soát lại các quy hoạch, đòi hỏi phải cân nhắc nhiều yếu tố để đảm bảo tính khả thi về nguồn lực và khả năng tổ chức thực hiện”, Bộ trưởng Đào Hồng Lan nhấn mạnh. \n \n Về vấn đề khám sức khỏe định kỳ và khám sàng lọc, Bộ trưởng Đào Hồng Lan cho biết, trong kỳ họp này dự kiến Qu
... [truncated, total 10344 chars]
================================================================================

================================================================================
Article ID: MOH_66af52cb2a5cbbb0 | Attempt: 1
Error: Cannot extract valid JSON from response: line 1 column 1 (char 0)
Raw response (15242 chars):
{
"id": "MOH_66af52cb2a5cbbb0",
"date_iso": "2025-12-02T00:00:00",
"full_text": "Ngày 1/12/2025, Phó Thủ tướng Nguyễn Chí Dũng vừa ký Quyết định số 2629/QĐ-TTg của Thủ tướng Chính phủ phê duyệt Chương trình phát triển Chính phủ số. \n \n \n \n Mục tiêu chung đến năm 2030, Việt Nam hoàn thành xây dựng Chính phủ số, hình thành Chính phủ thông minh vận hành trên nền tảng dữ liệu lớn và trí tuệ nhân tạo \n \n Phát triển dữ liệu trở thành tài nguyên chiến lược, nền tảng của Chính phủ số \n \n Quyết định nêu rõ quan điểm của Chương trình phát triển Chính phủ số (Chương trình) là phát triển các dịch vụ số bao trùm, rộng khắp dựa trên nguyên tắc lấy người dân, doanh nghiệp làm trung tâm, chủ thể, đối tượng phục vụ, đồng sáng tạo các dịch vụ số. Lấy người dùng làm trung tâm với hệ sinh thái dịch vụ hợp nhất, không ai bị bỏ lại phía sau. \n \n Chuyển đổi số toàn diện trong các cơ quan nhà nước, bảo đảm mọi hoạt động tham mưu, xử lý công việc, quản lý, quản trị nội bộ, lãnh đạo, chỉ đạo và điều hành dựa trên dữ liệu theo thời gian thực; quản trị dựa trên kết quả. Kế thừa kết quả đã có, bảo đảm sự thống nhất, đồng bộ, liên thông, chia sẻ dữ liệu, không trùng lặp trong toàn hệ thống chính trị từ trung ương đến địa phương, phù hợp với chính quyền địa phương hai cấp. \n \n Phân cấp, phân quyền mạnh mẽ trên nền tảng số. Phát triển hạ tầng số, công nghệ số đồng bộ, hiện đại, an ninh, an toàn, hiệu quả, tránh lãng phí. Hình thành các trung tâm dữ liệu quy mô lớn, theo tiêu chuẩn xanh, bám sát quy hoạch vùng năng lượng. Xây dựng, hoàn thiện các nền tảng số quốc gia và nền tảng số dùng chung của ngành, lĩnh vực theo hướng phát triển tập trung, thống nhất, dùng chung toàn quốc; bảo đảm tránh trùng lặp và bảo đảm kết nối, liên thông đồng bộ. Các nền tảng số này sẽ được trung ương đầu tư, xây dựng và triển khai đồng bộ, xuyên suốt đến tận cấp cơ sở (bao gồm cấp tỉnh và cấp xã). \n \n Thúc đẩy phát triển dữ liệu mở, nâng cao tính minh bạch, trách nhiệm giải trình và đổi mới sáng tạo. Phát 
... [truncated, total 15242 chars]
================================================================================

================================================================================
Article ID: MOH_8cfd7e6fbe8395a7 | Attempt: 1
Error: Cannot extract valid JSON from response: line 1 column 1 (char 0)
Raw response (9504 chars):
{
"id": "MOH_8cfd7e6fbe8395a7",
"date_iso": "2025-12-01T00:00:00",
"full_text": "Ngày 28/11/2025, Bệnh viện Bạch Mai long trọng tổ chức Đại hội Công đoàn lần thứ XXXI, nhiệm kỳ 2025 - 2030 với sự hiện diện của lãnh đạo Công đoàn Y tế Việt Nam, Đảng ủy - Ban Giám đốc Bệnh viện cùng gần 200 đại biểu đại diện cho hơn 4.000 đoàn viên công đoàn Bệnh viện. \n \n Nhiệm kỳ 2023-2025: Dấu ấn đổi mới và nhân văn \n \n Thay mặt Ban Chấp hành Công đoàn, TS.BS Đoàn Thu Trà - Chủ tịch Công đoàn Bệnh viện trình bày báo cáo tổng kết nhiệm kỳ, nhấn mạnh Công đoàn Bệnh viện Bạch Mai đã phát huy vai trò nòng cốt, trở thành điểm tựa vững chắc cho người lao động trong giai đoạn nhiều biến động của ngành y tế. \n \n Trong nhiệm kỳ, Công đoàn đã chăm lo thiết thực cho đoàn viên: Thăm hỏi hơn 400 lượt cán bộ ốm đau, hỗ trợ 89 trường hợp bệnh hiểm nghèo, tổng kinh phí 8,89 tỷ đồng; Đề nghị Công đoàn Y tế Việt Nam hỗ trợ dịp Tết cho 501 đoàn viên, trị giá 278 triệu đồng; Huy động nguồn lực xã hội hóa hỗ trợ khó khăn, thiên tai, hoạn nạn: 2 tỷ đồng. \n \n Công tác chăm lo đời sống tinh thần được chú trọng: Tặng quà cho 3.000 nữ cán bộ nhân dịp 8/3, 20/10, kinh phí 7 tỷ đồng; Tổ chức các chương trình dành cho hơn 5.000 cháu thiếu nhi (1/6, Trung thu) với trị giá 3 tỷ đồng; khen thưởng học sinh giỏi: 2 tỷ đồng. \n \n Phong trào thi đua - văn hóa - thể thao ghi nhận thành tích nổi bật: Giải Nhất toàn đoàn Hội thao Ngành Y tế 2025; Giải Nhất Hội khỏe công nhân viên chức quận Đống Đa 2024; Vô địch Giải bóng đá VietinBank mở rộng 2023-2025; Giải chạy “Bạch Mai vì sức khỏe nhân dân” thu hút hơn 5.000 người tham gia… \n \n \n \n Phong trào tình nguyện tiếp tục lan tỏa: Hơn 3.000 đơn vị máu được hiến tặng qua chương trình “Một dòng máu – Một tấm lòng”; Nhiều chương trình khám chữa bệnh thiện nguyện, đến với bà con vùng sâu, vùng xa, chịu ảnh hưởng nặng nề của bão lũ được tổ chức… \n \n TS.BS Đoàn Thu Trà khẳng định: “Công đoàn Bệnh viện Bạch Mai kiên định đặt người lao động vào vị trí trung tâm, đồng 
... [truncated, total 9504 chars]
================================================================================

================================================================================
Article ID: MOH_efc291ff0c8f08db | Attempt: 1
Error: Cannot extract valid JSON from response: line 1 column 1 (char 0)
Raw response (8297 chars):
{
"id": "MOH_efc291ff0c8f08db",
"date_iso": "2025-11-29T00:00:00",
"full_text": "Ngày 28/11/2025, Ủy viên Bộ Chính trị, Thường trực Ban Bí thư Trần Cẩm Tú ký ban hành Kết luận của Bộ Chính trị, Ban Bí thư về tình hình, kết quả hoạt động của bộ máy hệ thống chính trị và chính quyền địa phương 2 cấp (Kết luận số 221-KL/TW). \n \n \n \n Hoạt động khám, chữa bệnh tại một trạm y tế. Ảnh: Nguyễn Cúc/TTXVN \n \n Kết luận nêu: Tại phiên họp ngày 28/11/2025, sau khi nghe Báo cáo của Ban Tổ chức Trung ương về tình hình, kết quả hoạt động của bộ máy hệ thống chính trị và chính quyền địa phương 2 cấp tháng 11/2025 (Báo cáo số 565-BC/BTCTW, ngày 27/11/2025), Bộ Chính trị, Ban Bí thư kết luận như sau: \n \n 1. Cơ bản thống nhất với Báo cáo của Ban Tổ chức Trung ương về tình hình, kết quả hoạt động của bộ máy hệ thống chính trị và chính quyền địa phương 2 cấp tháng 11/2025. \n \n Bộ Chính trị, Ban Bí thư ghi nhận và biểu dương các cấp uỷ, tổ chức đảng, Đảng uỷ Chính phủ, Đảng uỷ Quốc hội, Ban Tổ chức Trung ương, các bộ, ngành, các tỉnh uỷ, thành uỷ và đảng uỷ xã, phường, đặc khu… đã tiếp tục nỗ lực, khắc phục khó khăn, kịp thời hướng dẫn, xử lý, tháo gỡ vướng mắc phát sinh, góp phần bảo đảm bộ máy hệ thống chính trị và chính quyền địa phương 2 cấp hoạt động ổn định, thông suốt và ngày càng tốt hơn. \n \n 2. Yêu cầu các cấp uỷ, tổ chức đảng, các cơ quan, đơn vị, địa phương nghiêm túc triển khai kịp thời, hiệu quả các kết luận, chỉ đạo của Ban Chấp hành Trung ương Đảng, Bộ Chính trị, Ban Bí thư về xây dựng, hoàn thiện tổ chức bộ máy hệ thống chính trị, vận hành chính quyền địa phương 2 cấp. \n \n Yêu cầu các đồng chí bí thư tỉnh uỷ, thành uỷ, các đồng chí bộ trưởng, thủ trưởng cơ quan ngang bộ phải quán xuyến và trực tiếp chỉ đạo những nhiệm vụ, nội dung công việc của bộ, ngành, địa phương mình được phân công; tăng cường đi cơ sở nắm tình hình, kiểm tra, đôn đốc, kịp thời chỉ đạo giải quyết, tháo gỡ khó khăn, vướng mắc phát sinh, nhất là việc xử lý trụ sở, tài sản công, bảo đảm các 
... [truncated, total 8297 chars]
================================================================================

================================================================================
Article ID: MOH_3cc6d650eb929de9 | Attempt: 1
Error: Cannot extract valid JSON from response: line 1 column 1 (char 0)
Raw response (10688 chars):
{
"id": "MOH_3cc6d650eb929de9",
"date_iso": "2025-11-17T00:00:00",
"full_text": "Chính phủ đề xuất từ năm 2026, người dân được khám sức khỏe định kỳ hoặc khám sàng lọc miễn phí ít nhất mỗi năm 1 lần theo nhóm đối tượng và lộ trình ưu tiên; từ năm 2027, thực hiện mức hưởng trong phạm vi quyền lợi bảo hiểm y tế 100% cho đối tượng thuộc hộ gia đình cận nghèo, đối tượng người cao tuổi từ đủ 75 tuổi trở lên. \n \n Sáng 17/11/2025, thừa ủy quyền của Thủ tướng Chính phủ, Bộ trưởng Y tế Đào Hồng Lan đã trình Quốc hội dự thảo Nghị quyết của Quốc hội về một số cơ chế, chính sách đột phá cho công tác bảo vệ, chăm sóc và nâng cao sức khỏe nhân dân. \n \n Việc ban hành Nghị quyết nhằm triển khai hiệu quả Nghị quyết 72-NQ/TW ngày 9/9/2025 của Bộ Chính trị, trong đó xác định một số cơ chế, chính sách đặc thù cần triển khai thực hiện ngay các nội dung mà Bộ Chính trị giao và bảo đảm tính khả thi. \n \n Dự thảo Nghị quyết bao gồm 7 Điều quy định về: mở rộng quyền lợi chăm sóc sức khỏe và giảm chi phí y tế cho người dân; chế độ, chính sách về tiền lương và phụ cấp cho nhân viên y tế; đào tạo chuyên sâu đặc thù trong lĩnh vực sức khỏe; đất đai, thuế, tài chính... \n \n Đối với nhóm chính sách về giảm chi phí y tế cho người dân, Bộ trưởng Đào Hồng Lan cho biết, Chính phủ đề xuất từ năm 2026, người dân được khám sức khỏe định kỳ hoặc khám sàng lọc miễn phí ít nhất mỗi năm 1 lần theo nhóm đối tượng và lộ trình ưu tiên. \n \n Tổ chức phối hợp giữa các hoạt động khám sức khỏe định kỳ, khám sàng lọc miễn phí, kiểm tra sức khỏe của học sinh, sinh viên, khám bệnh nghề nghiệp, khám sức khỏe cho người lao động theo quy định và khám bệnh, chữa bệnh bảo hiểm y tế để khám bệnh miễn phí và hoàn thành việc tạo lập sổ sức khỏe điện tử cho toàn bộ người dân và giao Chính phủ xác định các nguồn kinh phí phù hợp để thực hiện. \n \n \n \n Bộ trưởng Y tế Đào Hồng Lan. (Ảnh: DUY LINH) \n \n Nguồn kinh phí thực hiện khám sức khỏe định kỳ do doanh nghiệp chi cho người lao động theo quy định, hoặc được bảo đả
... [truncated, total 10688 chars]
================================================================================

================================================================================
Article ID: MOH_eddb0f799fcac654 | Attempt: 1
Error: Cannot extract valid JSON from response: line 1 column 1 (char 0)
Raw response (12131 chars):
{
"id": "MOH_eddb0f799fcac654",
"date_iso": "2025-11-17T00:00:00",
"full_text": "Tiếp tục Kỳ họp thứ Mười, Quốc hội đã nghe Tờ trình và báo cáo thẩm tra dự thảo Nghị quyết của Quốc hội về một số cơ chế, chính sách đột phá cho công tác bảo vệ, chăm sóc và nâng cao sức khỏe Nhân dân. \n \n Thực hiện khám sức khỏe định kỳ miễn phí ít nhất mỗi năm 1 lần theo nhóm đối tượng và lộ trình ưu tiên \n \n Trình bày Tờ trình Dự thảo Nghị quyết của Quốc hội về một số cơ chế, chính sách đột phá cho công tác bảo vệ, chăm sóc và nâng cao sức khỏe Nhân dân, Bộ trưởng Bộ Y tế Đào Hồng Lan cho biết, mục đích ban hành Nghị quyết nhằm triển khai hiệu quả Nghị quyết 72-NQ/TW trong đó xác định một số cơ chế, chính sách đặc thù cần triển khai thực hiện ngay các nội dung mà Bộ Chính trị giao và bảo đảm tính khả thi. \n \n \n \n Bộ trưởng Bộ Y tế Đào Hồng Lan trình bày Tờ trình Dự thảo Nghị quyết của Quốc hội về một số cơ chế, chính sách đột phá cho công tác bảo vệ, chăm sóc và nâng cao sức khỏe Nhân dân. Ảnh: Hồ Long \n \n Bộ trưởng Bộ Y tế cũng cho biết, Nghị quyết số 72-NQ/TW quy định 6 nhóm nhiệm vụ gồm: Đổi mới mạnh mẽ tư duy và hành động trong lãnh đạo, chỉ đạo, tổ chức thực hiện công tác bảo vệ, chăm sóc và nâng cao sức khỏe nhân dân; Kịp thời hoàn thiện thể chế, tập trung nâng cao năng lực hệ thống y tế, nhất là y tế dự phòng, y tế cơ sở, phát huy thế mạnh của y học cổ truyền; Nâng cao y đức, phát triển nhân lực y tế chất lượng, đồng bộ, đáp ứng sự hài lòng của người bệnh và hội nhập quốc tế; Đẩy mạnh cải cách tài chính y tế và phát triển hiệu quả, bền vững chính sách bảo hiểm y tế; Đột phá phát triển khoa học, công nghệ, đổi mới sáng tạo và chuyển đổi số toàn diện trong chăm sóc sức khỏe; Đẩy mạnh phát triển y tế tư nhân, huy động và sử dụng hiệu quả mọi nguồn lực cho phát triển y tế. \n \n Qua rà soát, Bộ Y tế nhận thấy, một số nội dung cần thực hiện thường xuyên, liên tục, thuộc trách nhiệm của các cơ quan khác nhau và đã có văn bản điều chỉnh như các vấn đề về tuyên truyền, chuyê
... [truncated, total 12131 chars]
================================================================================

================================================================================
Article ID: MOH_eddb0f799fcac654 | Attempt: 2
Error: Cannot extract valid JSON from response: line 1 column 1 (char 0)
Raw response (11303 chars):
{
"id": "MOH_eddb0f799fcac654",
"date_iso": "2025-11-17T00:00:00",
"full_text": "Tiếp tục Kỳ họp thứ Mười, Quốc hội đã nghe Tờ trình và báo cáo thẩm tra dự thảo Nghị quyết của Quốc hội về một số cơ chế, chính sách đột phá cho công tác bảo vệ, chăm sóc và nâng cao sức khỏe Nhân dân. \n \n Thực hiện khám sức khỏe định kỳ miễn phí ít nhất mỗi năm 1 lần theo nhóm đối tượng và lộ trình ưu tiên \n \n Trình bày Tờ trình Dự thảo Nghị quyết của Quốc hội về một số cơ chế, chính sách đột phá cho công tác bảo vệ, chăm sóc và nâng cao sức khỏe Nhân dân, Bộ trưởng Bộ Y tế Đào Hồng Lan cho biết, mục đích ban hành Nghị quyết nhằm triển khai hiệu quả Nghị quyết 72-NQ/TW trong đó xác định một số cơ chế, chính sách đặc thù cần triển khai thực hiện ngay các nội dung mà Bộ Chính trị giao và bảo đảm tính khả thi. \n \n \n \n Bộ trưởng Bộ Y tế Đào Hồng Lan trình bày Tờ trình Dự thảo Nghị quyết của Quốc hội về một số cơ chế, chính sách đột phá cho công tác bảo vệ, chăm sóc và nâng cao sức khỏe Nhân dân. Ảnh: Hồ Long \n \n Bộ trưởng Bộ Y tế cũng cho biết, Nghị quyết số 72-NQ/TW quy định 6 nhóm nhiệm vụ gồm: Đổi mới mạnh mẽ tư duy và hành động trong lãnh đạo, chỉ đạo, tổ chức thực hiện công tác bảo vệ, chăm sóc và nâng cao sức khỏe nhân dân; Kịp thời hoàn thiện thể chế, tập trung nâng cao năng lực hệ thống y tế, nhất là y tế dự phòng, y tế cơ sở, phát huy thế mạnh của y học cổ truyền; Nâng cao y đức, phát triển nhân lực y tế chất lượng, đồng bộ, đáp ứng sự hài lòng của người bệnh và hội nhập quốc tế; Đẩy mạnh cải cách tài chính y tế và phát triển hiệu quả, bền vững chính sách bảo hiểm y tế; Đột phá phát triển khoa học, công nghệ, đổi mới sáng tạo và chuyển đổi số toàn diện trong chăm sóc sức khỏe; Đẩy mạnh phát triển y tế tư nhân, huy động và sử dụng hiệu quả mọi nguồn lực cho phát triển y tế. \n \n Qua rà soát, Bộ Y tế nhận thấy, một số nội dung cần thực hiện thường xuyên, liên tục, thuộc trách nhiệm của các cơ quan khác nhau và đã có văn bản điều chỉnh như các vấn đề về tuyên truyền, chuyê
... [truncated, total 11303 chars]
================================================================================

================================================================================
Article ID: MOH_2ebe07e30b4bd9cf | Attempt: 1
Error: Cannot extract valid JSON from response: line 1 column 1 (char 0)
Raw response (8869 chars):
{
"id": "MOH_2ebe07e30b4bd9cf",
"date_iso": "2025-11-16T00:00:00",
"full_text": "Theo kế hoạch này, từ năm 2026 sẽ có 13 bệnh truyền nhiễm có vaccine phòng bệnh được triển khai tiêm miễn phí trong Chương trình tiêm chủng mở rộng cho trẻ em và phụ nữ mang thai. \n \n \n \n Chương trình tiêm chủng mở rộng đang cung cấp miễn phí 12 loại vaccine phòng 11 bệnh truyền nhiễm cho trẻ em và phụ nữ có thai - Ảnh: VGP/HM \n \n Bộ Y tế ban hành Quyết định 2780/QĐ-BYT về kế hoạch tiêm chủng mở rộng giai đoạn 3 năm tới (2026-2028). Kế hoạch này chỉ rõ 13 bệnh truyền nhiễm có vaccine phòng bệnh được triển khai tiêm miễn phí trong Chương trình tiêm chủng mở rộng cho trẻ em và phụ nữ mang thai. \n \n Các bệnh này gồm: viêm gan B, lao, bạch hầu, ho gà, uốn ván, bại liệt, bệnh do Haemophilus influenzae týp B, sởi, rubella, viêm não Nhật Bản B, tiêu chảy do virus Rota, viêm phổi/viêm màng não do phế cầu và ung thư cổ tử cung do virus HPV. \n \n Theo Bộ Y tế, kế hoạch này nhằm tiếp tục duy trì thành quả của công tác tiêm chủng, tiếp tục triển khai lộ trình tăng số lượng vaccine trong Chương trình tiêm chủng mở rộng đã được Chính phủ phê duyệt, đồng thời nâng cao hiệu quả của công tác tiêm chủng mở rộng với mục tiêu đến năm 2030 bảo đảm tỷ lệ tiêm chủng mở rộng đạt 95% với 14 loại vaccine. \n \n Theo kế hoạch, riêng với 2 loại vaccine mới là vaccine phế cầu và vaccine phòng virus HPV, Bộ Y tế dự kiến nhu cầu vaccine trong Chương trình tiêm chủng mở rộng quốc gia trong 3 năm tới sẽ được ước tính trên cơ sở đăng ký nhu cầu của 34 tỉnh/ thành phố. \n \n Trong đó, nhu cầu vaccine hàng năm bao gồm số vaccine sử dụng cho đối tượng thuộc Chương trình tiêm chủng mở rộng của năm và số vaccine để tiêm bù mũi cho những đối tượng chưa được tiêm chủng hoặc tiêm chủng chưa đủ mũi của những năm trước. \n \n Riêng đối với 2 loại vaccine là phế cầu và phòng virus HPV, nhu cầu hàng năm sẽ được xác định theo lộ trình đã báo cáo Chính phủ tại Báo cáo số 459/BC-BYT ngày 11/4/2025 về số liều vaccine và nhu cầ
... [truncated, total 8869 chars]
================================================================================

================================================================================
Article ID: MOH_f8489c1920b6088a | Attempt: 1
Error: Cannot extract valid JSON from response: line 1 column 1 (char 0)
Raw response (7676 chars):
{
"id": "MOH_f8489c1920b6088a",
"date_iso": "2025-11-12T00:00:00",
"full_text": "Việt Nam chính thức triển khai thử nghiệm lâm sàng giai đoạn 3 vắc-xin phòng sốt xuất huyết V181, với sự tham gia của 4.000 trẻ em và thanh thiếu niên tại các tỉnh Đồng Tháp, An Giang và Đà Nẵng. \n \n Viện Pasteur TP.HCM phối hợp với ngành y tế Đồng Tháp tổ chức Hội nghị triển khai nghiên cứu lâm sàng vắc-xin V181 (Mobilize-1) tại tỉnh này. \n \n Theo số liệu của Bộ Y tế, từ đầu năm đến hết tháng 10/2025, cả nước ghi nhận 135.515 ca mắc sốt xuất huyết và 26 trường hợp tử vong, tăng 28,1% về số mắc và tăng 5 ca tử vong so với cùng kỳ năm 2024. \n \n Khu vực phía Nam là nơi chịu ảnh hưởng nặng nề, chiếm hơn 76% tổng số ca, riêng TP.HCM ghi nhận hơn 48.000 ca mắc với 16 ca tử vong. \n \n \n \n Ảnh minh họa. \n \n PGS-TS.BS.CKII Nguyễn Vũ Trung, Viện trưởng Viện Pasteur TP.HCM nhận định, chu kỳ và thời điểm bùng phát dịch hiện nay đã thay đổi, nguy cơ dịch bệnh ngày càng phức tạp. Đặc biệt, năm nay thời tiết thất thường, thường xuyên xảy ra bão lũ, tạo điều kiện thuận lợi cho muỗi truyền bệnh phát triển. \n \n Theo WHO, khoảng 50% dân số toàn cầu đang sống trong vùng có nguy cơ nhiễm virus Dengue. Năm 2019, WHO xếp bệnh sốt xuất huyết Dengue vào danh sách 10 vấn đề sức khỏe toàn cầu. \n \n Việt Nam, đặc biệt là khu vực phía Nam, là vùng lưu hành cao, chiếm hơn 60% số ca mắc hàng năm. Dịch bệnh có tính lưu hành cao, diễn biến phức tạp theo mùa, gây ảnh hưởng nghiêm trọng đến sức khỏe cộng đồng và hệ thống y tế. \n \n Việc nghiên cứu phát triển vắc-xin phòng sốt xuất huyết được Viện trưởng Nguyễn Vũ Trung đánh giá là một bước tiến quan trọng, mang ý nghĩa khoa học, y tế và xã hội sâu sắc. \n \n Nghiên cứu giai đoạn 3 được triển khai tại 6 nước Đông Nam Á gồm Việt Nam, Malaysia, Philippines, Singapore, Indonesia và Thái Lan, với 12.000 trẻ em từ 2 đến dưới 16 tuổi và thanh thiếu niên 16-17 tuổi tham gia, trong đó Việt Nam có 4.000 người. Đây là giai đoạn quyết định nhằm đánh giá hiệu quả bảo 
... [truncated, total 7676 chars]
================================================================================

================================================================================
Article ID: MOH_f8489c1920b6088a | Attempt: 2
Error: Cannot extract valid JSON from response: line 1 column 1 (char 0)
Raw response (7855 chars):
{
"id": "MOH_f8489c1920b6088a",
"date_iso": "2025-11-12T00:00:00",
"full_text": "Việt Nam chính thức triển khai thử nghiệm lâm sàng giai đoạn 3 vắc-xin phòng sốt xuất huyết V181, với sự tham gia của 4.000 trẻ em và thanh thiếu niên tại các tỉnh Đồng Tháp, An Giang và Đà Nẵng. \n \n Viện Pasteur TP.HCM phối hợp với ngành y tế Đồng Tháp tổ chức Hội nghị triển khai nghiên cứu lâm sàng vắc-xin V181 (Mobilize-1) tại tỉnh này. \n \n Theo số liệu của Bộ Y tế, từ đầu năm đến hết tháng 10/2025, cả nước ghi nhận 135.515 ca mắc sốt xuất huyết và 26 trường hợp tử vong, tăng 28,1% về số mắc và tăng 5 ca tử vong so với cùng kỳ năm 2024. \n \n Khu vực phía Nam là nơi chịu ảnh hưởng nặng nề, chiếm hơn 76% tổng số ca, riêng TP.HCM ghi nhận hơn 48.000 ca mắc với 16 ca tử vong. \n \n \n \n Ảnh minh họa. \n \n PGS-TS.BS.CKII Nguyễn Vũ Trung, Viện trưởng Viện Pasteur TP.HCM nhận định, chu kỳ và thời điểm bùng phát dịch hiện nay đã thay đổi, nguy cơ dịch bệnh ngày càng phức tạp. Đặc biệt, năm nay thời tiết thất thường, thường xuyên xảy ra bão lũ, tạo điều kiện thuận lợi cho muỗi truyền bệnh phát triển. \n \n Theo WHO, khoảng 50% dân số toàn cầu đang sống trong vùng có nguy cơ nhiễm virus Dengue. Năm 2019, WHO xếp bệnh sốt xuất huyết Dengue vào danh sách 10 vấn đề sức khỏe toàn cầu. \n \n Việt Nam, đặc biệt là khu vực phía Nam, là vùng lưu hành cao, chiếm hơn 60% số ca mắc hàng năm. Dịch bệnh có tính lưu hành cao, diễn biến phức tạp theo mùa, gây ảnh hưởng nghiêm trọng đến sức khỏe cộng đồng và hệ thống y tế. \n \n Việc nghiên cứu phát triển vắc-xin phòng sốt xuất huyết được Viện trưởng Nguyễn Vũ Trung đánh giá là một bước tiến quan trọng, mang ý nghĩa khoa học, y tế và xã hội sâu sắc. \n \n Nghiên cứu giai đoạn 3 được triển khai tại 6 nước Đông Nam Á gồm Việt Nam, Malaysia, Philippines, Singapore, Indonesia và Thái Lan, với 12.000 trẻ em từ 2 đến dưới 16 tuổi và thanh thiếu niên 16-17 tuổi tham gia, trong đó Việt Nam có 4.000 người. Đây là giai đoạn quyết định nhằm đánh giá hiệu quả bảo 
... [truncated, total 7855 chars]
================================================================================

================================================================================
Article ID: MOH_f8489c1920b6088a | Attempt: 3
Error: Cannot extract valid JSON from response: line 1 column 1 (char 0)
Raw response (7649 chars):
{
"id": "MOH_f8489c1920b6088a",
"date_iso": "2025-11-12T00:00:00",
"full_text": "Việt Nam chính thức triển khai thử nghiệm lâm sàng giai đoạn 3 vắc-xin phòng sốt xuất huyết V181, với sự tham gia của 4.000 trẻ em và thanh thiếu niên tại các tỉnh Đồng Tháp, An Giang và Đà Nẵng. \n \n Viện Pasteur TP.HCM phối hợp với ngành y tế Đồng Tháp tổ chức Hội nghị triển khai nghiên cứu lâm sàng vắc-xin V181 (Mobilize-1) tại tỉnh này. \n \n Theo số liệu của Bộ Y tế, từ đầu năm đến hết tháng 10/2025, cả nước ghi nhận 135.515 ca mắc sốt xuất huyết và 26 trường hợp tử vong, tăng 28,1% về số mắc và tăng 5 ca tử vong so với cùng kỳ năm 2024. \n \n Khu vực phía Nam là nơi chịu ảnh hưởng nặng nề, chiếm hơn 76% tổng số ca, riêng TP.HCM ghi nhận hơn 48.000 ca mắc với 16 ca tử vong. \n \n \n \n Ảnh minh họa. \n \n PGS-TS.BS.CKII Nguyễn Vũ Trung, Viện trưởng Viện Pasteur TP.HCM nhận định, chu kỳ và thời điểm bùng phát dịch hiện nay đã thay đổi, nguy cơ dịch bệnh ngày càng phức tạp. Đặc biệt, năm nay thời tiết thất thường, thường xuyên xảy ra bão lũ, tạo điều kiện thuận lợi cho muỗi truyền bệnh phát triển. \n \n Theo WHO, khoảng 50% dân số toàn cầu đang sống trong vùng có nguy cơ nhiễm virus Dengue. Năm 2019, WHO xếp bệnh sốt xuất huyết Dengue vào danh sách 10 vấn đề sức khỏe toàn cầu. \n \n Việt Nam, đặc biệt là khu vực phía Nam, là vùng lưu hành cao, chiếm hơn 60% số ca mắc hàng năm. Dịch bệnh có tính lưu hành cao, diễn biến phức tạp theo mùa, gây ảnh hưởng nghiêm trọng đến sức khỏe cộng đồng và hệ thống y tế. \n \n Việc nghiên cứu phát triển vắc-xin phòng sốt xuất huyết được Viện trưởng Nguyễn Vũ Trung đánh giá là một bước tiến quan trọng, mang ý nghĩa khoa học, y tế và xã hội sâu sắc. \n \n Nghiên cứu giai đoạn 3 được triển khai tại 6 nước Đông Nam Á gồm Việt Nam, Malaysia, Philippines, Singapore, Indonesia và Thái Lan, với 12.000 trẻ em từ 2 đến dưới 16 tuổi và thanh thiếu niên 16-17 tuổi tham gia, trong đó Việt Nam có 4.000 người. Đây là giai đoạn quyết định nhằm đánh giá hiệu quả bảo 
... [truncated, total 7649 chars]
================================================================================

================================================================================
Article ID: MOH_42b940b9946eb0b0 | Attempt: 1
Error: Cannot extract valid JSON from response: line 1 column 1 (char 0)
Raw response (7458 chars):
{
"id": "MOH_42b940b9946eb0b0",
"date_iso": "2025-11-12T00:00:00",
"full_text": "Giữa ánh đèn phòng mổ trong đêm, bàn tay bác sĩ trẻ Lục Chiến Thắng, Trưởng khoa Khám bệnh (Bệnh viện Đa khoa khu vực Tiên Yên) vẫn miệt mài bên ca phẫu thuật khẩn cấp, giành giật sự sống cho bệnh nhân chấn thương sọ não nặng. Mỗi đường dao, mỗi nhịp tim hồi sinh là một minh chứng cho tình yêu nghề, cho lời thề thiêng liêng của người thầy thuốc: “Tất cả vì sự sống con người”. \n \n \n \n Bác sĩ CKI Lục Chiến Thắng (phải) phẫu thuật cho bệnh nhân chấn thương sọ não. (Ảnh: Bệnh viện đa khoa khu vực Tiên Yên) \n \n Sinh năm 1988 tại xã Hải Lạng (tỉnh Quảng Ninh), trong một gia đình hiếu học, Lục Chiến Thắng sớm nuôi dưỡng ước mơ khoác lên mình tấm áo blouse trắng. Năm 2012, sau khi tốt nghiệp Đại học Y Hải Phòng, anh quyết định trở về quê hương công tác - nơi điều kiện còn thiếu thốn, nhiều ca bệnh nặng phải chuyển tuyến trên, nhưng chính điều đó lại thôi thúc anh gắn bó và cống hiến nhiều hơn cho quê hương. \n \n Những năm đầu làm việc tại Khoa Ngoại tổng hợp, bác sĩ trẻ Lục Chiến Thắng luôn miệt mài học hỏi, nâng cao tay nghề. Anh đã từng trải qua thời gian học tập, tu nghiệp tại Bệnh viện Đa khoa tỉnh Quảng Ninh, Bệnh viện Bãi Cháy, rồi Bệnh viện Chợ Rẫy (TP Hồ Chí Minh), tiếp thu nhiều kỹ thuật ngoại khoa hiện đại. Sau mỗi khóa học, anh lại mang kiến thức và kỹ thuật mới trở về phục vụ người dân quê mình, để họ được cứu chữa ngay tại tuyến cơ sở. \n \n Sau nhiều năm nỗ lực, bác sĩ Lục Chiến Thắng cùng đồng nghiệp mạnh dạn triển khai hàng loạt kỹ thuật khó mà trước đây Trung tâm Y tế Tiên Yên (nay là Bệnh viện Đa khoa khu vực Tiên Yên) chưa từng thực hiện: Phẫu thuật chấn thương sọ não, kết hợp xương phức tạp, nối mạch máu, chuyển vạt da, ghép da… Tính đến nay, anh đã trực tiếp phẫu thuật và cứu sống hàng chục ca chấn thương sọ não nặng, nhiều bệnh nhân thoát khỏi lưỡi hái tử thần nhờ “giờ vàng” được tận dụng kịp thời. \n \n Không chỉ giỏi chuyên môn, bác sĩ Lục Chiến Thắng còn là người
... [truncated, total 7458 chars]
================================================================================

================================================================================
Article ID: MOH_7334b80f0d4dbdc0 | Attempt: 1
Error: Cannot extract valid JSON from response: line 1 column 1 (char 0)
Raw response (9253 chars):
{
"id": "MOH_7334b80f0d4dbdc0",
"date_iso": "2025-11-12T00:00:00",
"full_text": "Sáng 11/11/2025, tại trụ sở Bộ Y tế, GS.TS Trần Văn Thuấn, Thứ trưởng Bộ Y tế, Chủ tịch Hội đồng Y khoa Quốc gia chủ trì cuộc họp trực tiếp kết hợp trực tuyến về tiến độ xây dựng quy trình kỹ thuật và định mức kinh tế - kỹ thuật dịch vụ khám bệnh, chữa bệnh. \n \n Tham dự cuộc họp, có đại biểu thuộc các Cục: Quản lý Khám, chữa bệnh, Quản lý Y Dược cổ truyền, Bà mẹ - Trẻ em; các Vụ: Pháp chế, Kế hoạch – Tài chính; đại diện các bệnh viện đầu mối và bệnh viện tham gia xây dựng quy trình kỹ thuật và định mức kinh tế - kỹ thuật dịch vụ khám bệnh, chữa bệnh. \n \n \n \n Quang cảnh cuộc họp \n \n Đại diện Cục Quản lý Khám, chữa bệnh báo cáo cùng Thứ trưởng Trần Văn Thuấn và đại biểu tham gia cuộc họp về tiến độ triển khai xây dựng quy trình kỹ thuật và định mức kinh tế - kỹ thuật dịch vụ khám bệnh, chữa bệnh. Để xây dựng được định mức kinh tế - kỹ thuật, ngoài áp dụng theo văn bản quy phạm pháp luật thì kỹ thuật đó đã được cấp có thẩm quyền phê duyệt và đã được chỉ định, thực hiện tại bệnh viện; có minh chứng nguồn lực tiêu hao thực hiện kỹ thuật. Đến thời điểm báo cáo tại cuộc họp, đã có: Tổng số kỹ thuật theo Phụ lục 02 Thông tư số 23/2024/TT-BYTđã giao cho các bệnh viện xây dựng: 9.033 kỹ thuật; tổng số kỹ thuật đủ điều kiện xây dựng định mức kinh tế kỹ thuật đạt 5.386 kỹ thuật; tổng số dự thảo định mức kinh tế kỹ thuật gửi về Cục Quản lý Khám, chữa bệnh là 2.790 kỹ thuật. \n \n \n \n \n \n Đại diện các đơn vị thảo luận \n \n Cục Quản lý Khám, chữa bệnh cũng thống kê danh sách các bệnh viện đã có dự thảo định mức kinh tế kỹ thuật, tiêu biểu như: Bệnh viện Bạch Mai; Bệnh viện Hữu nghị Việt Đức; Bệnh viện Da liễu Trung ương; Bệnh viện Đại học Y Dược TP.HCM; Bệnh viện Mắt Trung ương; Bệnh viện Tai Mũi Họng Trung ương; Bệnh viện Phụ sản Trung ương; Bệnh viện Phụ sản Hà Nội; Bệnh viện Bỏng Quốc gia; Bệnh viện Mắt Đà Nẵng; Bệnh viện Nội tiết Trung ương; Bệnh viện Răng Hàm Mặt Trung ương; Bệnh việ
... [truncated, total 9253 chars]
================================================================================

================================================================================
Article ID: MOH_7334b80f0d4dbdc0 | Attempt: 2
Error: Cannot extract valid JSON from response: line 1 column 1 (char 0)
Raw response (9625 chars):
{
"id": "MOH_7334b80f0d4dbdc0",
"date_iso": "2025-11-12T00:00:00",
"full_text": "Sáng 11/11/2025, tại trụ sở Bộ Y tế, GS.TS Trần Văn Thuấn, Thứ trưởng Bộ Y tế, Chủ tịch Hội đồng Y khoa Quốc gia chủ trì cuộc họp trực tiếp kết hợp trực tuyến về tiến độ xây dựng quy trình kỹ thuật và định mức kinh tế - kỹ thuật dịch vụ khám bệnh, chữa bệnh. \n \n Tham dự cuộc họp, có đại biểu thuộc các Cục: Quản lý Khám, chữa bệnh, Quản lý Y Dược cổ truyền, Bà mẹ - Trẻ em; các Vụ: Pháp chế, Kế hoạch – Tài chính; đại diện các bệnh viện đầu mối và bệnh viện tham gia xây dựng quy trình kỹ thuật và định mức kinh tế - kỹ thuật dịch vụ khám bệnh, chữa bệnh. \n \n \n \n Quang cảnh cuộc họp \n \n Đại diện Cục Quản lý Khám, chữa bệnh báo cáo cùng Thứ trưởng Trần Văn Thuấn và đại biểu tham gia cuộc họp về tiến độ triển khai xây dựng quy trình kỹ thuật và định mức kinh tế - kỹ thuật dịch vụ khám bệnh, chữa bệnh. Để xây dựng được định mức kinh tế - kỹ thuật, ngoài áp dụng theo văn bản quy phạm pháp luật thì kỹ thuật đó đã được cấp có thẩm quyền phê duyệt và đã được chỉ định, thực hiện tại bệnh viện; có minh chứng nguồn lực tiêu hao thực hiện kỹ thuật. Đến thời điểm báo cáo tại cuộc họp, đã có: Tổng số kỹ thuật theo Phụ lục 02 Thông tư số 23/2024/TT-BYTđã giao cho các bệnh viện xây dựng: 9.033 kỹ thuật; tổng số kỹ thuật đủ điều kiện xây dựng định mức kinh tế kỹ thuật đạt 5.386 kỹ thuật; tổng số dự thảo định mức kinh tế kỹ thuật gửi về Cục Quản lý Khám, chữa bệnh là 2.790 kỹ thuật. \n \n \n \n \n \n Đại diện các đơn vị thảo luận \n \n Cục Quản lý Khám, chữa bệnh cũng thống kê danh sách các bệnh viện đã có dự thảo định mức kinh tế kỹ thuật, tiêu biểu như: Bệnh viện Bạch Mai; Bệnh viện Hữu nghị Việt Đức; Bệnh viện Da liễu Trung ương; Bệnh viện Đại học Y Dược TP.HCM; Bệnh viện Mắt Trung ương; Bệnh viện Tai Mũi Họng Trung ương; Bệnh viện Phụ sản Trung ương; Bệnh viện Phụ sản Hà Nội; Bệnh viện Bỏng Quốc gia; Bệnh viện Mắt Đà Nẵng; Bệnh viện Nội tiết Trung ương; Bệnh viện Răng Hàm Mặt Trung ương; Bệnh việ
... [truncated, total 9625 chars]
================================================================================

================================================================================
Article ID: MOH_b124dcdfb55c5010 | Attempt: 1
Error: Cannot extract valid JSON from response: line 1 column 1 (char 0)
Raw response (8894 chars):
{
"id": "MOH_b124dcdfb55c5010",
"date_iso": "2025-11-07T00:00:00",
"full_text": "Phát triển bệnh viện chuyên sâu tại các tỉnh, thành phố khi điều chỉnh Quy hoạch tổng thể quốc gia. Đó là một trong những định hướng tại Tờ trình về việc điều chỉnh Quy hoạch tổng thể quốc gia thời kỳ 2021–2030 vừa được Chính phủ trình Quốc hội tại Kỳ họp thứ 10. \n \n Sáng 7/11/2025, tại Kỳ họp thứ 10, Quốc hội nghe Tờ trình và Báo cáo thẩm tra về việc điều chỉnh Quy hoạch tổng thể quốc gia thời kỳ 2021–2030. \n \n Đầu tư cho y tế xã đáp ứng yêu cầu trong bối cảnh mới \n \n Trình bày Tờ trình, Bộ trưởng Bộ Tài chính Nguyễn Văn Thắng cho biết, về quan điểm, mục tiêu phát triển, việc điều chỉnh Quy hoạch tổng thể quốc gia thời kỳ 2021–2030 bổ sung một số nội hàm trong quan điểm phát triển, nhất là chủ động kiến tạo đột phá, lấy \"phát triển để duy trì ổn định, ổn định để thúc đẩy phát triển\", chú trọng khai thác hiệu quả không gian phát triển mới theo tinh thần của Dự thảo Báo cáo chính trị, Báo cáo KT-XH đã được Hội nghị Trung ương thông qua. \n \n Điều chỉnh mục tiêu tốc độ tăng trưởng GDP giai đoạn 2021–2030 đạt từ 10% trở lên, tốc độ tăng năng suất lao động đạt trên 8,5%/năm; đến năm 2030 GDP bình quân đầu người đạt khoảng 8.500 USD, chỉ số phát triển con người (HDI) đạt 0,78. \n \n \n \n Bộ trưởng Bộ Tài chính Nguyễn Văn Thắng trình bày Tờ trình. \n \n Về định hướng phát triển không gian KT-XH, tập trung điều chỉnh phân vùng KT-XH theo phương án đã được cấp có thẩm quyền thông qua, gồm 6 vùng, trong đó hai vùng có sự thay đổi cơ bản so với trước đây là vùng Bắc Trung Bộ (gồm 5 tỉnh, thành phố từ Thanh Hóa đến Thừa Thiên Huế) và vùng Duyên hải Nam Trung Bộ và Tây Nguyên (gồm 6 tỉnh, thành phố từ Đà Nẵng đến Lâm Đồng). \n \n Điều chỉnh mục tiêu tăng trưởng kinh tế của các vùng, bổ sung định hướng phát triển KT-XH, kết cấu hạ tầng phù hợp với tiềm năng, lợi thế, tăng cường liên kết vùng. \n \n Mở rộng phạm vi 4 vùng động lực quốc gia sang các khu vực lân cận đã có sự phát triển về côn
... [truncated, total 8894 chars]
================================================================================

================================================================================
Article ID: MOH_6aed3fef8b146406 | Attempt: 1
Error: Cannot extract valid JSON from response: line 1 column 1 (char 0)
Raw response (14365 chars):
{
"id": "MOH_6aed3fef8b146406",
"date_iso": "2025-11-06T00:00:00",
"full_text": "Thủ tướng Chính phủ Phạm Minh Chính vừa ký Chỉ thị số 33/CT-TTg ngày 6/11/2025 về đẩy mạnh việc thực hiện đúng tiến độ, hiệu quả các nhiệm vụ được giao tại Nghị quyết số 71/NQ-CP ngày 1/4/2025 của Chính phủ và các Thông báo kết luận của Ban Chỉ đạo Trung ương. \n \n \n \n Đẩy mạnh phát triển khoa học, công nghệ, đổi mới sáng tạo và chuyển đổi số đúng tiến độ \n \n Đến ngày 28/10/2025, vẫn còn 51 nhiệm vụ quá hạn chưa hoàn thành \n \n Chỉ thị nêu: Thời gian qua, với sự chỉ đạo quyết liệt của Chính phủ, Thủ tướng Chính phủ, sự vào cuộc của cả hệ thống chính trị, công tác phát triển khoa học, công nghệ, đổi mới sáng tạo, chuyển đổi số quốc gia, cải cách hành chính và triển khai Đề án 06 đã đạt được những kết quả ban đầu quan trọng, tích cực, góp phần vào sự phát triển kinh tế - xã hội của đất nước, được cộng đồng quốc tế ghi nhận. \n \n Tuy nhiên, trong quá trình tổ chức triển khai, vẫn còn tồn tại, hạn chế cần được khắc phục ngay. Tính đến ngày 28 tháng 10 năm 2025, vẫn còn 51 nhiệm vụ quá hạn chưa hoàn thành, bao gồm các nhiệm vụ theo Nghị quyết số 71/NQ-CP ngày 01 tháng 4 năm 2025 của Chính phủ sửa đổi, bổ sung cập nhật Chương trình hành động của Chính phủ thực hiện Nghị quyết số 57-NQ/TW ngày 22 tháng 12 năm 2024 của Bộ Chính trị về đột phá phát triển khoa học, công nghệ, đổi mới sáng tạo và chuyển đổi số quốc gia và các Thông báo kết luận của Ban Chỉ đạo Trung ương về phát triển khoa học, công nghệ, đổi mới sáng tạo và chuyển đổi số. Tỷ lệ hồ sơ dịch vụ công trực tuyến toàn trình còn thấp, chỉ đạt 39,98%, trong đó khối bộ, ngành đạt tỷ lệ: 54,46%, khối tỉnh đạt tỷ lệ: 16,94%, cách xa mục tiêu 80% của năm 2025. Chất lượng dữ liệu tại các cơ sở dữ liệu quốc gia, cơ sở dữ liệu chuyên ngành chưa bảo đảm tiêu chí \"đúng, đủ, sạch, sống\", gây khó khăn cho việc kết nối, chia sẻ và tái sử dụng, dẫn đến tình trạng người dân vẫn phải cung cấp giấy tờ nhiều lần, không cần thiết. Công tác bảo đả
... [truncated, total 14365 chars]
================================================================================

================================================================================
Article ID: MOH_6aed3fef8b146406 | Attempt: 2
Error: Cannot extract valid JSON from response: line 1 column 1 (char 0)
Raw response (14351 chars):
{
"id": "MOH_6aed3fef8b146406",
"date_iso": "2025-11-06T00:00:00",
"full_text": "Thủ tướng Chính phủ Phạm Minh Chính vừa ký Chỉ thị số 33/CT-TTg ngày 6/11/2025 về đẩy mạnh việc thực hiện đúng tiến độ, hiệu quả các nhiệm vụ được giao tại Nghị quyết số 71/NQ-CP ngày 1/4/2025 của Chính phủ và các Thông báo kết luận của Ban Chỉ đạo Trung ương. \n \n \n \n Đẩy mạnh phát triển khoa học, công nghệ, đổi mới sáng tạo và chuyển đổi số đúng tiến độ \n \n Đến ngày 28/10/2025, vẫn còn 51 nhiệm vụ quá hạn chưa hoàn thành \n \n Chỉ thị nêu: Thời gian qua, với sự chỉ đạo quyết liệt của Chính phủ, Thủ tướng Chính phủ, sự vào cuộc của cả hệ thống chính trị, công tác phát triển khoa học, công nghệ, đổi mới sáng tạo, chuyển đổi số quốc gia, cải cách hành chính và triển khai Đề án 06 đã đạt được những kết quả ban đầu quan trọng, tích cực, góp phần vào sự phát triển kinh tế - xã hội của đất nước, được cộng đồng quốc tế ghi nhận. \n \n Tuy nhiên, trong quá trình tổ chức triển khai, vẫn còn tồn tại, hạn chế cần được khắc phục ngay. Tính đến ngày 28 tháng 10 năm 2025, vẫn còn 51 nhiệm vụ quá hạn chưa hoàn thành, bao gồm các nhiệm vụ theo Nghị quyết số 71/NQ-CP ngày 01 tháng 4 năm 2025 của Chính phủ sửa đổi, bổ sung cập nhật Chương trình hành động của Chính phủ thực hiện Nghị quyết số 57-NQ/TW ngày 22 tháng 12 năm 2024 của Bộ Chính trị về đột phá phát triển khoa học, công nghệ, đổi mới sáng tạo và chuyển đổi số quốc gia và các Thông báo kết luận của Ban Chỉ đạo Trung ương về phát triển khoa học, công nghệ, đổi mới sáng tạo và chuyển đổi số. Tỷ lệ hồ sơ dịch vụ công trực tuyến toàn trình còn thấp, chỉ đạt 39,98%, trong đó khối bộ, ngành đạt tỷ lệ: 54,46%, khối tỉnh đạt tỷ lệ: 16,94%, cách xa mục tiêu 80% của năm 2025. Chất lượng dữ liệu tại các cơ sở dữ liệu quốc gia, cơ sở dữ liệu chuyên ngành chưa bảo đảm tiêu chí \"đúng, đủ, sạch, sống\", gây khó khăn cho việc kết nối, chia sẻ và tái sử dụng, dẫn đến tình trạng người dân vẫn phải cung cấp giấy tờ nhiều lần, không cần thiết. Công tác bảo đả
... [truncated, total 14351 chars]
================================================================================

================================================================================
Article ID: MOH_da6cb54126916c8b | Attempt: 1
Error: Cannot extract valid JSON from response: line 1 column 1 (char 0)
Raw response (8431 chars):
{
"id": "MOH_da6cb54126916c8b",
"date_iso": "2025-11-03T00:00:00",
"full_text": "TP. Hồ Chí Minh tập trung kiện toàn hệ thống y tế theo mô hình chính quyền địa phương 2 cấp, đẩy mạnh chuyển đổi số và nâng cao năng lực tuyến đầu, bảo đảm người dân được tiếp cận dịch vụ y tế thuận lợi, chất lượng và công bằng. \n \n \n \n Sau sắp xếp đơn vị hành chính, TP. Hồ Chí Minh hiện có khoảng 50.000 giường bệnh \n \n Theo Giám đốc Sở Y tế TP. Hồ Chí Minh Tăng Chí Thượng, sau sắp xếp đơn vị hành chính, thành phố hiện có 164 bệnh viện, 38 trung tâm y tế khu vực, 168 trạm y tế tương ứng các phường xã mới, 296 điểm y tế, 5 trung tâm không giường bệnh, 110 trung tâm bảo trợ xã hội, cùng khoảng 1.000 phòng khám và gần 16.000 cơ sở kinh doanh dược, nhà thuốc. Tổng số giường bệnh toàn hệ thống đạt khoảng 50.000 giường. \n \n Thành phố duy trì tốt công tác dự phòng, kiểm soát dịch bệnh, tỉ lệ tiêm chủng mở rộng đạt trên 95%. Các chiến dịch phòng chống dịch được triển khai đồng bộ, nhất là phòng chống sốt xuất huyết, củng cố hệ thống điều trị để giảm tử vong và kiểm soát hoàn toàn dịch sởi trong năm 2024. \n \n Hoạt động khám chữa bệnh tiếp tục tăng nhưng không quá tải. Trong 6 tháng đầu năm 2025, tổng lượt khám tại trạm y tế đạt hơn 317.500 lượt, tương đương cùng kỳ năm trước; lượt khám bảo hiểm y tế tăng 38%. Trong 9 tháng, thành phố ghi nhận khoảng 40,5 triệu lượt khám ngoại trú và 2,2 triệu lượt điều trị nội trú. \n \n Các bệnh viện tuyến cuối tiếp tục làm chủ những kỹ thuật y khoa chuyên sâu như can thiệp bào thai, điều trị tim bẩm sinh từ giai đoạn thai kỳ, phẫu thuật robot. Mạng lưới trạm cấp cứu vệ tinh 115 được mở rộng, tăng khả năng tiếp cận cấp cứu cho người dân trên địa bàn rộng sau sáp nhập. \n \n Ngành y tế đẩy nhanh chuyển đổi số, triển khai bệnh án điện tử tại 100% bệnh viện, kết nối dữ liệu giữa các cơ sở, số hóa thủ tục hành chính và hình thành nền tảng y tế thông minh phục vụ người dân. Thành phố chuyển trọng tâm từ điều trị sang dự phòng, đặt y tế cơ sở làm nền tảng, 
... [truncated, total 8431 chars]
================================================================================

================================================================================
Article ID: MOH_da6cb54126916c8b | Attempt: 2
Error: Cannot extract valid JSON from response: line 1 column 1 (char 0)
Raw response (8083 chars):
{
"id": "MOH_da6cb54126916c8b",
"date_iso": "2025-11-03T00:00:00",
"full_text": "TP. Hồ Chí Minh tập trung kiện toàn hệ thống y tế theo mô hình chính quyền địa phương 2 cấp, đẩy mạnh chuyển đổi số và nâng cao năng lực tuyến đầu, bảo đảm người dân được tiếp cận dịch vụ y tế thuận lợi, chất lượng và công bằng. \n \n \n \n Sau sắp xếp đơn vị hành chính, TP. Hồ Chí Minh hiện có khoảng 50.000 giường bệnh \n \n Theo Giám đốc Sở Y tế TP. Hồ Chí Minh Tăng Chí Thượng, sau sắp xếp đơn vị hành chính, thành phố hiện có 164 bệnh viện, 38 trung tâm y tế khu vực, 168 trạm y tế tương ứng các phường xã mới, 296 điểm y tế, 5 trung tâm không giường bệnh, 110 trung tâm bảo trợ xã hội, cùng khoảng 1.000 phòng khám và gần 16.000 cơ sở kinh doanh dược, nhà thuốc. Tổng số giường bệnh toàn hệ thống đạt khoảng 50.000 giường. \n \n Thành phố duy trì tốt công tác dự phòng, kiểm soát dịch bệnh, tỉ lệ tiêm chủng mở rộng đạt trên 95%. Các chiến dịch phòng chống dịch được triển khai đồng bộ, nhất là phòng chống sốt xuất huyết, củng cố hệ thống điều trị để giảm tử vong và kiểm soát hoàn toàn dịch sởi trong năm 2024. \n \n Hoạt động khám chữa bệnh tiếp tục tăng nhưng không quá tải. Trong 6 tháng đầu năm 2025, tổng lượt khám tại trạm y tế đạt hơn 317.500 lượt, tương đương cùng kỳ năm trước; lượt khám bảo hiểm y tế tăng 38%. Trong 9 tháng, thành phố ghi nhận khoảng 40,5 triệu lượt khám ngoại trú và 2,2 triệu lượt điều trị nội trú. \n \n Các bệnh viện tuyến cuối tiếp tục làm chủ những kỹ thuật y khoa chuyên sâu như can thiệp bào thai, điều trị tim bẩm sinh từ giai đoạn thai kỳ, phẫu thuật robot. Mạng lưới trạm cấp cứu vệ tinh 115 được mở rộng, tăng khả năng tiếp cận cấp cứu cho người dân trên địa bàn rộng sau sáp nhập. \n \n Ngành y tế đẩy nhanh chuyển đổi số, triển khai bệnh án điện tử tại 100% bệnh viện, kết nối dữ liệu giữa các cơ sở, số hóa thủ tục hành chính và hình thành nền tảng y tế thông minh phục vụ người dân. Thành phố chuyển trọng tâm từ điều trị sang dự phòng, đặt y tế cơ sở làm nền tảng, 
... [truncated, total 8083 chars]
================================================================================

================================================================================
Article ID: MOH_6568946525ffb7e8 | Attempt: 1
Error: Cannot extract valid JSON from response: line 1 column 1 (char 0)
Raw response (7414 chars):
{
"id": "MOH_6568946525ffb7e8",
"date_iso": "2025-11-01T00:00:00",
"full_text": "Ngày 30/10/2025, Đoàn công tác của Bộ Y tế do đồng chí Hoàng Minh Đức, Cục trưởng Cục Phòng bệnh làm Trưởng đoàn đã làm việc và kiểm tra việc thực hiện nhiệm vụ được phân cấp, phân quyền, phân định thẩm quyền trong lĩnh vực y tế tại xã Nam Phù. \n \n \n \n Quang cảnh buổi làm việc. Ảnh: Phương Xuyến \n \n Tại buổi làm việc, đại diện UBND xã đã báo cáo chi tiết tình hình tổ chức, sắp xếp lại hệ thống y tế cơ sở sau khi thực hiện mô hình chính quyền địa phương 2 cấp. Theo đó, với hệ thống y tế gồm: Trạm Y tế xã, Phòng khám Đa khoa Đông Mỹ, điểm Trạm Y tế Duyên Hà và Vạn Phúc. Sau sắp xếp, xã có 37 cán bộ y tế, gồm 4 bác sĩ, 7 dược sĩ, cùng đội ngũ điều dưỡng, nữ hộ sinh, kỹ thuật viên… bảo đảm năng lực khám, chữa bệnh, y tế dự phòng, an toàn thực phẩm và dân số - kế hoạch hóa gia đình. \n \n Ngoài ra, xã có 9 cán bộ y tế thôn và 57 cộng tác viên dân số - truyền thông hỗ trợ tại 18 thôn. Trên địa bàn xã có 51 cơ sở y tế ngoài công lập, trong đó có 41 nhà thuốc, quầy thuốc, 10 cơ sở khám, chữa bệnh. Đây là nguồn lực bổ trợ tích cực cho y tế cơ sở, đáp ứng nhu cầu khám bệnh ban đầu của người dân. \n \n Từ ngày 1-7 đến ngày 15-10, xã đã triển khai nhiều hoạt động chuyên môn lĩnh vực y tế và đạt kết quả nổi bật: Tổ chức 6.426 lượt khám chữa bệnh, trong đó 99% có thẻ BHYT; kiểm soát hiệu quả dịch sốt xuất huyết, duy trì tỷ lệ tiêm chủng đạt trên 95%. 100% phụ nữ mang thai được quản lý thai nghén, tỷ lệ tiêm chủng đạt trên 95%... \n \n Tuy nhiên, xã cũng gặp một số khó khăn, như: Cơ sở vật chất trạm y tế xuống cấp, hạn chế về trang thiết bị hiện đại, thiếu thuốc điều trị các bệnh như huyết áp, mỡ máu, tiểu đường; biên chế cán bộ y tế cơ sở còn mỏng, thiếu bác sỹ chuyên khoa; khối lượng công việc lớn, trong khi chế độ hỗ trợ còn thấp. \n \n \n \n \n \n Đoàn đã kiểm tra thực tế cơ sở vật chất, quan sát hoạt động khám chuyên môn, công tác khám chữa bệnh, tiêm chủng tại Trạm Y tế xã Nam Phù. Ảnh: Ph
... [truncated, total 7414 chars]
================================================================================

================================================================================
Article ID: MOH_ce36bc3d29ccbd93 | Attempt: 1
Error: Cannot extract valid JSON from response: line 1 column 1 (char 0)
Raw response (13420 chars):
{
"id": "MOH_ce36bc3d29ccbd93",
"date_iso": "2025-10-30T00:00:00",
"full_text": "Sáng 28/10/2025, Đoàn công tác của Ban Chỉ đạo Trung ương các Chương trình Mục tiêu quốc gia (CTMTQG) giai đoạn 2021-2025 do đồng chí Đỗ Xuân Tuyên, Thứ trưởng Bộ Y tế, Ủy viên Ban Chỉ đạo Trung ương làm trưởng đoàn thực hiện giám sát, đôn đốc, đánh giá kết quả thực hiện các CTMTQG tại tỉnh Thanh Hóa. \n \n \n \n \n \n Đoàn công tác làm việc với UBND tỉnh Thanh Hóa \n \n Tham gia đoàn công tác có đại diện các Cục: Dân số, Khoa học Công nghệ và Đào tạo, Bà mẹ và Trẻ em; Vụ Kế hoạch-Tài chính và một số đơn vị trực thuộc Bộ Y tế; đại diện các bộ Công an, Nội vụ, Nông nghiệp và Môi trường, Bộ Dân tộc và Tôn giáo. \n \n Về phía tỉnh Thanh Hóa có đồng chí Đầu Thanh Tùng, Tỉnh ủy viên, Phó Chủ tịch UBND tỉnh; lãnh đạo các sở, ngành, đơn vị liên quan tiếp và làm việc với đoàn. \n \n \n \n Thứ trưởng Bộ Y tế Đỗ Xuân Tuyên, trưởng đoàn công tác chủ trì hội nghị \n \n Theo báo cáo của UBND tỉnh Thanh Hóa tại buổi làm việc, thực hiện 3 Chương trình MTQG (Xây dựng nông thôn mới; Giảm nghèo bền vững; Phát triển kinh tế - xã hội vùng đồng bào dân tộc thiểu số và miền núi), Ban Chỉ đạo cấp tỉnh đã tập trung lãnh đạo, phát huy vai trò, trách nhiệm của các cơ quan, ban, ngành, địa phương trong thực hiện nhiệm vụ, đảm bảo minh bạch, hiệu quả. \n \n Tổng huy động nguồn lực thực hiện các Chương trình MTQG trên địa bàn tỉnh giai đoạn 2021-2025 ước hơn 36.000 tỷ đồng, trong đó vốn ngân sách nhà nước hơn 22.000 tỷ đồng, hơn 4.876 tỷ đồng vốn lồng ghép, hơn 4.039 tỷ đồng vốn tín dụng, hơn 811 tỷ đồng vốn doanh nghiệp, hợp tác xã và hơn 4.407 tỷ đồng vốn huy động cộng đồng. \n \n \n \n Đại diện UBND tỉnh Thanh Hóa báo cáo kết quả hoạt động với đoàn công tác \n \n Tổng giá trị giải ngân từ năm 2021 đến ngày 1/10/2025 nguồn Ngân sách Trung ương của 3 CTMTQG là hơn 6.967 tỷ đồng, đạt 81% kế hoạch. Dự kiến tổng giá trị giải ngân giai đoạn 2021-2025 là hơn 9.452 tỷ đồng, đạt 100% kế hoạch. \n \n Giai đoạn 2021-2025, 
... [truncated, total 13420 chars]
================================================================================

================================================================================
Article ID: MOH_c5eeb0e0db6dc3f5 | Attempt: 1
Error: Cannot extract valid JSON from response: line 1 column 1 (char 0)
Raw response (11718 chars):
{
"id": "MOH_c5eeb0e0db6dc3f5",
"date_iso": "2025-10-29T00:00:00",
"full_text": "Thực hiện chủ trương của Chính phủ về tiếp tục cải cách thủ tục hành chính (TTHC), giảm chi phí tuân thủ cho người dân và doanh nghiệp, ngày 4/8/2025, Bộ trưởng Bộ Y tế đã ký ban hành Quyết định số 2495/QĐ-BYT về việc công bố Danh mục TTHC được sửa đổi, bổ sung mức phí theo Thông tư số 64/2025/TT-BTC ngày 30/6/2025 của Bộ Tài chính . Quyết định có hiệu lực thi hành từ ngày 01/7/2025 đến hết ngày 31/12/2026 , là bước đi cụ thể trong việc thực hiện chính sách miễn, giảm phí, lệ phí nhằm hỗ trợ phục hồi sản xuất – kinh doanh và nâng cao năng lực cạnh tranh trong lĩnh vực y tế . \n \n Theo Quyết định, Bộ Y tế công bố danh mục TTHC được sửa đổi, bổ sung mức phí thuộc 5 lĩnh vực trọng yếu : Khám bệnh, chữa bệnh; Thiết bị y tế; Phòng bệnh; Y – Dược cổ truyền; và An toàn thực phẩm. Các mức phí mới được điều chỉnh theo hướng giảm 50% so với quy định hiện hành tại Thông tư số 67/2021/TT-BTC và Thông tư số 59/2023/TT-BTC , phù hợp với chính sách miễn, giảm phí, lệ phí quy định tại Thông tư số 64/2025/TT-BTC của Bộ Tài chính. \n \n Cụ thể, trong lĩnh vực khám bệnh, chữa bệnh , các thủ tục như cấp, cấp lại, điều chỉnh giấy phép hành nghề và giấy phép hoạt động khám chữa bệnh đều được điều chỉnh giảm đáng kể. Mức phí cấp mới giấy phép hành nghề chỉ còn 215.000 đồng , giảm một nửa so với mức thu thông thường là 430.000 đồng ; phí cấp mới giấy phép hoạt động bệnh viện giảm từ 10,5 triệu đồng xuống 5,25 triệu đồng . Tương tự, các thủ tục cấp lại hoặc điều chỉnh giấy phép hành nghề, hoạt động cũng giảm từ 50–70%, tạo điều kiện thuận lợi hơn cho cá nhân, cơ sở y tế trong việc hoàn thiện hồ sơ pháp lý, đặc biệt trong giai đoạn chuyển tiếp theo quy định của Luật Khám bệnh, chữa bệnh năm 2023 và Nghị định 96/2023/NĐ-CP . \n \n Ở lĩnh vực thiết bị y tế , việc cấp mới, cấp lại hoặc sửa đổi số lưu hành, giấy phép nhập khẩu, giấy chứng nhận đăng ký hoạt động kiểm định, công bố tiêu chuẩn áp dụng… đều được giảm m
... [truncated, total 11718 chars]
================================================================================

================================================================================
Article ID: MOH_556cdd2c44d63de3 | Attempt: 1
Error: Cannot extract valid JSON from response: line 1 column 1 (char 0)
Raw response (13368 chars):
{
"id": "MOH_556cdd2c44d63de3",
"date_iso": "2025-10-28T00:00:00",
"full_text": "Ngày 27/10/2025, Đoàn công tác của Ban Chỉ đạo Trung ương các Chương trình Mục tiêu quốc gia (CTMTQG) giai đoạn 2021-2025 do đồng chí Đỗ Xuân Tuyên, Thứ trưởng Bộ Y tế, Ủy viên Ban Chỉ đạo Trung ương làm Trưởng Đoàn đã về giám sát, đôn đốc, đánh giá kết quả thực hiện các CTMTQG tại tỉnh Ninh Bình. \n \n Tiếp và làm việc với Đoàn có đồng chí Hà Lan Anh, Tỉnh ủy viên, Phó Chủ tịch UBND tỉnh Ninh Bình; lãnh đạo các Sở, ngành, đơn vị liên quan. \n \n \n \n Quang cảnh buổi làm việc của đoàn công tác Ban Chỉ đạo Trung ương. \n \n Theo báo cáo của UBND tỉnh, giai đoạn 2021-2025, trước khi hợp nhất 3 tỉnh Hà Nam, Nam Định và Ninh Bình, các địa phương đã triển khai 3 CTMTQG gồm: Xây dựng nông thôn mới; giảm nghèo bền vững và Phát triển kinh tế - xã hội vùng đồng bào dân tộc thiểu số và miền núi. Sau hợp nhất, tổng nguồn vốn ngân sách nhà nước huy động và bố trí thực hiện các CTMTQG trên địa bàn tỉnh là 3.586,74 tỷ đồng, trong đó ngân sách Trung ương 1.152,764 tỷ đồng, ngân sách tỉnh 2.433,976 tỷ đồng. \n \n \n \n Đồng chí Đỗ Xuân Tuyên, Thứ trưởng Bộ Y tế, Ủy viên Ban Chỉ đạo Trung ương điều hành chương trình làm việc \n \n Đối với CTMTQG giảm nghèo bền vững, tỉnh đã triển khai nhiều chính sách cụ thể, thiết thực nhằm chăm lo đời sống vật chất và tinh thần cho người dân, hỗ trợ hộ nghèo phát triển kinh tế, vươn lên thoát nghèo bền vững. Các chính sách tiêu biểu gồm: Hỗ trợ vay vốn tín dụng, sửa chữa và xây mới nhà ở, cấp thẻ bảo hiểm y tế miễn phí, miễn giảm học phí và chi phí học tập, hỗ trợ tiền điện sinh hoạt, đào tạo nghề, trợ giúp pháp lý... Đến hết 6 tháng đầu năm 2025, toàn tỉnh còn 3.892 hộ nghèo (tỷ lệ 1,36%, giảm 0,15% so với cuối năm 2024) và 5.112 hộ cận nghèo (tỷ lệ 1,78%, giảm 0,01% so với cuối năm 2024). \n \n Đối với CTMTQG xây dựng nông thôn mới (NTM), giai đoạn 2021-2025, cả ba tỉnh (trước hợp nhất) đều triển khai đồng bộ, hiệu quả và hoàn thành các mục tiêu, chỉ tiêu đề ra. Sa
... [truncated, total 13368 chars]
================================================================================

================================================================================
Article ID: MOH_556cdd2c44d63de3 | Attempt: 2
Error: Cannot extract valid JSON from response: line 1 column 1 (char 0)
Raw response (13876 chars):
{
"id": "MOH_556cdd2c44d63de3",
"date_iso": "2025-10-28T00:00:00",
"full_text": "Ngày 27/10/2025, Đoàn công tác của Ban Chỉ đạo Trung ương các Chương trình Mục tiêu quốc gia (CTMTQG) giai đoạn 2021-2025 do đồng chí Đỗ Xuân Tuyên, Thứ trưởng Bộ Y tế, Ủy viên Ban Chỉ đạo Trung ương làm Trưởng Đoàn đã về giám sát, đôn đốc, đánh giá kết quả thực hiện các CTMTQG tại tỉnh Ninh Bình. \n \n Tiếp và làm việc với Đoàn có đồng chí Hà Lan Anh, Tỉnh ủy viên, Phó Chủ tịch UBND tỉnh Ninh Bình; lãnh đạo các Sở, ngành, đơn vị liên quan. \n \n \n \n Quang cảnh buổi làm việc của đoàn công tác Ban Chỉ đạo Trung ương. \n \n Theo báo cáo của UBND tỉnh, giai đoạn 2021-2025, trước khi hợp nhất 3 tỉnh Hà Nam, Nam Định và Ninh Bình, các địa phương đã triển khai 3 CTMTQG gồm: Xây dựng nông thôn mới; giảm nghèo bền vững và Phát triển kinh tế - xã hội vùng đồng bào dân tộc thiểu số và miền núi. Sau hợp nhất, tổng nguồn vốn ngân sách nhà nước huy động và bố trí thực hiện các CTMTQG trên địa bàn tỉnh là 3.586,74 tỷ đồng, trong đó ngân sách Trung ương 1.152,764 tỷ đồng, ngân sách tỉnh 2.433,976 tỷ đồng. \n \n \n \n Đồng chí Đỗ Xuân Tuyên, Thứ trưởng Bộ Y tế, Ủy viên Ban Chỉ đạo Trung ương điều hành chương trình làm việc \n \n Đối với CTMTQG giảm nghèo bền vững, tỉnh đã triển khai nhiều chính sách cụ thể, thiết thực nhằm chăm lo đời sống vật chất và tinh thần cho người dân, hỗ trợ hộ nghèo phát triển kinh tế, vươn lên thoát nghèo bền vững. Các chính sách tiêu biểu gồm: Hỗ trợ vay vốn tín dụng, sửa chữa và xây mới nhà ở, cấp thẻ bảo hiểm y tế miễn phí, miễn giảm học phí và chi phí học tập, hỗ trợ tiền điện sinh hoạt, đào tạo nghề, trợ giúp pháp lý... Đến hết 6 tháng đầu năm 2025, toàn tỉnh còn 3.892 hộ nghèo (tỷ lệ 1,36%, giảm 0,15% so với cuối năm 2024) và 5.112 hộ cận nghèo (tỷ lệ 1,78%, giảm 0,01% so với cuối năm 2024). \n \n Đối với CTMTQG xây dựng nông thôn mới (NTM), giai đoạn 2021-2025, cả ba tỉnh (trước hợp nhất) đều triển khai đồng bộ, hiệu quả và hoàn thành các mục tiêu, chỉ tiêu đề ra. Sa
... [truncated, total 13876 chars]
================================================================================

================================================================================
Article ID: MOH_68d0d846b2b9d434 | Attempt: 1
Error: Cannot extract valid JSON from response: line 1 column 1 (char 0)
Raw response (13240 chars):
{
"id": "MOH_68d0d846b2b9d434",
"date_iso": "2025-10-27T00:00:00",
"full_text": "Ngày 21/8/2025, Bộ Y tế chính thức ban hành Quyết định số 2669/QĐ-BYT về việc công bố thủ tục hành chính được sửa đổi, bổ sung trong lĩnh vực Dược phẩm thuộc phạm vi quản lý của Bộ, theo quy định tại Thông tư số 36/2025/TT-BYT ngày 28 tháng 7 năm 2025 của Bộ trưởng Bộ Y tế. Đây là một bước đi quan trọng trong tiến trình cải cách hành chính , thực hiện phân cấp mạnh mẽ cho địa phương, góp phần tinh gọn quy trình, giảm tải cho cơ quan Trung ương và tạo thuận lợi cho các cơ sở dược phẩm, phòng thí nghiệm trên cả nước . \n \n Theo Quyết định, Bộ Y tế công bố 01 thủ tục hành chính được sửa đổi, bổ sung trong lĩnh vực Dược phẩm – đó là thủ tục “Kiểm soát thay đổi khi có thay đổi thuộc một trong các trường hợp quy định tại các điểm d, đ và e Khoản 1 Điều 11 Thông tư 04/2018/TT-BYT” , quy định về Thực hành tốt phòng thí nghiệm (GLP) . \n \n Điểm mới căn bản của quy trình này là phân cấp thẩm quyền giải quyết từ Bộ Y tế về Sở Y tế các tỉnh, thành phố , nhằm rút ngắn thời gian xử lý, tăng tính chủ động và nâng cao trách nhiệm của cơ quan địa phương trong quản lý chất lượng các cơ sở thử nghiệm dược phẩm. \n \n Nếu như trước đây, mọi thay đổi trong điều kiện thử nghiệm, cơ sở vật chất, trang thiết bị hoặc nhân sự phụ trách chuyên môn đều phải gửi hồ sơ ra Bộ Y tế để thẩm định, thì nay, theo quy định mới, các cơ sở thử nghiệm có thể nộp báo cáo thay đổi trực tiếp đến Sở Y tế nơi đặt phòng thí nghiệm . Việc đánh giá, xác nhận hoặc yêu cầu khắc phục sẽ được Sở Y tế thực hiện, kết luận và công khai ngay trên trang thông tin điện tử của đơn vị . \n \n Quy trình mới được Bộ Y tế thiết kế theo hướng rõ ràng, chặt chẽ nhưng linh hoạt , giảm bớt các tầng nấc trung gian trong xử lý hồ sơ. Theo đó, trong vòng 07 ngày làm việc , kể từ khi nhận được báo cáo thay đổi hợp lệ của cơ sở thử nghiệm, Sở Y tế có trách nhiệm ban hành văn bản đồng ý với nội dung thay đổi nếu các yêu cầu đã được đáp ứng. Trường hợp cần 
... [truncated, total 13240 chars]
================================================================================

================================================================================
Article ID: MOH_4705246e9c7f84c1 | Attempt: 1
Error: Cannot extract valid JSON from response: line 1 column 1 (char 0)
Raw response (13139 chars):
{
"id": "MOH_4705246e9c7f84c1",
"date_iso": "2025-10-27T00:00:00",
"full_text": "Nhằm tiếp tục hiện thực hóa mục tiêu xây dựng nền hành chính phục vụ, lấy người dân và tổ chức làm trung tâm, Ủy ban nhân dân tỉnh Quảng Trị vừa ban hành Quyết định 993/QĐ-BYT ngày 18/8/2025 công bố danh mục thủ tục hành chính mới ban hành, được sửa đổi, bổ sung hoặc bãi bỏ trong các lĩnh vực Bảo trợ xã hội, Trẻ em, Dân số, Bà mẹ - Trẻ em , thuộc thẩm quyền giải quyết của UBND tỉnh, Sở Y tế và UBND cấp xã. Đây là bước tiến quan trọng trong tiến trình chuẩn hóa, đơn giản hóa và điện tử hóa quy trình nội bộ , tạo chuyển biến rõ nét trong chất lượng phục vụ người dân, nhất là các nhóm yếu thế trong xã hội. \n \n Theo Quyết định của UBND tỉnh Quảng Trị, các thủ tục hành chính (TTHC) được rà soát, chuẩn hóa, bao gồm các nhóm liên quan trực tiếp đến chính sách an sinh xã hội, chăm sóc sức khỏe bà mẹ - trẻ em, công tác dân số và bảo vệ trẻ em . Cụ thể, có 05 thủ tục hành chính mới ban hành cấp tỉnh , 02 thủ tục cấp xã , cùng nhiều thủ tục được sửa đổi, bổ sung hoặc bãi bỏ nhằm phù hợp với quy định mới của Chính phủ và Bộ Y tế. \n \n Các thủ tục được điều chỉnh đều dựa trên Luật Khám bệnh, chữa bệnh 2023 , Nghị định số 42/2025/NĐ-CP về chức năng, nhiệm vụ của Bộ Y tế, và đặc biệt là Nghị định số 147/2025/NĐ-CP quy định về phân quyền, phân cấp trong lĩnh vực y tế . Điểm nổi bật của đợt cải cách này là việc thiết lập quy trình nội bộ điện tử cho toàn bộ các thủ tục được công bố, góp phần cắt giảm thời gian, chi phí, đồng thời tăng cường tính minh bạch, nhất quán trong giải quyết hồ sơ. \n \n Sở Y tế được giao nhiệm vụ hoàn thiện quy trình điện tử cho từng thủ tục trên Hệ thống thông tin giải quyết thủ tục hành chính tỉnh , đồng thời bảo đảm kết nối liên thông với Cổng Dịch vụ công quốc gia , hoàn thành trước ngày 29/8/2025. Đây là bước đi cụ thể nhằm đưa toàn bộ quy trình giải quyết hồ sơ hành chính trong lĩnh vực y tế - xã hội lên môi trường số, giúp công dân, tổ chức có thể nộp, theo dõi và nhậ
... [truncated, total 13139 chars]
================================================================================

================================================================================
Article ID: MOH_678067aeba85afdd | Attempt: 1
Error: Cannot extract valid JSON from response: line 1 column 1 (char 0)
Raw response (10425 chars):
{
"id": "MOH_678067aeba85afdd",
"date_iso": "2025-10-27T00:00:00",
"full_text": "Ngày 31/7/2025, Thứ trưởng Bộ Y tế Nguyễn Tri Thức đã chủ trì cuộc họp với các đơn vị trực thuộc nhằm đánh giá tiến độ và chỉ đạo triển khai các nhiệm vụ trong Kế hoạch hành động của Bộ Y tế thực hiện Kế hoạch số 02-KH/BCĐTW của Ban Chỉ đạo Trung ương về phát triển khoa học, công nghệ, đổi mới sáng tạo và chuyển đổi số. Cuộc họp tập trung rà soát tiến độ thực hiện các nhiệm vụ về xây dựng, kết nối, chia sẻ, liên thông cơ sở dữ liệu (CSDL) trọng yếu của ngành y tế, hướng tới mục tiêu hoàn thiện nền hành chính điện tử, đẩy mạnh cải cách thủ tục hành chính (TTHC) phục vụ người dân, doanh nghiệp. \n \n Theo Thông báo kết luận của Thứ trưởng Nguyễn Tri Thức, trọng tâm công tác thời gian tới là đẩy nhanh tiến độ xây dựng 12 cơ sở dữ liệu trọng yếu của Bộ Y tế, đảm bảo tính đồng bộ, an toàn và khả năng kết nối với CSDL quốc gia về dân cư, phục vụ công tác quản lý nhà nước, cải cách hành chính và cung cấp dịch vụ công trực tuyến. Đây là nhiệm vụ quan trọng nhằm hiện thực hóa yêu cầu của Chính phủ về thúc đẩy chuyển đổi số liên thông, toàn diện, hiệu quả, phù hợp với quá trình sắp xếp tổ chức bộ máy của hệ thống chính trị. \n \n Trung tâm Thông tin y tế Quốc gia được giao vai trò đầu mối, chủ trì phối hợp với các Vụ, Cục liên quan, đặc biệt là Cục Khoa học Công nghệ và Đào tạo, để tổ chức khảo sát, tổng hợp và đề xuất giải pháp hoàn thiện hệ thống thông tin của 12 CSDL trọng yếu. Trung tâm phải hoàn thành báo cáo kết quả khảo sát trước ngày 6/8/2025, đồng thời phối hợp với Cục C06 (Bộ Công an) để xác nhận bằng văn bản tính chính xác, an toàn và hợp pháp của hệ thống dữ liệu . Sau khi khảo sát, Trung tâm có trách nhiệm phối hợp với các đơn vị chuyên môn lập Kế hoạch chi tiết triển khai xây dựng, kết nối, chia sẻ, liên thông dữ liệu , xác định rõ người phụ trách, tiến độ, kinh phí thực hiện, bảo đảm hoàn thành trước ngày 11/8/2025. \n \n Đồng thời, Trung tâm cũng được giao phối hợp với Văn phòng B
... [truncated, total 10425 chars]
================================================================================

================================================================================
Article ID: MOH_922ebd6923dd83ca | Attempt: 1
Error: Cannot extract valid JSON from response: line 1 column 1 (char 0)
Raw response (12089 chars):
{
"id": "MOH_922ebd6923dd83ca",
"date_iso": "2025-10-27T00:00:00",
"full_text": "Ngày 12/8/2025, Bộ Y tế ban hành Quyết định số 2555/QĐ-BYT về việc công bố thủ tục hành chính mới, được sửa đổi, bổ sung trong lĩnh vực bảo hiểm y tế (BHYT) và bãi bỏ thủ tục trong lĩnh vực tài chính y tế theo Nghị định số 188/2025/NĐ-CP của Chính phủ. Đây là một trong những dấu mốc quan trọng trong tiến trình đơn giản hóa, chuẩn hóa và số hóa thủ tục hành chính , góp phần nâng cao hiệu quả thực thi chính sách an sinh xã hội, đảm bảo mọi người dân đều được tiếp cận dịch vụ y tế công bằng, thuận tiện và minh bạch hơn . \n \n Quyết định 2555/QĐ-BYT công bố ba nhóm thủ tục hành chính, trong đó có một thủ tục mới , một thủ tục được sửa đổi, bổ sung và một thủ tục bị bãi bỏ , áp dụng trong toàn hệ thống cơ sở khám, chữa bệnh và cơ quan bảo hiểm xã hội. Nội dung tập trung vào hai thủ tục cốt lõi : \n \n (1) Thủ tục khám bệnh, chữa bệnh bảo hiểm y tế và (2) Thủ tục thanh toán chi phí khám, chữa bệnh giữa cơ sở y tế và cơ quan bảo hiểm xã hội . \n \n Việc rà soát, sửa đổi này không chỉ mang tính kỹ thuật hành chính, mà thể hiện tư duy quản lý mới của Bộ Y tế và Chính phủ : lấy người dân, người bệnh làm trung tâm, lấy hiệu quả phục vụ làm thước đo của cải cách. Những quy định mới trong Nghị định 188/2025/NĐ-CP và Quyết định 2555/QĐ-BYT hướng tới đơn giản hóa hồ sơ, rút ngắn quy trình, mở rộng hình thức thực hiện, tăng cường ứng dụng công nghệ thông tin , qua đó giảm đáng kể thời gian, chi phí và công sức cho người dân khi thực hiện quyền lợi BHYT. \n \n Thủ tục khám bệnh, chữa bệnh bảo hiểm y tế được thiết kế lại theo hướng rõ ràng, nhất quán và linh hoạt hơn , tạo thuận lợi cho người dân trong nhiều tình huống cụ thể. Người tham gia BHYT có thể xuất trình thông tin thẻ bảo hiểm y tế điện tử qua ứng dụng VNeID hoặc VssID , thay cho việc mang theo thẻ giấy. Điều này đồng nghĩa với việc chấm dứt tình trạng quên thẻ, mất thẻ gây gián đoạn quyền lợi , đồng thời thúc đẩy chuyển đổi số trong quản lý y
... [truncated, total 12089 chars]
================================================================================

================================================================================
Article ID: MOH_922ebd6923dd83ca | Attempt: 2
Error: Cannot extract valid JSON from response: line 1 column 1 (char 0)
Raw response (11940 chars):
{
"id": "MOH_922ebd6923dd83ca",
"date_iso": "2025-10-27T00:00:00",
"full_text": "Ngày 12/8/2025, Bộ Y tế ban hành Quyết định số 2555/QĐ-BYT về việc công bố thủ tục hành chính mới, được sửa đổi, bổ sung trong lĩnh vực bảo hiểm y tế (BHYT) và bãi bỏ thủ tục trong lĩnh vực tài chính y tế theo Nghị định số 188/2025/NĐ-CP của Chính phủ. Đây là một trong những dấu mốc quan trọng trong tiến trình đơn giản hóa, chuẩn hóa và số hóa thủ tục hành chính , góp phần nâng cao hiệu quả thực thi chính sách an sinh xã hội, đảm bảo mọi người dân đều được tiếp cận dịch vụ y tế công bằng, thuận tiện và minh bạch hơn . \n \n Quyết định 2555/QĐ-BYT công bố ba nhóm thủ tục hành chính, trong đó có một thủ tục mới , một thủ tục được sửa đổi, bổ sung và một thủ tục bị bãi bỏ , áp dụng trong toàn hệ thống cơ sở khám, chữa bệnh và cơ quan bảo hiểm xã hội. Nội dung tập trung vào hai thủ tục cốt lõi : \n \n (1) Thủ tục khám bệnh, chữa bệnh bảo hiểm y tế và (2) Thủ tục thanh toán chi phí khám, chữa bệnh giữa cơ sở y tế và cơ quan bảo hiểm xã hội . \n \n Việc rà soát, sửa đổi này không chỉ mang tính kỹ thuật hành chính, mà thể hiện tư duy quản lý mới của Bộ Y tế và Chính phủ : lấy người dân, người bệnh làm trung tâm, lấy hiệu quả phục vụ làm thước đo của cải cách. Những quy định mới trong Nghị định 188/2025/NĐ-CP và Quyết định 2555/QĐ-BYT hướng tới đơn giản hóa hồ sơ, rút ngắn quy trình, mở rộng hình thức thực hiện, tăng cường ứng dụng công nghệ thông tin , qua đó giảm đáng kể thời gian, chi phí và công sức cho người dân khi thực hiện quyền lợi BHYT. \n \n Thủ tục khám bệnh, chữa bệnh bảo hiểm y tế được thiết kế lại theo hướng rõ ràng, nhất quán và linh hoạt hơn , tạo thuận lợi cho người dân trong nhiều tình huống cụ thể. Người tham gia BHYT có thể xuất trình thông tin thẻ bảo hiểm y tế điện tử qua ứng dụng VNeID hoặc VssID , thay cho việc mang theo thẻ giấy. Điều này đồng nghĩa với việc chấm dứt tình trạng quên thẻ, mất thẻ gây gián đoạn quyền lợi , đồng thời thúc đẩy chuyển đổi số trong quản lý y
... [truncated, total 11940 chars]
================================================================================

================================================================================
Article ID: MOH_922ebd6923dd83ca | Attempt: 3
Error: Cannot extract valid JSON from response: line 1 column 1 (char 0)
Raw response (11928 chars):
{
"id": "MOH_922ebd6923dd83ca",
"date_iso": "2025-10-27T00:00:00",
"full_text": "Ngày 12/8/2025, Bộ Y tế ban hành Quyết định số 2555/QĐ-BYT về việc công bố thủ tục hành chính mới, được sửa đổi, bổ sung trong lĩnh vực bảo hiểm y tế (BHYT) và bãi bỏ thủ tục trong lĩnh vực tài chính y tế theo Nghị định số 188/2025/NĐ-CP của Chính phủ. Đây là một trong những dấu mốc quan trọng trong tiến trình đơn giản hóa, chuẩn hóa và số hóa thủ tục hành chính , góp phần nâng cao hiệu quả thực thi chính sách an sinh xã hội, đảm bảo mọi người dân đều được tiếp cận dịch vụ y tế công bằng, thuận tiện và minh bạch hơn . \n \n Quyết định 2555/QĐ-BYT công bố ba nhóm thủ tục hành chính, trong đó có một thủ tục mới , một thủ tục được sửa đổi, bổ sung và một thủ tục bị bãi bỏ , áp dụng trong toàn hệ thống cơ sở khám, chữa bệnh và cơ quan bảo hiểm xã hội. Nội dung tập trung vào hai thủ tục cốt lõi : \n \n (1) Thủ tục khám bệnh, chữa bệnh bảo hiểm y tế và (2) Thủ tục thanh toán chi phí khám, chữa bệnh giữa cơ sở y tế và cơ quan bảo hiểm xã hội . \n \n Việc rà soát, sửa đổi này không chỉ mang tính kỹ thuật hành chính, mà thể hiện tư duy quản lý mới của Bộ Y tế và Chính phủ : lấy người dân, người bệnh làm trung tâm, lấy hiệu quả phục vụ làm thước đo của cải cách. Những quy định mới trong Nghị định 188/2025/NĐ-CP và Quyết định 2555/QĐ-BYT hướng tới đơn giản hóa hồ sơ, rút ngắn quy trình, mở rộng hình thức thực hiện, tăng cường ứng dụng công nghệ thông tin , qua đó giảm đáng kể thời gian, chi phí và công sức cho người dân khi thực hiện quyền lợi BHYT. \n \n Thủ tục khám bệnh, chữa bệnh bảo hiểm y tế được thiết kế lại theo hướng rõ ràng, nhất quán và linh hoạt hơn , tạo thuận lợi cho người dân trong nhiều tình huống cụ thể. Người tham gia BHYT có thể xuất trình thông tin thẻ bảo hiểm y tế điện tử qua ứng dụng VNeID hoặc VssID , thay cho việc mang theo thẻ giấy. Điều này đồng nghĩa với việc chấm dứt tình trạng quên thẻ, mất thẻ gây gián đoạn quyền lợi , đồng thời thúc đẩy chuyển đổi số trong quản lý y
... [truncated, total 11928 chars]
================================================================================

================================================================================
Article ID: MOH_922ebd6923dd83ca | Attempt: 4
Error: Cannot extract valid JSON from response: line 1 column 1 (char 0)
Raw response (12342 chars):
{
"id": "MOH_922ebd6923dd83ca",
"date_iso": "2025-10-27T00:00:00",
"full_text": "Ngày 12/8/2025, Bộ Y tế ban hành Quyết định số 2555/QĐ-BYT về việc công bố thủ tục hành chính mới, được sửa đổi, bổ sung trong lĩnh vực bảo hiểm y tế (BHYT) và bãi bỏ thủ tục trong lĩnh vực tài chính y tế theo Nghị định số 188/2025/NĐ-CP của Chính phủ. Đây là một trong những dấu mốc quan trọng trong tiến trình đơn giản hóa, chuẩn hóa và số hóa thủ tục hành chính , góp phần nâng cao hiệu quả thực thi chính sách an sinh xã hội, đảm bảo mọi người dân đều được tiếp cận dịch vụ y tế công bằng, thuận tiện và minh bạch hơn . \n \n Quyết định 2555/QĐ-BYT công bố ba nhóm thủ tục hành chính, trong đó có một thủ tục mới , một thủ tục được sửa đổi, bổ sung và một thủ tục bị bãi bỏ , áp dụng trong toàn hệ thống cơ sở khám, chữa bệnh và cơ quan bảo hiểm xã hội. Nội dung tập trung vào hai thủ tục cốt lõi : \n \n (1) Thủ tục khám bệnh, chữa bệnh bảo hiểm y tế và (2) Thủ tục thanh toán chi phí khám, chữa bệnh giữa cơ sở y tế và cơ quan bảo hiểm xã hội . \n \n Việc rà soát, sửa đổi này không chỉ mang tính kỹ thuật hành chính, mà thể hiện tư duy quản lý mới của Bộ Y tế và Chính phủ : lấy người dân, người bệnh làm trung tâm, lấy hiệu quả phục vụ làm thước đo của cải cách. Những quy định mới trong Nghị định 188/2025/NĐ-CP và Quyết định 2555/QĐ-BYT hướng tới đơn giản hóa hồ sơ, rút ngắn quy trình, mở rộng hình thức thực hiện, tăng cường ứng dụng công nghệ thông tin , qua đó giảm đáng kể thời gian, chi phí và công sức cho người dân khi thực hiện quyền lợi BHYT. \n \n Thủ tục khám bệnh, chữa bệnh bảo hiểm y tế được thiết kế lại theo hướng rõ ràng, nhất quán và linh hoạt hơn , tạo thuận lợi cho người dân trong nhiều tình huống cụ thể. Người tham gia BHYT có thể xuất trình thông tin thẻ bảo hiểm y tế điện tử qua ứng dụng VNeID hoặc VssID , thay cho việc mang theo thẻ giấy. Điều này đồng nghĩa với việc chấm dứt tình trạng quên thẻ, mất thẻ gây gián đoạn quyền lợi , đồng thời thúc đẩy chuyển đổi số trong quản lý y
... [truncated, total 12342 chars]
================================================================================

================================================================================
Article ID: MOH_d76ac999d44b3546 | Attempt: 1
Error: Cannot extract valid JSON from response: line 1 column 1 (char 0)
Raw response (10368 chars):
{
"id": "MOH_d76ac999d44b3546",
"date_iso": "2025-10-27T00:00:00",
"full_text": "Hơn ba thập kỷ, nỗ lực cố gắng, tận tâm tận tuỵ và cống hiến quên mình, những người điều dưỡng Việt Nam đã ngày càng khẳng định vai trò cầu nối, cánh tay đắc lực của ngành y tế nước nhà. Hơn hết đó là hình ảnh những người điều dưỡng chuyên nghiệp, tâm huyết và hội nhập. \n \n Sáng 25/10/2025, Hiệp hội Điều dưỡng Việt Nam phối hợp cùng tại Bệnh viện Bạch Mai, long trọng tổ chức Lễ kỷ niệm 35 năm thành lập (1990–2025), Lễ tôn vinh Điều dưỡng viên tiêu biểu toàn quốc và Hội nghị Khoa học Điều dưỡng toàn quốc lần thứ XII. \n \n \n \n Hiệp hội Điều dưỡng Việt Nam nhận bằng khen của Tổng hội Y học Việt Nam \n \n Chương trình quy tụ sự tham gia của đại diện lãnh đạo các Bộ, Cục, Tổng hội, Hiệp hội ngành y tế, đoàn chuyên gia Nhật Bản cùng hàng nghìn đại biểu, chuyên gia y tế, các thế hệ điều dưỡng từ khắp mọi miền Tổ quốc. \n \n Hành trình 35 năm kiến tạo nghề của trái tim và lòng nhân ái \n \n Phát biểu khai mạc, ThS. Phạm Đức Mục, Chủ tịch Hiệp hội Điều dưỡng Việt Nam bày tỏ xúc động: “Từ những ngày đầu thành lập năm 1990 với muôn vàn khó khăn, Hiệp hội đã không ngừng lớn mạnh, trở thành mái nhà chung của gần 120.000 điều dưỡng viên, kỹ thuật y, hộ sinh trên khắp cả nước. Mỗi hội viên là một mảnh ghép làm nên sức mạnh và bản sắc của nghề điều dưỡng Việt Nam hôm nay. Hơn hết, điều dưỡng đã ngày càng khẳng định vai trò nòng cốt trong việc nâng cao chất lượng dịch vụ y tế và gìn giữ niềm tin của người dân với ngành y.” \n \n \n \n Chương trình quy tụ hàng nghìn đại biểu, chuyên gia y tế, các thế hệ điều dưỡng từ khắp mọi miền Tổ quốc. \n \n Trong suốt 35 năm, Hiệp hội đã tham mưu với Bộ y tế nhiều chính sách quan trọng, xây dựng Chuẩn đạo đức nghề nghiệp điều dưỡng, Chuẩn năng lực điều dưỡng Việt Nam, đồng thời tổ chức hàng nghìn khóa đào tạo, tập huấn nhằm nâng cao năng lực chuyên môn, thúc đẩy nghiên cứu khoa học, và mở rộng hợp tác quốc tế. \n \n “Với tinh thần đoàn kết, sáng tạo và trách nh
... [truncated, total 10368 chars]
================================================================================

================================================================================
Article ID: MOH_f24d0dee743f53bb | Attempt: 1
Error: Cannot extract valid JSON from response: line 1 column 1 (char 0)
Raw response (13082 chars):
{
"id": "MOH_f24d0dee743f53bb",
"date_iso": "2025-10-27T00:00:00",
"full_text": "Trong những năm qua, dưới sự lãnh đạo của Tỉnh ủy, HĐND, UBND tỉnh, sự chỉ đạo và hỗ trợ về chuyên môn kỹ thuật của Bộ Y tế và các Cục, Viện, Bệnh viện tuyến trung ương, sự phối hợp của các cấp, các ngành, các địa phương, Ngành Y tế đã triển khai đồng bộ các nhiệm vụ, giải pháp để góp phần thực hiện có hiệu quả công tác bảo vệ, chăm sóc và nâng cao sức khoẻ nhân dân tỉnh nhà. \n \n Ngành đã tham mưu Tỉnh ủy, HĐND, UBND tỉnh ban hành nhiều chủ trương, chính sách, chương trình, kế hoạch về chăm sóc, bảo vệ sức khỏe Nhân dân và phát triển hệ thống y tế. Những quyết sách kịp thời của tỉnh đã góp phần nâng cao hiệu quả, chất lượng công tác chăm sóc, bảo vệ sức khỏe cho Nhân dân tỉnh nhà. \n \n Đến nay, sau khi thực hiện mô hình chính quyền địa phương 2 cấp, hệ thống y tế công lập có 12 trung tâm y tế, 8 bệnh viện đa khoa, chuyên khoa; 2 chi cục và 3 trung tâm tuyến tỉnh, các trạm y tế đang duy trì hoạt động theo địa bàn xã/phường cũ với 209 trạm. Mạng lưới y tế tư nhân có 3 bệnh viện, 375 phòng khám/cơ sở dịch vụ y tế; hơn 1.000 cơ sở kinh doanh thuốc/vật tư/ thiết bị y tế. \n \n \n \n Trung tâm Kiểm soát bệnh tật Hà Tĩnh chủ động xử lý môi trường, nước sạch, phòng chống dịch bệnh \n \n Trong nhiệm kỳ 2020-2025, các chỉ tiêu sức khoẻ cơ bản và mức độ tiếp cận dịch vụ y tế của người dân được cải thiện rõ rệt; tỷ lệ trẻ em dưới 5 tuổi bị suy dinh dưỡng thể thấp còi giảm còn 13,4%; tỷ lệ trẻ em dưới 5 tuổi được tiêm chủng đầy đủ đạt 97,9%, tỷ lệ người dân tham gia BHYT đạt 95%; số giường bệnh trên vạn dân đạt 36,6; số bác sĩ trên vạn dân là 13 bác sỹ. \n \n Chất lượng khám chữa bệnh ngày càng được nâng cao, nhiều kỹ thuật chuyên sâu được ứng dụng. Bệnh viện Đa khoa tỉnh đã làm chủ được nhiều kỹ thuật cao như can thiệp tim mạch; phẫu thuật cột sống, sọ não, xạ hình, xạ trị điều trị ung thư.... 100% bệnh viện đa khoa/TTYT thực hiện được phẫu thuật nội soi tiêu hóa; nhiều đơn vị thực hiện phương p
... [truncated, total 13082 chars]
================================================================================

================================================================================
Article ID: MOH_d364b0bd7f36fc86 | Attempt: 1
Error: Cannot extract valid JSON from response: line 1 column 1 (char 0)
Raw response (7690 chars):
{
"id": "MOH_d364b0bd7f36fc86",
"date_iso": "2025-10-27T00:00:00",
"full_text": "Chuyển đổi số, cải cách thủ tục hành chính được xem là động lực trọng tâm để hiện đại hóa ngành Y tế, nâng cao chất lượng khám chữa bệnh và phục vụ người dân tốt hơn. \n \n \n \n Trong giai đoạn 2020-2025, cùng với các phong trào thi đua yêu nước, Bộ Y tế đã triển khai sâu rộng Phong trào “Cả nước thi đua đổi mới sáng tạo và chuyển đổi số” theo Kế hoạch số 1013/KH-BYT ngày 25/7/2025. Đây là bước đi quan trọng nhằm thúc đẩy ứng dụng công nghệ hiện đại, nâng cao hiệu quả quản lý, chất lượng dịch vụ và sự hài lòng của người dân. \n \n Ngành Y tế đã và đang triển khai nhiều mô hình, giải pháp sáng tạo trong cả quản lý và chuyên môn, góp phần hiện đại hóa hệ thống y tế, hướng tới một nền y tế số toàn diện. Nổi bật là mô hình “Hồ sơ sức khỏe điện tử và sổ khám bệnh điện tử”, giúp theo dõi thông tin y tế cá nhân một cách đầy đủ, liên tục, làm nền tảng cốt lõi cho quá trình chuyển đổi số toàn ngành. \n \n Cùng với đó, nhiều cơ sở y tế đã xây dựng “Bệnh viện không giấy - Bệnh viện thông minh”, áp dụng bệnh án điện tử, quản lý khám chữa bệnh không dùng giấy tờ, thanh toán không dùng tiền mặt, giúp rút ngắn thời gian chờ đợi và nâng cao sự hài lòng của người bệnh. Các bệnh viện như Bạch Mai, Chợ Rẫy, Đại học Y Dược TP Hồ Chí Minh, Đại học Y Hà Nội, Đa khoa Quảng Ninh… là những đơn vị tiên phong triển khai hiệu quả mô hình này. \n \n Ngành Y tế cũng ứng dụng trí tuệ nhân tạo (AI) và dữ liệu lớn (Big Data) trong chẩn đoán hình ảnh, điều trị ung thư, cảnh báo tương tác thuốc; đồng thời mở rộng khám, chữa bệnh từ xa (telemedicine), giúp người dân vùng sâu, vùng xa tiếp cận các chuyên gia tuyến Trung ương mà không cần di chuyển. \n \n Trong quản lý điều hành, các đơn vị thuộc Bộ đã triển khai chữ ký số, quản lý văn bản điện tử, họp trực tuyến, báo cáo tự động, góp phần giảm thủ tục, tiết kiệm thời gian và chi phí, nâng cao hiệu quả công việc. \n \n Đặc biệt, Bệnh viện Đại học Y Dược TP Hồ Chí Minh là đ
... [truncated, total 7690 chars]
================================================================================

================================================================================
Article ID: MOH_d364b0bd7f36fc86 | Attempt: 2
Error: Cannot extract valid JSON from response: line 1 column 1 (char 0)
Raw response (7862 chars):
{
"id": "MOH_d364b0bd7f36fc86",
"date_iso": "2025-10-27T00:00:00",
"full_text": "Chuyển đổi số, cải cách thủ tục hành chính được xem là động lực trọng tâm để hiện đại hóa ngành Y tế, nâng cao chất lượng khám chữa bệnh và phục vụ người dân tốt hơn. \n \n \n \n Trong giai đoạn 2020-2025, cùng với các phong trào thi đua yêu nước, Bộ Y tế đã triển khai sâu rộng Phong trào “Cả nước thi đua đổi mới sáng tạo và chuyển đổi số” theo Kế hoạch số 1013/KH-BYT ngày 25/7/2025. Đây là bước đi quan trọng nhằm thúc đẩy ứng dụng công nghệ hiện đại, nâng cao hiệu quả quản lý, chất lượng dịch vụ và sự hài lòng của người dân. \n \n Ngành Y tế đã và đang triển khai nhiều mô hình, giải pháp sáng tạo trong cả quản lý và chuyên môn, góp phần hiện đại hóa hệ thống y tế, hướng tới một nền y tế số toàn diện. Nổi bật là mô hình “Hồ sơ sức khỏe điện tử và sổ khám bệnh điện tử”, giúp theo dõi thông tin y tế cá nhân một cách đầy đủ, liên tục, làm nền tảng cốt lõi cho quá trình chuyển đổi số toàn ngành. \n \n Cùng với đó, nhiều cơ sở y tế đã xây dựng “Bệnh viện không giấy - Bệnh viện thông minh”, áp dụng bệnh án điện tử, quản lý khám chữa bệnh không dùng giấy tờ, thanh toán không dùng tiền mặt, giúp rút ngắn thời gian chờ đợi và nâng cao sự hài lòng của người bệnh. Các bệnh viện như Bạch Mai, Chợ Rẫy, Đại học Y Dược TP Hồ Chí Minh, Đại học Y Hà Nội, Đa khoa Quảng Ninh… là những đơn vị tiên phong triển khai hiệu quả mô hình này. \n \n Ngành Y tế cũng ứng dụng trí tuệ nhân tạo (AI) và dữ liệu lớn (Big Data) trong chẩn đoán hình ảnh, điều trị ung thư, cảnh báo tương tác thuốc; đồng thời mở rộng khám, chữa bệnh từ xa (telemedicine), giúp người dân vùng sâu, vùng xa tiếp cận các chuyên gia tuyến Trung ương mà không cần di chuyển. \n \n Trong quản lý điều hành, các đơn vị thuộc Bộ đã triển khai chữ ký số, quản lý văn bản điện tử, họp trực tuyến, báo cáo tự động, góp phần giảm thủ tục, tiết kiệm thời gian và chi phí, nâng cao hiệu quả công việc. \n \n Đặc biệt, Bệnh viện Đại học Y Dược TP Hồ Chí Minh là đ
... [truncated, total 7862 chars]
================================================================================

================================================================================
Article ID: MOH_1e1ac45b58b0adac | Attempt: 1
Error: Cannot extract valid JSON from response: line 1 column 1 (char 0)
Raw response (9094 chars):
{
"id": "MOH_1e1ac45b58b0adac",
"date_iso": "2025-10-27T00:00:00",
"full_text": "K’Phương Thảo lớn lên từ buôn làng, học bác sĩ rồi trở lại phục vụ cho quê hương Đam Rông (Lâm Đồng). Tận tình với bà con buôn làng, chị được tin yêu bầu làm đại biểu HĐND xã Đam Rông 2 (nhiệm kỳ 2021 - 2026). \n \n \n \n Bác sĩ K'Phương Thảo khám bệnh cho đồng bào \n \n Không ngừng học tập \n \n Bác sĩ Chuyên khoa I (CKI) K’Phương Thảo (35 tuổi, dân tộc Châu Mạ) sống tại thôn Bằng Lăng, xã Đam Rông 2 đang mang nhiều trọng trách: Phó Trưởng Khoa Khám bệnh, Hồi sức cấp cứu, Xét nghiệm và Chẩn đoán hình ảnh; Chi hội trưởng Chi hội Phụ nữ, Chi hội trưởng Chi hội Chữ thập đỏ, Chi hội phó Chi hội Thầy thuốc trẻ; đại biểu HĐND của xã Đam Rông 2 nhiệm kỳ 2021 - 2026. \n \n Cách đây 10 năm, khi mẹ của K’Phương Thảo làm ở khoa khám bệnh nghỉ hưu thì chị cũng vừa tốt nghiệp bác sĩ ra trường nối nghiệp mẹ vào công tác tại Trung tâm Y tế khu vực Đam Rông. \n \n Bác sĩ K’Phương Thảo kể lại, khi về công tác tại Trung tâm Y tế Đam Rông (cũ) tình hình chung nơi này còn khá là khó khăn, chưa triển khai được nhiều danh mục kỹ thuật, mổ đẻ chưa có, mảng hồi sức cấp cứu còn mỏng, bác sĩ chuyên khoa ngoại không có, thậm chí phòng răng được mở ra nhưng nhân lực chỉ 1 điều dưỡng với vài chiếc kìm cơ bản chuyên nhổ răng trẻ em và chủ yếu phục vụ công tác nha học đường trên địa bàn. \n \n Năm 2018, dự án “Thí điểm bác sĩ trẻ tình nguyện về vùng khó khăn” (Dự án 585) mở ra cơ hội học tập nâng cao trình độ chuyên môn cho các bác sĩ trẻ vùng khó khăn. Bác sĩ K’Phương Thảo may mắn được cử đi học Chuyên khoa cấp I răng hàm mặt tại Đại học Y dược Huế cùng với 2 đồng nghiệp của đơn vị. \n \n Bác sĩ K’Phương Thảo chia sẻ: “Tôi đã nhận được sự giáo dục rất sát sao và tận tâm khi nhà trường phân công bác sĩ CKII Phạm Thị Như Ý có bề dày kinh nghiệm giảng dạy cầm tay chỉ việc liên tục cho tôi trong 2 năm. Theo đúng kế hoạch đào tạo, tôi đã tốt nghiệp vào năm 2020. Thời điểm này, 3 học viên chúng tôi rất vinh dự khi được l
... [truncated, total 9094 chars]
================================================================================

================================================================================
Article ID: MOH_de9bdba3624bdd9a | Attempt: 1
Error: Cannot extract valid JSON from response: line 1 column 1 (char 0)
Raw response (12209 chars):
{
"id": "MOH_de9bdba3624bdd9a",
"date_iso": "2025-10-24T00:00:00",
"full_text": "Thực hiện chỉ đạo của Chính phủ về cải cách thủ tục hành chính (TTHC), ngày 17/8/2025, Chủ tịch Ủy ban nhân dân tỉnh Gia Lai đã ban hành Quyết định số 1462/QĐ-UBND thông qua phương án đơn giản hóa ba thủ tục hành chính thuộc lĩnh vực khám bệnh, chữa bệnh, dược phẩm và an toàn vệ sinh thực phẩm. Đây là bước đi cụ thể, thể hiện quyết tâm của địa phương trong việc lấy người dân, doanh nghiệp làm trung tâm phục vụ, giảm chi phí, rút ngắn thời gian thực hiện, thúc đẩy quá trình số hóa và hiện đại hóa nền hành chính công. \n \n Theo Quyết định số 1462/QĐ-UBND, ba thủ tục hành chính được lựa chọn để thực hiện đơn giản hóa gồm: (1) Cấp mới giấy phép hoạt động khám bệnh, chữa bệnh; (2) Cấp giấy chứng nhận đủ điều kiện kinh doanh dược; và (3) Cấp giấy chứng nhận cơ sở đủ điều kiện an toàn thực phẩm đối với cơ sở sản xuất, kinh doanh dịch vụ ăn uống thuộc phạm vi quản lý của Bộ Y tế. \n \n Đây đều là những thủ tục có tần suất phát sinh cao, liên quan trực tiếp đến quyền và nghĩa vụ của người dân, doanh nghiệp, đặc biệt là khu vực tư nhân trong lĩnh vực y tế và an toàn thực phẩm. Việc rà soát, cắt giảm và tối giản hồ sơ không chỉ giúp tiết kiệm chi phí mà còn góp phần nâng cao chất lượng quản lý nhà nước, hướng tới mục tiêu xây dựng nền hành chính “minh bạch – chuyên nghiệp – hiện đại”. \n \n Theo đó, tỉnh Gia Lai đã thực hiện đúng tinh thần của Nghị định số 118/2025/NĐ-CP về cơ chế một cửa, một cửa liên thông và chỉ đạo của Thủ tướng Chính phủ về việc đẩy mạnh số hóa, chia sẻ dữ liệu, không yêu cầu người dân, tổ chức nộp lại các loại giấy tờ, thông tin đã có trong cơ sở dữ liệu quốc gia hoặc hệ thống thông tin điện tử của cơ quan nhà nước. \n \n Thứ nhất , đối với thủ tục cấp mới giấy phép hoạt động khám bệnh, chữa bệnh , UBND tỉnh đã thống nhất bỏ yêu cầu nộp bản sao quyết định thành lập hoặc giấy chứng nhận đăng ký doanh nghiệp , vì thông tin này đã được lưu trữ, chia sẻ trên Hệ thống cơ sở dữ l
... [truncated, total 12209 chars]
================================================================================

================================================================================
Article ID: MOH_1603057733b8df06 | Attempt: 1
Error: Cannot extract valid JSON from response: line 1 column 1 (char 0)
Raw response (9997 chars):
{
"id": "MOH_1603057733b8df06",
"date_iso": "2025-10-22T00:00:00",
"full_text": "Trong bối cảnh đất nước bước vào giai đoạn phát triển mới với yêu cầu hiện đại hóa quản trị quốc gia và xây dựng Chính phủ số, Bộ Y tế vừa ban hành Kế hoạch số 2183/KH-BYT ngày 01/7/2025 về ban hành Kế hoạch hành động thực hiện Kế hoạch số 02-KH/BCĐTW ngày 19/6/2025 của Ban Chỉ đạo Trung ương về phát triển khoa học, công nghệ, đổi mới sáng tạo và chuyển đổi số. Đây là bước đi quan trọng nhằm thúc đẩy chuyển đổi số liên thông, đồng bộ, nhanh và hiệu quả , đáp ứng yêu cầu sắp xếp tổ chức bộ máy của hệ thống chính trị, đồng thời phục vụ tốt hơn cho người dân và doanh nghiệp trong lĩnh vực y tế. \n \n Mục tiêu trọng tâm: Liên thông dữ liệu – Nâng cao trải nghiệm số \n \n Theo Kế hoạch, Bộ Y tế đặt mục tiêu tổ chức thực hiện đầy đủ các nhiệm vụ được giao trong Kế hoạch 02-KH/BCĐTW , đồng thời xác định rõ trách nhiệm của từng đơn vị trực thuộc. Trọng tâm là: \n \n Thống nhất trải nghiệm số cho người dân và doanh nghiệp , trong đó ứng dụng định danh điện tử VNeID đóng vai trò “chìa khóa số” và Cổng Dịch vụ công quốc gia là “cửa duy nhất” để giải quyết toàn bộ thủ tục hành chính. \n \n Hiện đại hóa chỉ đạo, điều hành trên nền dữ liệu số , đảm bảo minh bạch, kết nối liền mạch giữa hệ thống dịch vụ công và hệ thống tác nghiệp. \n \n Xây dựng nền tảng liên thông thống nhất , bảo đảm gửi, nhận văn bản điện tử, kể cả văn bản mật, thông suốt và an toàn trong toàn hệ thống chính trị. \n \n Kế hoạch nhấn mạnh: cải cách thủ tục hành chính (TTHC) và chuyển đổi số phải đi đôi, lấy người dân, doanh nghiệp làm trung tâm, hướng đến cắt giảm giấy tờ, chi phí, thời gian và nâng cao chất lượng phục vụ. \n \n Nhiệm vụ cụ thể: Từ thể chế, hạ tầng đến nhân lực \n \n Hoàn thiện thể chế \n \n Bộ Y tế tập trung công bố, công khai TTHC theo phân cấp, phân quyền trong các lĩnh vực y tế, làm cơ sở cho địa phương triển khai từ ngày 1/7/2025. Song song, các văn bản pháp luật sẽ được sửa đổi để công nhận giá trị pháp lý củ
... [truncated, total 9997 chars]
================================================================================

================================================================================
Article ID: MOH_8f839e066ce5c7a1 | Attempt: 1
Error: Cannot extract valid JSON from response: line 1 column 1 (char 0)
Raw response (9523 chars):
{
"id": "MOH_8f839e066ce5c7a1",
"date_iso": "2025-10-20T00:00:00",
"full_text": "Một trong những trọng tâm được Thứ trưởng nhấn mạnh là việc xây dựng và đưa vào khai thác các cơ sở dữ liệu quốc gia trong lĩnh vực y tế . Từ cơ sở dữ liệu quản lý trẻ em, sức khỏe bà mẹ - trẻ em, đến dữ liệu khám chữa bệnh, an toàn thực phẩm, nhân lực y tế, dự phòng và tiêm chủng… tất cả đều phải được đồng bộ với Trung tâm dữ liệu Quốc gia , bảo đảm sự liên thông, minh bạch, phục vụ quản lý vĩ mô và nhu cầu thực tế của người dân. \n \n Đây là quyết tâm mạnh mẽ nhằm chuyển đổi từ cách quản lý phân tán, thủ công sang một hệ thống quản trị hiện đại, nơi mỗi thủ tục, mỗi hồ sơ của người dân đều được xử lý trên nền tảng số, tránh lặp lại, giảm thời gian, tiết kiệm chi phí. \n \n Một điểm nhấn quan trọng trong chỉ đạo là yêu cầu các đơn vị chuẩn hóa quy trình nghiệp vụ, số hóa hồ sơ TTHC và kết nối với Cổng dịch vụ công Quốc gia . Bộ Y tế đặt mục tiêu triển khai 100% dịch vụ công trực tuyến trên nền tảng quốc gia ngay trong tháng 6/2025, đồng thời sẽ đóng giao diện Cổng dịch vụ công riêng của Bộ trước tháng 2/2026. \n \n Điều này thể hiện quyết tâm rõ ràng: thay vì duy trì song song nhiều Cổng thông tin rời rạc, Bộ Y tế đang hướng tới một hệ thống thống nhất, thuận tiện, tránh gây phiền hà cho người dân và doanh nghiệp khi thực hiện các thủ tục liên quan đến y tế. \n \n Một trong những nhiệm vụ then chốt mà Bộ Y tế đang tập trung triển khai là Sổ sức khỏe điện tử . Theo chỉ đạo, đến năm 2030, 95% người dân sẽ có sổ sức khỏe điện tử. Đây không chỉ là công cụ quản lý y tế, mà còn là “tấm hộ chiếu sức khỏe” giúp người dân theo dõi tình trạng của mình mọi lúc, mọi nơi, đồng thời tạo điều kiện cho bác sĩ tiếp cận đầy đủ thông tin để đưa ra chẩn đoán và điều trị chính xác. \n \n Để hiện thực hóa mục tiêu này, Bộ Y tế yêu cầu các đơn vị đẩy nhanh việc liên thông dữ liệu từ Sổ sức khỏe, Giấy chuyển tuyến, Giấy hẹn khám lại, kết quả xét nghiệm… với hệ thống của cơ sở khám chữa bệnh và tích hợp trực t
... [truncated, total 9523 chars]
================================================================================

================================================================================
Article ID: MOH_f70e5dd890d91a8b | Attempt: 1
Error: Cannot extract valid JSON from response: line 1 column 1 (char 0)
Raw response (10512 chars):
{
"id": "MOH_f70e5dd890d91a8b",
"date_iso": "2025-10-20T00:00:00",
"full_text": "Ngày 12/6/2025, Chính phủ ban hành Nghị định số 148/2025/NĐ-CP quy định về phân quyền, phân cấp trong lĩnh vực y tế. Đây là văn bản pháp lý quan trọng, đánh dấu một bước chuyển mạnh mẽ trong việc đổi mới quản lý nhà nước, thúc đẩy cải cách thủ tục hành chính, đồng thời tăng cường tính chủ động, linh hoạt của chính quyền địa phương và các cơ quan chuyên môn y tế. Trên cơ sở Nghị định này, Bộ Y tế đã công bố danh mục các thủ tục hành chính được sửa đổi, bổ sung và bãi bỏ, tạo thuận lợi lớn cho người dân, doanh nghiệp cũng như đội ngũ cán bộ y tế. Những thay đổi này không chỉ mang tính kỹ thuật hành chính mà còn đem lại những lợi ích thiết thực, góp phần nâng cao hiệu quả hệ thống y tế và chất lượng chăm sóc sức khỏe nhân dân. \n \n Một trong những điểm nhấn lớn của Nghị định 148 là việc phân cấp mạnh mẽ cho cơ quan chuyên môn về y tế thuộc Ủy ban nhân dân cấp tỉnh. Thay vì hầu hết các thủ tục phải do Bộ Y tế trực tiếp giải quyết, nhiều thủ tục nay đã được chuyển giao cho Sở Y tế các địa phương thực hiện. Cụ thể, các thủ tục như cấp, điều chỉnh giấy phép hoạt động khám chữa bệnh; cấp giấy phép hành nghề cho bác sĩ, điều dưỡng, kỹ thuật viên; công bố cơ sở y tế đủ điều kiện thực hiện khám chữa bệnh từ xa; hay công bố cơ sở đáp ứng điều kiện hướng dẫn thực hành… đều đã được phân cấp cho cấp tỉnh. \n \n Điều này mang lại lợi ích kép, một mặt giảm tải cho Bộ Y tế, giúp cơ quan trung ương tập trung hoạch định chính sách, ban hành quy chuẩn và tăng cường kiểm tra, giám sát, mặt khác trao quyền cho địa phương, tạo sự chủ động trong việc quản lý, hỗ trợ và tháo gỡ khó khăn cho cơ sở y tế trên địa bàn. Việc xử lý hồ sơ, cấp phép hay giải quyết các thủ tục hành chính sẽ được thực hiện nhanh hơn, gần dân hơn, đáp ứng đúng nhu cầu thực tiễn từng vùng, miền. \n \n Trước đây, nhiều thủ tục như cấp giấy xác nhận nội dung quảng cáo dịch vụ khám chữa bệnh, cấp lại giấy xác nhận khi thay đổi thông tin đều d
... [truncated, total 10512 chars]
================================================================================

================================================================================
Article ID: MOH_061aa53b8dc00869 | Attempt: 1
Error: Cannot extract valid JSON from response: line 1 column 1 (char 0)
Raw response (20450 chars):
{
"id": "MOH_061aa53b8dc00869",
"date_iso": "2025-10-20T00:00:00",
"full_text": "Thủ tướng Chính phủ Phạm Minh Chính ký ban hành Chỉ thị số 31/CT-TTg ngày 18/10/2025 về việc xây dựng Kế hoạch phát triển kinh tế - xã hội 5 năm 2026-2030. \n \n \n \n Thủ tướng chỉ thị xây dựng kế hoạch 5 năm 2026-2030 với tinh thần hành động quyết liệt, đồng bộ, khả thi, hiệu quả, phấn đấu GDP 10%/năm trở lên \n \n Giai đoạn 2026-2030 là 5 năm cuối thực hiện Chiến lược phát triển KTXH 10 năm 2021-2030, tình hình thế giới dự báo tiếp tục chuyển biến nhanh, phức tạp hơn và ngày càng khó đoán định; khó khăn, thách thức và thuận lợi, thời cơ đan xen nhưng khó khăn, thách thức nhiều hơn; đặt ra yêu cầu cấp thiết về một tầm nhìn mới, tư duy mới, quan điểm phát triển mới cùng những giải pháp đột phá, quyết tâm cao để tăng trưởng nhanh và bền vững hơn, hiện thực hóa mục tiêu Chiến lược đặt ra đến năm 2030 trở thành nước đang phát triển có công nghiệp hiện đại, thu nhập trung bình cao và đến năm 2045 là nước phát triển, thu nhập cao, đưa nước ta bước vào kỷ nguyên mới - Kỷ nguyên vươn mình phát triển giàu mạnh, thịnh vượng của dân tộc. Thủ tướng Chính phủ yêu cầu các các bộ, cơ quan trung ương và địa phương, các tập đoàn kinh tế, tổng công ty nhà nước tập trung xây dựng Kế hoạch 5 năm giai đoạn 2026-2030, với tinh thần hành động quyết liệt, đồng bộ, khả thi, hiệu quả, phấn đấu tốc độ tăng trưởng GDP bình quân giai đoạn 2026-2030 đạt từ 10%/năm trở lên. \n \n Đánh giá thực hiện Kế hoạch phát triển KTXH 5 năm 2021-2025 đầy đủ, khách quan, trung thực \n \n Về nguyên tắc, yêu cầu đối với đánh giá thực hiện Kế hoạch phát triển KTXH 5 năm 2021-2025, Thủ tướng Chính phủ yêu cầu đánh giá đầy đủ, đúng thực chất, khách quan, trung thực, có so sánh với giai đoạn 2016-2020 và thế giới, khu vực (nếu có), bao gồm: kết quả đạt được, đặc biệt là các chỉ tiêu, mục tiêu đã đề ra trong giai đoạn 2021-2025, so sánh với các chỉ tiêu, mục tiêu tương tự giai đoạn 2016-2020; khó khăn, hạn chế, yếu kém; phân tích nguy
... [truncated, total 20450 chars]
================================================================================

================================================================================
Article ID: MOH_0dc6a8f0452c8b39 | Attempt: 1
Error: Cannot extract valid JSON from response: line 1 column 1 (char 0)
Raw response (13573 chars):
{
"id": "MOH_0dc6a8f0452c8b39",
"date_iso": "2025-10-10T00:00:00",
"full_text": "Chiều 10/10/2025, tại Trụ sở Trung ương Đảng, Ủy viên Bộ Chính trị, Thường trực Ban Bí thư Trần Cẩm Tú chủ trì cuộc làm việc với Đảng ủy Bộ Y tế và đại diện các cơ quan liên quan về triển khai Nghị quyết số 72-NQ/TW ngày 9/9/2025 của Bộ Chính trị “Về một số giải pháp đột phá, tăng cường bảo vệ, chăm sóc và nâng cao sức khỏe nhân dân” (gọi tắt là Nghị quyết 72). \n \n \n \n Đồng chí Trần Cẩm Tú, Uỷ viên Bộ Chính trị, Thường trực Ban Bí thư phát biểu chỉ đạo buổi làm việc - Ảnh: TTXVN \n \n Cùng tham dự có Ủy viên Trung ương Đảng, Phó Thủ tướng Chính phủ Lê Thành Long. \n \n Tại cuộc làm việc, Bí thư Đảng uỷ, Bộ trưởng Bộ Y tế Đào Hồng Lan báo cáo, Đảng uỷ Bộ Y tế đã chủ động, khẩn trương tham mưu, tổ chức quán triệt, triển khai thực hiện ngay khi Nghị quyết 72 được ban hành. \n \n Bộ Y tế đã trình Chính phủ ban hành Nghị quyết số 282/NQ-CP ngày 16/9/2025 về Chương trình hành động của Chính phủ triển khai thực hiện Nghị quyết số 72-NQ/TW, trong đó đã bám sát 6 nhóm nhiệm vụ, giải pháp nhằm giải quyết tồn tại, hạn chế, các điểm nghẽn, nút thắt chính, tạo đột phá trong nhận thức, nâng cao năng lực của hệ thống y tế, phát triển nguồn nhân lực, bảo đảm nguồn lực cho công tác bảo vệ, chăm sóc, nâng cao sức khoẻ nhân dân. Kèm theo Chương trình hành động là Danh mục các nhiệm vụ triển khai; trong đó xác định nhiệm vụ cụ thể, đơn vị chủ trì đơn vị phối hợp, kết quả, sản phẩm và thời hạn hoàn thành. \n \n Trên cơ sở đó, Chính phủ đã phân công nhiệm vụ cụ thể cho các bộ, ngành và các cơ quan, đơn vị xây dựng kế hoạch hành động, tổ chức triển khai, kiểm tra, giám sát, đánh giá để đạt được các mục tiêu của Nghị quyết số 72-NQ/TW, bảo đảm 6 rõ: “rõ người, rõ việc, rõ thời gian, rõ trách nhiệm, rõ sản phẩm, rõ thẩm quyền”. \n \n Bộ Y tế tham mưu, trình Chính phủ ban hành Chỉ thị số 25/CT-TTg ngày 15/9/2025 về đẩy mạnh phát triển nền y học cổ truyền Việt Nam trong giai đoạn mới; đang khẩn trương xây dựn
... [truncated, total 13573 chars]
================================================================================

================================================================================
Article ID: MOH_0dc6a8f0452c8b39 | Attempt: 2
Error: Cannot extract valid JSON from response: line 1 column 1 (char 0)
Raw response (14604 chars):
{
"id": "MOH_0dc6a8f0452c8b39",
"date_iso": "2025-10-10T00:00:00",
"full_text": "Chiều 10/10/2025, tại Trụ sở Trung ương Đảng, Ủy viên Bộ Chính trị, Thường trực Ban Bí thư Trần Cẩm Tú chủ trì cuộc làm việc với Đảng ủy Bộ Y tế và đại diện các cơ quan liên quan về triển khai Nghị quyết số 72-NQ/TW ngày 9/9/2025 của Bộ Chính trị “Về một số giải pháp đột phá, tăng cường bảo vệ, chăm sóc và nâng cao sức khỏe nhân dân” (gọi tắt là Nghị quyết 72). \n \n \n \n Đồng chí Trần Cẩm Tú, Uỷ viên Bộ Chính trị, Thường trực Ban Bí thư phát biểu chỉ đạo buổi làm việc - Ảnh: TTXVN \n \n Cùng tham dự có Ủy viên Trung ương Đảng, Phó Thủ tướng Chính phủ Lê Thành Long. \n \n Tại cuộc làm việc, Bí thư Đảng uỷ, Bộ trưởng Bộ Y tế Đào Hồng Lan báo cáo, Đảng uỷ Bộ Y tế đã chủ động, khẩn trương tham mưu, tổ chức quán triệt, triển khai thực hiện ngay khi Nghị quyết 72 được ban hành. \n \n Bộ Y tế đã trình Chính phủ ban hành Nghị quyết số 282/NQ-CP ngày 16/9/2025 về Chương trình hành động của Chính phủ triển khai thực hiện Nghị quyết số 72-NQ/TW, trong đó đã bám sát 6 nhóm nhiệm vụ, giải pháp nhằm giải quyết tồn tại, hạn chế, các điểm nghẽn, nút thắt chính, tạo đột phá trong nhận thức, nâng cao năng lực của hệ thống y tế, phát triển nguồn nhân lực, bảo đảm nguồn lực cho công tác bảo vệ, chăm sóc, nâng cao sức khoẻ nhân dân. Kèm theo Chương trình hành động là Danh mục các nhiệm vụ triển khai; trong đó xác định nhiệm vụ cụ thể, đơn vị chủ trì đơn vị phối hợp, kết quả, sản phẩm và thời hạn hoàn thành. \n \n Trên cơ sở đó, Chính phủ đã phân công nhiệm vụ cụ thể cho các bộ, ngành và các cơ quan, đơn vị xây dựng kế hoạch hành động, tổ chức triển khai, kiểm tra, giám sát, đánh giá để đạt được các mục tiêu của Nghị quyết số 72-NQ/TW, bảo đảm 6 rõ: “rõ người, rõ việc, rõ thời gian, rõ trách nhiệm, rõ sản phẩm, rõ thẩm quyền”. \n \n Bộ Y tế tham mưu, trình Chính phủ ban hành Chỉ thị số 25/CT-TTg ngày 15/9/2025 về đẩy mạnh phát triển nền y học cổ truyền Việt Nam trong giai đoạn mới; đang khẩn trương xây dựn
... [truncated, total 14604 chars]
================================================================================

================================================================================
Article ID: MOH_0dc6a8f0452c8b39 | Attempt: 3
Error: Cannot extract valid JSON from response: line 1 column 1 (char 0)
Raw response (14713 chars):
{
"id": "MOH_0dc6a8f0452c8b39",
"date_iso": "2025-10-10T00:00:00",
"full_text": "Chiều 10/10/2025, tại Trụ sở Trung ương Đảng, Ủy viên Bộ Chính trị, Thường trực Ban Bí thư Trần Cẩm Tú chủ trì cuộc làm việc với Đảng ủy Bộ Y tế và đại diện các cơ quan liên quan về triển khai Nghị quyết số 72-NQ/TW ngày 9/9/2025 của Bộ Chính trị “Về một số giải pháp đột phá, tăng cường bảo vệ, chăm sóc và nâng cao sức khỏe nhân dân” (gọi tắt là Nghị quyết 72). \n \n \n \n Đồng chí Trần Cẩm Tú, Uỷ viên Bộ Chính trị, Thường trực Ban Bí thư phát biểu chỉ đạo buổi làm việc - Ảnh: TTXVN \n \n Cùng tham dự có Ủy viên Trung ương Đảng, Phó Thủ tướng Chính phủ Lê Thành Long. \n \n Tại cuộc làm việc, Bí thư Đảng uỷ, Bộ trưởng Bộ Y tế Đào Hồng Lan báo cáo, Đảng uỷ Bộ Y tế đã chủ động, khẩn trương tham mưu, tổ chức quán triệt, triển khai thực hiện ngay khi Nghị quyết 72 được ban hành. \n \n Bộ Y tế đã trình Chính phủ ban hành Nghị quyết số 282/NQ-CP ngày 16/9/2025 về Chương trình hành động của Chính phủ triển khai thực hiện Nghị quyết số 72-NQ/TW, trong đó đã bám sát 6 nhóm nhiệm vụ, giải pháp nhằm giải quyết tồn tại, hạn chế, các điểm nghẽn, nút thắt chính, tạo đột phá trong nhận thức, nâng cao năng lực của hệ thống y tế, phát triển nguồn nhân lực, bảo đảm nguồn lực cho công tác bảo vệ, chăm sóc, nâng cao sức khoẻ nhân dân. Kèm theo Chương trình hành động là Danh mục các nhiệm vụ triển khai; trong đó xác định nhiệm vụ cụ thể, đơn vị chủ trì đơn vị phối hợp, kết quả, sản phẩm và thời hạn hoàn thành. \n \n Trên cơ sở đó, Chính phủ đã phân công nhiệm vụ cụ thể cho các bộ, ngành và các cơ quan, đơn vị xây dựng kế hoạch hành động, tổ chức triển khai, kiểm tra, giám sát, đánh giá để đạt được các mục tiêu của Nghị quyết số 72-NQ/TW, bảo đảm 6 rõ: “rõ người, rõ việc, rõ thời gian, rõ trách nhiệm, rõ sản phẩm, rõ thẩm quyền”. \n \n Bộ Y tế tham mưu, trình Chính phủ ban hành Chỉ thị số 25/CT-TTg ngày 15/9/2025 về đẩy mạnh phát triển nền y học cổ truyền Việt Nam trong giai đoạn mới; đang khẩn trương xây dựn
... [truncated, total 14713 chars]
================================================================================

================================================================================
Article ID: MOH_240c08b14e2fd55a | Attempt: 1
Error: Cannot extract valid JSON from response: line 1 column 1 (char 0)
Raw response (10850 chars):
{
"id": "MOH_240c08b14e2fd55a",
"date_iso": "2025-10-02T00:00:00",
"full_text": "Ngày 12/6/2025, Chính phủ đã ban hành Nghị định số 148/2025/NĐ-CP quy định về phân quyền, phân cấp trong lĩnh vực y tế. Đây được coi là một bước tiến quan trọng nhằm hiện thực hóa chủ trương phân cấp triệt để, tinh gọn bộ máy, nâng cao hiệu lực quản lý nhà nước và đặc biệt là cải cách mạnh mẽ thủ tục hành chính trong y tế. Với nhiều điểm mới so với các nghị định trước đây, Nghị định không chỉ góp phần giảm tải cho các cơ quan Trung ương, mà còn trao thêm thẩm quyền cho chính quyền địa phương, đưa dịch vụ y tế đến gần hơn với người dân và doanh nghiệp. \n \n Nếu như trước đây nhiều thủ tục trong lĩnh vực y tế như bổ nhiệm giám định viên pháp y, điều chỉnh giấy phép hoạt động khám chữa bệnh, hay cấp giấy phép hành nghề cho bác sĩ vẫn tập trung ở Bộ Y tế hoặc cơ quan cấp Trung ương, thì nay Nghị định 148/2025/NĐ-CP đã mạnh dạn phân định rõ thẩm quyền cho cơ quan chuyên môn về y tế thuộc Ủy ban nhân dân cấp tỉnh. Điều này giúp rút ngắn quy trình, giảm chi phí thời gian và công sức của người dân, đồng thời phát huy vai trò chủ động, trách nhiệm của địa phương trong quản lý y tế. \n \n Nguyên tắc phân định được Nghị định nhấn mạnh là bảo đảm phù hợp Hiến pháp, thống nhất quản lý nhà nước nhưng phân quyền, phân cấp tối đa cho địa phương trong những vấn đề có thể giải quyết tại chỗ. Chính phủ, Thủ tướng Chính phủ và các Bộ sẽ tập trung vào hoạch định chính sách, chiến lược vĩ mô, còn địa phương sẽ trực tiếp xử lý các thủ tục hành chính cụ thể. Đây là bước chuyển quan trọng từ mô hình quản lý “xin – cho” sang mô hình “phân quyền – trách nhiệm”. \n \n Điểm nhấn cải cách rõ ràng nhất của Nghị định 148/2025/NĐ-CP chính là hàng loạt thủ tục hành chính được phân cấp xuống địa phương. Trong lĩnh vực khám chữa bệnh, thẩm quyền điều chỉnh giấy phép hoạt động bệnh viện tư nhân, cấp mới hay gia hạn giấy phép hành nghề khám chữa bệnh cho bác sĩ đã thuộc về cơ quan chuyên môn cấp tỉnh. Trước đây, quy trình 
... [truncated, total 10850 chars]
================================================================================

================================================================================
Article ID: MOH_1b21cbdde7df509f | Attempt: 1
Error: Cannot extract valid JSON from response: line 1 column 1 (char 0)
Raw response (9915 chars):
{
"id": "MOH_1b21cbdde7df509f",
"date_iso": "2025-10-02T00:00:00",
"full_text": "Cải cách thủ tục hành chính (TTHC) luôn là một trong những trọng tâm hàng đầu trong công tác chỉ đạo, điều hành của Chính phủ và chính quyền các địa phương. Với phương châm hành động “Đoàn kết kỷ cương; chủ động sáng tạo; tinh gọn hiệu quả; tăng tốc bứt phá”, Ninh Thuận đã và đang kiên trì thực hiện cải cách hành chính, hướng tới xây dựng nền hành chính phục vụ, lấy sự hài lòng của người dân, doanh nghiệp làm thước đo. Trong tháng 4/2025, Ủy ban nhân dân tỉnh Ninh Thuận đã có báo cáo gửi Văn phòng Chính phủ, phản ánh bức tranh toàn diện về tình hình cải cách TTHC trên địa bàn. Những kết quả đạt được không chỉ là con số, mà còn thể hiện sự thay đổi trong tư duy, hành động của bộ máy hành chính. \n \n Kết quả nổi bật đầu tiên là việc công bố và công khai TTHC. Tính đến thời điểm báo cáo, tỉnh đã công khai 1.790 thủ tục trên Cơ sở dữ liệu quốc gia, giúp cán bộ, công chức, người dân và doanh nghiệp dễ dàng tiếp cận, thực hiện và giám sát, đảm bảo tính minh bạch trong quản lý nhà nước. Tuy nhiên, tỉnh cũng thẳng thắn chỉ ra một số hạn chế khi một số quyết định công bố, công khai TTHC chưa kịp thời, còn chậm so với quy định, nguyên nhân chủ yếu do sự phối hợp giữa các bộ, ngành và địa phương chưa đồng bộ, nhiều văn bản công bố không được gửi về tỉnh, gây khó khăn trong việc cập nhật và công khai. \n \n Một điểm sáng đáng chú ý là Ninh Thuận đã đẩy mạnh ứng dụng công nghệ thông tin và kết nối dữ liệu. Cổng Dịch vụ công tỉnh hiện đã kết nối với nhiều hệ thống của các bộ, ngành như Bộ Tư pháp (phần mềm hộ tịch), Bộ Tài chính (trang đăng ký doanh nghiệp), Bộ Xây dựng (dịch vụ công trực tuyến về nhà ở hình thành trong tương lai), Hệ thống đo lường mức độ cung cấp và sử dụng dịch vụ Chính phủ số (EMC) của Bộ Thông tin và Truyền thông. Đặc biệt, tỉnh đã tích hợp và chia sẻ dữ liệu số hóa giữa Cổng Dịch vụ công tỉnh và Kho quản lý dữ liệu điện tử của tổ chức, cá nhân trên Cổng Dịch vụ công Quốc gia, 
... [truncated, total 9915 chars]
================================================================================

================================================================================
Article ID: MOH_72095580d2065153 | Attempt: 1
Error: Cannot extract valid JSON from response: line 1 column 1 (char 0)
Raw response (9353 chars):
{
"id": "MOH_72095580d2065153",
"date_iso": "2025-10-02T00:00:00",
"full_text": "Ngày 23/4/2025, UBND tỉnh Bình Định đã ban hành Quyết định công bố danh mục thủ tục hành chính (TTHC) sửa đổi, bổ sung trong lĩnh vực khám bệnh, chữa bệnh thuộc phạm vi chức năng quản lý của Sở Y tế. Đây là động thái quan trọng nhằm cụ thể hóa chủ trương cải cách hành chính, nâng cao chất lượng phục vụ người dân và doanh nghiệp, đồng thời bảo đảm sự phù hợp với các quy định pháp luật mới trong ngành y tế. \n \n Theo Quyết định, có 4 thủ tục hành chính trọng yếu được công bố. Thứ nhất là thủ tục cấp mới giấy phép hoạt động khám bệnh, chữa bệnh. Thủ tục này quy định rõ quy trình thẩm định điều kiện hoạt động và danh mục kỹ thuật tại cơ sở đề nghị, với thời hạn giải quyết trong vòng 60 ngày kể từ khi nhận đủ hồ sơ, cộng thêm 10 ngày làm việc để xử lý các yêu cầu bổ sung nếu có. Mức phí dao động từ 3,1 triệu đồng đến 10,5 triệu đồng, tùy loại hình cơ sở khám chữa bệnh. \n \n Thứ hai là thủ tục cấp lại giấy phép hoạt động khám bệnh, chữa bệnh. Thời hạn giải quyết được rút ngắn còn 20 ngày, với mức phí 1,5 triệu đồng/hồ sơ. Đặc biệt, trong trường hợp cơ quan cấp phép có sai sót, người dân không phải nộp phí. \n \n Thứ ba là thủ tục điều chỉnh giấy phép hoạt động khám bệnh, chữa bệnh. Thời hạn giải quyết được quy định linh hoạt: 20 ngày nếu không cần thẩm định thực tế tại cơ sở và 60 ngày nếu phải thẩm định. Phí thay đổi dao động từ 1,5 triệu đồng đến hơn 10 triệu đồng, tùy trường hợp. Đáng chú ý, thủ tục này không thu phí khi giảm bớt danh mục kỹ thuật hoặc điều chỉnh do thay đổi địa giới hành chính. \n \n Thứ tư là thủ tục công bố đủ điều kiện thực hiện khám sức khỏe, khám và điều trị HIV/AIDS. Đây là thủ tục được cung cấp trực tuyến toàn trình, giúp các cơ sở y tế thực hiện nhanh chóng trong vòng 15 ngày. \n \n Tất cả thủ tục nêu trên đều được tiếp nhận và trả kết quả tại Trung tâm Phục vụ hành chính công tỉnh Bình Định (127 Hai Bà Trưng, TP. Quy Nhơn), đồng thời áp dụng dịch vụ công trực t
... [truncated, total 9353 chars]
================================================================================

================================================================================
Article ID: MOH_73300fa8b5d81f01 | Attempt: 1
Error: Cannot extract valid JSON from response: line 1 column 1 (char 0)
Raw response (8699 chars):
{
"id": "MOH_73300fa8b5d81f01",
"date_iso": "2025-10-01T00:00:00",
"full_text": "Bộ Y tế đang lấy ý kiến đóng về dự thảo Quyết định của Thủ tướng Chính phủ phê duyệt Kế hoạch tăng cường thực thi hiệu quả Công ước quốc tế về quyền người khuyết tật và các khuyến nghị của Ủy ban về quyền người khuyết tật Liên hiệp quốc (Kế hoạch). \n \n Dự thảo nêu rõ, mục đích của Kế hoạch nhằm tiếp tục thực hiện có hiệu quả Quyết định số 1100/QĐ-TTg, ngày 21 tháng 6 năm 2016 của Thủ tướng Chính phủ về việc phê duyệt Kế hoạch thực hiện Công ước của Liên hiệp quốc về quyền của người khuyết tật. \n \n \n \n Đồng thời, xác định rõ nội dung công việc, lộ trình thực hiện các quy định của Công ước về quyền của người khuyết tật (Công ước) và các Khuyến nghị phù hợp của Ủy ban về quyền người khuyết tật Liên hiệp quốc (2025). Từ đó, góp phần bảo đảm quyền, nâng cao sự thụ hưởng của người khuyết tật về sức khỏe, giáo dục, văn hóa, thể thao, du lịch, việc làm, v.v… phù hợp với Hiến pháp, pháp luật và điều kiện kinh tế - xã hội của Việt Nam; bảo đảm các yêu cầu đối ngoại, đối nội, bảo đảm an ninh quốc gia, trật tự an toàn xã hội. \n \n Tăng cường hợp tác quốc tế trong trợ giúp người khuyết tật, đặc biệt là hợp tác với các cơ quan có thẩm quyền của các quốc gia thành viên Công ước và với các cơ quan của Liên hợp quốc trong việc tuyên truyền, phổ biến nội dung Công ước CRPD và các khuyến nghị phù hợp của Ủy ban về quyền người khuyết tật. \n \n \n \n Theo dự thảo, một trong những nhiệm vụ, giải pháp Kế hoạch đặt ra là tiếp tục nội luật hóa và hoàn thiện hệ thống pháp luật nhằm thực hiện Công ước và các khuyến nghị phù hợp của Ủy ban về quyền của người khuyết tật. \n \n Các bộ, ngành chủ trì rà soát, đánh giá tính tương thích giữa quy định tại các dự thảo luật, nghị quyết của Quốc hội, pháp lệnh của Ủy ban Thường vụ Quốc hội với Công ước trong quá trình xây dựng các văn bản quy phạm pháp luật. \n \n Nghiên cứu đề xuất hoàn thiện pháp luật nhằm tăng cường tính tương thích với các quy định của Công ước
... [truncated, total 8699 chars]
================================================================================

================================================================================
Article ID: MOH_73300fa8b5d81f01 | Attempt: 2
Error: Cannot extract valid JSON from response: line 1 column 1 (char 0)
Raw response (8856 chars):
{
"id": "MOH_73300fa8b5d81f01",
"date_iso": "2025-10-01T00:00:00",
"full_text": "Bộ Y tế đang lấy ý kiến đóng về dự thảo Quyết định của Thủ tướng Chính phủ phê duyệt Kế hoạch tăng cường thực thi hiệu quả Công ước quốc tế về quyền người khuyết tật và các khuyến nghị của Ủy ban về quyền người khuyết tật Liên hiệp quốc (Kế hoạch). \n \n Dự thảo nêu rõ, mục đích của Kế hoạch nhằm tiếp tục thực hiện có hiệu quả Quyết định số 1100/QĐ-TTg, ngày 21 tháng 6 năm 2016 của Thủ tướng Chính phủ về việc phê duyệt Kế hoạch thực hiện Công ước của Liên hiệp quốc về quyền của người khuyết tật. \n \n \n \n Đồng thời, xác định rõ nội dung công việc, lộ trình thực hiện các quy định của Công ước về quyền của người khuyết tật (Công ước) và các Khuyến nghị phù hợp của Ủy ban về quyền người khuyết tật Liên hiệp quốc (2025). Từ đó, góp phần bảo đảm quyền, nâng cao sự thụ hưởng của người khuyết tật về sức khỏe, giáo dục, văn hóa, thể thao, du lịch, việc làm, v.v… phù hợp với Hiến pháp, pháp luật và điều kiện kinh tế - xã hội của Việt Nam; bảo đảm các yêu cầu đối ngoại, đối nội, bảo đảm an ninh quốc gia, trật tự an toàn xã hội. \n \n Tăng cường hợp tác quốc tế trong trợ giúp người khuyết tật, đặc biệt là hợp tác với các cơ quan có thẩm quyền của các quốc gia thành viên Công ước và với các cơ quan của Liên hợp quốc trong việc tuyên truyền, phổ biến nội dung Công ước CRPD và các khuyến nghị phù hợp của Ủy ban về quyền người khuyết tật. \n \n \n \n Theo dự thảo, một trong những nhiệm vụ, giải pháp Kế hoạch đặt ra là tiếp tục nội luật hóa và hoàn thiện hệ thống pháp luật nhằm thực hiện Công ước và các khuyến nghị phù hợp của Ủy ban về quyền của người khuyết tật. \n \n Các bộ, ngành chủ trì rà soát, đánh giá tính tương thích giữa quy định tại các dự thảo luật, nghị quyết của Quốc hội, pháp lệnh của Ủy ban Thường vụ Quốc hội với Công ước trong quá trình xây dựng các văn bản quy phạm pháp luật. \n \n Nghiên cứu đề xuất hoàn thiện pháp luật nhằm tăng cường tính tương thích với các quy định của Công ước
... [truncated, total 8856 chars]
================================================================================

================================================================================
Article ID: MOH_905b50eb85a198a0 | Attempt: 1
Error: Cannot extract valid JSON from response: line 1 column 1 (char 0)
Raw response (11701 chars):
{
"id": "MOH_905b50eb85a198a0",
"date_iso": "2025-09-30T00:00:00",
"full_text": "Theo Bộ trưởng Bộ Y tế Đào Hồng Lan, danh mục dịch vụ kỹ thuật được Quỹ BHYT chi trả hiện nay là hơn 9.000 dịch vụ kỹ thuật, đáp ứng hầu hết nhu cầu điều trị cơ bản của người dân. Việt Nam được đánh giá là một trong số ít quốc gia có phạm vi thuốc do Quỹ BHYT chi trả khá đầy đủ, toàn diện... \n \n Bộ Y tế cho biết đã nhận được Công văn của Ủy ban Dân nguyện và Giám sát về việc chuyển bổ sung kiến nghị của cử tri gửi tới sau kỳ họp thứ 9, Quốc hội khóa XV, trong đó có ý kiến cử tri tỉnh Quảng Ninh. \n \n Cử tri phản ánh hiện nay, dù có thẻ BHYT nhưng vẫn phải tự chi trả một số chi phí điều trị do danh mục thuốc, vật tư y tế và dịch vụ kỹ thuật được chi trả còn hạn chế, hoặc do tình trạng thiếu thuốc, thiếu vật tư xảy ra tại một số cơ sở khám chữa bệnh. Cử tri đề nghị Bộ Y tế chỉ đạo cập nhật đầy đủ, kịp thời danh mục thuốc, vật tư, dịch vụ kỹ thuật và tỷ lệ thanh toán BHYT; công khai thông tin để người dân nắm rõ. \n \n Đồng thời, cần tập trung chỉ đạo khắc phục tình trạng chậm đấu thầu, thiếu thuốc, thiếu vật tư tại các cơ sở y tế; tăng cường thanh tra, kiểm tra, giám sát việc thực hiện để chính sách BHYT thực sự trở thành điểm tựa an sinh, góp phần chăm lo, bảo vệ sức khỏe Nhân dân một cách hiệu quả và bền vững. \n \n \n \n Việt Nam là một trong số ít quốc gia có phạm vi thuốc do Quỹ BHYT chi trả khá đầy đủ và toàn diện \n \n Trả lời ý kiến cử tri đối với việc cập nhật, mở rộng danh mục thuốc, vật tư, dịch vụ kỹ thuật và tỷ lệ thanh toán BHYT, Bộ trưởng Bộ Y tế Đào Hồng Lan cho biết: Bộ Y tế luôn coi việc bảo đảm quyền lợi của người tham gia BHYT, đặc biệt là việc cung ứng đầy đủ thuốc, vật tư y tế, dịch vụ kỹ thuật và thanh toán kịp thời, minh bạch là nhiệm vụ trọng tâm, gắn với mục tiêu an sinh xã hội và chăm sóc sức khỏe nhân dân. \n \n Danh mục dịch vụ kỹ thuật được Quỹ BHYT chi trả hiện nay là hơn 9.000 dịch vụ kỹ thuật, đáp ứng hầu hết nhu cầu điều trị cơ bản của người dân. Hầu h
... [truncated, total 11701 chars]
================================================================================

================================================================================
Article ID: MOH_fd5a761f8a4edf3a | Attempt: 1
Error: Cannot extract valid JSON from response: line 1 column 1 (char 0)
Raw response (13488 chars):
{
"id": "MOH_fd5a761f8a4edf3a",
"date_iso": "2025-09-24T00:00:00",
"full_text": "Phó Thủ tướng Thường trực Chính phủ Nguyễn Hòa Bình vừa ký Quyết định số 2111/QĐ-TTg ngày 22/9/2025 phê duyệt phương án cắt giảm, đơn giản hóa thủ tục hành chính, điều kiện liên quan đến hoạt động sản xuất, kinh doanh thuộc phạm vi, chức năng quản lý của Bộ Y tế năm 2025. \n \n \n \n Đơn giản hóa nhiều thủ tục hành chính trong lĩnh vực kinh doanh dược, sản xuất mỹ phẩm \n \n Cụ thể, quyết định phê duyệt cắt giảm, đơn giản hóa quy định về thủ tục hành chính trong 5 lĩnh vực: kinh doanh hóa chất, chế phẩm diệt côn trùng, diệt khuẩn dùng trong lĩnh vực gia dụng y tế; kinh doanh dược; sản xuất mỹ phẩm; kinh doanh dịch vụ cai nghiện ma túy tự nguyện, cai nghiện thuốc lá, điều trị HIV/AIDS, chăm sóc người cao tuổi, người khuyết tật, trẻ em; kinh doanh thực phẩm thuộc thẩm quyền của Bộ Y tế. \n \n Quyết định cũng phê duyệt cắt giảm, đơn giản hóa quy định về điều kiện kinh doanh đối với 2 lĩnh vực: kinh doanh dịch vụ phẫu thuật thẩm mỹ; kinh doanh thiết bị y tế. \n \n Đơn giản hóa thủ tục cấp, cấp lại, điều chỉnh giấy chứng nhận kinh doanh dược \n \n Về lĩnh vực kinh doanh dược, Quyết định cắt giảm, đơn giản hóa việc cấp, cấp lại, điều chỉnh Giấy chứng nhận đủ điều kiện kinh doanh dược thuộc thẩm quyền của Bộ Y tế đối với cơ sở sản xuất thuốc, nguyên liệu làm thuốc; cơ sở xuất khẩu, nhập khẩu thuốc, nguyên liệu làm thuốc; cơ sở kinh doanh dịch vụ bảo quản thuốc, nguyên liệu làm thuốc; cơ sở kinh doanh dịch vụ kiểm nghiệm thuốc, nguyên liệu làm thuốc; cơ sở kinh doanh dịch vụ thử tương đương sinh học của thuốc; cơ sở tổ chức chuỗi nhà thuốc; cơ sở kinh doanh dịch vụ thử thuốc trên lâm sàng. \n \n Nội dung đơn giản hóa cụ thể như sau: \n \n - Bỏ quy định \"vị trí công việc quy định tại Điều 11 của Luật Dược phải có Chứng chỉ hành nghề dược (được quy định tại khoản 2 Điều 33 Luật Dược)\" trong điều kiện: \"Đối với cơ sở Nhập khẩu thuốc, nguyên liệu làm thuốc: Người chịu trách nhiệm chuyên môn về d
... [truncated, total 13488 chars]
================================================================================

================================================================================
Article ID: MOH_fd5a761f8a4edf3a | Attempt: 2
Error: Cannot extract valid JSON from response: line 1 column 1 (char 0)
Raw response (13925 chars):
{
"id": "MOH_fd5a761f8a4edf3a",
"date_iso": "2025-09-24T00:00:00",
"full_text": "Phó Thủ tướng Thường trực Chính phủ Nguyễn Hòa Bình vừa ký Quyết định số 2111/QĐ-TTg ngày 22/9/2025 phê duyệt phương án cắt giảm, đơn giản hóa thủ tục hành chính, điều kiện liên quan đến hoạt động sản xuất, kinh doanh thuộc phạm vi, chức năng quản lý của Bộ Y tế năm 2025. \n \n \n \n Đơn giản hóa nhiều thủ tục hành chính trong lĩnh vực kinh doanh dược, sản xuất mỹ phẩm \n \n Cụ thể, quyết định phê duyệt cắt giảm, đơn giản hóa quy định về thủ tục hành chính trong 5 lĩnh vực: kinh doanh hóa chất, chế phẩm diệt côn trùng, diệt khuẩn dùng trong lĩnh vực gia dụng y tế; kinh doanh dược; sản xuất mỹ phẩm; kinh doanh dịch vụ cai nghiện ma túy tự nguyện, cai nghiện thuốc lá, điều trị HIV/AIDS, chăm sóc người cao tuổi, người khuyết tật, trẻ em; kinh doanh thực phẩm thuộc thẩm quyền của Bộ Y tế. \n \n Quyết định cũng phê duyệt cắt giảm, đơn giản hóa quy định về điều kiện kinh doanh đối với 2 lĩnh vực: kinh doanh dịch vụ phẫu thuật thẩm mỹ; kinh doanh thiết bị y tế. \n \n Đơn giản hóa thủ tục cấp, cấp lại, điều chỉnh giấy chứng nhận kinh doanh dược \n \n Về lĩnh vực kinh doanh dược, Quyết định cắt giảm, đơn giản hóa việc cấp, cấp lại, điều chỉnh Giấy chứng nhận đủ điều kiện kinh doanh dược thuộc thẩm quyền của Bộ Y tế đối với cơ sở sản xuất thuốc, nguyên liệu làm thuốc; cơ sở xuất khẩu, nhập khẩu thuốc, nguyên liệu làm thuốc; cơ sở kinh doanh dịch vụ bảo quản thuốc, nguyên liệu làm thuốc; cơ sở kinh doanh dịch vụ kiểm nghiệm thuốc, nguyên liệu làm thuốc; cơ sở kinh doanh dịch vụ thử tương đương sinh học của thuốc; cơ sở tổ chức chuỗi nhà thuốc; cơ sở kinh doanh dịch vụ thử thuốc trên lâm sàng. \n \n Nội dung đơn giản hóa cụ thể như sau: \n \n - Bỏ quy định \"vị trí công việc quy định tại Điều 11 của Luật Dược phải có Chứng chỉ hành nghề dược (được quy định tại khoản 2 Điều 33 Luật Dược)\" trong điều kiện: \"Đối với cơ sở Nhập khẩu thuốc, nguyên liệu làm thuốc: Người chịu trách nhiệm chuyên môn về d
... [truncated, total 13925 chars]
================================================================================

================================================================================
Article ID: MOH_fd5a761f8a4edf3a | Attempt: 3
Error: Cannot extract valid JSON from response: line 1 column 1 (char 0)
Raw response (13537 chars):
{
"id": "MOH_fd5a761f8a4edf3a",
"date_iso": "2025-09-24T00:00:00",
"full_text": "Phó Thủ tướng Thường trực Chính phủ Nguyễn Hòa Bình vừa ký Quyết định số 2111/QĐ-TTg ngày 22/9/2025 phê duyệt phương án cắt giảm, đơn giản hóa thủ tục hành chính, điều kiện liên quan đến hoạt động sản xuất, kinh doanh thuộc phạm vi, chức năng quản lý của Bộ Y tế năm 2025. \n \n \n \n Đơn giản hóa nhiều thủ tục hành chính trong lĩnh vực kinh doanh dược, sản xuất mỹ phẩm \n \n Cụ thể, quyết định phê duyệt cắt giảm, đơn giản hóa quy định về thủ tục hành chính trong 5 lĩnh vực: kinh doanh hóa chất, chế phẩm diệt côn trùng, diệt khuẩn dùng trong lĩnh vực gia dụng y tế; kinh doanh dược; sản xuất mỹ phẩm; kinh doanh dịch vụ cai nghiện ma túy tự nguyện, cai nghiện thuốc lá, điều trị HIV/AIDS, chăm sóc người cao tuổi, người khuyết tật, trẻ em; kinh doanh thực phẩm thuộc thẩm quyền của Bộ Y tế. \n \n Quyết định cũng phê duyệt cắt giảm, đơn giản hóa quy định về điều kiện kinh doanh đối với 2 lĩnh vực: kinh doanh dịch vụ phẫu thuật thẩm mỹ; kinh doanh thiết bị y tế. \n \n Đơn giản hóa thủ tục cấp, cấp lại, điều chỉnh giấy chứng nhận kinh doanh dược \n \n Về lĩnh vực kinh doanh dược, Quyết định cắt giảm, đơn giản hóa việc cấp, cấp lại, điều chỉnh Giấy chứng nhận đủ điều kiện kinh doanh dược thuộc thẩm quyền của Bộ Y tế đối với cơ sở sản xuất thuốc, nguyên liệu làm thuốc; cơ sở xuất khẩu, nhập khẩu thuốc, nguyên liệu làm thuốc; cơ sở kinh doanh dịch vụ bảo quản thuốc, nguyên liệu làm thuốc; cơ sở kinh doanh dịch vụ kiểm nghiệm thuốc, nguyên liệu làm thuốc; cơ sở kinh doanh dịch vụ thử tương đương sinh học của thuốc; cơ sở tổ chức chuỗi nhà thuốc; cơ sở kinh doanh dịch vụ thử thuốc trên lâm sàng. \n \n Nội dung đơn giản hóa cụ thể như sau: \n \n - Bỏ quy định \"vị trí công việc quy định tại Điều 11 của Luật Dược phải có Chứng chỉ hành nghề dược (được quy định tại khoản 2 Điều 33 Luật Dược)\" trong điều kiện: \"Đối với cơ sở Nhập khẩu thuốc, nguyên liệu làm thuốc: Người chịu trách nhiệm chuyên môn về d
... [truncated, total 13537 chars]
================================================================================

================================================================================
Article ID: MOH_fd5a761f8a4edf3a | Attempt: 4
Error: Cannot extract valid JSON from response: line 1 column 1 (char 0)
Raw response (13733 chars):
{
"id": "MOH_fd5a761f8a4edf3a",
"date_iso": "2025-09-24T00:00:00",
"full_text": "Phó Thủ tướng Thường trực Chính phủ Nguyễn Hòa Bình vừa ký Quyết định số 2111/QĐ-TTg ngày 22/9/2025 phê duyệt phương án cắt giảm, đơn giản hóa thủ tục hành chính, điều kiện liên quan đến hoạt động sản xuất, kinh doanh thuộc phạm vi, chức năng quản lý của Bộ Y tế năm 2025. \n \n \n \n Đơn giản hóa nhiều thủ tục hành chính trong lĩnh vực kinh doanh dược, sản xuất mỹ phẩm \n \n Cụ thể, quyết định phê duyệt cắt giảm, đơn giản hóa quy định về thủ tục hành chính trong 5 lĩnh vực: kinh doanh hóa chất, chế phẩm diệt côn trùng, diệt khuẩn dùng trong lĩnh vực gia dụng y tế; kinh doanh dược; sản xuất mỹ phẩm; kinh doanh dịch vụ cai nghiện ma túy tự nguyện, cai nghiện thuốc lá, điều trị HIV/AIDS, chăm sóc người cao tuổi, người khuyết tật, trẻ em; kinh doanh thực phẩm thuộc thẩm quyền của Bộ Y tế. \n \n Quyết định cũng phê duyệt cắt giảm, đơn giản hóa quy định về điều kiện kinh doanh đối với 2 lĩnh vực: kinh doanh dịch vụ phẫu thuật thẩm mỹ; kinh doanh thiết bị y tế. \n \n Đơn giản hóa thủ tục cấp, cấp lại, điều chỉnh giấy chứng nhận kinh doanh dược \n \n Về lĩnh vực kinh doanh dược, Quyết định cắt giảm, đơn giản hóa việc cấp, cấp lại, điều chỉnh Giấy chứng nhận đủ điều kiện kinh doanh dược thuộc thẩm quyền của Bộ Y tế đối với cơ sở sản xuất thuốc, nguyên liệu làm thuốc; cơ sở xuất khẩu, nhập khẩu thuốc, nguyên liệu làm thuốc; cơ sở kinh doanh dịch vụ bảo quản thuốc, nguyên liệu làm thuốc; cơ sở kinh doanh dịch vụ kiểm nghiệm thuốc, nguyên liệu làm thuốc; cơ sở kinh doanh dịch vụ thử tương đương sinh học của thuốc; cơ sở tổ chức chuỗi nhà thuốc; cơ sở kinh doanh dịch vụ thử thuốc trên lâm sàng. \n \n Nội dung đơn giản hóa cụ thể như sau: \n \n - Bỏ quy định \"vị trí công việc quy định tại Điều 11 của Luật Dược phải có Chứng chỉ hành nghề dược (được quy định tại khoản 2 Điều 33 Luật Dược)\" trong điều kiện: \"Đối với cơ sở Nhập khẩu thuốc, nguyên liệu làm thuốc: Người chịu trách nhiệm chuyên môn về d
... [truncated, total 13733 chars]
================================================================================

================================================================================
Article ID: MOH_fd5a761f8a4edf3a | Attempt: 5
Error: Cannot extract valid JSON from response: line 1 column 1 (char 0)
Raw response (13682 chars):
{
"id": "MOH_fd5a761f8a4edf3a",
"date_iso": "2025-09-24T00:00:00",
"full_text": "Phó Thủ tướng Thường trực Chính phủ Nguyễn Hòa Bình vừa ký Quyết định số 2111/QĐ-TTg ngày 22/9/2025 phê duyệt phương án cắt giảm, đơn giản hóa thủ tục hành chính, điều kiện liên quan đến hoạt động sản xuất, kinh doanh thuộc phạm vi, chức năng quản lý của Bộ Y tế năm 2025. \n \n \n \n Đơn giản hóa nhiều thủ tục hành chính trong lĩnh vực kinh doanh dược, sản xuất mỹ phẩm \n \n Cụ thể, quyết định phê duyệt cắt giảm, đơn giản hóa quy định về thủ tục hành chính trong 5 lĩnh vực: kinh doanh hóa chất, chế phẩm diệt côn trùng, diệt khuẩn dùng trong lĩnh vực gia dụng y tế; kinh doanh dược; sản xuất mỹ phẩm; kinh doanh dịch vụ cai nghiện ma túy tự nguyện, cai nghiện thuốc lá, điều trị HIV/AIDS, chăm sóc người cao tuổi, người khuyết tật, trẻ em; kinh doanh thực phẩm thuộc thẩm quyền của Bộ Y tế. \n \n Quyết định cũng phê duyệt cắt giảm, đơn giản hóa quy định về điều kiện kinh doanh đối với 2 lĩnh vực: kinh doanh dịch vụ phẫu thuật thẩm mỹ; kinh doanh thiết bị y tế. \n \n Đơn giản hóa thủ tục cấp, cấp lại, điều chỉnh giấy chứng nhận kinh doanh dược \n \n Về lĩnh vực kinh doanh dược, Quyết định cắt giảm, đơn giản hóa việc cấp, cấp lại, điều chỉnh Giấy chứng nhận đủ điều kiện kinh doanh dược thuộc thẩm quyền của Bộ Y tế đối với cơ sở sản xuất thuốc, nguyên liệu làm thuốc; cơ sở xuất khẩu, nhập khẩu thuốc, nguyên liệu làm thuốc; cơ sở kinh doanh dịch vụ bảo quản thuốc, nguyên liệu làm thuốc; cơ sở kinh doanh dịch vụ kiểm nghiệm thuốc, nguyên liệu làm thuốc; cơ sở kinh doanh dịch vụ thử tương đương sinh học của thuốc; cơ sở tổ chức chuỗi nhà thuốc; cơ sở kinh doanh dịch vụ thử thuốc trên lâm sàng. \n \n Nội dung đơn giản hóa cụ thể như sau: \n \n - Bỏ quy định \"vị trí công việc quy định tại Điều 11 của Luật Dược phải có Chứng chỉ hành nghề dược (được quy định tại khoản 2 Điều 33 Luật Dược)\" trong điều kiện: \"Đối với cơ sở Nhập khẩu thuốc, nguyên liệu làm thuốc: Người chịu trách nhiệm chuyên môn về d
... [truncated, total 13682 chars]
================================================================================

================================================================================
Article ID: MOH_01b4c48e52138a2a | Attempt: 1
Error: Cannot extract valid JSON from response: line 1 column 1 (char 0)
Raw response (9451 chars):
{
"id": "MOH_01b4c48e52138a2a",
"date_iso": "2025-09-19T00:00:00",
"full_text": "“Kế hoạch hành động quản lý bệnh hiếm năm 2025-2026” vừa được Bộ Y tế ban hành, với mục tiêu xây dựng và triển khai các chính sách, giải pháp và hành động cụ thể hướng tới nâng cao chất lượng quản lý, chẩn đoán và điều trị bệnh hiếm tại Việt Nam. \n \n \n \n Một bệnh nhi mắc bệnh hiếm tại Trung tâm Nội tiết, Chuyển hóa, Di truyền và liệu pháp phân tử. (BỆNH VIỆN NHI TRUNG ƯƠNG) \n \n Theo thống kê của Tổ chức Y tế Thế giới, toàn cầu hiện có hơn 7.000 loại bệnh hiếm, ảnh hưởng đến khoảng 300 triệu người. Tại Việt Nam, ước tính có khoảng 100 căn bệnh hiếm với 6 triệu người đang mắc và bị ảnh hưởng, trong đó 58% là trẻ em. \n \n Đáng chú ý, có khoảng 30% số trẻ mắc bệnh hiếm tử vong trước 5 tuổi do khó tiếp cận liệu pháp điều trị. Đây là con số đòi hỏi Bộ Y tế cần có chiến lược tăng cường quản lý bệnh hiếm toàn diện và hiệu quả hơn trong bối cảnh các bệnh truyền nhiễm và không lây nhiễm đang ngày càng gia tăng phức tạp, khi nguồn lực cho y tế còn eo hẹp. \n \n Hiện nay, việc chẩn đoán và điều trị bệnh hiếm gặp nhiều khó khăn do thiếu thông tin, thiếu chuyên gia và các phương pháp điều trị hiệu quả. Nhiều trường hợp mắc bệnh bị chẩn đoán muộn, điều trị không đúng cách và chi phí cao. \n \n Bệnh hiếm là một vấn đề y tế cần được quan tâm. Bên cạnh số người mắc cũng khá nhiều, khó điều trị thì gánh nặng chi phí rất lớn. \n \n Tiến sĩ Nguyễn Khánh Phương, Viện trưởng Chiến lược và Chính sách y tế (Bộ Y tế) đánh giá: Bệnh hiếm là một vấn đề y tế cần được quan tâm. Bên cạnh số người mắc cũng khá nhiều, khó điều trị thì gánh nặng chi phí rất lớn. Bệnh nhân mắc bệnh hiếm có chi phí điều trị gấp 5 đến 10 lần bệnh thông thường, cá biệt có trường hợp gấp rất nhiều lần; việc không tiếp cận được điều trị bệnh hiếm làm tăng 21,2% chi phí bình quân/bệnh nhân/năm... \n \n Vì vậy, cần xây dựng kế hoạch quốc gia về bệnh hiếm, trong đó khẩn trương xây dựng và ban hành danh mục bệnh hiếm của Việt Nam; thiết lậ
... [truncated, total 9451 chars]
================================================================================

================================================================================
Article ID: MOH_45b7f6253731e566 | Attempt: 1
Error: Cannot extract valid JSON from response: line 1 column 1 (char 0)
Raw response (19221 chars):
{
"id": "MOH_45b7f6253731e566",
"date_iso": "2025-09-19T00:00:00",
"full_text": "Trong 2 ngày 16,17/9/2025, Cuộc họp Cấp cao lần thứ 15 của APEC về Y tế và Kinh tế (HLMHE15) và Hội nghị Thượng đỉnh Sinh học Thế giới (WBS) 2025 được tổ chức thành công tại Seoul, Hàn Quốc. \n \n Được sự ủy quyền của Bộ trưởng Bộ Y tế, Thứ trưởng Bộ Y tế Nguyễn Tri Thức dẫn đầu đoàn đại biểu của Bộ Y tế Việt Nam tham dự các cuộc họp quan trọng này. \n \n \n \n Thứ trưởng Bộ Y tế Nguyễn Tri Thức và lãnh đạo các nền kinh tế thành viên của APEC chụp ảnh lưu niệm tại Cuộc họp Cấp cao lần thứ 15 của APEC về Y tế và Kinh tế. \n \n \n \n Đoàn đại biểu của Bộ Y tế do Thứ trưởng Bộ Y tế Nguyễn Tri Thức làm trưởng đoàn tham dự Hội nghị Cấp cao lần thứ 15 của APEC về Y tế và Kinh tế. \n \n Cuộc họp Cấp cao về Y tế và Kinh tế của APEC là diễn đàn liên Chính phủ cấp Bộ trưởng được tổ chức hàng năm nhằm thảo luận về những thách thức chung cũng như tăng cường hợp tác, phối hợp hành động; trao đổi, chia sẻ bài học kinh nghiệm, phương pháp tiếp cận mới nhằm giải quyết các mối đe dọa sức khỏe xuyên biên giới giữa các nền kinh tế thành viên APEC. \n \n \n \n Toàn cảnh Cuộc họp Cấp cao lần thứ 15 của APEC về Y tế và Kinh tế tổ chức ngày 16/9/2025 tại Seoul, Hàn Quốc. \n \n Với chủ đề “Kết nối – Đổi mới – Thịnh vượng: Xây dựng xã hội khỏe mạnh, thông minh và thích ứng với già hóa”, cuộc họp Cấp cao về Y tế và Kinh tế lần thứ 15 của APEC có sự tham gia của hơn 400 đại biểu đến từ 20 nền kinh tế thành viên (Mexico không cử đoàn tham dự). Cuộc họp quy tụ các lãnh đạo là các vị Bộ trưởng, Thứ trưởng Y tế, Tổng thư ký khu vực APEC, ASEAN, Giám đốc khu vực Tây Thái Bình Dương của Tổ chức Y tế Thế giới (WHO WPRO), Ngân hàng Phát triển Châu Á (ADB), lãnh đạo các tập đoàn, doanh nghiệp hoạt động trong lĩnh vực sức khoẻ, các quan chức cao cấp về tài chính, thương mại và kinh tế trong khu vực cùng với các chuyên gia, nhà khoa học của các trường đại học, viện nghiên cứu. \n \n \n \n Bà Jeong Eun-kyeong, Bộ trưởng Bộ Y
... [truncated, total 19221 chars]
================================================================================

================================================================================
Article ID: MOH_233a6185821db5b4 | Attempt: 1
Error: Cannot extract valid JSON from response: line 1 column 1 (char 0)
Raw response (10734 chars):
{
"id": "MOH_233a6185821db5b4",
"date_iso": "2025-09-17T00:00:00",
"full_text": "Chính phủ vừa ban hành Nghị quyết số 282/NQ-CP về Chương trình hành động thực hiện Nghị quyết số 72-NQ/TW ngày 9/9/2025 của Bộ Chính trị về một số giải pháp đột phá, tăng cường bảo vệ, chăm sóc và nâng cao sức khỏe nhân dân (Chương trình). \n \n Lấy ngày 7/4 hằng năm là \"Ngày sức khỏe toàn dân\" \n \n Nhằm đạt được mục tiêu Nghị quyết số 72-NQ/TW đề ra, bên cạnh các nhiệm vụ thường xuyên, Chính phủ yêu cầu các bộ, cơ quan ngang bộ, cơ quan thuộc Chính phủ, UBND các tỉnh, thành phố trực thuộc Trung ương cụ thể hóa và tổ chức triển khai các nhiệm vụ. \n \n Chính phủ nhấn mạnh yêu cầu đổi mới mạnh mẽ tư duy và hành động trong lãnh đạo, chỉ đạo, tổ chức thực hiện công tác chăm sóc sức khỏe nhân dân. Trong đó, trọng tâm là truyền thông, giáo dục sức khỏe, nâng cao nhận thức về bảo vệ, chăm sóc và nâng cao sức khỏe nhân dân, tạo ý thức tự giác, chủ động phòng bệnh của mỗi cá nhân và toàn xã hội. \n \n Các bộ, ngành, địa phương, cơ quan, đơn vị cần xây dựng và triển khai các hoạt động truyền thông, giáo dục sức khỏe đa dạng về hình thức, phong phú về phương thức, cụ thể hóa nội dung phù hợp với từng nhóm đối tượng. \n \n \n \n Đổi mới mạnh mẽ tư duy và hành động trong lãnh đạo, chỉ đạo, tổ chức thực hiện công tác chăm sóc sức khỏe nhân dân. Ảnh minh họa. \n \n Trong các chiến lược, quy hoạch, kế hoạch, chính sách phát triển kinh tế - xã hội, các bộ, ngành, địa phương, đơn vị phải lồng ghép và ưu tiên bổ sung các chỉ tiêu về bảo vệ, chăm sóc và nâng cao sức khỏe nhân dân. \n \n Bộ Y tế chủ trì, phối hợp với các bộ, ngành, địa phương, cơ quan liên quan, xây dựng và trình cấp có thẩm quyền ban hành Quyết định lấy ngày 7/4 hằng năm là \"Ngày sức khỏe toàn dân\". Thời gian hoàn thành: Quý I/2026. \n \n Bộ VHTT&DL phối hợp với các bộ, ngành, địa phương xây dựng Đề án nâng cao hiệu quả sử dụng các thiết chế văn hóa, thể thao, không gian công cộng phục vụ rèn luyện sức khỏe cho nhân dân; đẩy mạnh pho
... [truncated, total 10734 chars]
================================================================================

================================================================================
Article ID: MOH_b002bbd870417238 | Attempt: 1
Error: Cannot extract valid JSON from response: line 1 column 1 (char 0)
Raw response (10677 chars):
{
"id": "MOH_b002bbd870417238",
"date_iso": "2025-09-17T00:00:00",
"full_text": "Bộ trưởng Y tế Đào Hồng Lan cho biết, thực hiện chính sách ưu đãi đặc thù, vượt trội cho đội ngũ nhân viên y tế trực tiếp làm chuyên môn tại trạm y tế cấp xã, cơ sở y tế dự phòng được xem là cú hích, tạo động lực cho nhân viên y tế tuyến đầu. \n \n \n \n Tiêm phòng dịch tại y tế cơ sở. (Ảnh: SONG ANH) \n \n Đội ngũ cán bộ y tế luôn là trung tâm của hệ thống chăm sóc sức khỏe. Nói đến ngành y là nói đến những con người tận tâm, giỏi nghề và giàu y đức. Đảng, Nhà nước và Chính phủ đều đã nhiều lần khẳng định đầu tư cho y tế là đầu tư cho phát triển. Vì vậy, Nghị quyết số 72-NQ/TW ngày 9/9/2025 của Bộ Chính trị “Về một số giải pháp đột phá, tăng cường bảo vệ, chăm sóc và nâng cao sức khỏe nhân dân” đã có nhiều giải pháp mang tính chất “đột phá” trong phát triển nhân lực, y đức và đặc biệt là chính sách đãi ngộ cho nhân viên y tế. \n \n Ba nhóm giải pháp lớn trong phát triển nhân lực \n \n Theo Bộ trưởng Y tế Đào Hồng Lan, trong thời gian tới, Bộ Y tế sẽ tập trung vào ba nhóm giải pháp lớn. \n \n Thứ nhất, về đào tạo và phát triển nhân lực, sẽ tập trung đầu tư phát triển một số cơ sở đào tạo sức khỏe chất lượng cao ngang tầm khu vực, đồng thời mở rộng chính sách hỗ trợ học phí, học bổng cho sinh viên y khoa, nhất là những người cam kết phục vụ ở tuyến cơ sở, vùng khó khăn, biên giới, hải đảo. Quan điểm là phát triển nhân lực y tế bảo đảm đồng bộ về số lượng, chất lượng, cơ cấu, nhất là nhân lực phục vụ y tế cơ sở, y tế dự phòng, vùng sâu, vùng xa, vùng khó khăn, biên giới, biển đảo. \n \n Thứ hai, về chính sách đãi ngộ, để có được đội ngũ nhân lực như trên, việc tạo chính sách thu hút để cán bộ y tế yên tâm gắn bó lâu lâu, toàn tâm toàn ý với công việc là hết sức quan trọng. \n \n Vì vậy, Bộ trưởng Đào Hồng Lan cho hay, cần có chính sách đãi ngộ, hỗ trợ đủ mạnh, thiết thực cho đội ngũ làm công tác dự phòng và y tế cơ sở. Nghị quyết đã xác định các chính sách ưu đãi tương xứng với quan điểm 
... [truncated, total 10677 chars]
================================================================================

================================================================================
Article ID: MOH_b002bbd870417238 | Attempt: 2
Error: Cannot extract valid JSON from response: line 1 column 1 (char 0)
Raw response (10575 chars):
{
"id": "MOH_b002bbd870417238",
"date_iso": "2025-09-17T00:00:00",
"full_text": "Bộ trưởng Y tế Đào Hồng Lan cho biết, thực hiện chính sách ưu đãi đặc thù, vượt trội cho đội ngũ nhân viên y tế trực tiếp làm chuyên môn tại trạm y tế cấp xã, cơ sở y tế dự phòng được xem là cú hích, tạo động lực cho nhân viên y tế tuyến đầu. \n \n \n \n Tiêm phòng dịch tại y tế cơ sở. (Ảnh: SONG ANH) \n \n Đội ngũ cán bộ y tế luôn là trung tâm của hệ thống chăm sóc sức khỏe. Nói đến ngành y là nói đến những con người tận tâm, giỏi nghề và giàu y đức. Đảng, Nhà nước và Chính phủ đều đã nhiều lần khẳng định đầu tư cho y tế là đầu tư cho phát triển. Vì vậy, Nghị quyết số 72-NQ/TW ngày 9/9/2025 của Bộ Chính trị “Về một số giải pháp đột phá, tăng cường bảo vệ, chăm sóc và nâng cao sức khỏe nhân dân” đã có nhiều giải pháp mang tính chất “đột phá” trong phát triển nhân lực, y đức và đặc biệt là chính sách đãi ngộ cho nhân viên y tế. \n \n Ba nhóm giải pháp lớn trong phát triển nhân lực \n \n Theo Bộ trưởng Y tế Đào Hồng Lan, trong thời gian tới, Bộ Y tế sẽ tập trung vào ba nhóm giải pháp lớn. \n \n Thứ nhất, về đào tạo và phát triển nhân lực, sẽ tập trung đầu tư phát triển một số cơ sở đào tạo sức khỏe chất lượng cao ngang tầm khu vực, đồng thời mở rộng chính sách hỗ trợ học phí, học bổng cho sinh viên y khoa, nhất là những người cam kết phục vụ ở tuyến cơ sở, vùng khó khăn, biên giới, hải đảo. Quan điểm là phát triển nhân lực y tế bảo đảm đồng bộ về số lượng, chất lượng, cơ cấu, nhất là nhân lực phục vụ y tế cơ sở, y tế dự phòng, vùng sâu, vùng xa, vùng khó khăn, biên giới, biển đảo. \n \n Thứ hai, về chính sách đãi ngộ, để có được đội ngũ nhân lực như trên, việc tạo chính sách thu hút để cán bộ y tế yên tâm gắn bó lâu lâu, toàn tâm toàn ý với công việc là hết sức quan trọng. \n \n Vì vậy, Bộ trưởng Đào Hồng Lan cho hay, cần có chính sách đãi ngộ, hỗ trợ đủ mạnh, thiết thực cho đội ngũ làm công tác dự phòng và y tế cơ sở. Nghị quyết đã xác định các chính sách ưu đãi tương xứng với quan điểm 
... [truncated, total 10575 chars]
================================================================================

================================================================================
Article ID: MOH_b0d5c70b4392c756 | Attempt: 1
Error: Cannot extract valid JSON from response: line 1 column 1 (char 0)
Raw response (11308 chars):
{
"id": "MOH_b0d5c70b4392c756",
"date_iso": "2025-09-16T00:00:00",
"full_text": "Phó Thủ tướng Lê Thành Long vừa ký Chỉ thị số 25/CT-TTg của Thủ tướng Chính phủ yêu cầu các bộ, ngành, địa phương liên quan đẩy mạnh phát triển nền y học cổ truyền Việt Nam trong giai đoạn mới. \n \n Đề xuất xây dựng Luật về y học cổ truyền \n \n Chỉ thị của Thủ tướng nêu rõ, y học cổ truyền Việt Nam là tài sản văn hoá quý báu của dân tộc, được hình thành và phát triển gắn với lịch sử đất nước. Xác định tầm quan trọng của nền y học cổ truyền, Đảng, Nhà nước và Chính phủ đã ban hành nhiều chủ trương, chính sách nhằm bảo tồn, kế thừa và phát triển, coi đây vừa là trách nhiệm vừa là sứ mệnh để giữ gìn giá trị văn hoá, truyền thống lịch sử, đồng thời đáp ứng nhu cầu chăm sóc sức khoẻ của nhân dân trong tình hình mới. \n \n Để phát huy hơn nữa vị thế, vai trò của nền y học cổ truyền trong chăm sóc sức khỏe nhân dân gắn với phát triển KT-XH, Thủ tướng Chính phủ giao Bộ Y tế chủ trì, phối hợp với Bộ Tư pháp và các bộ, ngành liên quan rà soát, nghiên cứu, hoàn thiện hệ thống cơ chế, chính sách phù hợp với đặc thù của y học cổ truyền nhằm thúc đẩy phát triển đúng với tiềm năng vốn có; tăng cường kết hợp y học cổ truyền với y học hiện đại; nghiên cứu mở rộng phạm vi sử dụng, thanh toán bảo hiểm y tế đối với các loại thuốc cổ truyền, thuốc dược liệu, dịch vụ khám chữa bệnh bằng y học cổ truyền; đề xuất xây dựng Luật về y học cổ truyền. \n \n \n \n Đẩy mạnh phát triển nền y học cổ truyền Việt Nam trong giai đoạn mới. \n \n Đồng thời, Bộ Y tế phối hợp với Bộ Nội vụ hoàn thiện tiêu chuẩn, chức danh nghề nghiệp trong lĩnh vực y học cổ truyền. \n \n Bộ Y tế chủ trì, nghiên cứu, đề xuất đầu tư xây dựng mới, nâng cấp, mở rộng quy mô các cơ sở khám chữa bệnh y học cổ truyền phù hợp với quy hoạch mạng lưới cơ sở y tế và quy hoạch phát triển KT-XH của địa phương; chú trọng lựa chọn thứ tự ưu tiên đầu tư và bố trí nguồn vốn đầu tư công cho một số cơ sở có yêu cầu cấp bách. \n \n Tiếp tục xây dựng hướng dẫn c
... [truncated, total 11308 chars]
================================================================================

================================================================================
Article ID: MOH_b0d5c70b4392c756 | Attempt: 2
Error: Cannot extract valid JSON from response: line 1 column 1 (char 0)
Raw response (11131 chars):
{
"id": "MOH_b0d5c70b4392c756",
"date_iso": "2025-09-16T00:00:00",
"full_text": "Phó Thủ tướng Lê Thành Long vừa ký Chỉ thị số 25/CT-TTg của Thủ tướng Chính phủ yêu cầu các bộ, ngành, địa phương liên quan đẩy mạnh phát triển nền y học cổ truyền Việt Nam trong giai đoạn mới. \n \n Đề xuất xây dựng Luật về y học cổ truyền \n \n Chỉ thị của Thủ tướng nêu rõ, y học cổ truyền Việt Nam là tài sản văn hoá quý báu của dân tộc, được hình thành và phát triển gắn với lịch sử đất nước. Xác định tầm quan trọng của nền y học cổ truyền, Đảng, Nhà nước và Chính phủ đã ban hành nhiều chủ trương, chính sách nhằm bảo tồn, kế thừa và phát triển, coi đây vừa là trách nhiệm vừa là sứ mệnh để giữ gìn giá trị văn hoá, truyền thống lịch sử, đồng thời đáp ứng nhu cầu chăm sóc sức khoẻ của nhân dân trong tình hình mới. \n \n Để phát huy hơn nữa vị thế, vai trò của nền y học cổ truyền trong chăm sóc sức khỏe nhân dân gắn với phát triển KT-XH, Thủ tướng Chính phủ giao Bộ Y tế chủ trì, phối hợp với Bộ Tư pháp và các bộ, ngành liên quan rà soát, nghiên cứu, hoàn thiện hệ thống cơ chế, chính sách phù hợp với đặc thù của y học cổ truyền nhằm thúc đẩy phát triển đúng với tiềm năng vốn có; tăng cường kết hợp y học cổ truyền với y học hiện đại; nghiên cứu mở rộng phạm vi sử dụng, thanh toán bảo hiểm y tế đối với các loại thuốc cổ truyền, thuốc dược liệu, dịch vụ khám chữa bệnh bằng y học cổ truyền; đề xuất xây dựng Luật về y học cổ truyền. \n \n \n \n Đẩy mạnh phát triển nền y học cổ truyền Việt Nam trong giai đoạn mới. \n \n Đồng thời, Bộ Y tế phối hợp với Bộ Nội vụ hoàn thiện tiêu chuẩn, chức danh nghề nghiệp trong lĩnh vực y học cổ truyền. \n \n Bộ Y tế chủ trì, nghiên cứu, đề xuất đầu tư xây dựng mới, nâng cấp, mở rộng quy mô các cơ sở khám chữa bệnh y học cổ truyền phù hợp với quy hoạch mạng lưới cơ sở y tế và quy hoạch phát triển KT-XH của địa phương; chú trọng lựa chọn thứ tự ưu tiên đầu tư và bố trí nguồn vốn đầu tư công cho một số cơ sở có yêu cầu cấp bách. \n \n Tiếp tục xây dựng hướng dẫn c
... [truncated, total 11131 chars]
================================================================================

================================================================================
Article ID: MOH_b0d5c70b4392c756 | Attempt: 3
Error: Cannot extract valid JSON from response: line 1 column 1 (char 0)
Raw response (10839 chars):
{
"id": "MOH_b0d5c70b4392c756",
"date_iso": "2025-09-16T00:00:00",
"full_text": "Phó Thủ tướng Lê Thành Long vừa ký Chỉ thị số 25/CT-TTg của Thủ tướng Chính phủ yêu cầu các bộ, ngành, địa phương liên quan đẩy mạnh phát triển nền y học cổ truyền Việt Nam trong giai đoạn mới. \n \n Đề xuất xây dựng Luật về y học cổ truyền \n \n Chỉ thị của Thủ tướng nêu rõ, y học cổ truyền Việt Nam là tài sản văn hoá quý báu của dân tộc, được hình thành và phát triển gắn với lịch sử đất nước. Xác định tầm quan trọng của nền y học cổ truyền, Đảng, Nhà nước và Chính phủ đã ban hành nhiều chủ trương, chính sách nhằm bảo tồn, kế thừa và phát triển, coi đây vừa là trách nhiệm vừa là sứ mệnh để giữ gìn giá trị văn hoá, truyền thống lịch sử, đồng thời đáp ứng nhu cầu chăm sóc sức khoẻ của nhân dân trong tình hình mới. \n \n Để phát huy hơn nữa vị thế, vai trò của nền y học cổ truyền trong chăm sóc sức khỏe nhân dân gắn với phát triển KT-XH, Thủ tướng Chính phủ giao Bộ Y tế chủ trì, phối hợp với Bộ Tư pháp và các bộ, ngành liên quan rà soát, nghiên cứu, hoàn thiện hệ thống cơ chế, chính sách phù hợp với đặc thù của y học cổ truyền nhằm thúc đẩy phát triển đúng với tiềm năng vốn có; tăng cường kết hợp y học cổ truyền với y học hiện đại; nghiên cứu mở rộng phạm vi sử dụng, thanh toán bảo hiểm y tế đối với các loại thuốc cổ truyền, thuốc dược liệu, dịch vụ khám chữa bệnh bằng y học cổ truyền; đề xuất xây dựng Luật về y học cổ truyền. \n \n \n \n Đẩy mạnh phát triển nền y học cổ truyền Việt Nam trong giai đoạn mới. \n \n Đồng thời, Bộ Y tế phối hợp với Bộ Nội vụ hoàn thiện tiêu chuẩn, chức danh nghề nghiệp trong lĩnh vực y học cổ truyền. \n \n Bộ Y tế chủ trì, nghiên cứu, đề xuất đầu tư xây dựng mới, nâng cấp, mở rộng quy mô các cơ sở khám chữa bệnh y học cổ truyền phù hợp với quy hoạch mạng lưới cơ sở y tế và quy hoạch phát triển KT-XH của địa phương; chú trọng lựa chọn thứ tự ưu tiên đầu tư và bố trí nguồn vốn đầu tư công cho một số cơ sở có yêu cầu cấp bách. \n \n Tiếp tục xây dựng hướng dẫn c
... [truncated, total 10839 chars]
================================================================================

================================================================================
Article ID: MOH_b0d5c70b4392c756 | Attempt: 4
Error: Cannot extract valid JSON from response: line 1 column 1 (char 0)
Raw response (11175 chars):
{
"id": "MOH_b0d5c70b4392c756",
"date_iso": "2025-09-16T00:00:00",
"full_text": "Phó Thủ tướng Lê Thành Long vừa ký Chỉ thị số 25/CT-TTg của Thủ tướng Chính phủ yêu cầu các bộ, ngành, địa phương liên quan đẩy mạnh phát triển nền y học cổ truyền Việt Nam trong giai đoạn mới. \n \n Đề xuất xây dựng Luật về y học cổ truyền \n \n Chỉ thị của Thủ tướng nêu rõ, y học cổ truyền Việt Nam là tài sản văn hoá quý báu của dân tộc, được hình thành và phát triển gắn với lịch sử đất nước. Xác định tầm quan trọng của nền y học cổ truyền, Đảng, Nhà nước và Chính phủ đã ban hành nhiều chủ trương, chính sách nhằm bảo tồn, kế thừa và phát triển, coi đây vừa là trách nhiệm vừa là sứ mệnh để giữ gìn giá trị văn hoá, truyền thống lịch sử, đồng thời đáp ứng nhu cầu chăm sóc sức khoẻ của nhân dân trong tình hình mới. \n \n Để phát huy hơn nữa vị thế, vai trò của nền y học cổ truyền trong chăm sóc sức khỏe nhân dân gắn với phát triển KT-XH, Thủ tướng Chính phủ giao Bộ Y tế chủ trì, phối hợp với Bộ Tư pháp và các bộ, ngành liên quan rà soát, nghiên cứu, hoàn thiện hệ thống cơ chế, chính sách phù hợp với đặc thù của y học cổ truyền nhằm thúc đẩy phát triển đúng với tiềm năng vốn có; tăng cường kết hợp y học cổ truyền với y học hiện đại; nghiên cứu mở rộng phạm vi sử dụng, thanh toán bảo hiểm y tế đối với các loại thuốc cổ truyền, thuốc dược liệu, dịch vụ khám chữa bệnh bằng y học cổ truyền; đề xuất xây dựng Luật về y học cổ truyền. \n \n \n \n Đẩy mạnh phát triển nền y học cổ truyền Việt Nam trong giai đoạn mới. \n \n Đồng thời, Bộ Y tế phối hợp với Bộ Nội vụ hoàn thiện tiêu chuẩn, chức danh nghề nghiệp trong lĩnh vực y học cổ truyền. \n \n Bộ Y tế chủ trì, nghiên cứu, đề xuất đầu tư xây dựng mới, nâng cấp, mở rộng quy mô các cơ sở khám chữa bệnh y học cổ truyền phù hợp với quy hoạch mạng lưới cơ sở y tế và quy hoạch phát triển KT-XH của địa phương; chú trọng lựa chọn thứ tự ưu tiên đầu tư và bố trí nguồn vốn đầu tư công cho một số cơ sở có yêu cầu cấp bách. \n \n Tiếp tục xây dựng hướng dẫn c
... [truncated, total 11175 chars]
================================================================================

================================================================================
Article ID: MOH_fd5aada4f9e4c450 | Attempt: 1
Error: Cannot extract valid JSON from response: line 1 column 1 (char 0)
Raw response (9885 chars):
{
"id": "MOH_fd5aada4f9e4c450",
"date_iso": "2025-09-14T00:00:00",
"full_text": "Chiều 13/9/2025, trong khuôn khổ chuyến công tác tại tỉnh Điện Biên cùng đoàn Hội Cựu Chiến binh Bộ Y tế, Thứ trưởng Bộ Y tế Đỗ Xuân Tuyên đã đến khảo sát Trạm Y tế xã Sam Mứn (tỉnh Điện Biên) để tìm hiểu việc triển khai công tác y tế theo mô hình chính quyền địa phương 2 cấp sau sáp nhập đơn vị hành chính. Đây là một trong những hoạt động cụ thể nhằm hiện thực hóa tinh thần Nghị quyết số 72-NQ/TW của Bộ Chính trị về một số giải pháp đột phá, tăng cường bảo vệ, chăm sóc và nâng cao sức khỏe Nhân dân. \n \n \n \n Thứ trưởng Đỗ Xuân Tuyên nghe Trưởng Trạm Y tế Sam Mứn Vũ Thị Oanh giới thiệu các phòng, chức năng của trạm. \n \n Xã Sam Mứn được thành lập trên cơ sở hợp nhất toàn bộ diện tích và dân số của hai xã Pom Lót và Na Ư. Với diện tích tự nhiên hơn 15.600 ha, giáp biên giới Lào, xã có 8.093 nhân khẩu thuộc 1.926 hộ dân, chủ yếu là ba dân tộc Kinh, Thái và Mông. Trạm Y tế xã hiện có 14 cán bộ y tế, cùng 20 cộng tác viên dân số và 5 y tế thôn bản, phụ trách chăm sóc sức khỏe cho 20 thôn, bản trên địa bàn rộng lớn. \n \n Theo bà Vũ Thị Oanh - Trưởng Trạm Y tế xã Sam Mứn - trong 8 tháng đầu năm 2025, trạm đã thực hiện gần 6.000 lượt khám chữa bệnh, đạt hơn 91% kế hoạch; triển khai 199 buổi truyền thông tại cộng đồng với hơn 10.000 lượt người tham dự; phối hợp với 5 trường học trên địa bàn tổ chức khám sức khỏe định kỳ, uống Vitamin A, tẩy giun cho học sinh và tuyên truyền sức khỏe sinh sản vị thành niên. Các chương trình tiêm chủng mở rộng, phòng chống HIV/AIDS, tăng huyết áp, tiểu đường, tâm thần cộng đồng… đều được triển khai, giúp kiểm soát dịch bệnh, không để bùng phát dịch lớn. \n \n Đặc biệt, tỷ lệ phụ nữ đẻ tại cơ sở y tế đạt 94%, tỷ lệ được cán bộ y tế có kỹ năng đỡ đạt 100%, tỷ suất tử vong mẹ và trẻ sơ sinh bằng 0 - những con số cho thấy nỗ lực rất lớn của tuyến y tế cơ sở vùng khó. \n \n \n \n Thứ trưởng Đỗ Xuân Tuyên nghe Trưởng Trạm Y tế Sam Mứn Vũ Thị Oanh, lãnh đạo xã Sam 
... [truncated, total 9885 chars]
================================================================================

================================================================================
Article ID: MOH_5dea5bda9d7ad164 | Attempt: 1
Error: Cannot extract valid JSON from response: line 1 column 1 (char 0)
Raw response (10615 chars):
{
"id": "MOH_5dea5bda9d7ad164",
"date_iso": "2025-09-14T00:00:00",
"full_text": "Bộ Y tế đặt mục tiêu đến năm 2030, tối thiểu 5 địa phương trọng điểm (Hà Nội, TPHCM, Đà Nẵng, Quảng Ninh, Khánh Hòa) sẽ triển khai mô hình du lịch y tế tích hợp giữa bệnh viện - khách sạn - khu nghỉ dưỡng - lữ hành; cùng đó phát triển dịch vụ khám, chữa bệnh chất lượng cao thu hút người nước ngoài... \n \n TS.BS Hà Anh Đức - Cục trưởng Cục Quản lý Khám chữa bệnh, Bộ Y tế cho biết, Bộ Y tế đang lấy ý kiến dự thảo Đề án phát triển dịch vụ khám, chữa bệnh chất lượng cao, thúc đẩy du lịch y tế, thu hút người nước ngoài và người Việt Nam có khả năng chi trả giai đoạn 2025-2030. \n \n Theo TS Đức, Đề án này nhằm nâng cao toàn diện chất lượng dịch vụ của các bệnh viện đầu ngành, cấp chuyên sâu và các bệnh viện có điều kiện khác; tiến tới đạt tiêu chuẩn chất lượng cấp quốc gia, quốc tế. \n \n Từ đó, từng bước đáp ứng và thu hút người nước ngoài khám, chữa bệnh tại Việt Nam; đồng thời giảm tình trạng người Việt Nam ra nước ngoài khám, chữa bệnh. Nhiều nước đã thành công với mô hình du lịch y tế như Thái Lan, Trung Quốc, Singapore, Hàn Quốc, Malaysia… \n \n \n \n Ứng dụng robot trong phẫu thuật ung thư tại Bệnh viện K. \n \n Y tế Việt Nam có nhiều lợi thế để 'hút' người nước ngoài khám chữa bệnh \n \n Theo Bộ Y tế, tại Việt Nam, hệ thống khám, chữa bệnh đã trải qua chặng đường 70 năm hình thành phát triển, đạt được nhiều thành tựu lớn nên việc xây dựng và triển khai đề án này có những thuận lợi, là tiền đề cho việc thực hiện đề án thành công. \n \n Đội ngũ bác sĩ Việt Nam đã làm chủ nhiều kỹ thuật phức tạp ngang tầm thế giới như mổ robot, nội soi, ghép tạng, điều trị ung bướu, bệnh truyền nhiễm và các phẫu thuật chuyên sâu về mắt, tai mũi họng, tim mạch… Các bác sĩ được đào tạo bài bản trong và ngoài nước, có tay nghề cao, được đồng nghiệp quốc tế đánh giá tích cực. \n \n Một số kỹ thuật như mổ nội soi tim, u tuyến giáp đã được nước ngoài đến học hỏi. Bên cạnh đó, y học cổ truyền Việt Nam có lịch
... [truncated, total 10615 chars]
================================================================================

================================================================================
Article ID: MOH_928ace9706cb3aca | Attempt: 1
Error: Cannot extract valid JSON from response: line 1 column 1 (char 0)
Raw response (11085 chars):
{
"id": "MOH_928ace9706cb3aca",
"date_iso": "2025-09-12T00:00:00",
"full_text": "Ngày 5 tháng 2 năm 2025 , Thủ tướng Chính phủ đã ban hành Chỉ thị số 244/CT-TTg phê duyệt Đề án ứng dụng công nghệ số trong tiếp nhận, xử lý phản ánh, kiến nghị về văn bản quy phạm pháp luật . Đây là một trong những bước đi cụ thể, thiết thực nhằm hiện thực hóa mục tiêu xây dựng Chính phủ số, tăng cường hiệu lực, hiệu quả quản lý nhà nước và phát huy vai trò giám sát xã hội đối với hệ thống pháp luật Việt Nam. \n \n Trong những năm gần đây, công tác xây dựng và hoàn thiện pháp luật đã đạt nhiều thành tựu quan trọng, góp phần kiến tạo môi trường pháp lý ổn định, minh bạch. Tuy nhiên, quá trình tổ chức thực hiện văn bản quy phạm pháp luật vẫn còn tồn tại nhiều hạn chế như: \n \n Một số quy định còn chồng chéo, mâu thuẫn, thiếu nhất quán; Việc rà soát, tiếp nhận, xử lý các phản ánh, kiến nghị từ người dân, doanh nghiệp còn thủ công, manh mún, thiếu tính hệ thống; Cơ chế phối hợp giữa các cơ quan trong xử lý kiến nghị còn chậm, thiếu minh bạch và chưa đáp ứng kỳ vọng cải cách hành chính. \n \n Trong bối cảnh chuyển đổi số mạnh mẽ và nhu cầu tham gia quản lý nhà nước của người dân ngày càng cao, việc ứng dụng công nghệ số vào tiếp nhận, xử lý phản ánh, kiến nghị là một yêu cầu cấp thiết. \n \n Theo Chỉ thị số 244/CT-TTg, mục tiêu tổng thể của Đề án là: \n \n “Xây dựng hệ thống tiếp nhận, xử lý phản ánh, kiến nghị về văn bản quy phạm pháp luật trên môi trường số, tạo lập cơ sở dữ liệu thống nhất, kết nối, chia sẻ liên thông giữa các bộ, ngành, địa phương.” \n \n Mục tiêu này hướng đến 3 trụ cột chính: \n \n Công khai, minh bạch, thuận tiện cho người dân, doanh nghiệp tham gia góp ý, phản ánh các quy định chưa phù hợp. Nâng cao năng lực phản ứng chính sách nhanh, kịp thời xử lý các kiến nghị có căn cứ, phù hợp thực tiễn. Hiện đại hóa hoạt động quản lý nhà nước , giảm thiểu quy trình giấy tờ thủ công, tăng cường ứng dụng công nghệ số. \n \n Những nhiệm vụ trọng tâm được đề ra \n \n Chỉ thị số 2
... [truncated, total 11085 chars]
================================================================================

================================================================================
Article ID: MOH_928ace9706cb3aca | Attempt: 2
Error: Cannot extract valid JSON from response: line 1 column 1 (char 0)
Raw response (10989 chars):
{
"id": "MOH_928ace9706cb3aca",
"date_iso": "2025-09-12T00:00:00",
"full_text": "Ngày 5 tháng 2 năm 2025 , Thủ tướng Chính phủ đã ban hành Chỉ thị số 244/CT-TTg phê duyệt Đề án ứng dụng công nghệ số trong tiếp nhận, xử lý phản ánh, kiến nghị về văn bản quy phạm pháp luật . Đây là một trong những bước đi cụ thể, thiết thực nhằm hiện thực hóa mục tiêu xây dựng Chính phủ số, tăng cường hiệu lực, hiệu quả quản lý nhà nước và phát huy vai trò giám sát xã hội đối với hệ thống pháp luật Việt Nam. \n \n Trong những năm gần đây, công tác xây dựng và hoàn thiện pháp luật đã đạt nhiều thành tựu quan trọng, góp phần kiến tạo môi trường pháp lý ổn định, minh bạch. Tuy nhiên, quá trình tổ chức thực hiện văn bản quy phạm pháp luật vẫn còn tồn tại nhiều hạn chế như: \n \n Một số quy định còn chồng chéo, mâu thuẫn, thiếu nhất quán; Việc rà soát, tiếp nhận, xử lý các phản ánh, kiến nghị từ người dân, doanh nghiệp còn thủ công, manh mún, thiếu tính hệ thống; Cơ chế phối hợp giữa các cơ quan trong xử lý kiến nghị còn chậm, thiếu minh bạch và chưa đáp ứng kỳ vọng cải cách hành chính. \n \n Trong bối cảnh chuyển đổi số mạnh mẽ và nhu cầu tham gia quản lý nhà nước của người dân ngày càng cao, việc ứng dụng công nghệ số vào tiếp nhận, xử lý phản ánh, kiến nghị là một yêu cầu cấp thiết. \n \n Theo Chỉ thị số 244/CT-TTg, mục tiêu tổng thể của Đề án là: \n \n “Xây dựng hệ thống tiếp nhận, xử lý phản ánh, kiến nghị về văn bản quy phạm pháp luật trên môi trường số, tạo lập cơ sở dữ liệu thống nhất, kết nối, chia sẻ liên thông giữa các bộ, ngành, địa phương.” \n \n Mục tiêu này hướng đến 3 trụ cột chính: \n \n Công khai, minh bạch, thuận tiện cho người dân, doanh nghiệp tham gia góp ý, phản ánh các quy định chưa phù hợp. Nâng cao năng lực phản ứng chính sách nhanh, kịp thời xử lý các kiến nghị có căn cứ, phù hợp thực tiễn. Hiện đại hóa hoạt động quản lý nhà nước , giảm thiểu quy trình giấy tờ thủ công, tăng cường ứng dụng công nghệ số. \n \n Những nhiệm vụ trọng tâm được đề ra \n \n Chỉ thị số 2
... [truncated, total 10989 chars]
================================================================================

================================================================================
Article ID: MOH_9ab3f1713ae7cbe1 | Attempt: 1
Error: Cannot extract valid JSON from response: line 1 column 1 (char 0)
Raw response (7796 chars):
{
"id": "MOH_9ab3f1713ae7cbe1",
"date_iso": "2025-09-12T00:00:00",
"full_text": "Ngày 27/02/2025 , Thủ tướng Chính phủ đã ban hành văn bản số 219/TTg-KSTT chỉ đạo các bộ, ngành và địa phương thực hiện nghiêm túc công tác thủ tục hành chính (TTHC) trong quá trình sắp xếp, tinh gọn tổ chức bộ máy hành chính nhà nước, bảo đảm quyền, lợi ích hợp pháp của người dân, doanh nghiệp, không làm phát sinh thêm thủ tục hay gây ách tắc, chồng chéo trong quá trình chuyển tiếp. \n \n Không để cải cách tổ chức bộ máy làm gián đoạn phục vụ người dân, doanh nghiệp \n \n Trong văn bản, Thủ tướng Chính phủ nhấn mạnh yêu cầu: Việc sắp xếp tổ chức bộ máy hành chính phải gắn liền với rà soát, sửa đổi, bổ sung, bãi bỏ hoặc thay thế các thủ tục hành chính liên quan, nhằm bảo đảm tính thống nhất, đồng bộ và thông suốt trong thực hiện. \n \n Đặc biệt, trong quá trình sáp nhập, hợp nhất hoặc chia tách các đơn vị hành chính, phải xác định rõ cơ quan, đơn vị chịu trách nhiệm giải quyết TTHC để không làm gián đoạn việc tiếp nhận, xử lý hồ sơ của người dân, doanh nghiệp, nhất là tại cấp huyện và cấp xã. \n \n Yêu cầu về kiểm soát chặt chẽ việc ban hành thủ tục mới \n \n Thủ tướng cũng yêu cầu không tự ý ban hành TTHC mới hoặc phát sinh thêm thành phần hồ sơ, bước đi, thời gian giải quyết khi chưa được cơ quan có thẩm quyền quy định rõ ràng. Các bộ, ngành khi xây dựng văn bản pháp luật về sắp xếp bộ máy phải lấy ý kiến đánh giá tác động TTHC, gửi kèm biểu mẫu đề xuất, bảo đảm theo đúng quy định tại Nghị định số 63/2010/NĐ-CP và Nghị định số 92/2027/NĐ-CP của Chính phủ. \n \n Văn phòng Chính phủ được giao trách nhiệm kiểm soát chặt chẽ các đề xuất TTHC tại các dự thảo văn bản, đặc biệt là các đề án tổ chức lại bộ máy, không để phát sinh thủ tục không cần thiết, gây phiền hà hoặc xung đột pháp lý. \n \n Ưu tiên giải pháp công nghệ, số hóa quy trình thủ tục \n \n Cũng trong chỉ đạo, Thủ tướng yêu cầu đẩy mạnh ứng dụng công nghệ thông tin, chuyển đổi số trong giải quyết TTHC để bảo đảm tính linh hoạt, 
... [truncated, total 7796 chars]
================================================================================

================================================================================
Article ID: MOH_7c7a9ef9cb4d4507 | Attempt: 1
Error: Cannot extract valid JSON from response: line 1 column 1 (char 0)
Raw response (14667 chars):
{
"id": "MOH_7c7a9ef9cb4d4507",
"date_iso": "2025-09-05T00:00:00",
"full_text": "Phiên họp thứ 9 của Ban Chỉ đạo cải cách hành chính của Chính phủ diễn ra chiều nay (15/1) dưới sự chủ trì của Phó Thủ tướng Thường trực Chính phủ Nguyễn Hòa Bình, Phó Trưởng Ban Chỉ đạo. Phiên họp được kết nối trực tuyến tới 63 tỉnh, thành phố trên toàn quốc. \n \n CCHC-một trong những trọng tâm chỉ đạo điều hành \n \n Báo cáo công tác CCHC năm 2024, phương hướng, nhiệm vụ CCHC năm 2025 của Ban Chỉ đạo do Thứ trưởng Bộ Nội vụ Cao Huy trình bày tại Hội nghị khẳng định, năm 2024, CCHC được xác định là một trong những trọng tâm chỉ đạo điều hành của Chính phủ, Thủ tướng Chính phủ, trong đó, xác định trọng tâm là cải cách thể chế, cải cách tổ chức bộ máy, công chức, công vụ và TTHC; tập trung xây dựng Chính phủ điện tử hướng tới Chính phủ số nhằm thực hiện thắng lợi các mục tiêu, nhiệm vụ phát triển kinh tế-xã hội năm 2024. \n \n Thủ tướng Chính phủ đã kiện toàn Ban Chỉ đạo CCHC của Chính phủ với thành viên là các Bộ trưởng, Thủ trưởng cơ quan ngang bộ, cơ quan thuộc Chính phủ; ban hành Quy chế hoạt động của Ban Chỉ đạo; ban hành Kế hoạch hoạt động năm 2024 với 64 nhóm nhiệm vụ trọng tâm, cụ thể. Tính đến nay, các bộ, ngành đã hoàn thành 18/21 (85,71%) nhiệm vụ; chưa hoàn thành 3/21 (14,28%) nhiệm vụ, còn lại 42 nhiệm vụ là nhiệm vụ thường xuyên (có 1 nhiệm vụ xin lùi thời gian sang năm 2025). \n \n \n \n Phó Thủ tướng Thường trực: CCHC là quá trình liên tục, càng làm càng lộ ra những bất cập, rào cản, cần kịp thời khắc phục để đáp ứng yêu cầu của thực tiễn, đáp ứng mong đợi của nhân dân - Ảnh: VGP/Đình Hải \n \n Trong năm 2024, Ban Chỉ đạo đã tổ chức 2 Phiên họp trực tuyến với 63 địa phương do Thủ tướng Chính phủ-Trưởng Ban Chỉ đạo chủ trì, qua đó kịp thời đánh giá tình hình, kết quả triển khai công tác CCHC của cả nước, kịp thời chỉ đạo và quyết định nhiều vấn đề quan trọng cho triển khai CCHC. \n \n Thực hiện vai trò cơ quan thường trực CCHC của Chính phủ, Bộ Nội vụ đã đẩy mạnh công tác
... [truncated, total 14667 chars]
================================================================================

================================================================================
Article ID: MOH_4d9c60b659890088 | Attempt: 1
Error: Cannot extract valid JSON from response: line 1 column 1 (char 0)
Raw response (12633 chars):
{
"id": "MOH_4d9c60b659890088",
"date_iso": "2025-08-29T00:00:00",
"full_text": "Phó Thủ tướng Thường trực Chính phủ Nguyễn Hòa Bình ký Quyết định số 1832/QĐ-TTg ngày 26/8/2025 về việc phê duyệt phương án cắt giảm, đơn giản hóa thủ tục hành chính liên quan đến hoạt động sản xuất, kinh doanh thuộc phạm vi quản lý của Bộ Giáo dục và Đào tạo năm 2025. \n \n \n \n Chính phủ phê duyệt phương án cắt giảm, đơn giản hóa thủ tục hành chính liên quan đến hoạt động sản xuất, kinh doanh thuộc phạm vi quản lý của Bộ Giáo dục và Đào tạo năm 2025. \n \n Cụ thể, Thủ tướng Chính phủ phê duyệt cắt giảm, đơn giản hóa thủ tục hành chính liên quan đến hoạt động sản xuất, kinh doanh trong 10 lĩnh vực: hoạt động của cơ sở giáo dục mầm non; hoạt động của cơ sở giáo dục phổ thông; hoạt động của cơ sở giáo dục thường xuyên; hoạt động của trường chuyên biệt; hoạt động của cơ sở giáo dục có vốn đầu tư nước ngoài, văn phòng đại diện giáo dục nước ngoài tại Việt Nam, phân hiệu cơ sở giáo dục có vốn đầu tư nước ngoài; hoạt động liên kết đào tạo với nước ngoài; kinh doanh dịch vụ tư vấn du học; kiểm định chất lượng giáo dục; giáo dục nghề nghiệp; kiểm định chất lượng giáo dục nghề nghiệp. \n \n Đồng thời, cắt giảm đơn giản hóa 05 thủ tục hành chính nội bộ về: công nhận tỉnh đạt chuẩn phổ cập giáo dục mức độ 3, xóa mù chữ mức độ 2; công nhận huyện đạt chuẩn phổ cập giáo dục, xóa mù chữ; công nhận xã đạt chuẩn phổ cập giáo dục, xóa mù chữ; chấm dứt hoạt động phân hiệu của trường trung cấp công lập; thành lập phân hiệu của trường trung cấp công lập. \n \n Đơn giản hóa hoạt động của cơ sở giáo dục mầm non, giáo dục phổ thông \n \n Phương án đã đơn giản hóa thủ tục hành chính về thành lập hoặc cho phép thành lập trường mẫu giáo; trường tiểu học; trường trung học cơ sở, trường phổ thông có nhiều cấp học có cấp học cao nhất là trung học cơ sở; trường trung học phổ thông, trường phổ thông có nhiều cấp học có cấp học cao nhất là trung học phổ thông. Cụ thể như sau: \n \n - Giảm thời gian giải quyết thủ tục
... [truncated, total 12633 chars]
================================================================================

================================================================================
Article ID: MOH_4d9c60b659890088 | Attempt: 2
Error: Cannot extract valid JSON from response: line 1 column 1 (char 0)
Raw response (12948 chars):
{
"id": "MOH_4d9c60b659890088",
"date_iso": "2025-08-29T00:00:00",
"full_text": "Phó Thủ tướng Thường trực Chính phủ Nguyễn Hòa Bình ký Quyết định số 1832/QĐ-TTg ngày 26/8/2025 về việc phê duyệt phương án cắt giảm, đơn giản hóa thủ tục hành chính liên quan đến hoạt động sản xuất, kinh doanh thuộc phạm vi quản lý của Bộ Giáo dục và Đào tạo năm 2025. \n \n \n \n Chính phủ phê duyệt phương án cắt giảm, đơn giản hóa thủ tục hành chính liên quan đến hoạt động sản xuất, kinh doanh thuộc phạm vi quản lý của Bộ Giáo dục và Đào tạo năm 2025. \n \n Cụ thể, Thủ tướng Chính phủ phê duyệt cắt giảm, đơn giản hóa thủ tục hành chính liên quan đến hoạt động sản xuất, kinh doanh trong 10 lĩnh vực: hoạt động của cơ sở giáo dục mầm non; hoạt động của cơ sở giáo dục phổ thông; hoạt động của cơ sở giáo dục thường xuyên; hoạt động của trường chuyên biệt; hoạt động của cơ sở giáo dục có vốn đầu tư nước ngoài, văn phòng đại diện giáo dục nước ngoài tại Việt Nam, phân hiệu cơ sở giáo dục có vốn đầu tư nước ngoài; hoạt động liên kết đào tạo với nước ngoài; kinh doanh dịch vụ tư vấn du học; kiểm định chất lượng giáo dục; giáo dục nghề nghiệp; kiểm định chất lượng giáo dục nghề nghiệp. \n \n Đồng thời, cắt giảm đơn giản hóa 05 thủ tục hành chính nội bộ về: công nhận tỉnh đạt chuẩn phổ cập giáo dục mức độ 3, xóa mù chữ mức độ 2; công nhận huyện đạt chuẩn phổ cập giáo dục, xóa mù chữ; công nhận xã đạt chuẩn phổ cập giáo dục, xóa mù chữ; chấm dứt hoạt động phân hiệu của trường trung cấp công lập; thành lập phân hiệu của trường trung cấp công lập. \n \n Đơn giản hóa hoạt động của cơ sở giáo dục mầm non, giáo dục phổ thông \n \n Phương án đã đơn giản hóa thủ tục hành chính về thành lập hoặc cho phép thành lập trường mẫu giáo; trường tiểu học; trường trung học cơ sở, trường phổ thông có nhiều cấp học có cấp học cao nhất là trung học cơ sở; trường trung học phổ thông, trường phổ thông có nhiều cấp học có cấp học cao nhất là trung học phổ thông. Cụ thể như sau: \n \n - Giảm thời gian giải quyết thủ tục
... [truncated, total 12948 chars]
================================================================================

================================================================================
Article ID: MOH_4d9c60b659890088 | Attempt: 3
Error: Cannot extract valid JSON from response: line 1 column 1 (char 0)
Raw response (13250 chars):
{
"id": "MOH_4d9c60b659890088",
"date_iso": "2025-08-29T00:00:00",
"full_text": "Phó Thủ tướng Thường trực Chính phủ Nguyễn Hòa Bình ký Quyết định số 1832/QĐ-TTg ngày 26/8/2025 về việc phê duyệt phương án cắt giảm, đơn giản hóa thủ tục hành chính liên quan đến hoạt động sản xuất, kinh doanh thuộc phạm vi quản lý của Bộ Giáo dục và Đào tạo năm 2025. \n \n \n \n Chính phủ phê duyệt phương án cắt giảm, đơn giản hóa thủ tục hành chính liên quan đến hoạt động sản xuất, kinh doanh thuộc phạm vi quản lý của Bộ Giáo dục và Đào tạo năm 2025. \n \n Cụ thể, Thủ tướng Chính phủ phê duyệt cắt giảm, đơn giản hóa thủ tục hành chính liên quan đến hoạt động sản xuất, kinh doanh trong 10 lĩnh vực: hoạt động của cơ sở giáo dục mầm non; hoạt động của cơ sở giáo dục phổ thông; hoạt động của cơ sở giáo dục thường xuyên; hoạt động của trường chuyên biệt; hoạt động của cơ sở giáo dục có vốn đầu tư nước ngoài, văn phòng đại diện giáo dục nước ngoài tại Việt Nam, phân hiệu cơ sở giáo dục có vốn đầu tư nước ngoài; hoạt động liên kết đào tạo với nước ngoài; kinh doanh dịch vụ tư vấn du học; kiểm định chất lượng giáo dục; giáo dục nghề nghiệp; kiểm định chất lượng giáo dục nghề nghiệp. \n \n Đồng thời, cắt giảm đơn giản hóa 05 thủ tục hành chính nội bộ về: công nhận tỉnh đạt chuẩn phổ cập giáo dục mức độ 3, xóa mù chữ mức độ 2; công nhận huyện đạt chuẩn phổ cập giáo dục, xóa mù chữ; công nhận xã đạt chuẩn phổ cập giáo dục, xóa mù chữ; chấm dứt hoạt động phân hiệu của trường trung cấp công lập; thành lập phân hiệu của trường trung cấp công lập. \n \n Đơn giản hóa hoạt động của cơ sở giáo dục mầm non, giáo dục phổ thông \n \n Phương án đã đơn giản hóa thủ tục hành chính về thành lập hoặc cho phép thành lập trường mẫu giáo; trường tiểu học; trường trung học cơ sở, trường phổ thông có nhiều cấp học có cấp học cao nhất là trung học cơ sở; trường trung học phổ thông, trường phổ thông có nhiều cấp học có cấp học cao nhất là trung học phổ thông. Cụ thể như sau: \n \n - Giảm thời gian giải quyết thủ tục
... [truncated, total 13250 chars]
================================================================================

================================================================================
Article ID: MOH_4d9c60b659890088 | Attempt: 4
Error: Cannot extract valid JSON from response: line 1 column 1 (char 0)
Raw response (12421 chars):
{
"id": "MOH_4d9c60b659890088",
"date_iso": "2025-08-29T00:00:00",
"full_text": "Phó Thủ tướng Thường trực Chính phủ Nguyễn Hòa Bình ký Quyết định số 1832/QĐ-TTg ngày 26/8/2025 về việc phê duyệt phương án cắt giảm, đơn giản hóa thủ tục hành chính liên quan đến hoạt động sản xuất, kinh doanh thuộc phạm vi quản lý của Bộ Giáo dục và Đào tạo năm 2025. \n \n \n \n Chính phủ phê duyệt phương án cắt giảm, đơn giản hóa thủ tục hành chính liên quan đến hoạt động sản xuất, kinh doanh thuộc phạm vi quản lý của Bộ Giáo dục và Đào tạo năm 2025. \n \n Cụ thể, Thủ tướng Chính phủ phê duyệt cắt giảm, đơn giản hóa thủ tục hành chính liên quan đến hoạt động sản xuất, kinh doanh trong 10 lĩnh vực: hoạt động của cơ sở giáo dục mầm non; hoạt động của cơ sở giáo dục phổ thông; hoạt động của cơ sở giáo dục thường xuyên; hoạt động của trường chuyên biệt; hoạt động của cơ sở giáo dục có vốn đầu tư nước ngoài, văn phòng đại diện giáo dục nước ngoài tại Việt Nam, phân hiệu cơ sở giáo dục có vốn đầu tư nước ngoài; hoạt động liên kết đào tạo với nước ngoài; kinh doanh dịch vụ tư vấn du học; kiểm định chất lượng giáo dục; giáo dục nghề nghiệp; kiểm định chất lượng giáo dục nghề nghiệp. \n \n Đồng thời, cắt giảm đơn giản hóa 05 thủ tục hành chính nội bộ về: công nhận tỉnh đạt chuẩn phổ cập giáo dục mức độ 3, xóa mù chữ mức độ 2; công nhận huyện đạt chuẩn phổ cập giáo dục, xóa mù chữ; công nhận xã đạt chuẩn phổ cập giáo dục, xóa mù chữ; chấm dứt hoạt động phân hiệu của trường trung cấp công lập; thành lập phân hiệu của trường trung cấp công lập. \n \n Đơn giản hóa hoạt động của cơ sở giáo dục mầm non, giáo dục phổ thông \n \n Phương án đã đơn giản hóa thủ tục hành chính về thành lập hoặc cho phép thành lập trường mẫu giáo; trường tiểu học; trường trung học cơ sở, trường phổ thông có nhiều cấp học có cấp học cao nhất là trung học cơ sở; trường trung học phổ thông, trường phổ thông có nhiều cấp học có cấp học cao nhất là trung học phổ thông. Cụ thể như sau: \n \n - Giảm thời gian giải quyết thủ tục
... [truncated, total 12421 chars]
================================================================================

================================================================================
Article ID: MOH_4d9c60b659890088 | Attempt: 5
Error: Cannot extract valid JSON from response: line 1 column 1 (char 0)
Raw response (13051 chars):
{
"id": "MOH_4d9c60b659890088",
"date_iso": "2025-08-29T00:00:00",
"full_text": "Phó Thủ tướng Thường trực Chính phủ Nguyễn Hòa Bình ký Quyết định số 1832/QĐ-TTg ngày 26/8/2025 về việc phê duyệt phương án cắt giảm, đơn giản hóa thủ tục hành chính liên quan đến hoạt động sản xuất, kinh doanh thuộc phạm vi quản lý của Bộ Giáo dục và Đào tạo năm 2025. \n \n \n \n Chính phủ phê duyệt phương án cắt giảm, đơn giản hóa thủ tục hành chính liên quan đến hoạt động sản xuất, kinh doanh thuộc phạm vi quản lý của Bộ Giáo dục và Đào tạo năm 2025. \n \n Cụ thể, Thủ tướng Chính phủ phê duyệt cắt giảm, đơn giản hóa thủ tục hành chính liên quan đến hoạt động sản xuất, kinh doanh trong 10 lĩnh vực: hoạt động của cơ sở giáo dục mầm non; hoạt động của cơ sở giáo dục phổ thông; hoạt động của cơ sở giáo dục thường xuyên; hoạt động của trường chuyên biệt; hoạt động của cơ sở giáo dục có vốn đầu tư nước ngoài, văn phòng đại diện giáo dục nước ngoài tại Việt Nam, phân hiệu cơ sở giáo dục có vốn đầu tư nước ngoài; hoạt động liên kết đào tạo với nước ngoài; kinh doanh dịch vụ tư vấn du học; kiểm định chất lượng giáo dục; giáo dục nghề nghiệp; kiểm định chất lượng giáo dục nghề nghiệp. \n \n Đồng thời, cắt giảm đơn giản hóa 05 thủ tục hành chính nội bộ về: công nhận tỉnh đạt chuẩn phổ cập giáo dục mức độ 3, xóa mù chữ mức độ 2; công nhận huyện đạt chuẩn phổ cập giáo dục, xóa mù chữ; công nhận xã đạt chuẩn phổ cập giáo dục, xóa mù chữ; chấm dứt hoạt động phân hiệu của trường trung cấp công lập; thành lập phân hiệu của trường trung cấp công lập. \n \n Đơn giản hóa hoạt động của cơ sở giáo dục mầm non, giáo dục phổ thông \n \n Phương án đã đơn giản hóa thủ tục hành chính về thành lập hoặc cho phép thành lập trường mẫu giáo; trường tiểu học; trường trung học cơ sở, trường phổ thông có nhiều cấp học có cấp học cao nhất là trung học cơ sở; trường trung học phổ thông, trường phổ thông có nhiều cấp học có cấp học cao nhất là trung học phổ thông. Cụ thể như sau: \n \n - Giảm thời gian giải quyết thủ tục
... [truncated, total 13051 chars]
================================================================================

================================================================================
Article ID: MOH_6ecb214b1b968837 | Attempt: 1
Error: Cannot extract valid JSON from response: line 1 column 1 (char 0)
Raw response (9984 chars):
{
"id": "MOH_6ecb214b1b968837",
"date_iso": "2025-08-29T00:00:00",
"full_text": "( Chinhphu.vn) - Phó Thủ tướng Thường trực Chính phủ Nguyễn Hòa Bình ký Quyết định số 1848/QĐ-TTg ngày 27/8/2025 phê duyệt phương án cắt giảm, đơn giản hóa thủ tục hành chính liên quan đến hoạt động sản xuất, kinh doanh thuộc phạm vi quản lý của Bộ Tài chính. \n \n \n \n Cắt giảm, đơn giản hóa nhiều thủ tục hành chính liên quan đến lĩnh vực thuế. \n \n Cụ thể, Thủ tướng Chính phủ phê duyệt cắt giảm, đơn giản hóa thủ tục hành chính, điều kiện kinh doanh liên quan đến hoạt động sản xuất, kinh doanh trong 10 lĩnh vực: hải quan; thuế; chứng khoán; kinh doanh bảo hiểm; kho bạc; kế toán- kiểm toán; phí, lệ phí; đầu tư tại Việt Nam; đầu tư từ Việt Nam ra nước ngoài; dịch vụ tài chính. \n \n Bãi bỏ nhiều thủ tục hành chính liên quan đến lĩnh vực thuế \n \n Về lĩnh vực thuế, Phương án đã cắt giảm, đơn giản hóa một số thủ tục hành chính đáng chú ý sau: \n \n Phương án đã bãi bỏ một số thủ tục hành chính như: việc cấp lại Giấy chứng nhận đăng ký thuế, Thông báo mã số thuế; việc khai thuế giá trị gia tăng, thu nhập cá nhân phải nộp theo tháng tăng thêm so với số đã kê khai theo quý; báo cáo dự kiến sản lượng dầu khí khai thác và tỷ lệ tạm nộp thuế; khai thuế giá trị gia tăng, thu nhập cá nhân, thu nhập doanh nghiệp đối với hoạt động khai thác tài sản bảo đảm trong thời gian chờ xử lý; giảm thuế tiêu thụ đặc biệt đối với người nộp thuế sản xuất hàng hóa thuộc diện chịu thuế tiêu thụ đặc biệt gặp khó khăn do thiên tai, tai nạn bất ngờ theo pháp luật về thuế tiêu thụ đặc biệt; khai lệ phí môn bài… \n \n Về thủ tục gia hạn nộp thuế; gia hạn nộp tiền cấp quyền khai thác khoáng sản khi có vướng mắc về giải phóng mặt bằng thuê đất, Phương án thực hiện dịch vụ công trực tuyến toàn trình, hỗ trợ kê khai tự động một số chỉ tiêu trên tờ khai; hợp nhất các nội dung tương đồng thành 01 TTHC. Đơn giản hóa các mẫu biểu gia hạn tiền cấp quyền khai thác khoảng sản (gồm mẫu số 01/GHKS, 02/GHKS, 03/GHKS, 04/GHKS ban 
... [truncated, total 9984 chars]
================================================================================

================================================================================
Article ID: MOH_6ecb214b1b968837 | Attempt: 2
Error: Cannot extract valid JSON from response: line 1 column 1 (char 0)
Raw response (10599 chars):
{
"id": "MOH_6ecb214b1b968837",
"date_iso": "2025-08-29T00:00:00",
"full_text": "( Chinhphu.vn) - Phó Thủ tướng Thường trực Chính phủ Nguyễn Hòa Bình ký Quyết định số 1848/QĐ-TTg ngày 27/8/2025 phê duyệt phương án cắt giảm, đơn giản hóa thủ tục hành chính liên quan đến hoạt động sản xuất, kinh doanh thuộc phạm vi quản lý của Bộ Tài chính. \n \n \n \n Cắt giảm, đơn giản hóa nhiều thủ tục hành chính liên quan đến lĩnh vực thuế. \n \n Cụ thể, Thủ tướng Chính phủ phê duyệt cắt giảm, đơn giản hóa thủ tục hành chính, điều kiện kinh doanh liên quan đến hoạt động sản xuất, kinh doanh trong 10 lĩnh vực: hải quan; thuế; chứng khoán; kinh doanh bảo hiểm; kho bạc; kế toán- kiểm toán; phí, lệ phí; đầu tư tại Việt Nam; đầu tư từ Việt Nam ra nước ngoài; dịch vụ tài chính. \n \n Bãi bỏ nhiều thủ tục hành chính liên quan đến lĩnh vực thuế \n \n Về lĩnh vực thuế, Phương án đã cắt giảm, đơn giản hóa một số thủ tục hành chính đáng chú ý sau: \n \n Phương án đã bãi bỏ một số thủ tục hành chính như: việc cấp lại Giấy chứng nhận đăng ký thuế, Thông báo mã số thuế; việc khai thuế giá trị gia tăng, thu nhập cá nhân phải nộp theo tháng tăng thêm so với số đã kê khai theo quý; báo cáo dự kiến sản lượng dầu khí khai thác và tỷ lệ tạm nộp thuế; khai thuế giá trị gia tăng, thu nhập cá nhân, thu nhập doanh nghiệp đối với hoạt động khai thác tài sản bảo đảm trong thời gian chờ xử lý; giảm thuế tiêu thụ đặc biệt đối với người nộp thuế sản xuất hàng hóa thuộc diện chịu thuế tiêu thụ đặc biệt gặp khó khăn do thiên tai, tai nạn bất ngờ theo pháp luật về thuế tiêu thụ đặc biệt; khai lệ phí môn bài… \n \n Về thủ tục gia hạn nộp thuế; gia hạn nộp tiền cấp quyền khai thác khoáng sản khi có vướng mắc về giải phóng mặt bằng thuê đất, Phương án thực hiện dịch vụ công trực tuyến toàn trình, hỗ trợ kê khai tự động một số chỉ tiêu trên tờ khai; hợp nhất các nội dung tương đồng thành 01 TTHC. Đơn giản hóa các mẫu biểu gia hạn tiền cấp quyền khai thác khoảng sản (gồm mẫu số 01/GHKS, 02/GHKS, 03/GHKS, 04/GHKS ban 
... [truncated, total 10599 chars]
================================================================================

================================================================================
Article ID: MOH_6ecb214b1b968837 | Attempt: 3
Error: Cannot extract valid JSON from response: line 1 column 1 (char 0)
Raw response (10317 chars):
{
"id": "MOH_6ecb214b1b968837",
"date_iso": "2025-08-29T00:00:00",
"full_text": "( Chinhphu.vn) - Phó Thủ tướng Thường trực Chính phủ Nguyễn Hòa Bình ký Quyết định số 1848/QĐ-TTg ngày 27/8/2025 phê duyệt phương án cắt giảm, đơn giản hóa thủ tục hành chính liên quan đến hoạt động sản xuất, kinh doanh thuộc phạm vi quản lý của Bộ Tài chính. \n \n \n \n Cắt giảm, đơn giản hóa nhiều thủ tục hành chính liên quan đến lĩnh vực thuế. \n \n Cụ thể, Thủ tướng Chính phủ phê duyệt cắt giảm, đơn giản hóa thủ tục hành chính, điều kiện kinh doanh liên quan đến hoạt động sản xuất, kinh doanh trong 10 lĩnh vực: hải quan; thuế; chứng khoán; kinh doanh bảo hiểm; kho bạc; kế toán- kiểm toán; phí, lệ phí; đầu tư tại Việt Nam; đầu tư từ Việt Nam ra nước ngoài; dịch vụ tài chính. \n \n Bãi bỏ nhiều thủ tục hành chính liên quan đến lĩnh vực thuế \n \n Về lĩnh vực thuế, Phương án đã cắt giảm, đơn giản hóa một số thủ tục hành chính đáng chú ý sau: \n \n Phương án đã bãi bỏ một số thủ tục hành chính như: việc cấp lại Giấy chứng nhận đăng ký thuế, Thông báo mã số thuế; việc khai thuế giá trị gia tăng, thu nhập cá nhân phải nộp theo tháng tăng thêm so với số đã kê khai theo quý; báo cáo dự kiến sản lượng dầu khí khai thác và tỷ lệ tạm nộp thuế; khai thuế giá trị gia tăng, thu nhập cá nhân, thu nhập doanh nghiệp đối với hoạt động khai thác tài sản bảo đảm trong thời gian chờ xử lý; giảm thuế tiêu thụ đặc biệt đối với người nộp thuế sản xuất hàng hóa thuộc diện chịu thuế tiêu thụ đặc biệt gặp khó khăn do thiên tai, tai nạn bất ngờ theo pháp luật về thuế tiêu thụ đặc biệt; khai lệ phí môn bài… \n \n Về thủ tục gia hạn nộp thuế; gia hạn nộp tiền cấp quyền khai thác khoáng sản khi có vướng mắc về giải phóng mặt bằng thuê đất, Phương án thực hiện dịch vụ công trực tuyến toàn trình, hỗ trợ kê khai tự động một số chỉ tiêu trên tờ khai; hợp nhất các nội dung tương đồng thành 01 TTHC. Đơn giản hóa các mẫu biểu gia hạn tiền cấp quyền khai thác khoảng sản (gồm mẫu số 01/GHKS, 02/GHKS, 03/GHKS, 04/GHKS ban 
... [truncated, total 10317 chars]
================================================================================

================================================================================
Article ID: MOH_6ecb214b1b968837 | Attempt: 4
Error: Cannot extract valid JSON from response: line 1 column 1 (char 0)
Raw response (10234 chars):
{
"id": "MOH_6ecb214b1b968837",
"date_iso": "2025-08-29T00:00:00",
"full_text": "( Chinhphu.vn) - Phó Thủ tướng Thường trực Chính phủ Nguyễn Hòa Bình ký Quyết định số 1848/QĐ-TTg ngày 27/8/2025 phê duyệt phương án cắt giảm, đơn giản hóa thủ tục hành chính liên quan đến hoạt động sản xuất, kinh doanh thuộc phạm vi quản lý của Bộ Tài chính. \n \n \n \n Cắt giảm, đơn giản hóa nhiều thủ tục hành chính liên quan đến lĩnh vực thuế. \n \n Cụ thể, Thủ tướng Chính phủ phê duyệt cắt giảm, đơn giản hóa thủ tục hành chính, điều kiện kinh doanh liên quan đến hoạt động sản xuất, kinh doanh trong 10 lĩnh vực: hải quan; thuế; chứng khoán; kinh doanh bảo hiểm; kho bạc; kế toán- kiểm toán; phí, lệ phí; đầu tư tại Việt Nam; đầu tư từ Việt Nam ra nước ngoài; dịch vụ tài chính. \n \n Bãi bỏ nhiều thủ tục hành chính liên quan đến lĩnh vực thuế \n \n Về lĩnh vực thuế, Phương án đã cắt giảm, đơn giản hóa một số thủ tục hành chính đáng chú ý sau: \n \n Phương án đã bãi bỏ một số thủ tục hành chính như: việc cấp lại Giấy chứng nhận đăng ký thuế, Thông báo mã số thuế; việc khai thuế giá trị gia tăng, thu nhập cá nhân phải nộp theo tháng tăng thêm so với số đã kê khai theo quý; báo cáo dự kiến sản lượng dầu khí khai thác và tỷ lệ tạm nộp thuế; khai thuế giá trị gia tăng, thu nhập cá nhân, thu nhập doanh nghiệp đối với hoạt động khai thác tài sản bảo đảm trong thời gian chờ xử lý; giảm thuế tiêu thụ đặc biệt đối với người nộp thuế sản xuất hàng hóa thuộc diện chịu thuế tiêu thụ đặc biệt gặp khó khăn do thiên tai, tai nạn bất ngờ theo pháp luật về thuế tiêu thụ đặc biệt; khai lệ phí môn bài… \n \n Về thủ tục gia hạn nộp thuế; gia hạn nộp tiền cấp quyền khai thác khoáng sản khi có vướng mắc về giải phóng mặt bằng thuê đất, Phương án thực hiện dịch vụ công trực tuyến toàn trình, hỗ trợ kê khai tự động một số chỉ tiêu trên tờ khai; hợp nhất các nội dung tương đồng thành 01 TTHC. Đơn giản hóa các mẫu biểu gia hạn tiền cấp quyền khai thác khoảng sản (gồm mẫu số 01/GHKS, 02/GHKS, 03/GHKS, 04/GHKS ban 
... [truncated, total 10234 chars]
================================================================================

================================================================================
Article ID: MOH_6ecb214b1b968837 | Attempt: 5
Error: Cannot extract valid JSON from response: line 1 column 1 (char 0)
Raw response (10018 chars):
{
"id": "MOH_6ecb214b1b968837",
"date_iso": "2025-08-29T00:00:00",
"full_text": "( Chinhphu.vn) - Phó Thủ tướng Thường trực Chính phủ Nguyễn Hòa Bình ký Quyết định số 1848/QĐ-TTg ngày 27/8/2025 phê duyệt phương án cắt giảm, đơn giản hóa thủ tục hành chính liên quan đến hoạt động sản xuất, kinh doanh thuộc phạm vi quản lý của Bộ Tài chính. \n \n \n \n Cắt giảm, đơn giản hóa nhiều thủ tục hành chính liên quan đến lĩnh vực thuế. \n \n Cụ thể, Thủ tướng Chính phủ phê duyệt cắt giảm, đơn giản hóa thủ tục hành chính, điều kiện kinh doanh liên quan đến hoạt động sản xuất, kinh doanh trong 10 lĩnh vực: hải quan; thuế; chứng khoán; kinh doanh bảo hiểm; kho bạc; kế toán- kiểm toán; phí, lệ phí; đầu tư tại Việt Nam; đầu tư từ Việt Nam ra nước ngoài; dịch vụ tài chính. \n \n Bãi bỏ nhiều thủ tục hành chính liên quan đến lĩnh vực thuế \n \n Về lĩnh vực thuế, Phương án đã cắt giảm, đơn giản hóa một số thủ tục hành chính đáng chú ý sau: \n \n Phương án đã bãi bỏ một số thủ tục hành chính như: việc cấp lại Giấy chứng nhận đăng ký thuế, Thông báo mã số thuế; việc khai thuế giá trị gia tăng, thu nhập cá nhân phải nộp theo tháng tăng thêm so với số đã kê khai theo quý; báo cáo dự kiến sản lượng dầu khí khai thác và tỷ lệ tạm nộp thuế; khai thuế giá trị gia tăng, thu nhập cá nhân, thu nhập doanh nghiệp đối với hoạt động khai thác tài sản bảo đảm trong thời gian chờ xử lý; giảm thuế tiêu thụ đặc biệt đối với người nộp thuế sản xuất hàng hóa thuộc diện chịu thuế tiêu thụ đặc biệt gặp khó khăn do thiên tai, tai nạn bất ngờ theo pháp luật về thuế tiêu thụ đặc biệt; khai lệ phí môn bài… \n \n Về thủ tục gia hạn nộp thuế; gia hạn nộp tiền cấp quyền khai thác khoáng sản khi có vướng mắc về giải phóng mặt bằng thuê đất, Phương án thực hiện dịch vụ công trực tuyến toàn trình, hỗ trợ kê khai tự động một số chỉ tiêu trên tờ khai; hợp nhất các nội dung tương đồng thành 01 TTHC. Đơn giản hóa các mẫu biểu gia hạn tiền cấp quyền khai thác khoảng sản (gồm mẫu số 01/GHKS, 02/GHKS, 03/GHKS, 04/GHKS ban 
... [truncated, total 10018 chars]
================================================================================

================================================================================
Article ID: MOH_9b7da5d22c6d7258 | Attempt: 1
Error: Cannot extract valid JSON from response: line 1 column 1 (char 0)
Raw response (6438 chars):
{
"id": "MOH_9b7da5d22c6d7258",
"date_iso": "2025-03-28T00:00:00",
"full_text": "Thực hiện Quyết định số 1035/QĐ-BYT ngày 27/3/2025 của Bộ trưởng Bộ Y tế về việc phê duyệt Danh mục danh mục đặt hàng nhiệm vụ khoa học và công nghệ cấp Bộ để tuyển chọn thực hiện từ năm 2026 thuộc 5 Chương trình KHCN Lĩnh vực Nghiên cứu phát triển, ứng dụng các kỹ thuật, công nghệ, phương pháp tiên tiến trong chẩn đoán, chăm sóc sức khỏe và điều trị bệnh ở người, Bộ Y tế (Cục Khoa học công nghệ và Đào tạo) thông báo như sau:\n1. Danh sách 23 (Hai mươi ba) đề tài khoa học và công nghệ cấp Bộ Y tế đặt hàng tuyển chọn bắt đầu thực hiện từ năm 2026 lĩnh vực nghiên cứu phát triển, ứng dụng các kỹ thuật, công nghệ, phương pháp tiên tiến trong chẩn đoán, chăm sóc sức khỏe và điều trị bệnh ở người tại quyết định và danh mục đính kèm theo.\n2. Phương thức thực hiện: Phương thức Tuyển chọn tổ chức và cá nhân thực hiện nhiệm vụ khoa học và công nghệ theo hướng dẫn tại Thông tư số 24/2023/TT-BYT ngày 18/12/2023 của Bộ Y tế quy định về quản lý nhiệm vụ khoa học và công nghệ thuộc trách nhiệm của Bộ Y tế.\n3. Hồ sơ nhiệm vụ được chuẩn bị theo mẫu thống nhất do Bộ Khoa học và công nghệ ban hành kèm theo Thông tư số 20/2023/TT-BKHCN, trong đó:\n- Điều kiện tham gia tuyển chọn thực hiện nhiệm vụ theo quy định tại Điều 4 Thông tư số 20/2023/TT-BKHCN ngày 12/10/2023 của Bộ KH&CN.\n- Danh mục hồ sơ theo quy định tại Điều 5 Thông tư số 20/2023/TT-BKHCN ngày 12/10/2023 của Bộ KH&CN.\n- Thuyết minh đề tài lập theo biểu mẫu số B1-2a-TMĐTCN tại Thông tư số 20/2023/TT-BKHCN ngày 12/10/2023 của Bộ KH&CN.\n4. Nơi nhận hồ sơ: Cục Khoa học công nghệ và Đào tạo, Bộ Y tế.\nĐịa chỉ: số 138A, Giảng Võ, Ba Đình, Hà Nội.\n5. Thời hạn nộp hồ sơ: trước 17 giờ 00 ngày 25/4/2025 (ngày nhận hồ sơ được tính là ngày ghi của dấu bưu điện với trường hợp gửi qua bưu điện hoặc dấu đến của văn thư Cục KHCN-ĐT với trường hợp gửi trực tiếp tại bộ phận văn thư của Cục).\nTrong quá trình xây dựng hồ sơ, nếu có vướng mắc xin liên hệ với 
... [truncated, total 6438 chars]
================================================================================

================================================================================
Article ID: MOH_1f129ff7ad2f9540 | Attempt: 1
Error: Cannot extract valid JSON from response: line 1 column 1 (char 0)
Raw response (8451 chars):
{
"id": "MOH_1f129ff7ad2f9540",
"date_iso": "2025-02-14T00:00:00",
"full_text": "Phó Thủ tướng Chính phủ Lê Thành Long vừa ký Quyết định 270/QĐ-TTg ngày 13/2/2025 phê duyệt “Chương trình phát triển công nghiệp hóa dược đến năm 2030, tầm nhìn đến năm 2045\" (Chương trình).\nĐến năm 2045, công nghiệp hóa dược của Việt Nam trở thành ngành công nghiệp công nghệ cao, hiện đại, có sức cạnh tranh và tham gia vào chuỗi giá trị ngành dược phẩm toàn cầu\nMục tiêu của Chương trình là phát triển ngành công nghiệp hóa dược, nâng dần tỷ lệ sản xuất và sử dụng nguyên liệu làm thuốc trong nước và thúc đẩy xuất khẩu các sản phẩm hóa dược, góp phần thực hiện các mục tiêu của Chiến lược phát triển ngành hóa chất Việt Nam, Chương trình phát triển công nghiệp dược, dược liệu sản xuất trong nước và Chiến lược quốc gia phát triển ngành Dược Việt Nam giai đoạn đến năm 2030 và tầm nhìn đến năm 2045 đã được Thủ tướng Chính phủ phê duyệt.\nCụ thể, đến năm 2030, phấn đấu đạt 20% nhu cầu nguyên liệu cho sản xuất thuốc; đáp ứng 50% nhu cầu nguyên liệu cho sản xuất thực phẩm chức năng và dược mỹ phẩm trong nước. Tốc độ tăng trưởng xuất khẩu một số sản phẩm hóa dược thiên nhiên (dược chất, cao định lượng, tinh dầu giàu hoạt chất) > 10%/năm.\nĐến năm 2045, công nghiệp hóa dược của Việt Nam trở thành ngành công nghiệp công nghệ cao, hiện đại, có sức cạnh tranh và tham gia vào chuỗi giá trị ngành dược phẩm toàn cầu. Tốc độ tăng trưởng sản xuất công nghiệp ngành hóa dược đạt 8 - 11%/năm.\nRà soát, sớm có chính sách khuyến khích đầu tư sản xuất nguyên liệu hóa học thiết yếu\nVề các nhiệm vụ và giải pháp chủ yếu của Chương trình, trong đó về thể chế, pháp luật, nghiên cứu, rà soát, hoàn thiện các cơ chế, chính sách, quy định của pháp luật về khuyến khích, hỗ trợ và thu hút đầu tư phát triển ngành công nghiệp hóa dược theo hướng ưu đãi hỗ trợ ở mức cao nhất về thuế, đất đai, tài chính... đối với một số hoạt động như nghiên cứu phát triển, đầu tư sản xuất, chuyển giao công nghệ, đặc biệt công nghệ mới, cô
... [truncated, total 8451 chars]
================================================================================

================================================================================
Article ID: MOH_058824ef52a6b703 | Attempt: 1
Error: Cannot extract valid JSON from response: line 1 column 1 (char 0)
Raw response (7811 chars):
{
"id": "MOH_058824ef52a6b703",
"date_iso": "2025-02-05T00:00:00",
"full_text": "Theo bác sĩ, mức độ tổn thương sọ não của bệnh nhân quá nghiêm trọng, nguy cơ tử vong rất cao. Bằng mọi nỗ lực, các bác sĩ đã đưa người bệnh về với sự sống, đoàn tụ với gia đình trong ngày đầu xuân.\nNgày 4/2, Bệnh viện Bệnh Nhiệt đới Trung ương cho biết, bệnh nhân được mổ não khẩn cấp là M.V.T (21 tuổi, quê ở Tuyên Quang) làm công nhân tại Hà Nội. Vào những ngày cuối năm khi chuẩn bị nghỉ Tết, nhóm của T tổ chức liên hoan tất niên. Sau khi uống một ít rượu bia, T không tự lái xe mà ngồi sau xe máy của người quen để về nhà trọ.\nKhi di chuyển trên đoạn đường tối, người lái xe không nhìn rõ đường nên đã đâm thẳng vào đuôi xe tải đỗ ven đường. Người lái xe chết ngay tại chỗ, còn T bị chấn thương ở vùng đầu. Anh được lái xe tải gọi xe cứu thương và đưa T đến Bệnh viện Bệnh Nhiệt đới Trung ương để cấp cứu.\n5h26 ngày 17/1/2025, T nhập viện tại Khoa Cấp cứu, Bệnh viện Bệnh Nhiệt đới Trung ương trong tình trạng hôn mê sâu, chảy máu mũi, tổn thương vùng trán, thái dương trái, đồng tử giãn 2 bên. Ngay lập tức, các bác sĩ khẩn trương tiến hành đặt ống nội khí quản kiểm soát đường thở, chụp CT sọ não thấy hình ảnh tụ máu ngoài màng cứng trán thái dương trái, chảy máu dưới nhện lan toả, chấn thương sọ não, đụng dập não rất nguy kịch, nguy cơ tử vong rất cao.\nVì tình trạng bệnh nhân quá nguy kịch, các bác sĩ Khoa Cấp cứu đã tiến hành hội chẩn lãnh đạo bệnh viện và Khoa Ngoại chấn thương chỉnh hình và Thần kinh cột sống. Quyết định mổ cấp cứu được đưa ra ngay lập tức chỉ sau 1 giờ nhập viện, vì mọi sự trì hoãn đều có thể dẫn đến tử vong cho bệnh nhân.\nCác bác sĩ tiến hành phẫu thuật não khẩn cấp cứu sống người bệnh.\nVào lúc 6h30, bác sĩ Tạ Việt Phương và bác sĩ Nguyễn Quang Thành đã bắt đầu ca phẫu thuật với sự tập trung cao độ. Vừa phải cẩn thận, khéo léo trong từng thao tác, đồng thời không ngừng theo dõi các chỉ số sinh tồn của bệnh nhân.\n\"Ngay khi mở nắp volet (mở nắp hộp sọ, lấy máu tụ, gi
... [truncated, total 7811 chars]
================================================================================

================================================================================
Article ID: MOH_f3d7a4bb5713e78f | Attempt: 1
Error: Schema: claims.SUPPORTED[0].evidence[1] missing 'quote'; claims.SUPPORTED[1].evidence[1] missing 'quote'; claims.REFUTED[0].evidence[1] missing 'quote'; claims.REFUTED[1].evidence[1] missing 'quote'; claims.NOT_ENOUGH_INFO[0].evidence[1] missing 'quote'; claims.NOT_ENOUGH_INFO[1].evidence[1] missing 'quote'
Raw response (8859 chars):
{
"id": "MOH_f3d7a4bb5713e78f",
"date_iso": "2025-01-24T00:00:00",
"full_text": "Chỉ vài ngày trước Tết, 11 trường hợp trẻ bị ngộ độc nhập Bệnh viện Nhi Trung ương trong tình trạng nguy kịch. Trong đó, một trẻ tử vong vì được người nhà dùng mật cá trắm chữa bệnh.\nMột bệnh nhi được chăm sóc tích cực tại Bệnh viện Nhi Trung ương.\nUống mật cá trắm chữa bệnh, trẻ tử vong\nHai tuần gần đây, bé trai 6 tuổi, ở Sơn La bị viêm phổi điều trị tại bệnh viện huyện. Sau khi nghe lời mách rằng uống mật cá trắm có thể chữa bệnh và tăng cường sức khỏe, gia đình đã tự cho cháu bé uống.\nVài phút ngay sau khi uống, trẻ có biểu hiện tím tái, suy hô hấp, tim chậm. Trẻ được cấp cứu tại cơ sở y tế địa phương rồi vận chuyển cấp cứu đến Bệnh viện Nhi Trung ương.\nTrẻ vào viện trong tình trạng hết sức nguy kịch, ngừng thở, ngừng tim. Mặc dù đã được cấp cứu có tim trở lại cũng như được các bác sĩ hết lòng cứu chữa nhưng do tình trạng cháu quá nặng nên đã không qua khỏi.\nCâu chuyện đau lòng này là lời cảnh tỉnh cho các bậc phụ huynh về việc tuân thủ các phương pháp điều trị tại các cơ sở y tế cho con em mình.\nTổn thương phổi nặng, hôn mê vì uống nhầm dầu thắp đèn bàn thờ\nTrong những ngày cận Tết, khoa Điều trị tích cực Nội khoa, Bệnh viện Nhi Trung ương đã tiếp nhận 2 trường hợp bệnh nhi D.B (18 tháng tuổi, Yên Bái) và G.K (16 tháng tuổi, Thái Nguyên) vào viện trong tình trạng suy hô hấp, tổn thương phổi nặng, hôn mê và suy giảm tri giác do uống nhầm dầu thắp đèn bàn thờ.\nTheo lời kể của người nhà, cả hai trẻ đều uống nhầm dầu đựng trong những chai, lọ được gia đình sang chiết nhưng không dán nhãn và để trong tầm hoạt động của trẻ.\nSau khi gia đình phát hiện đã lập tức đưa trẻ đến cơ sở y tế gần nhất để sơ cấp cứu ban đầu. Sau đó các trẻ được đặt nội khí quản và chuyển đến Bệnh viện Nhi Trung ương.\nTại đây, trẻ được điều trị thở máy chống suy hô hấp, sử dụng kháng sinh, thuốc chống viêm và theo dõi sát các chỉ số sinh tồn. Sau 5 ngày điều trị tích cực, tình trạng 2 bệnh nhi đã tiến tri
... [truncated, total 8859 chars]
================================================================================

================================================================================
Article ID: MOH_0ca62856df5117f3 | Attempt: 1
Error: API error: AttributeError: 'list' object has no attribute 'get'
Raw response (0 chars):

================================================================================

================================================================================
Article ID: MOH_0ca62856df5117f3 | Attempt: 2
Error: API error: AttributeError: 'list' object has no attribute 'get'
Raw response (0 chars):

================================================================================

================================================================================
Article ID: MOH_b1af004c84368b90 | Attempt: 1
Error: API error: AttributeError: 'list' object has no attribute 'get'
Raw response (0 chars):

================================================================================

================================================================================
Article ID: MOH_b1af004c84368b90 | Attempt: 2
Error: API error: AttributeError: 'list' object has no attribute 'get'
Raw response (0 chars):

================================================================================

================================================================================
Article ID: MOH_2af9234579b3781e | Attempt: 1
Error: API error: AttributeError: 'list' object has no attribute 'get'
Raw response (0 chars):

================================================================================

================================================================================
Article ID: MOH_2af9234579b3781e | Attempt: 2
Error: API error: AttributeError: 'list' object has no attribute 'get'
Raw response (0 chars):

================================================================================

================================================================================
Article ID: MOH_2af9234579b3781e | Attempt: 3
Error: API error: AttributeError: 'list' object has no attribute 'get'
Raw response (0 chars):

================================================================================

================================================================================
Article ID: MOH_2af9234579b3781e | Attempt: 4
Error: API error: AttributeError: 'list' object has no attribute 'get'
Raw response (0 chars):

================================================================================

================================================================================
Article ID: MOH_2af9234579b3781e | Attempt: 5
Error: API error: AttributeError: 'list' object has no attribute 'get'
Raw response (0 chars):

================================================================================

================================================================================
Article ID: MOH_5a8174d3145d43a1 | Attempt: 1
Error: API error: AttributeError: 'list' object has no attribute 'get'
Raw response (0 chars):

================================================================================

================================================================================
Article ID: MOH_5a8174d3145d43a1 | Attempt: 2
Error: API error: AttributeError: 'list' object has no attribute 'get'
Raw response (0 chars):

================================================================================

================================================================================
Article ID: MOH_5a8174d3145d43a1 | Attempt: 3
Error: API error: AttributeError: 'list' object has no attribute 'get'
Raw response (0 chars):

================================================================================

================================================================================
Article ID: MOH_5a8174d3145d43a1 | Attempt: 4
Error: API error: AttributeError: 'list' object has no attribute 'get'
Raw response (0 chars):

================================================================================

================================================================================
Article ID: MOH_5a8174d3145d43a1 | Attempt: 5
Error: API error: AttributeError: 'list' object has no attribute 'get'
Raw response (0 chars):

================================================================================

================================================================================
Article ID: MOH_18e5d8742818c589 | Attempt: 1
Error: API error: AttributeError: 'list' object has no attribute 'get'
Raw response (0 chars):

================================================================================

================================================================================
Article ID: MOH_18e5d8742818c589 | Attempt: 2
Error: API error: AttributeError: 'list' object has no attribute 'get'
Raw response (0 chars):

================================================================================

================================================================================
Article ID: MOH_18e5d8742818c589 | Attempt: 3
Error: API error: AttributeError: 'list' object has no attribute 'get'
Raw response (0 chars):

================================================================================

================================================================================
Article ID: MOH_18e5d8742818c589 | Attempt: 4
Error: API error: AttributeError: 'list' object has no attribute 'get'
Raw response (0 chars):

================================================================================

================================================================================
Article ID: MOH_18e5d8742818c589 | Attempt: 5
Error: API error: AttributeError: 'list' object has no attribute 'get'
Raw response (0 chars):

================================================================================

================================================================================
Article ID: MOH_5db7cce06b37ed1e | Attempt: 1
Error: API error: AttributeError: 'list' object has no attribute 'get'
Raw response (0 chars):

================================================================================

================================================================================
Article ID: MOH_5db7cce06b37ed1e | Attempt: 2
Error: API error: AttributeError: 'list' object has no attribute 'get'
Raw response (0 chars):

================================================================================

================================================================================
Article ID: MOH_5db7cce06b37ed1e | Attempt: 3
Error: API error: AttributeError: 'list' object has no attribute 'get'
Raw response (0 chars):

================================================================================

================================================================================
Article ID: MOH_5db7cce06b37ed1e | Attempt: 4
Error: API error: AttributeError: 'list' object has no attribute 'get'
Raw response (0 chars):

================================================================================

================================================================================
Article ID: MOH_5db7cce06b37ed1e | Attempt: 5
Error: API error: AttributeError: 'list' object has no attribute 'get'
Raw response (0 chars):

================================================================================

================================================================================
Article ID: MOH_e8bcb21fe21f6a40 | Attempt: 1
Error: API error: AttributeError: 'list' object has no attribute 'get'
Raw response (0 chars):

================================================================================

================================================================================
Article ID: MOH_e8bcb21fe21f6a40 | Attempt: 2
Error: API error: AttributeError: 'list' object has no attribute 'get'
Raw response (0 chars):

================================================================================

================================================================================
Article ID: MOH_e8bcb21fe21f6a40 | Attempt: 3
Error: API error: AttributeError: 'list' object has no attribute 'get'
Raw response (0 chars):

================================================================================

================================================================================
Article ID: MOH_e8bcb21fe21f6a40 | Attempt: 4
Error: API error: AttributeError: 'list' object has no attribute 'get'
Raw response (0 chars):

================================================================================

================================================================================
Article ID: MOH_e8bcb21fe21f6a40 | Attempt: 5
Error: API error: AttributeError: 'list' object has no attribute 'get'
Raw response (0 chars):

================================================================================

================================================================================
Article ID: MOH_c857fce2639597e4 | Attempt: 1
Error: API error: AttributeError: 'list' object has no attribute 'get'
Raw response (0 chars):

================================================================================

================================================================================
Article ID: MOH_c857fce2639597e4 | Attempt: 2
Error: API error: AttributeError: 'list' object has no attribute 'get'
Raw response (0 chars):

================================================================================

================================================================================
Article ID: MOH_c857fce2639597e4 | Attempt: 3
Error: API error: AttributeError: 'list' object has no attribute 'get'
Raw response (0 chars):

================================================================================

================================================================================
Article ID: MOH_c857fce2639597e4 | Attempt: 4
Error: API error: AttributeError: 'list' object has no attribute 'get'
Raw response (0 chars):

================================================================================

================================================================================
Article ID: MOH_c857fce2639597e4 | Attempt: 5
Error: API error: AttributeError: 'list' object has no attribute 'get'
Raw response (0 chars):

================================================================================

================================================================================
Article ID: MOH_26e92cbaff109c5a | Attempt: 1
Error: API error: AttributeError: 'list' object has no attribute 'get'
Raw response (0 chars):

================================================================================

================================================================================
Article ID: MOH_26e92cbaff109c5a | Attempt: 2
Error: API error: AttributeError: 'list' object has no attribute 'get'
Raw response (0 chars):

================================================================================

================================================================================
Article ID: MOH_26e92cbaff109c5a | Attempt: 3
Error: API error: AttributeError: 'list' object has no attribute 'get'
Raw response (0 chars):

================================================================================

================================================================================
Article ID: MOH_26e92cbaff109c5a | Attempt: 4
Error: API error: AttributeError: 'list' object has no attribute 'get'
Raw response (0 chars):

================================================================================

================================================================================
Article ID: MOH_26e92cbaff109c5a | Attempt: 5
Error: API error: AttributeError: 'list' object has no attribute 'get'
Raw response (0 chars):

================================================================================

================================================================================
Article ID: MOH_2c3f12318e4cf2d7 | Attempt: 1
Error: API error: AttributeError: 'list' object has no attribute 'get'
Raw response (0 chars):

================================================================================

================================================================================
Article ID: MOH_2c3f12318e4cf2d7 | Attempt: 2
Error: API error: AttributeError: 'list' object has no attribute 'get'
Raw response (0 chars):

================================================================================

================================================================================
Article ID: MOH_2c3f12318e4cf2d7 | Attempt: 3
Error: API error: AttributeError: 'list' object has no attribute 'get'
Raw response (0 chars):

================================================================================

================================================================================
Article ID: MOH_2c3f12318e4cf2d7 | Attempt: 4
Error: API error: AttributeError: 'list' object has no attribute 'get'
Raw response (0 chars):

================================================================================

================================================================================
Article ID: MOH_2c3f12318e4cf2d7 | Attempt: 5
Error: API error: AttributeError: 'list' object has no attribute 'get'
Raw response (0 chars):

================================================================================

================================================================================
Article ID: MOH_3fabfccd151842fe | Attempt: 1
Error: API error: AttributeError: 'list' object has no attribute 'get'
Raw response (0 chars):

================================================================================

================================================================================
Article ID: MOH_3fabfccd151842fe | Attempt: 2
Error: API error: AttributeError: 'list' object has no attribute 'get'
Raw response (0 chars):

================================================================================

================================================================================
Article ID: MOH_3fabfccd151842fe | Attempt: 3
Error: API error: AttributeError: 'list' object has no attribute 'get'
Raw response (0 chars):

================================================================================

================================================================================
Article ID: MOH_3fabfccd151842fe | Attempt: 4
Error: API error: AttributeError: 'list' object has no attribute 'get'
Raw response (0 chars):

================================================================================

================================================================================
Article ID: MOH_3fabfccd151842fe | Attempt: 5
Error: API error: AttributeError: 'list' object has no attribute 'get'
Raw response (0 chars):

================================================================================

================================================================================
Article ID: MOH_da179eebf86f697c | Attempt: 1
Error: API error: AttributeError: 'list' object has no attribute 'get'
Raw response (0 chars):

================================================================================

================================================================================
Article ID: MOH_da179eebf86f697c | Attempt: 2
Error: API error: AttributeError: 'list' object has no attribute 'get'
Raw response (0 chars):

================================================================================

================================================================================
Article ID: MOH_da179eebf86f697c | Attempt: 3
Error: API error: AttributeError: 'list' object has no attribute 'get'
Raw response (0 chars):

================================================================================

================================================================================
Article ID: MOH_da179eebf86f697c | Attempt: 4
Error: API error: AttributeError: 'list' object has no attribute 'get'
Raw response (0 chars):

================================================================================

================================================================================
Article ID: MOH_da179eebf86f697c | Attempt: 5
Error: API error: AttributeError: 'list' object has no attribute 'get'
Raw response (0 chars):

================================================================================

================================================================================
Article ID: MOH_6f3164ed3adf903b | Attempt: 1
Error: API error: AttributeError: 'list' object has no attribute 'get'
Raw response (0 chars):

================================================================================

================================================================================
Article ID: MOH_6f3164ed3adf903b | Attempt: 2
Error: API error: AttributeError: 'list' object has no attribute 'get'
Raw response (0 chars):

================================================================================

================================================================================
Article ID: MOH_6f3164ed3adf903b | Attempt: 3
Error: API error: AttributeError: 'list' object has no attribute 'get'
Raw response (0 chars):

================================================================================

================================================================================
Article ID: MOH_6f3164ed3adf903b | Attempt: 4
Error: API error: AttributeError: 'list' object has no attribute 'get'
Raw response (0 chars):

================================================================================

================================================================================
Article ID: MOH_6f3164ed3adf903b | Attempt: 5
Error: API error: AttributeError: 'list' object has no attribute 'get'
Raw response (0 chars):

================================================================================

================================================================================
Article ID: MOH_e7d276d41aed7f3a | Attempt: 1
Error: API error: AttributeError: 'list' object has no attribute 'get'
Raw response (0 chars):

================================================================================

================================================================================
Article ID: MOH_e7d276d41aed7f3a | Attempt: 2
Error: API error: AttributeError: 'list' object has no attribute 'get'
Raw response (0 chars):

================================================================================

================================================================================
Article ID: MOH_e7d276d41aed7f3a | Attempt: 3
Error: API error: AttributeError: 'list' object has no attribute 'get'
Raw response (0 chars):

================================================================================

================================================================================
Article ID: MOH_e7d276d41aed7f3a | Attempt: 4
Error: API error: AttributeError: 'list' object has no attribute 'get'
Raw response (0 chars):

================================================================================

================================================================================
Article ID: MOH_e7d276d41aed7f3a | Attempt: 5
Error: API error: AttributeError: 'list' object has no attribute 'get'
Raw response (0 chars):

================================================================================

================================================================================
Article ID: MOH_040a8775ed5e8cf5 | Attempt: 1
Error: API error: AttributeError: 'list' object has no attribute 'get'
Raw response (0 chars):

================================================================================

================================================================================
Article ID: MOH_040a8775ed5e8cf5 | Attempt: 2
Error: API error: AttributeError: 'list' object has no attribute 'get'
Raw response (0 chars):

================================================================================

================================================================================
Article ID: MOH_040a8775ed5e8cf5 | Attempt: 3
Error: API error: AttributeError: 'list' object has no attribute 'get'
Raw response (0 chars):

================================================================================

================================================================================
Article ID: MOH_040a8775ed5e8cf5 | Attempt: 4
Error: API error: AttributeError: 'list' object has no attribute 'get'
Raw response (0 chars):

================================================================================

================================================================================
Article ID: MOH_040a8775ed5e8cf5 | Attempt: 5
Error: API error: AttributeError: 'list' object has no attribute 'get'
Raw response (0 chars):

================================================================================

================================================================================
Article ID: MOH_1ca5b017fe45d8a4 | Attempt: 1
Error: API error: AttributeError: 'list' object has no attribute 'get'
Raw response (0 chars):

================================================================================

================================================================================
Article ID: MOH_1ca5b017fe45d8a4 | Attempt: 2
Error: API error: AttributeError: 'list' object has no attribute 'get'
Raw response (0 chars):

================================================================================

================================================================================
Article ID: MOH_1ca5b017fe45d8a4 | Attempt: 3
Error: API error: AttributeError: 'list' object has no attribute 'get'
Raw response (0 chars):

================================================================================

================================================================================
Article ID: MOH_1ca5b017fe45d8a4 | Attempt: 4
Error: API error: AttributeError: 'list' object has no attribute 'get'
Raw response (0 chars):

================================================================================

================================================================================
Article ID: MOH_1ca5b017fe45d8a4 | Attempt: 5
Error: API error: AttributeError: 'list' object has no attribute 'get'
Raw response (0 chars):

================================================================================

================================================================================
Article ID: MOH_e5f7852ca23afcb6 | Attempt: 1
Error: API error: AttributeError: 'list' object has no attribute 'get'
Raw response (0 chars):

================================================================================

================================================================================
Article ID: MOH_e5f7852ca23afcb6 | Attempt: 2
Error: API error: AttributeError: 'list' object has no attribute 'get'
Raw response (0 chars):

================================================================================

================================================================================
Article ID: MOH_e5f7852ca23afcb6 | Attempt: 3
Error: API error: AttributeError: 'list' object has no attribute 'get'
Raw response (0 chars):

================================================================================

================================================================================
Article ID: MOH_e5f7852ca23afcb6 | Attempt: 4
Error: API error: AttributeError: 'list' object has no attribute 'get'
Raw response (0 chars):

================================================================================

================================================================================
Article ID: MOH_e5f7852ca23afcb6 | Attempt: 5
Error: API error: AttributeError: 'list' object has no attribute 'get'
Raw response (0 chars):

================================================================================

================================================================================
Article ID: MOH_a891eab6cc759704 | Attempt: 1
Error: API error: AttributeError: 'list' object has no attribute 'get'
Raw response (0 chars):

================================================================================

================================================================================
Article ID: MOH_a891eab6cc759704 | Attempt: 2
Error: API error: AttributeError: 'list' object has no attribute 'get'
Raw response (0 chars):

================================================================================

================================================================================
Article ID: MOH_a891eab6cc759704 | Attempt: 3
Error: API error: AttributeError: 'list' object has no attribute 'get'
Raw response (0 chars):

================================================================================

================================================================================
Article ID: MOH_a891eab6cc759704 | Attempt: 4
Error: API error: AttributeError: 'list' object has no attribute 'get'
Raw response (0 chars):

================================================================================

================================================================================
Article ID: MOH_a891eab6cc759704 | Attempt: 5
Error: API error: AttributeError: 'list' object has no attribute 'get'
Raw response (0 chars):

================================================================================

================================================================================
Article ID: MOH_ea003c291766e9f9 | Attempt: 1
Error: API error: AttributeError: 'list' object has no attribute 'get'
Raw response (0 chars):

================================================================================

================================================================================
Article ID: MOH_ea003c291766e9f9 | Attempt: 2
Error: API error: AttributeError: 'list' object has no attribute 'get'
Raw response (0 chars):

================================================================================

================================================================================
Article ID: MOH_ea003c291766e9f9 | Attempt: 3
Error: API error: AttributeError: 'list' object has no attribute 'get'
Raw response (0 chars):

================================================================================

================================================================================
Article ID: MOH_ea003c291766e9f9 | Attempt: 4
Error: API error: AttributeError: 'list' object has no attribute 'get'
Raw response (0 chars):

================================================================================

================================================================================
Article ID: MOH_ea003c291766e9f9 | Attempt: 5
Error: API error: AttributeError: 'list' object has no attribute 'get'
Raw response (0 chars):

================================================================================

================================================================================
Article ID: MOH_1e689720d07d9344 | Attempt: 1
Error: API error: AttributeError: 'list' object has no attribute 'get'
Raw response (0 chars):

================================================================================

================================================================================
Article ID: MOH_1e689720d07d9344 | Attempt: 2
Error: API error: AttributeError: 'list' object has no attribute 'get'
Raw response (0 chars):

================================================================================

================================================================================
Article ID: MOH_1e689720d07d9344 | Attempt: 3
Error: API error: AttributeError: 'list' object has no attribute 'get'
Raw response (0 chars):

================================================================================

================================================================================
Article ID: MOH_1e689720d07d9344 | Attempt: 4
Error: API error: AttributeError: 'list' object has no attribute 'get'
Raw response (0 chars):

================================================================================

================================================================================
Article ID: MOH_1e689720d07d9344 | Attempt: 5
Error: API error: AttributeError: 'list' object has no attribute 'get'
Raw response (0 chars):

================================================================================

================================================================================
Article ID: MOH_b66ea5cd18e8d069 | Attempt: 1
Error: API error: AttributeError: 'list' object has no attribute 'get'
Raw response (0 chars):

================================================================================

================================================================================
Article ID: MOH_b66ea5cd18e8d069 | Attempt: 2
Error: API error: AttributeError: 'list' object has no attribute 'get'
Raw response (0 chars):

================================================================================

================================================================================
Article ID: MOH_b66ea5cd18e8d069 | Attempt: 3
Error: API error: AttributeError: 'list' object has no attribute 'get'
Raw response (0 chars):

================================================================================

================================================================================
Article ID: MOH_b66ea5cd18e8d069 | Attempt: 4
Error: API error: AttributeError: 'list' object has no attribute 'get'
Raw response (0 chars):

================================================================================

================================================================================
Article ID: MOH_b66ea5cd18e8d069 | Attempt: 5
Error: API error: AttributeError: 'list' object has no attribute 'get'
Raw response (0 chars):

================================================================================

================================================================================
Article ID: MOH_d454094a97b46e9a | Attempt: 1
Error: API error: AttributeError: 'list' object has no attribute 'get'
Raw response (0 chars):

================================================================================

================================================================================
Article ID: MOH_d454094a97b46e9a | Attempt: 2
Error: API error: AttributeError: 'list' object has no attribute 'get'
Raw response (0 chars):

================================================================================

================================================================================
Article ID: MOH_d454094a97b46e9a | Attempt: 3
Error: API error: AttributeError: 'list' object has no attribute 'get'
Raw response (0 chars):

================================================================================

================================================================================
Article ID: MOH_d454094a97b46e9a | Attempt: 4
Error: API error: AttributeError: 'list' object has no attribute 'get'
Raw response (0 chars):

================================================================================

================================================================================
Article ID: MOH_d454094a97b46e9a | Attempt: 5
Error: API error: AttributeError: 'list' object has no attribute 'get'
Raw response (0 chars):

================================================================================

================================================================================
Article ID: MOH_3d4d744a9cfa0734 | Attempt: 1
Error: API error: AttributeError: 'list' object has no attribute 'get'
Raw response (0 chars):

================================================================================

================================================================================
Article ID: MOH_3d4d744a9cfa0734 | Attempt: 2
Error: API error: AttributeError: 'list' object has no attribute 'get'
Raw response (0 chars):

================================================================================

================================================================================
Article ID: MOH_3d4d744a9cfa0734 | Attempt: 3
Error: API error: AttributeError: 'list' object has no attribute 'get'
Raw response (0 chars):

================================================================================

================================================================================
Article ID: MOH_3d4d744a9cfa0734 | Attempt: 4
Error: API error: AttributeError: 'list' object has no attribute 'get'
Raw response (0 chars):

================================================================================

================================================================================
Article ID: MOH_3d4d744a9cfa0734 | Attempt: 5
Error: API error: AttributeError: 'list' object has no attribute 'get'
Raw response (0 chars):

================================================================================

================================================================================
Article ID: MOH_cceac43f62f08ea4 | Attempt: 1
Error: API error: AttributeError: 'list' object has no attribute 'get'
Raw response (0 chars):

================================================================================

================================================================================
Article ID: MOH_cceac43f62f08ea4 | Attempt: 2
Error: API error: AttributeError: 'list' object has no attribute 'get'
Raw response (0 chars):

================================================================================

================================================================================
Article ID: MOH_cceac43f62f08ea4 | Attempt: 3
Error: API error: AttributeError: 'list' object has no attribute 'get'
Raw response (0 chars):

================================================================================

================================================================================
Article ID: MOH_cceac43f62f08ea4 | Attempt: 4
Error: API error: AttributeError: 'list' object has no attribute 'get'
Raw response (0 chars):

================================================================================

================================================================================
Article ID: MOH_cceac43f62f08ea4 | Attempt: 5
Error: API error: AttributeError: 'list' object has no attribute 'get'
Raw response (0 chars):

================================================================================

================================================================================
Article ID: MOH_9082b3460a179b89 | Attempt: 1
Error: API error: AttributeError: 'list' object has no attribute 'get'
Raw response (0 chars):

================================================================================

================================================================================
Article ID: MOH_9082b3460a179b89 | Attempt: 2
Error: API error: AttributeError: 'list' object has no attribute 'get'
Raw response (0 chars):

================================================================================

================================================================================
Article ID: MOH_9082b3460a179b89 | Attempt: 3
Error: API error: AttributeError: 'list' object has no attribute 'get'
Raw response (0 chars):

================================================================================

================================================================================
Article ID: MOH_9082b3460a179b89 | Attempt: 4
Error: API error: AttributeError: 'list' object has no attribute 'get'
Raw response (0 chars):

================================================================================

================================================================================
Article ID: MOH_9082b3460a179b89 | Attempt: 5
Error: API error: AttributeError: 'list' object has no attribute 'get'
Raw response (0 chars):

================================================================================

================================================================================
Article ID: MOH_64275b05e29f7945 | Attempt: 1
Error: API error: AttributeError: 'list' object has no attribute 'get'
Raw response (0 chars):

================================================================================

================================================================================
Article ID: MOH_fd5a761f8a4edf3a | Attempt: 1
Error: API error: AttributeError: 'list' object has no attribute 'get'
Raw response (0 chars):

================================================================================

================================================================================
Article ID: MOH_fd5a761f8a4edf3a | Attempt: 2
Error: API error: AttributeError: 'list' object has no attribute 'get'
Raw response (0 chars):

================================================================================

================================================================================
Article ID: MOH_fd5a761f8a4edf3a | Attempt: 3
Error: API error: AttributeError: 'list' object has no attribute 'get'
Raw response (0 chars):

================================================================================

================================================================================
Article ID: MOH_fd5a761f8a4edf3a | Attempt: 4
Error: API error: AttributeError: 'list' object has no attribute 'get'
Raw response (0 chars):

================================================================================

================================================================================
Article ID: MOH_fd5a761f8a4edf3a | Attempt: 1
Error: API error: AttributeError: 'list' object has no attribute 'get'
Raw response (0 chars):

================================================================================

================================================================================
Article ID: MOH_fd5a761f8a4edf3a | Attempt: 2
Error: API error: AttributeError: 'list' object has no attribute 'get'
Raw response (0 chars):

================================================================================

================================================================================
Article ID: MOH_fd5a761f8a4edf3a | Attempt: 3
Error: API error: AttributeError: 'list' object has no attribute 'get'
Raw response (0 chars):

================================================================================

================================================================================
Article ID: MOH_fd5a761f8a4edf3a | Attempt: 4
Error: API error: AttributeError: 'list' object has no attribute 'get'
Raw response (0 chars):

================================================================================

================================================================================
Article ID: MOH_fd5a761f8a4edf3a | Attempt: 5
Error: API error: AttributeError: 'list' object has no attribute 'get'
Raw response (0 chars):

================================================================================

================================================================================
Article ID: MOH_4d9c60b659890088 | Attempt: 1
Error: API error: AttributeError: 'list' object has no attribute 'get'
Raw response (0 chars):

================================================================================

================================================================================
Article ID: MOH_4d9c60b659890088 | Attempt: 2
Error: API error: AttributeError: 'list' object has no attribute 'get'
Raw response (0 chars):

================================================================================

================================================================================
Article ID: MOH_4d9c60b659890088 | Attempt: 3
Error: API error: AttributeError: 'list' object has no attribute 'get'
Raw response (0 chars):

================================================================================

================================================================================
Article ID: MOH_fd5a761f8a4edf3a | Attempt: 1
Error: API error: AttributeError: 'list' object has no attribute 'get'
Raw response (0 chars):

================================================================================

================================================================================
Article ID: MOH_fd5a761f8a4edf3a | Attempt: 2
Error: API error: AttributeError: 'list' object has no attribute 'get'
Raw response (0 chars):

================================================================================

================================================================================
Article ID: MOH_fd5a761f8a4edf3a | Attempt: 3
Error: API error: AttributeError: 'list' object has no attribute 'get'
Raw response (0 chars):

================================================================================

================================================================================
Article ID: MOH_fd5a761f8a4edf3a | Attempt: 4
Error: API error: AttributeError: 'list' object has no attribute 'get'
Raw response (0 chars):

================================================================================
